DELETE FROM crime_types;
DELETE FROM sources;
INSERT OR REPLACE INTO people (id, name, status, level, state, office, crime_description, summary, still_in_office, offense_year, conviction_year, event_date) VALUES ('rj-may', 'R.J. May III', 'convicted', 'state', 'SC', 'State Representative, South Carolina', '', 'South Carolina State Representative convicted on federal charges of receipt and possession of child sexual abuse material. Sentenced to 17.5 years in federal prison.', 0, 2023, 2026, NULL);
INSERT INTO crime_types (person_id, crime_type) VALUES ('rj-may', 'csam');
INSERT INTO sources (person_id, url) VALUES ('rj-may', 'https://www.justice.gov/usao-sc/pr/former-south-carolina-state-representative-sentenced-over-17-years-federal-prison');
INSERT INTO sources (person_id, url) VALUES ('rj-may', 'https://www.postandcourier.com/politics/rj-may-south-carolina-legislature-child-porn-sentenced/article_db89e07a-dcc2-11ef-9b59-bbe8e22f1c72.html');
INSERT OR REPLACE INTO people (id, name, status, level, state, office, crime_description, summary, still_in_office, offense_year, conviction_year, event_date) VALUES ('ray-holmberg', 'Ray Holmberg', 'convicted', 'federal', 'ND', 'State Senator, North Dakota', '', 'Longest-serving North Dakota State Senator pleaded guilty to federal charge of receiving child pornography. Exchanged thousands of messages on platforms used to trade CSAM.', 0, 2022, 2024, NULL);
INSERT INTO crime_types (person_id, crime_type) VALUES ('ray-holmberg', 'csam');
INSERT INTO sources (person_id, url) VALUES ('ray-holmberg', 'https://apnews.com/article/north-dakota-ray-holmberg-child-pornography-c5f0f9b7e0d5e0b8e1f5e0b8e1f5e0b8');
INSERT INTO sources (person_id, url) VALUES ('ray-holmberg', 'https://www.grandforksherald.com/news/local/former-nd-senator-ray-holmberg-sentenced-to-20-months-in-federal-prison');
INSERT OR REPLACE INTO people (id, name, status, level, state, office, crime_description, summary, still_in_office, offense_year, conviction_year, event_date) VALUES ('dennis-hastert', 'Dennis Hastert', 'convicted', 'federal', 'IL', 'Speaker of the U.S. House of Representatives, Illinois', '', 'Former Speaker of the U.S. House of Representatives. Pleaded guilty to structuring bank withdrawals to conceal hush money payments to a former student he sexually abused as a wrestling coach. Federal judge called him a ''serial child molester.''', 0, 1970, 2016, NULL);
INSERT INTO crime_types (person_id, crime_type) VALUES ('dennis-hastert', 'assault');
INSERT INTO sources (person_id, url) VALUES ('dennis-hastert', 'https://www.nytimes.com/2016/04/28/us/dennis-hastert-sentencing.html');
INSERT INTO sources (person_id, url) VALUES ('dennis-hastert', 'https://www.bbc.com/news/world-us-canada-36159089');
INSERT OR REPLACE INTO people (id, name, status, level, state, office, crime_description, summary, still_in_office, offense_year, conviction_year, event_date) VALUES ('dan-crane', 'Dan Crane', 'convicted', 'federal', 'IL', 'U.S. Representative, Illinois', '', 'Republican U.S. Congressman censured by the House for sexual relationship with a 17-year-old congressional page. Admitted to the relationship.', 0, 1980, 1983, NULL);
INSERT INTO crime_types (person_id, crime_type) VALUES ('dan-crane', 'statutory-rape');
INSERT INTO sources (person_id, url) VALUES ('dan-crane', 'https://www.washingtonpost.com/archive/politics/1983/07/21/house-censures-crane-studds/');
INSERT OR REPLACE INTO people (id, name, status, level, state, office, crime_description, summary, still_in_office, offense_year, conviction_year, event_date) VALUES ('tim-nolan', 'Tim Nolan', 'convicted', 'adjacent', 'KY', 'District Judge / Trump Campaign Chair, Kentucky', '', 'Former Campbell County District Judge and Trump campaign chairman in Kentucky. Pleaded guilty to 21 counts including human trafficking, rape, and other charges involving minors. Sentenced to 20 years.', 0, 2016, 2018, NULL);
INSERT INTO crime_types (person_id, crime_type) VALUES ('tim-nolan', 'trafficking');
INSERT INTO crime_types (person_id, crime_type) VALUES ('tim-nolan', 'assault');
INSERT INTO sources (person_id, url) VALUES ('tim-nolan', 'https://www.cincinnati.com/story/news/2018/02/09/tim-nolan-former-campbell-county-judge-trump-campaign-chair-sentenced-20-years/323947002/');
INSERT OR REPLACE INTO people (id, name, status, level, state, office, crime_description, summary, still_in_office, offense_year, conviction_year, event_date) VALUES ('ralph-shortey', 'Ralph Shortey', 'convicted', 'federal', 'OK', 'State Senator, Oklahoma', '', 'Oklahoma State Senator and early Trump campaign supporter. Pleaded guilty to federal child sex trafficking charge after being caught in a motel room with an underage boy. Sentenced to 15 years.', 0, 2017, 2018, NULL);
INSERT INTO crime_types (person_id, crime_type) VALUES ('ralph-shortey', 'trafficking');
INSERT INTO crime_types (person_id, crime_type) VALUES ('ralph-shortey', 'solicitation');
INSERT INTO sources (person_id, url) VALUES ('ralph-shortey', 'https://www.justice.gov/usao-wdok/pr/former-oklahoma-state-senator-sentenced-15-years-child-sex-trafficking');
INSERT INTO sources (person_id, url) VALUES ('ralph-shortey', 'https://www.nbcnews.com/feature/nbc-out/former-oklahoma-state-senator-sentenced-15-years-child-sex-trafficking-n910516');
INSERT OR REPLACE INTO people (id, name, status, level, state, office, crime_description, summary, still_in_office, offense_year, conviction_year, event_date) VALUES ('justin-eichorn', 'Justin Eichorn', 'charged', 'federal', 'MN', 'State Senator, Minnesota', '', 'Minnesota State Senator charged with soliciting a minor online. Resigned from office after charges were filed.', 0, 2023, NULL, NULL);
INSERT INTO crime_types (person_id, crime_type) VALUES ('justin-eichorn', 'solicitation');
INSERT INTO sources (person_id, url) VALUES ('justin-eichorn', 'https://www.mprnews.org/story/2023/10/05/former-minnesota-sen-justin-eichorn-charged-with-soliciting-a-minor');
INSERT OR REPLACE INTO people (id, name, status, level, state, office, crime_description, summary, still_in_office, offense_year, conviction_year, event_date) VALUES ('ricci-wynne', 'Ricci Wynne', 'charged', 'adjacent', 'NV', 'MAGA Influencer / FOX News Guest', '', 'MAGA influencer and FOX News guest charged with child sex trafficking and possession of child sexual abuse material.', NULL, 2024, NULL, NULL);
INSERT INTO crime_types (person_id, crime_type) VALUES ('ricci-wynne', 'csam');
INSERT INTO crime_types (person_id, crime_type) VALUES ('ricci-wynne', 'trafficking');
INSERT INTO sources (person_id, url) VALUES ('ricci-wynne', 'https://www.thedailybeast.com/maga-influencer-ricci-wynne-charged-with-child-sex-trafficking');
INSERT OR REPLACE INTO people (id, name, status, level, state, office, crime_description, summary, still_in_office, offense_year, conviction_year, event_date) VALUES ('harvey-west-jr', 'Harvey L. West Jr.', 'charged', 'adjacent', 'NC', 'GOP Precinct Leader, North Carolina', '', 'North Carolina GOP precinct leader indicted on 16 counts of indecent liberties with a child.', 0, 2023, NULL, NULL);
INSERT INTO crime_types (person_id, crime_type) VALUES ('harvey-west-jr', 'assault');
INSERT INTO sources (person_id, url) VALUES ('harvey-west-jr', 'https://www.wral.com/story/nc-gop-precinct-leader-charged-with-16-counts-of-indecent-liberties-with-a-child/');
INSERT OR REPLACE INTO people (id, name, status, level, state, office, crime_description, summary, still_in_office, offense_year, conviction_year, event_date) VALUES ('randal-ankeney', 'Randal David Ankeney', 'convicted', 'adjacent', 'CO', 'Republican Activist, Colorado', '', 'Colorado Republican activist and gubernatorial campaign worker. Convicted of attempted sexual assault on a child. Later arrested again on similar charges in 2006.', 0, 2001, 2001, NULL);
INSERT INTO crime_types (person_id, crime_type) VALUES ('randal-ankeney', 'assault');
INSERT INTO sources (person_id, url) VALUES ('randal-ankeney', 'https://www.denverpost.com/2006/05/05/sex-assault-suspect-prior-conviction/');
INSERT OR REPLACE INTO people (id, name, status, level, state, office, crime_description, summary, still_in_office, offense_year, conviction_year, event_date) VALUES ('mike-yenni', 'Mike Yenni', 'alleged', 'local', 'LA', 'Parish President, Jefferson Parish, Louisiana', '', 'Jefferson Parish President accused of sexting and sending gifts to a 17-year-old boy. Investigation revealed inappropriate communications. Refused to resign despite calls from both parties.', 0, 2016, NULL, NULL);
INSERT INTO crime_types (person_id, crime_type) VALUES ('mike-yenni', 'solicitation');
INSERT INTO crime_types (person_id, crime_type) VALUES ('mike-yenni', 'grooming');
INSERT INTO sources (person_id, url) VALUES ('mike-yenni', 'https://www.nola.com/news/politics/article_1af61d7e-3b2e-5e76-b2fe-c9e8a39b1d7e.html');
INSERT OR REPLACE INTO people (id, name, status, level, state, office, crime_description, summary, still_in_office, offense_year, conviction_year, event_date) VALUES ('chris-simcox', 'Chris Simcox', 'convicted', 'adjacent', 'AZ', 'Minuteman Project Co-founder, Arizona', '', 'Co-founder of the Minuteman Project, a prominent anti-immigration militia group. Convicted of child molestation involving two girls under the age of 10.', 0, 2013, 2016, NULL);
INSERT INTO crime_types (person_id, crime_type) VALUES ('chris-simcox', 'assault');
INSERT INTO sources (person_id, url) VALUES ('chris-simcox', 'https://www.azcentral.com/story/news/local/phoenix/2016/07/11/minuteman-co-founder-chris-simcox-convicted-child-molestation/86944998/');
INSERT OR REPLACE INTO people (id, name, status, level, state, office, crime_description, summary, still_in_office, offense_year, conviction_year, event_date) VALUES ('philip-giordano', 'Philip Giordano', 'convicted', 'local', 'CT', 'Mayor of Waterbury, Connecticut', '', 'Mayor of Waterbury, Connecticut. Convicted on federal charges for using a city cell phone to arrange sexual abuse of 8- and 10-year-old girls. Sentenced to 37 years in federal prison.', 0, 2001, 2003, NULL);
INSERT INTO crime_types (person_id, crime_type) VALUES ('philip-giordano', 'assault');
INSERT INTO sources (person_id, url) VALUES ('philip-giordano', 'https://www.courant.com/news/connecticut/hc-xpm-2003-08-23-0308230428-story.html');
INSERT OR REPLACE INTO people (id, name, status, level, state, office, crime_description, summary, still_in_office, offense_year, conviction_year, event_date) VALUES ('ted-klaudt', 'Ted Klaudt', 'convicted', 'state', 'SD', 'State Representative, South Dakota', '', 'South Dakota State Representative convicted of rape and sexual exploitation of two foster daughters. Used a scheme involving fake fertility treatments to abuse them.', 0, 2006, 2007, NULL);
INSERT INTO crime_types (person_id, crime_type) VALUES ('ted-klaudt', 'assault');
INSERT INTO crime_types (person_id, crime_type) VALUES ('ted-klaudt', 'statutory-rape');
INSERT INTO sources (person_id, url) VALUES ('ted-klaudt', 'https://www.nbcnews.com/id/wbna22704482');
INSERT OR REPLACE INTO people (id, name, status, level, state, office, crime_description, summary, still_in_office, offense_year, conviction_year, event_date) VALUES ('mike-folmer', 'Mike Folmer', 'convicted', 'federal', 'PA', 'State Senator, Pennsylvania', '', 'Pennsylvania State Senator who pleaded guilty to possession of child pornography. Resigned from office after arrest. Images found on his Tumblr account.', 0, 2019, 2021, NULL);
INSERT INTO crime_types (person_id, crime_type) VALUES ('mike-folmer', 'csam');
INSERT INTO sources (person_id, url) VALUES ('mike-folmer', 'https://www.pennlive.com/news/2021/07/former-state-sen-mike-folmer-pleads-guilty-in-child-porn-case.html');
INSERT OR REPLACE INTO people (id, name, status, level, state, office, crime_description, summary, still_in_office, offense_year, conviction_year, event_date) VALUES ('mark-foley', 'Mark Foley', 'alleged', 'federal', 'FL', 'U.S. Representative, Florida', '', 'U.S. Representative who resigned after sexually explicit messages to underage congressional pages were revealed. Despite an FBI investigation, no criminal charges were filed due to jurisdictional and statute of limitations issues.', 0, 2006, NULL, NULL);
INSERT INTO crime_types (person_id, crime_type) VALUES ('mark-foley', 'solicitation');
INSERT INTO crime_types (person_id, crime_type) VALUES ('mark-foley', 'grooming');
INSERT INTO sources (person_id, url) VALUES ('mark-foley', 'https://www.washingtonpost.com/wp-dyn/content/article/2006/09/29/AR2006092901574.html');
INSERT OR REPLACE INTO people (id, name, status, level, state, office, crime_description, summary, still_in_office, offense_year, conviction_year, event_date) VALUES ('jim-knoblach', 'Jim Knoblach', 'alleged', 'state', 'MN', 'State Representative, Minnesota', '', 'Minnesota State Representative who dropped his re-election bid after his daughter publicly accused him of years of inappropriate touching and sexual abuse starting from childhood.', 0, 2018, NULL, NULL);
INSERT INTO crime_types (person_id, crime_type) VALUES ('jim-knoblach', 'assault');
INSERT INTO crime_types (person_id, crime_type) VALUES ('jim-knoblach', 'grooming');
INSERT INTO sources (person_id, url) VALUES ('jim-knoblach', 'https://www.mprnews.org/story/2018/09/21/knoblach-ends-reelection-bid-amid-allegations');
INSERT OR REPLACE INTO people (id, name, status, level, state, office, crime_description, summary, still_in_office, offense_year, conviction_year, event_date) VALUES ('george-nader', 'George Nader', 'convicted', 'adjacent', 'DC', 'Trump Adviser / Political Operative', '', 'Key Trump adviser and Middle East liaison who was a witness in the Mueller investigation. Pleaded guilty to possessing child pornography and transporting a 14-year-old boy for sex. Sentenced to 10 years.', 0, 2018, 2020, NULL);
INSERT INTO crime_types (person_id, crime_type) VALUES ('george-nader', 'csam');
INSERT INTO crime_types (person_id, crime_type) VALUES ('george-nader', 'trafficking');
INSERT INTO sources (person_id, url) VALUES ('george-nader', 'https://www.justice.gov/usao-edva/pr/key-mueller-witness-sentenced-10-years-sex-trafficking-and-child-pornography-charges');
INSERT OR REPLACE INTO people (id, name, status, level, state, office, crime_description, summary, still_in_office, offense_year, conviction_year, event_date) VALUES ('ruben-verastigui', 'Ruben Verastigui', 'convicted', 'federal', 'DC', 'Digital Strategist, Senate Republican Conference / RNC', '', 'Former digital strategist for the Senate Republican Conference and RNC. Pleaded guilty to receiving child sexual abuse material, including images of infants. Sentenced to 151 months.', 0, 2021, 2022, NULL);
INSERT INTO crime_types (person_id, crime_type) VALUES ('ruben-verastigui', 'csam');
INSERT INTO sources (person_id, url) VALUES ('ruben-verastigui', 'https://www.justice.gov/usao-dc/pr/former-republican-political-operative-sentenced-more-12-years-prison-receiving-child');
INSERT OR REPLACE INTO people (id, name, status, level, state, office, crime_description, summary, still_in_office, offense_year, conviction_year, event_date) VALUES ('matt-gaetz', 'Matt Gaetz', 'alleged', 'federal', 'FL', 'U.S. Representative, Florida', '', 'U.S. Representative investigated by DOJ for sex trafficking of a 17-year-old girl. Associate Joel Greenberg pleaded guilty and cooperated. House Ethics Committee found substantial evidence of sexual misconduct with a minor and illicit drug use. No federal charges were filed.', 0, 2017, NULL, NULL);
INSERT INTO crime_types (person_id, crime_type) VALUES ('matt-gaetz', 'trafficking');
INSERT INTO crime_types (person_id, crime_type) VALUES ('matt-gaetz', 'statutory-rape');
INSERT INTO sources (person_id, url) VALUES ('matt-gaetz', 'https://www.nytimes.com/2021/03/30/us/politics/matt-gaetz-sex-trafficking-investigation.html');
INSERT INTO sources (person_id, url) VALUES ('matt-gaetz', 'https://ethics.house.gov/press-releases/statement-chairman-and-ranking-member-committee-ethics-regarding-representative-matt');
INSERT OR REPLACE INTO people (id, name, status, level, state, office, crime_description, summary, still_in_office, offense_year, conviction_year, event_date) VALUES ('buz-lukens', 'Buz Lukens', 'convicted', 'federal', 'OH', 'U.S. Representative, Ohio', '', 'Republican U.S. Representative convicted of contributing to the delinquency of a minor for having sex with a 16-year-old girl. Sentenced to 30 days in jail and fined $500. Resigned from Congress in 1990.', 0, 1989, 1989, NULL);
INSERT INTO crime_types (person_id, crime_type) VALUES ('buz-lukens', 'statutory-rape');
INSERT INTO sources (person_id, url) VALUES ('buz-lukens', 'https://en.wikipedia.org/wiki/Buz_Lukens');
INSERT INTO sources (person_id, url) VALUES ('buz-lukens', 'https://www.washingtonpost.com/archive/politics/1989/05/27/jury-convicts-rep-lukens-of-sex-with-underage-girl/a0023187-914d-4324-928b-548ab258d906/');
INSERT OR REPLACE INTO people (id, name, status, level, state, office, crime_description, summary, still_in_office, offense_year, conviction_year, event_date) VALUES ('chris-ortloff', 'Chris Ortloff', 'convicted', 'state', 'NY', 'State Assemblyman, New York', '', 'Former New York State Assemblyman who pleaded guilty to federal charge of online enticement of minors after using the internet to arrange a sexual encounter with what he believed were 11- and 12-year-old girls. Also trafficked in child pornography. Sentenced to 12.5 years in federal prison.', 0, 2008, 2008, NULL);
INSERT INTO crime_types (person_id, crime_type) VALUES ('chris-ortloff', 'csam');
INSERT INTO crime_types (person_id, crime_type) VALUES ('chris-ortloff', 'solicitation');
INSERT INTO sources (person_id, url) VALUES ('chris-ortloff', 'https://en.wikipedia.org/wiki/Chris_Ortloff');
INSERT INTO sources (person_id, url) VALUES ('chris-ortloff', 'https://www.northcountrypublicradio.org/news/story/16113/former-plattsburgh-assemblyman-chris-ortloff-receives-12-year-sentence-after-child-sex-plea');
INSERT OR REPLACE INTO people (id, name, status, level, state, office, crime_description, summary, still_in_office, offense_year, conviction_year, event_date) VALUES ('robert-mckee', 'Robert A. McKee', 'convicted', 'adjacent', 'MD', 'Delegate, Maryland House of Delegates', '', 'Maryland House of Delegates member who pleaded guilty to federal charge of possessing child pornography. Resigned in 2008. Sentenced to 37 months in federal prison followed by lifetime supervised release.', 0, 2008, 2009, NULL);
INSERT INTO crime_types (person_id, crime_type) VALUES ('robert-mckee', 'csam');
INSERT INTO sources (person_id, url) VALUES ('robert-mckee', 'https://en.wikipedia.org/wiki/Robert_A._McKee');
INSERT INTO sources (person_id, url) VALUES ('robert-mckee', 'https://www.justice.gov/archive/usao/md/news/archive/FormerDelegateRobertMcKeeSentencedtoOver3YearsforPossessionofChildPornography.html');
INSERT OR REPLACE INTO people (id, name, status, level, state, office, crime_description, summary, still_in_office, offense_year, conviction_year, event_date) VALUES ('richard-lynn-upright', 'Richard Lynn Upright', 'charged', 'adjacent', 'NC', 'Teacher', 'Child Sexual Exploitation', 'Richard Lynn Upright Richard Lynn Upright was a teacher at Vandalia Christian School until his arrest for creating child sexual abuse material using AI and photo editing tools. He was charged with ten counts of sexual exploitation of a minor.', NULL, NULL, NULL, '2026-02-27');
INSERT INTO crime_types (person_id, crime_type) VALUES ('richard-lynn-upright', 'csam');
INSERT INTO sources (person_id, url) VALUES ('richard-lynn-upright', 'https://goppredators.wordpress.com/2026/03/13/1533-richard-lynn-upright/');
INSERT INTO sources (person_id, url) VALUES ('richard-lynn-upright', 'https://myfox28columbus.com/news/nation-world/christian-school-teacher-charged-with-using-artificial-intelligence-put-minors-faces-on-explicit-images-richard-lynn-upright-sexual-exploitation-greensboro-felonies-photo-editing');
INSERT OR REPLACE INTO people (id, name, status, level, state, office, crime_description, summary, still_in_office, offense_year, conviction_year, event_date) VALUES ('kelly-jay-carter', 'Kelly Jay Carter', 'charged', 'adjacent', 'UT', '', 'Child Sexual Abuse Material', 'Kelly Jay Carter Kelly Jay Carter was a fire battalion chief for the Salt Lake City Fire Department until his recent retirement. He worked for the fire department from 2000 to 2025.', NULL, NULL, NULL, NULL);
INSERT INTO crime_types (person_id, crime_type) VALUES ('kelly-jay-carter', 'csam');
INSERT INTO crime_types (person_id, crime_type) VALUES ('kelly-jay-carter', 'assault');
INSERT INTO sources (person_id, url) VALUES ('kelly-jay-carter', 'https://goppredators.wordpress.com/2026/03/13/1532-kelly-jay-carter/');
INSERT INTO sources (person_id, url) VALUES ('kelly-jay-carter', 'https://www.ksl.com/article/51445724/retired-salt-lake-battalion-chief-arrested-accused-of-viewing-child-sex-abuse-material-at-work');
INSERT INTO sources (person_id, url) VALUES ('kelly-jay-carter', 'https://kutv.com/news/local/hundreds-of-explicit-images-of-children-reportedly-found-on-utah-firefighters-phone');
INSERT OR REPLACE INTO people (id, name, status, level, state, office, crime_description, summary, still_in_office, offense_year, conviction_year, event_date) VALUES ('tony-gonzales', 'Tony Gonzales', 'alleged', 'federal', 'TX', 'U.S. Congressman', 'Sexual Harassment', 'Tony Gonzales Tony Gonzales is a U.S. representative from Texas.', NULL, NULL, NULL, '2026-03-07');
INSERT INTO crime_types (person_id, crime_type) VALUES ('tony-gonzales', 'harassment');
INSERT INTO sources (person_id, url) VALUES ('tony-gonzales', 'https://goppredators.wordpress.com/2026/03/09/1531-tony-gonzales/');
INSERT INTO sources (person_id, url) VALUES ('tony-gonzales', 'https://www.texastribune.org/2026/03/04/tony-gonzales-house-ethics-investigation-affair/');
INSERT INTO sources (person_id, url) VALUES ('tony-gonzales', 'https://www.texastribune.org/2026/03/04/tony-gonzales-admits-affair-staffer-suicide-texas-23rd-district-congress/');
INSERT INTO sources (person_id, url) VALUES ('tony-gonzales', 'https://www.texastribune.org/2026/02/23/tony-gonzales-affair-dead-staffer-texts-police-report/');
INSERT INTO sources (person_id, url) VALUES ('tony-gonzales', 'https://infoweb-newsbank-com.proxy.multcolib.org/apps/news/browse-pub?p=AMNEWS&amp;t=pubname%3ALMTX-EEDT%21Laredo%2BMorning%2BTimes%2B%2528TX%2529&amp;action=browse');
INSERT OR REPLACE INTO people (id, name, status, level, state, office, crime_description, summary, still_in_office, offense_year, conviction_year, event_date) VALUES ('kevin-conover', 'Kevin Conover', 'charged', 'local', 'CA', 'Teacher', 'Sexual Abuse of a Child', 'Kevin Conover Kevin Conover was a teacher at Christian High School in El Cajon. He is head of Bible Department there.', NULL, NULL, NULL, NULL);
INSERT INTO crime_types (person_id, crime_type) VALUES ('kevin-conover', 'assault');
INSERT INTO sources (person_id, url) VALUES ('kevin-conover', 'https://goppredators.wordpress.com/2026/03/09/1530-kevin-conover/');
INSERT INTO sources (person_id, url) VALUES ('kevin-conover', 'https://podcasts.apple.com/us/podcast/educate-for-life-with-kevin-conover/id984140229');
INSERT INTO sources (person_id, url) VALUES ('kevin-conover', 'https://www.udemy.com/user/kevinconover/');
INSERT INTO sources (person_id, url) VALUES ('kevin-conover', 'https://ballotpedia.org/Kevin_Conover');
INSERT INTO sources (person_id, url) VALUES ('kevin-conover', 'https://apps.sdsheriff.net/wij/wijDetail.aspx?BookNum=xFDTJlanmNELS%2f1y3ZZhctZiUUdWDbGwNmrCvpuCxGY%3d');
INSERT INTO sources (person_id, url) VALUES ('kevin-conover', 'https://www.nbcsandiego.com/news/local/christian-high-school-teacher-charged-child-sex-abuse/3948686/');
INSERT INTO sources (person_id, url) VALUES ('kevin-conover', 'https://www.sdsheriff.gov/Home/Components/News/News/3879/16');
INSERT OR REPLACE INTO people (id, name, status, level, state, office, crime_description, summary, still_in_office, offense_year, conviction_year, event_date) VALUES ('carter-miles-ledoux', 'Carter Miles Ledoux', 'charged', 'adjacent', 'LA', '', 'Stalking, Child Sexual Abuse Material', 'Carter Miles Ledoux Carter Miles Ledoux of Lake Charles, Louisiana, is a member of a white supremacist group that the Department of Justice has identified as a Nihilist Violent Extremist (NVE) organization. After a minor girl expressed support for interracial relationships on social media, Ledoux al', NULL, NULL, NULL, NULL);
INSERT INTO crime_types (person_id, crime_type) VALUES ('carter-miles-ledoux', 'csam');
INSERT INTO crime_types (person_id, crime_type) VALUES ('carter-miles-ledoux', 'assault');
INSERT INTO crime_types (person_id, crime_type) VALUES ('carter-miles-ledoux', 'stalking');
INSERT INTO sources (person_id, url) VALUES ('carter-miles-ledoux', 'https://goppredators.wordpress.com/2026/03/09/1529-carter-miles-ledoux/');
INSERT INTO sources (person_id, url) VALUES ('carter-miles-ledoux', 'https://www.reuters.com/investigations/american-nazis-aryan-freedom-network-is-riding-high-trump-era-2025-08-08/');
INSERT INTO sources (person_id, url) VALUES ('carter-miles-ledoux', 'https://www.justice.gov/usao-wdla/pr/lake-charles-resident-and-participant-nihilistic-violent-extremist-group-indicted');
INSERT INTO sources (person_id, url) VALUES ('carter-miles-ledoux', 'https://www.kplctv.com/2026/02/20/lake-charles-teen-indicted-swatting-stalking-girls-family-possessing-child-porn-federal-prosecutors-say/');
INSERT OR REPLACE INTO people (id, name, status, level, state, office, crime_description, summary, still_in_office, offense_year, conviction_year, event_date) VALUES ('craig-scott-valdez', 'Craig Scott Valdez', 'charged', 'adjacent', 'AK', '', 'Trafficking, Child Sexual Abuse Material', 'Craig Scott Valdez Craig Scott Valdez was Alaska state Sen. George Rauscher''s Chief of Staff since November, 2025, and had worked for him since 2021.', NULL, NULL, NULL, '2026-02-24');
INSERT INTO crime_types (person_id, crime_type) VALUES ('craig-scott-valdez', 'csam');
INSERT INTO crime_types (person_id, crime_type) VALUES ('craig-scott-valdez', 'assault');
INSERT INTO crime_types (person_id, crime_type) VALUES ('craig-scott-valdez', 'trafficking');
INSERT INTO sources (person_id, url) VALUES ('craig-scott-valdez', 'https://goppredators.wordpress.com/2026/03/07/1528-craig-scott-valdez/');
INSERT INTO sources (person_id, url) VALUES ('craig-scott-valdez', 'https://alaskabeacon.com/briefs/alaska-lawmakers-chief-of-staff-arrested-on-sex-trafficking-and-child-exploitation-charges/');
INSERT INTO sources (person_id, url) VALUES ('craig-scott-valdez', 'https://americanbazaaronline.com/2026/02/21/alaska-senate-staffer-charged-with-sex-trafficking-of-children-in-federal-case-475629/');
INSERT INTO sources (person_id, url) VALUES ('craig-scott-valdez', 'https://infoweb-newsbank-com.proxy.multcolib.org/apps/news/browse-pub?p=AMNEWS&amp;t=pubname%3AADN6-EEDT%21Anchorage%2BDaily%2BNews%2B%2528AK%2529&amp;action=browse');
INSERT OR REPLACE INTO people (id, name, status, level, state, office, crime_description, summary, still_in_office, offense_year, conviction_year, event_date) VALUES ('paul-havsgaard', 'Paul Havsgaard', 'alleged', 'adjacent', 'CA', 'Pastor', 'Child Rape', 'Paul Havsgaard Paul Havsgaard is a former pastor at Harvest Christian Fellowship megachurch, of Riverside, California, a church closely associated with Turning Point USA, the arch-conservative organization founded by Charlie Kirk dedicated to recruiting college students to support MAGA candidates, p', NULL, NULL, NULL, '2025-09-19');
INSERT INTO crime_types (person_id, crime_type) VALUES ('paul-havsgaard', 'rape');
INSERT INTO sources (person_id, url) VALUES ('paul-havsgaard', 'https://goppredators.wordpress.com/2026/03/07/1527-paul-havsgaard/');
INSERT INTO sources (person_id, url) VALUES ('paul-havsgaard', 'https://baptistnews.com/article/erika-kirk-launches-political-revival-tour-with-greg-laurie/');
INSERT INTO sources (person_id, url) VALUES ('paul-havsgaard', 'https://www.nbcnews.com/news/us-news/lawsuits-accuse-former-california-megachurch-pastor-child-sex-abuse-bu-rcna232068');
INSERT INTO sources (person_id, url) VALUES ('paul-havsgaard', 'https://ministrywatch.com/more-lawsuits-filed-against-greg-laurie-and-harvest-christian-fellowship-for-abuse-in-romanian-orphanage/');
INSERT INTO sources (person_id, url) VALUES ('paul-havsgaard', 'https://infoweb-newsbank-com.proxy.multcolib.org/apps/news/browse-pub?p=AMNEWS&amp;t=pubname%3ACIVDB-EEDT%21Inland%2BValley%2BDaily%2BBulletin%2B%2528Ontario%252C%2BCA%2529&amp;action=browse');
INSERT OR REPLACE INTO people (id, name, status, level, state, office, crime_description, summary, still_in_office, offense_year, conviction_year, event_date) VALUES ('shawn-deremer', 'Shawn DeRemer', 'alleged', 'federal', 'OR', '', 'Sexual Assault', 'Shawn DeRemer Shawn DeRemer is the president of an anesthesia company in Oregon and the husband of Trump Labor Secretary Lori Chavez-DeRemer. He is currently banned from her workplace due to allegations that he has sexually assaulted women who work there.', NULL, NULL, NULL, '2026-02-21');
INSERT INTO crime_types (person_id, crime_type) VALUES ('shawn-deremer', 'assault');
INSERT INTO sources (person_id, url) VALUES ('shawn-deremer', 'https://goppredators.wordpress.com/2026/03/07/1526-shawn-deremer/');
INSERT INTO sources (person_id, url) VALUES ('shawn-deremer', 'https://www.politico.com/news/2026/02/19/chavez-deremers-husband-barred-from-dol-headquarters-00790118');
INSERT INTO sources (person_id, url) VALUES ('shawn-deremer', 'https://thehill.com/homenews/administration/5746589-labor-secretary-husband-banned-dol/');
INSERT INTO sources (person_id, url) VALUES ('shawn-deremer', 'https://www.thedailybeast.com/feds-probe-trump-cabinet-secretarys-husband-over-sex-claims/');
INSERT INTO sources (person_id, url) VALUES ('shawn-deremer', 'https://www.thedailybeast.com/trump-goon-jeanine-pirro-stops-sex-assault-probe-of-goon-lori-chavez-deremers-spouse/');
INSERT INTO sources (person_id, url) VALUES ('shawn-deremer', 'https://infoweb-newsbank-com.proxy.multcolib.org/apps/news/browse-pub?p=AMNEWS&amp;t=pubname%3ANYP5-EEDT%21New%2BYork%2BPost%2B%2528NY%2529&amp;action=browse');
INSERT OR REPLACE INTO people (id, name, status, level, state, office, crime_description, summary, still_in_office, offense_year, conviction_year, event_date) VALUES ('wesley-dingus', 'Wesley Dingus', 'charged', 'local', 'OH', 'Mayor', 'Voyeurism (involving minor)', 'Wesley Dingus Wesley Dingus was the mayor of Butler, Ohio. He resigned after his recent arrest for voyeurism.', NULL, NULL, NULL, '2026-02-20');
INSERT INTO crime_types (person_id, crime_type) VALUES ('wesley-dingus', 'indecent-exposure');
INSERT INTO sources (person_id, url) VALUES ('wesley-dingus', 'https://goppredators.wordpress.com/2026/02/24/1525-wesley-dingus/');
INSERT INTO sources (person_id, url) VALUES ('wesley-dingus', 'https://www.theguardian.com/us-news/2026/feb/20/ohio-mayor-arrested-voyeurism-wesley-dingus');
INSERT INTO sources (person_id, url) VALUES ('wesley-dingus', 'https://www.wkyc.com/video/news/crime/butler-mayor-wesley-dingus-charged-with-voyeurism-after-allegedly-sniffing-teen-girls-underwear/95-4070ac9f-a77d-4572-b245-7b996153638a');
INSERT INTO sources (person_id, url) VALUES ('wesley-dingus', 'https://infoweb-newsbank-com.proxy.multcolib.org/apps/news/browse-pub?p=AMNEWS&amp;t=pubname%3ACDIE-EEDT%21Columbus%2BDispatch%252C%2BThe%2B%2528OH%2529&amp;action=browse');
INSERT OR REPLACE INTO people (id, name, status, level, state, office, crime_description, summary, still_in_office, offense_year, conviction_year, event_date) VALUES ('billy-robbins', 'Billy Robbins', 'charged', 'local', 'TX', 'Mayor', 'Child Sexual Abuse Material', 'William "Billy" Robbins William "Billy" Robbins is a Baptist minister in Fritch, Texas where he also served as a city alderman and was elected mayor in 2022. He has been arrested for soliciting child sexual abuse material.', NULL, NULL, NULL, NULL);
INSERT INTO crime_types (person_id, crime_type) VALUES ('billy-robbins', 'csam');
INSERT INTO crime_types (person_id, crime_type) VALUES ('billy-robbins', 'assault');
INSERT INTO sources (person_id, url) VALUES ('billy-robbins', 'https://goppredators.wordpress.com/2026/02/24/1524-billy-robbins/');
INSERT INTO sources (person_id, url) VALUES ('billy-robbins', 'https://www.linkedin.com/in/billy-robbins-a87887329/');
INSERT INTO sources (person_id, url) VALUES ('billy-robbins', 'https://www.newschannel10.com/2026/02/11/former-fritch-mayor-local-pastor-facing-child-exploitation-charge/');
INSERT INTO sources (person_id, url) VALUES ('billy-robbins', 'https://julieroys.com/texas-pastor-arrested-child-porn-charge/');
INSERT INTO sources (person_id, url) VALUES ('billy-robbins', 'https://www.myhighplains.com/news/local-news/former-fritch-mayor-alderman-pastor-accused-of-attempting-to-solicit-child-pornography/');
INSERT OR REPLACE INTO people (id, name, status, level, state, office, crime_description, summary, still_in_office, offense_year, conviction_year, event_date) VALUES ('david-nephi-johnson', 'David Nephi Johnson', 'charged', 'adjacent', 'ID', '', 'Child Abuse', 'David Nephi Johnson David Nephi Johnson is the Chairman of the Wasatch County Republican Party in Idaho. He has been arrested for felony child abuse for waterboarding his daughter.', NULL, NULL, NULL, NULL);
INSERT INTO crime_types (person_id, crime_type) VALUES ('david-nephi-johnson', 'other');
INSERT INTO sources (person_id, url) VALUES ('david-nephi-johnson', 'https://goppredators.wordpress.com/2026/02/24/1523-david-nephi-johnson/');
INSERT INTO sources (person_id, url) VALUES ('david-nephi-johnson', 'https://www.ksl.com/article/51446742/i-dont-feel-very-safe-utah-man-accused-of-waterboarding-teen-daughter');
INSERT INTO sources (person_id, url) VALUES ('david-nephi-johnson', 'https://abc6onyourside.com/news/nation-world/politician-accused-alleged-waterboarding-daughter-punish-punishment-not-cleaning-room-bedroom-david-nephi-johnson-child-abuse-allegations');
INSERT INTO sources (person_id, url) VALUES ('david-nephi-johnson', 'https://www.eastidahonews.com/2026/02/i-dont-feel-very-safe-utah-man-accused-of-waterboarding-teen-daughter/');
INSERT OR REPLACE INTO people (id, name, status, level, state, office, crime_description, summary, still_in_office, offense_year, conviction_year, event_date) VALUES ('stephen-stokes', 'Stephen Stokes', 'convicted', 'local', 'TN', 'County Commissioner', 'Sexual Battery of a Minor', 'Stephen Stokes Stephen Stokes is a former County Commissioner of Benton County, Tennessee. He was also a teacher.', NULL, NULL, 2026, '2026-01-20');
INSERT INTO crime_types (person_id, crime_type) VALUES ('stephen-stokes', 'rape');
INSERT INTO crime_types (person_id, crime_type) VALUES ('stephen-stokes', 'assault');
INSERT INTO sources (person_id, url) VALUES ('stephen-stokes', 'https://goppredators.wordpress.com/2026/02/24/1522-stephen-stokes/');
INSERT INTO sources (person_id, url) VALUES ('stephen-stokes', 'https://www.wbbjtv.com/2025/06/03/local-county-commissioner-indicted-on-sexual-battery-charge-involving-minor/');
INSERT INTO sources (person_id, url) VALUES ('stephen-stokes', 'https://www.wbbjtv.com/2025/08/11/former-benton-county-commissioner-failed-to-appear-in-court/');
INSERT INTO sources (person_id, url) VALUES ('stephen-stokes', 'https://www.wbbjtv.com/2026/01/20/county-commissioner-sentenced-to-2-yrs-for-sexual-battery/');
INSERT OR REPLACE INTO people (id, name, status, level, state, office, crime_description, summary, still_in_office, offense_year, conviction_year, event_date) VALUES ('leon-black', 'Leon Black', 'alleged', 'adjacent', 'NY', '', 'Rape of a Minor', 'Leon Black Leon David Black is a billionaire investor and co-founder of Apollo Global Management. While he is technically politically unaffiliated, he is a big campaign donor and two-thirds of his donations are to Republicans .', NULL, NULL, NULL, '2026-02-15');
INSERT INTO crime_types (person_id, crime_type) VALUES ('leon-black', 'rape');
INSERT INTO crime_types (person_id, crime_type) VALUES ('leon-black', 'statutory-rape');
INSERT INTO sources (person_id, url) VALUES ('leon-black', 'https://goppredators.wordpress.com/2026/02/23/1521-leon-black/');
INSERT INTO sources (person_id, url) VALUES ('leon-black', 'https://www.forbes.com/sites/lisettevoytko/2020/10/26/leaders-in-both-parties-received-money-from-leon-black-billionaire-caught-up-in-epstein-scandal/');
INSERT INTO sources (person_id, url) VALUES ('leon-black', 'https://www.vaildaily.com/news/vail-resorts-leon-black-rape-case-discontinued/');
INSERT INTO sources (person_id, url) VALUES ('leon-black', 'https://www.cnn.com/2022/11/28/business/leon-black-jeffrey-epstein-rape-accusation');
INSERT INTO sources (person_id, url) VALUES ('leon-black', 'https://www.cnn.com/2023/07/25/business/leon-black-jeffrey-epstein-senate-investigation/index.html');
INSERT INTO sources (person_id, url) VALUES ('leon-black', 'https://www.cnn.com/2023/07/27/business/leon-black-epstein-rape-allegation');
INSERT INTO sources (person_id, url) VALUES ('leon-black', 'https://www.cnn.com/2023/08/04/business/leon-black-settles-virgin-islands-jeffrey-epstein-claims');
INSERT OR REPLACE INTO people (id, name, status, level, state, office, crime_description, summary, still_in_office, offense_year, conviction_year, event_date) VALUES ('andrew-cirone', 'Andrew Cirone', 'charged', 'adjacent', 'CO', 'Police Officer', 'Attempted Sexual Exploitation of a Minor', 'Andrew Cirone Andrew Cirone is a Fort Collins, Colorado, police officer currently on unpaid leave due to being arrested for attempted exploitation of a child. While he was investigating a case, a woman reported he talked to her adult daughter and asked for sexually explicit photos from when she was', NULL, NULL, NULL, '2026-02-06');
INSERT INTO crime_types (person_id, crime_type) VALUES ('andrew-cirone', 'csam');
INSERT INTO sources (person_id, url) VALUES ('andrew-cirone', 'https://goppredators.wordpress.com/2026/02/23/1520-andrew-cirone/');
INSERT INTO sources (person_id, url) VALUES ('andrew-cirone', 'https://www.fortcollins.gov/News-Articles/News/2026-Q1/Officer-Charged-With-Attempted-Exploitation-of-a-Child');
INSERT INTO sources (person_id, url) VALUES ('andrew-cirone', 'https://www.coloradoan.com/story/news/local/fort-collins/2026/02/04/fort-collins-police-officer-accused-of-attempted-child-sex-exploitation/88509794007/');
INSERT INTO sources (person_id, url) VALUES ('andrew-cirone', 'https://infoweb-newsbank-com.proxy.multcolib.org/apps/news/browse-pub?p=AMNEWS&amp;t=pubname%3ADRHLMG-EEDT%21Loveland%2BReporter-Herald%2B%2528CO%2529&amp;action=browse');
INSERT OR REPLACE INTO people (id, name, status, level, state, office, crime_description, summary, still_in_office, offense_year, conviction_year, event_date) VALUES ('shawn-myers', 'Shawn Myers', 'convicted', 'local', 'PA', 'City Councilmember', 'Child Rape', 'Shawn Patrick Myers Shawn Patrick Myers was elected to the Grove City City Council representing the Third Ward in 2012. He won reelection to his fourth term in 2023 but was arrested before he was sworn in.', NULL, NULL, NULL, NULL);
INSERT INTO crime_types (person_id, crime_type) VALUES ('shawn-myers', 'rape');
INSERT INTO sources (person_id, url) VALUES ('shawn-myers', 'https://goppredators.wordpress.com/2026/02/23/1519-shawn-myers/');
INSERT INTO sources (person_id, url) VALUES ('shawn-myers', 'https://www.alliednews.com/news/grove-city-council-swears-in-new-councilman/article_07b4f50c-c46f-11ee-bb88-9b672a4c1e8e.html');
INSERT INTO sources (person_id, url) VALUES ('shawn-myers', 'https://www.alliednews.com/news/grove-city-councilman-accused-of-relations-with-a-minor/article_b2344402-9ed0-11ee-8ec8-cf0112902cd5.html');
INSERT INTO sources (person_id, url) VALUES ('shawn-myers', 'https://www.wfmj.com/story/50259810/grove-city-councilman-charged-with-sex-crimes-against-9yearold?clienttype=mobile');
INSERT OR REPLACE INTO people (id, name, status, level, state, office, crime_description, summary, still_in_office, offense_year, conviction_year, event_date) VALUES ('jesse-hockenbury', 'Jesse Hockenbury', 'charged', 'local', 'KY', 'City Councilmember', 'Sexual Assault', 'Jesse Hockenbury Jesse Hockenbury is an attorney and a member of the Highland Heights, Kentucky City Council. Highland Heights is a city that crosses the Ohio and Kentucky state lines and is included in greater Cincinnati.', NULL, NULL, NULL, '2026-02-01');
INSERT INTO crime_types (person_id, crime_type) VALUES ('jesse-hockenbury', 'assault');
INSERT INTO sources (person_id, url) VALUES ('jesse-hockenbury', 'https://goppredators.wordpress.com/2026/02/21/1518-jesse-hockenbury/');
INSERT INTO sources (person_id, url) VALUES ('jesse-hockenbury', 'https://linknky.com/news/2025/10/27/campbell-county-republican-party-new-leadership/');
INSERT INTO sources (person_id, url) VALUES ('jesse-hockenbury', 'https://linknky.com/news/2026/02/02/highland-heights-council-member-arrested-sexual-abuse/');
INSERT INTO sources (person_id, url) VALUES ('jesse-hockenbury', 'https://www.cincinnati.com/story/news/2026/02/02/greater-cincy-council-member-charged-with-sex-abuse-police-say/88479829007/');
INSERT INTO sources (person_id, url) VALUES ('jesse-hockenbury', 'https://local12.com/newsletter/nky-politician-attorney-charged-with-sexual-abuse-alleged-sexual-contact-client-jesse-hockenbury-highland-heights-city-council-politics-lawyer-term-vote-voters-misdemeanor-police-investigation-inappropriate-comments-harass-consent-arrested-cincinnati');
INSERT OR REPLACE INTO people (id, name, status, level, state, office, crime_description, summary, still_in_office, offense_year, conviction_year, event_date) VALUES ('bill-carns', 'Bill Carns', 'charged', 'adjacent', 'NV', '', 'Possessing/Distributing Child Sex Abuse Material', 'William (Bill) Carns William (Bill) Carns was the former Chair of the Nye County Republican Party. He was arrested on January 31, 2026.', NULL, NULL, NULL, '2026-01-31');
INSERT INTO crime_types (person_id, crime_type) VALUES ('bill-carns', 'csam');
INSERT INTO crime_types (person_id, crime_type) VALUES ('bill-carns', 'assault');
INSERT INTO sources (person_id, url) VALUES ('bill-carns', 'https://goppredators.wordpress.com/2026/02/21/1517-bill-carns/');
INSERT INTO sources (person_id, url) VALUES ('bill-carns', 'https://pvtimes.com/news/former-nye-county-republican-chairman-arrested-on-child-pornography-weapons-charges-175577/');
INSERT INTO sources (person_id, url) VALUES ('bill-carns', 'https://pvtimes.com/news/developing-former-nye-county-republican-chairman-arrested-on-child-pornography-weapons-charges-175642/');
INSERT INTO sources (person_id, url) VALUES ('bill-carns', 'https://www.8newsnow.com/news/local-news/nye-county-former-gop-leader-arrested-on-child-porn-charges/');
INSERT INTO sources (person_id, url) VALUES ('bill-carns', 'https://infoweb-newsbank-com.proxy.multcolib.org/apps/news/browse-pub?p=AMNEWS&amp;t=pubname%3ANLVRJ-EEDT%21Las%2BVegas%2BReview-Journal%2B%2528NV%2529&amp;action=browse');
INSERT OR REPLACE INTO people (id, name, status, level, state, office, crime_description, summary, still_in_office, offense_year, conviction_year, event_date) VALUES ('manuel-barraza', 'Manuel Barraza', 'convicted', 'adjacent', 'TX', 'Judge', 'Abuse of Power/Trafficking', 'Manuel Joseph Barraza Manuel Joseph Barraza was the former El Paso Criminal District Court Judge. He was elected in 2008 and even before being sworn in, he began soliciting bribes to use his position to influence cases.', NULL, NULL, NULL, NULL);
INSERT INTO crime_types (person_id, crime_type) VALUES ('manuel-barraza', 'trafficking');
INSERT INTO sources (person_id, url) VALUES ('manuel-barraza', 'https://goppredators.wordpress.com/2026/02/21/1516-manuel-manny-barraza/');
INSERT INTO sources (person_id, url) VALUES ('manuel-barraza', 'https://ecf.txwd.uscourts.gov/cgi-bin/iqquerymenu.pl?357734');
INSERT INTO sources (person_id, url) VALUES ('manuel-barraza', 'https://www.courthousenews.com/judge-gets-5-years-in-the-slammer/');
INSERT INTO sources (person_id, url) VALUES ('manuel-barraza', 'https://archives.fbi.gov/archives/elpaso/press-releases/2010/ep050610.htm');
INSERT INTO sources (person_id, url) VALUES ('manuel-barraza', 'https://www.elpasotimes.com/story/news/crime/2019/05/31/man-arrested-lower-valley-allegedly-pretending-lawyer-el-paso-county-sheriffs-office/1297988001/?gnt-cfr=1&amp;gca-cat=p&amp;gca-uir=true&amp;gca-epti=z113231v113231d--32--b--32--&amp;gca-ft=156&amp;gca-ds=sophi');
INSERT OR REPLACE INTO people (id, name, status, level, state, office, crime_description, summary, still_in_office, offense_year, conviction_year, event_date) VALUES ('robert-sacco', 'Robert Sacco', 'charged', 'adjacent', 'NY', 'Police Officer', 'Attempted Sexual Exploitation of a Child', 'Robert Sacco Robert Sacco was a Nassau County police officer until his arrest for attempted sexual exploitation of a child. He tried to talk a father into raping his ten-year-old daughter.', NULL, NULL, NULL, NULL);
INSERT INTO crime_types (person_id, crime_type) VALUES ('robert-sacco', 'csam');
INSERT INTO sources (person_id, url) VALUES ('robert-sacco', 'https://goppredators.wordpress.com/2026/02/20/1515-robert-sacco/');
INSERT INTO sources (person_id, url) VALUES ('robert-sacco', 'https://ecf.nynd.uscourts.gov/cgi-bin/iqquerymenu.pl?152230');
INSERT INTO sources (person_id, url) VALUES ('robert-sacco', 'https://cbs6albany.com/news/local/nassau-county-detective-charged-with-attempting-to-sexually-exploit-a-child-robert-sacco');
INSERT INTO sources (person_id, url) VALUES ('robert-sacco', 'https://abc3340.com/news/nation-world/robert-sacco-detective-accused-of-pressuring-father-to-rape-10-year-old-daughter-on-live-video-cincinnati-crime-criminal-activity-law-enforcement-accountability-nude-images-money-offer-communications-federal-bureau-investigations-fbi-sting-nassau-county');
INSERT OR REPLACE INTO people (id, name, status, level, state, office, crime_description, summary, still_in_office, offense_year, conviction_year, event_date) VALUES ('jason-christopher-davis', 'Jason Christopher Davis', 'convicted', 'adjacent', 'NM', '', 'Child Sexual Abuse Material Production', 'Jason Christopher Davis was a supervisory Border Patrol agent in New Mexico. Google informed the National Missing and Exploited Children that an account holder had uploaded two video files of girls somewhere from 11 to 14 masturbating and performing oral sex on each other.', NULL, NULL, NULL, NULL);
INSERT INTO crime_types (person_id, crime_type) VALUES ('jason-christopher-davis', 'csam');
INSERT INTO crime_types (person_id, crime_type) VALUES ('jason-christopher-davis', 'assault');
INSERT INTO sources (person_id, url) VALUES ('jason-christopher-davis', 'https://goppredators.wordpress.com/2026/02/19/1514-jason-christopher-davis/');
INSERT INTO sources (person_id, url) VALUES ('jason-christopher-davis', 'https://cbs4local.com/news/local/las-cruces-border-patrol-agent-arrested-for-possession-of-child-porn');
INSERT INTO sources (person_id, url) VALUES ('jason-christopher-davis', 'https://www.ice.gov/news/releases/former-nm-us-border-patrol-supervisor-sentenced-15-years-child-pornography-conviction');
INSERT OR REPLACE INTO people (id, name, status, level, state, office, crime_description, summary, still_in_office, offense_year, conviction_year, event_date) VALUES ('blake-northway', 'Blake Northway', 'convicted', 'adjacent', 'OR', '', 'Child Rape, Incest', 'Blake Northway Blake Northway was an Immigration and Customs Enforcement (ICE) officer in Oregon. He was charged with ten counts of sodomy and one count of incest in 2018 after sexually abusing a child, a member of his family, for more than nine years.', NULL, NULL, NULL, NULL);
INSERT INTO crime_types (person_id, crime_type) VALUES ('blake-northway', 'rape');
INSERT INTO crime_types (person_id, crime_type) VALUES ('blake-northway', 'incest');
INSERT INTO sources (person_id, url) VALUES ('blake-northway', 'https://goppredators.wordpress.com/2026/02/17/1513-blake-northway/');
INSERT INTO sources (person_id, url) VALUES ('blake-northway', 'https://www.cnn.com/2018/09/16/us/oregon-ice-officer-arrested');
INSERT INTO sources (person_id, url) VALUES ('blake-northway', 'https://katu.com/news/local/ex-ice-agent-gets-25-years-for-sex-abuse');
INSERT OR REPLACE INTO people (id, name, status, level, state, office, crime_description, summary, still_in_office, offense_year, conviction_year, event_date) VALUES ('brett-ratner', 'Brett Ratner', 'alleged', 'adjacent', 'CA', '', 'Sexual Assault/Sexual Harassment', 'Jeffrey Epstein, Brett Ratner & two unfortunates. Brett Ratner is the director of the epic film flop "Melania." He is also photographed in what appears to be an intimate photo with Jeffrey Epstein and two unfortunates.', NULL, NULL, NULL, NULL);
INSERT INTO crime_types (person_id, crime_type) VALUES ('brett-ratner', 'assault');
INSERT INTO crime_types (person_id, crime_type) VALUES ('brett-ratner', 'harassment');
INSERT INTO sources (person_id, url) VALUES ('brett-ratner', 'https://goppredators.wordpress.com/2026/02/17/1512-brett-ratner/');
INSERT INTO sources (person_id, url) VALUES ('brett-ratner', 'https://www.theguardian.com/film/2017/nov/02/director-brett-ratner-rape-accusations-sexual-harassment-claims');
INSERT INTO sources (person_id, url) VALUES ('brett-ratner', 'https://www.latimes.com/business/hollywood/la-fi-ct-brett-ratner-allegations-20171101-htmlstory.html');
INSERT OR REPLACE INTO people (id, name, status, level, state, office, crime_description, summary, still_in_office, offense_year, conviction_year, event_date) VALUES ('james-matthew-waltman', 'James Matthew Waltman', 'alleged', 'adjacent', 'OK', 'Police Officer', 'Rape of a Minor, much more', 'James Matthew Waltman James Matthew Waltman was a police officer serving as a school resource officer. He has been accused of raping two students after providing them alcohol.', NULL, NULL, NULL, NULL);
INSERT INTO crime_types (person_id, crime_type) VALUES ('james-matthew-waltman', 'rape');
INSERT INTO crime_types (person_id, crime_type) VALUES ('james-matthew-waltman', 'statutory-rape');
INSERT INTO sources (person_id, url) VALUES ('james-matthew-waltman', 'https://goppredators.wordpress.com/2026/02/17/1511-james-matthew-waltman/');
INSERT INTO sources (person_id, url) VALUES ('james-matthew-waltman', 'https://www.newson6.com/story/65e7ef3271fd1a0a6619f823/osbi-arrests-mannford-police-officer-accused-of-raping-student');
INSERT INTO sources (person_id, url) VALUES ('james-matthew-waltman', 'https://www.newson6.com/story/67a69de0cac06272b5a5eb30/former-mannford-police-officer-faces-new-charges');
INSERT OR REPLACE INTO people (id, name, status, level, state, office, crime_description, summary, still_in_office, offense_year, conviction_year, event_date) VALUES ('lori-chavez-deremer', 'Lori Chavez-Deremer', 'alleged', 'federal', 'OR', 'U.S. Congressman', 'Sexual Harassment, Inappropriate Relationship', 'Lori Chavez-Deremer Lori Chavez-Deremer was a former U.S. Representative from Oregon before her appointment as Trump''s Labor Secretary.', NULL, NULL, NULL, '2026-01-28');
INSERT INTO crime_types (person_id, crime_type) VALUES ('lori-chavez-deremer', 'grooming');
INSERT INTO crime_types (person_id, crime_type) VALUES ('lori-chavez-deremer', 'harassment');
INSERT INTO sources (person_id, url) VALUES ('lori-chavez-deremer', 'https://goppredators.wordpress.com/2026/02/16/1510-lori-chavez-deremer/');
INSERT INTO sources (person_id, url) VALUES ('lori-chavez-deremer', 'https://www.nytimes.com/2026/01/23/us/politics/labor-secretary-security-staff-investigation.html#:~:text=The%20Labor%20Department%20inspector%20general''s,two%20more%20complaints%20accusing%20Ms.');
INSERT INTO sources (person_id, url) VALUES ('lori-chavez-deremer', 'https://www.the-independent.com/news/world/americas/us-politics/lori-chavez-deremer-strip-club-allegation-b2903118.html');
INSERT INTO sources (person_id, url) VALUES ('lori-chavez-deremer', 'https://www.yahoo.com/news/articles/married-trump-cabinet-member-accused-054239235.html');
INSERT INTO sources (person_id, url) VALUES ('lori-chavez-deremer', 'https://www.nbcnews.com/politics/trump-administration/multiple-labor-department-staffers-are-leave-ig-investigation-secretar-rcna254282');
INSERT INTO sources (person_id, url) VALUES ('lori-chavez-deremer', 'https://infoweb-newsbank-com.proxy.multcolib.org/apps/news/browse-pub?p=AMNEWS&amp;t=pubname%3AOPOP-EEDT%21Oregonian%252C%2BThe%2B%2528Portland%252C%2BOR%2529&amp;action=browse');
INSERT OR REPLACE INTO people (id, name, status, level, state, office, crime_description, summary, still_in_office, offense_year, conviction_year, event_date) VALUES ('tabitha-brooks', 'Tabitha Brooks', 'charged', 'local', 'OK', 'Teacher', 'Rape of a Minor', 'Tabitha Brooks Tabitha Brooks was a teacher at Wapanucka, Oklahoma, until her arrest for allegedly raping a student. As soon as the school district learned of the "relationship" they contacted the Johnson County Sheriff and suspended her pending the outcome of the investigation and trial.', NULL, NULL, NULL, NULL);
INSERT INTO crime_types (person_id, crime_type) VALUES ('tabitha-brooks', 'rape');
INSERT INTO crime_types (person_id, crime_type) VALUES ('tabitha-brooks', 'statutory-rape');
INSERT INTO sources (person_id, url) VALUES ('tabitha-brooks', 'https://goppredators.wordpress.com/2026/02/16/1509-tabitha-brooks/');
INSERT INTO sources (person_id, url) VALUES ('tabitha-brooks', 'https://kineticconsole.com/InmateList/JohnstonOK');
INSERT INTO sources (person_id, url) VALUES ('tabitha-brooks', 'https://kfor.com/news/local/wapanucka-teacher-faces-first-degree-rape-charge-police-say/');
INSERT OR REPLACE INTO people (id, name, status, level, state, office, crime_description, summary, still_in_office, offense_year, conviction_year, event_date) VALUES ('wesley-a-brobeck', 'Wesley A. Brobeck', 'charged', 'local', 'TN', 'Pastor', 'Rape of a Minor', 'Wesley A. Brobeck (TN): Rape of a Minor.', NULL, NULL, NULL, '2026-01-19');
INSERT INTO crime_types (person_id, crime_type) VALUES ('wesley-a-brobeck', 'rape');
INSERT INTO crime_types (person_id, crime_type) VALUES ('wesley-a-brobeck', 'statutory-rape');
INSERT INTO sources (person_id, url) VALUES ('wesley-a-brobeck', 'https://goppredators.wordpress.com/2026/02/05/1508-wesley-brobeck/');
INSERT INTO sources (person_id, url) VALUES ('wesley-a-brobeck', 'https://www.greenevillesun.com/news/local_news/youth-minister-at-greeneville-church-charged-with-sexual-misconduct-charges/article_11a3ef00-3498-48c5-aeb5-c4696dcb00aa.html');
INSERT INTO sources (person_id, url) VALUES ('wesley-a-brobeck', 'https://www.wbir.com/article/news/crime/youth-minister-wesley-brobeck-arrested-charged-alleged-sexual-misconduct-with-minor-greeneville-white-pine/51-f6db9cd1-dfed-4cf2-87a8-21f5b7c4277c');
INSERT INTO sources (person_id, url) VALUES ('wesley-a-brobeck', 'https://baptistandreflector.org/tennessee-youth-minister-faces-rape-sex-battery-charges/');
INSERT INTO sources (person_id, url) VALUES ('wesley-a-brobeck', 'https://jefferson.tncrtinfo.com/cmCaseList.aspx');
INSERT OR REPLACE INTO people (id, name, status, level, state, office, crime_description, summary, still_in_office, offense_year, conviction_year, event_date) VALUES ('rubel-tim-martinez', 'Rubel (Tim) Martinez', 'convicted', 'adjacent', 'CO', 'Pastor', 'Sexual Assault of Student', 'Rubel (Tim) Martinez Rubel (Tim) Martinez was a pastor at Breakthrough Ministries in Dacona, Colorado. He also worked as a security supervisor at Lakewood High School and Jefferson Jr/Sr.', NULL, NULL, 2026, '2026-01-19');
INSERT INTO crime_types (person_id, crime_type) VALUES ('rubel-tim-martinez', 'assault');
INSERT INTO sources (person_id, url) VALUES ('rubel-tim-martinez', 'https://goppredators.wordpress.com/2026/02/02/1507-rubel-martinez/');
INSERT INTO sources (person_id, url) VALUES ('rubel-tim-martinez', 'https://www.denverpost.com/2026/01/19/lakewood-jefferson-county-child-sex-assault/');
INSERT INTO sources (person_id, url) VALUES ('rubel-tim-martinez', 'https://hoodline.com/2026/01/lakewood-pastor-guard-found-guilty-in-sex-abuse-of-high-school-student/');
INSERT OR REPLACE INTO people (id, name, status, level, state, office, crime_description, summary, still_in_office, offense_year, conviction_year, event_date) VALUES ('pam-bondi', 'Pam Bondi', 'convicted', 'state', 'FL', '', 'Cover-up, Enabling', 'Pam Bondi Pam Bondi became Florida''s Attorney General in 2011 after a campaign promising an emphasis on child sexual abuse and trafficking. She declared Florida would have zero tolerance for child predators.', NULL, NULL, NULL, '2025-09-04');
INSERT INTO crime_types (person_id, crime_type) VALUES ('pam-bondi', 'enablement');
INSERT INTO crime_types (person_id, crime_type) VALUES ('pam-bondi', 'organizational-coverup');
INSERT INTO sources (person_id, url) VALUES ('pam-bondi', 'https://goppredators.wordpress.com/2026/01/31/1506-pam-bondi/');
INSERT INTO sources (person_id, url) VALUES ('pam-bondi', 'https://www.hawaiitribune-herald.com/2024/07/02/nation-world-news/palm-beach-prosecutor-painted-epstein-victims-as-prostitutes-grand-jury-records-show/');
INSERT INTO sources (person_id, url) VALUES ('pam-bondi', 'https://www.palmbeachpost.com/story/news/trump/2025/07/18/could-pam-bondi-have-prosecuted-jeffrey-epstein-as-florida-ag/85239431007/');
INSERT INTO sources (person_id, url) VALUES ('pam-bondi', 'https://deanobeidallah.substack.com/p/we-need-to-know-why-pam-bondi-did');
INSERT INTO sources (person_id, url) VALUES ('pam-bondi', 'https://www.theguardian.com/us-news/2026/jan/31/democrats-justice-department-epstein-files');
INSERT INTO sources (person_id, url) VALUES ('pam-bondi', 'https://www.newspapers.com/paper/the-miami-herald/881/');
INSERT OR REPLACE INTO people (id, name, status, level, state, office, crime_description, summary, still_in_office, offense_year, conviction_year, event_date) VALUES ('david-courvelle', 'David Courvelle', 'convicted', 'adjacent', 'LA', '', 'Sexual Abuse of Detainee', 'David Courvelle David Courvelle was an ICE detention officer working at the South Louisiana ICE Processing Center in Basile, Louisiana. He was observed leaving a janitorial closet with one of the women under his supervision and control, a Nicaraguan woman detained at the facility He is accused of se', NULL, NULL, NULL, '2026-04-10');
INSERT INTO crime_types (person_id, crime_type) VALUES ('david-courvelle', 'assault');
INSERT INTO sources (person_id, url) VALUES ('david-courvelle', 'https://goppredators.wordpress.com/2026/01/28/1505-david-courvelle/');
INSERT INTO sources (person_id, url) VALUES ('david-courvelle', 'https://ecf.lawd.uscourts.gov/cgi-bin/iqquerymenu.pl?215434');
INSERT INTO sources (person_id, url) VALUES ('david-courvelle', 'https://www.kalb.com/2025/12/29/ice-officer-pleads-guilty-sexually-abusing-detainee-louisiana-facility/?outputType=amp');
INSERT INTO sources (person_id, url) VALUES ('david-courvelle', 'https://www.shreveporttimes.com/story/news/2026/01/20/ice-agent-pleads-guilty-to-sexual-assault-of-detainee-what-to-know/88257531007/');
INSERT INTO sources (person_id, url) VALUES ('david-courvelle', 'https://infoweb-newsbank-com.proxy.multcolib.org/apps/news/browse-pub?p=AMNEWS&amp;t=pubname%3ALNOA-EEDT%21New%2BOrleans%2BAdvocate%252C%2BThe%2B%2528LA%2529&amp;action=browse');
INSERT OR REPLACE INTO people (id, name, status, level, state, office, crime_description, summary, still_in_office, offense_year, conviction_year, event_date) VALUES ('david-kellett', 'David Kellett', 'charged', 'state', 'WY', '', 'Child Sexual Abuse', 'David Kellett David Kellett was President of the Wyoming 9-12 Project, an organization started by Glenn Beck, and active in the Tea Party opposition to President Obama''s health care reform. He also ran for the Wyoming state House of Representatives in 2010 and 2012, but failed in the primary both ti', NULL, NULL, NULL, '2025-12-23');
INSERT INTO crime_types (person_id, crime_type) VALUES ('david-kellett', 'assault');
INSERT INTO sources (person_id, url) VALUES ('david-kellett', 'https://goppredators.wordpress.com/2026/01/03/1504-david-kellet/');
INSERT INTO sources (person_id, url) VALUES ('david-kellett', 'https://cowboystatedaily.com/2025/12/31/former-house-candidate-from-powell-accused-of-child-abuse-molestation/');
INSERT INTO sources (person_id, url) VALUES ('david-kellett', 'https://theaegisalliance.com/2025/12/31/former-house-candidate-from-powell-wyoming-facing-child-abuse-and-sex-crimes-charges/');
INSERT OR REPLACE INTO people (id, name, status, level, state, office, crime_description, summary, still_in_office, offense_year, conviction_year, event_date) VALUES ('bryan-morse', 'Bryan Morse', 'charged', 'state', 'NH', 'State Representative', 'Nonconsensual Sharing of Images/Revenge Porn', 'Bryan Morse Bryan Morse is a Republican state representative in the New Hampshire. He tapped into all the grievance messaging of MAGA Republicans, voting in favor of banning books and trans people using public restrooms.', NULL, NULL, NULL, NULL);
INSERT INTO crime_types (person_id, crime_type) VALUES ('bryan-morse', 'other');
INSERT INTO sources (person_id, url) VALUES ('bryan-morse', 'https://goppredators.wordpress.com/2026/01/03/1503-bryan-morse/');
INSERT INTO sources (person_id, url) VALUES ('bryan-morse', 'https://www.bostonglobe.com/2025/11/20/metro/nh-lawmaker-revenge-porn-charge/');
INSERT INTO sources (person_id, url) VALUES ('bryan-morse', 'https://www.nhpr.org/nh-news/2025-11-20/bryan-morse-nh-republican-state-representative-legislature-revenge-porn-arrest');
INSERT INTO sources (person_id, url) VALUES ('bryan-morse', 'https://bsky.app/profile/sportponies.bsky.social');
INSERT OR REPLACE INTO people (id, name, status, level, state, office, crime_description, summary, still_in_office, offense_year, conviction_year, event_date) VALUES ('joe-campbell', 'Joe Campbell', 'convicted', 'adjacent', 'MO', 'Pastor', 'Child Sexual Abuse', 'Joe Campbell Joe Campbell was hired by Jim Bakker to work at his Morningside Church and given a show on his televangelist network. A well-known youth pastor and head of a children''s Bible camp.', NULL, NULL, NULL, NULL);
INSERT INTO crime_types (person_id, crime_type) VALUES ('joe-campbell', 'assault');
INSERT INTO sources (person_id, url) VALUES ('joe-campbell', 'https://goppredators.wordpress.com/2026/01/03/1502-joe-campbell/');
INSERT INTO sources (person_id, url) VALUES ('joe-campbell', 'https://www.nbcnews.com/news/us-news/pastor-joe-campbell-abuse-nbc-news-investigation-missed-warnings-rcna202380');
INSERT INTO sources (person_id, url) VALUES ('joe-campbell', 'https://www.oklahoman.com/story/news/2025/12/17/grand-jury-indicts-joseph-lyle-campbell-pastor-rape-indecent-acts-child-oklahoma/87813087007/');
INSERT INTO sources (person_id, url) VALUES ('joe-campbell', 'https://www.ky3.com/video/2025/12/17/ozarks-pastor-former-televangelist-arrested-child-sex-abuse-charges-out-oklahoma/');
INSERT INTO sources (person_id, url) VALUES ('joe-campbell', 'https://www.oscn.net/dockets/GetCaseInformation.aspx?db=tulsa&amp;number=CF-2025-4621&amp;cmid=3838545');
INSERT OR REPLACE INTO people (id, name, status, level, state, office, crime_description, summary, still_in_office, offense_year, conviction_year, event_date) VALUES ('ryan-mcdonough', 'Ryan McDonough', 'charged', 'state', 'AK', '', 'Child Sexual Abuse Material', 'Ryan McDonough Ryan McDonough was a doctor in Wasilla, Alaska. He was appointed to the State Medical Board by Alaska''s Republican Governor Mike Dunleavy in August 2025.', NULL, NULL, NULL, '2025-12-19');
INSERT INTO crime_types (person_id, crime_type) VALUES ('ryan-mcdonough', 'csam');
INSERT INTO crime_types (person_id, crime_type) VALUES ('ryan-mcdonough', 'assault');
INSERT INTO sources (person_id, url) VALUES ('ryan-mcdonough', 'https://goppredators.wordpress.com/2026/01/02/1501-ryan-mcdonough/');
INSERT INTO sources (person_id, url) VALUES ('ryan-mcdonough', 'https://www.alaskasnewssource.com/2025/12/18/wasilla-doctor-case-reveals-alaska-doesnt-screen-board-appointees-ongoing-criminal-investigations/');
INSERT INTO sources (person_id, url) VALUES ('ryan-mcdonough', 'https://alaskabeacon.com/briefs/former-state-medical-board-member-dies-in-house-fire-after-arrest-for-child-sexual-abuse-images/');
INSERT INTO sources (person_id, url) VALUES ('ryan-mcdonough', 'https://alaskapublic.org/news/public-safety/2025-12-15/wasilla-doctors-home-burns-unidentified-remains-found-days-after-charges-of-child-sexual-abuse-material');
INSERT INTO sources (person_id, url) VALUES ('ryan-mcdonough', 'https://infoweb-newsbank-com.proxy.multcolib.org/apps/news/browse-pub?p=AMNEWS&amp;t=pubname%3ANYP5-EEDT%21New%2BYork%2BPost%2B%2528NY%2529&amp;action=browse');
INSERT OR REPLACE INTO people (id, name, status, level, state, office, crime_description, summary, still_in_office, offense_year, conviction_year, event_date) VALUES ('david-mckeown', 'David McKeown', 'convicted', 'state', 'FL', 'Teacher', 'Child Sexual Abuse Material', 'David McKeown David McKeown was a 6th grade teacher at United Brethren in Christ Academy, a private religious high school in Holly Hill, Florida. He was arrested in June for creating child sexual abuse material using AI.', NULL, NULL, NULL, NULL);
INSERT INTO crime_types (person_id, crime_type) VALUES ('david-mckeown', 'csam');
INSERT INTO crime_types (person_id, crime_type) VALUES ('david-mckeown', 'assault');
INSERT INTO sources (person_id, url) VALUES ('david-mckeown', 'https://goppredators.wordpress.com/2026/01/02/1500-david-mckeown/');
INSERT INTO sources (person_id, url) VALUES ('david-mckeown', 'https://www.myfloridalegal.com/newsrelease/attorney-general-james-uthmeier-announces-arrest-holly-hill-teacher-possession-child');
INSERT INTO sources (person_id, url) VALUES ('david-mckeown', 'https://www.firstcoastnews.com/article/news/crime/florida-teacher-used-ai-to-create-child-sexual-abuse-images-of-students-police-say-david-mckeown/77-97098173-f594-45e3-ad42-9960cce83254');
INSERT INTO sources (person_id, url) VALUES ('david-mckeown', 'https://www.cbsnews.com/miami/news/former-florida-teacher-sentenced-135-years-child-porn-bestiality/');
INSERT OR REPLACE INTO people (id, name, status, level, state, office, crime_description, summary, still_in_office, offense_year, conviction_year, event_date) VALUES ('gary-cannon', 'Gary Cannon', 'convicted', 'adjacent', 'OR', '', 'Enabler', 'Gary Cannon, a Trump donor, was the President of the Board of the Oregon Coast Military Museum in Florence, Oregon. His son, Geoffrey Cannon, who has no party affiliation,was arrested and charged with child sexual abuse.', NULL, NULL, NULL, NULL);
INSERT INTO crime_types (person_id, crime_type) VALUES ('gary-cannon', 'enablement');
INSERT INTO sources (person_id, url) VALUES ('gary-cannon', 'https://goppredators.wordpress.com/2026/01/02/1499-gary-cannon/');
INSERT INTO sources (person_id, url) VALUES ('gary-cannon', 'https://www.registerguard.com/story/news/crime/2025/08/18/family-seeks-oregon-coast-military-museum-director-removal/85650891007/');
INSERT INTO sources (person_id, url) VALUES ('gary-cannon', 'https://www.registerguard.com/story/news/local/2025/09/30/oregon-coast-military-museum-to-reopen-former-board-dissolved/86355295007/?gnt-cfr=1&amp;gca-cat=p&amp;gca-uir=true&amp;gca-epti=z113718p002350c002350d00----v113718d--37--b--37--&amp;gca-ft=152&amp;gca-ds=sophi');
INSERT INTO sources (person_id, url) VALUES ('gary-cannon', 'https://nbc16.com/news/local/former-director-of-oregon-coast-military-museum-sentenced-for-sexual-abuse-of-15-year-old-girl-eugene-florence-lane-county-oregon-geoffrey-cannon');
INSERT OR REPLACE INTO people (id, name, status, level, state, office, crime_description, summary, still_in_office, offense_year, conviction_year, event_date) VALUES ('hunter-chase-eubanks', 'Hunter Chase Eubanks', 'convicted', 'adjacent', 'FL', '', 'Child Sexual Abuse', 'Hunter Eubanks Hunter Chase Eubanks was a worship leader at Morningside Church in Tallahassee, Florida. He also led a church music internship program.', NULL, NULL, NULL, NULL);
INSERT INTO crime_types (person_id, crime_type) VALUES ('hunter-chase-eubanks', 'assault');
INSERT INTO sources (person_id, url) VALUES ('hunter-chase-eubanks', 'https://goppredators.wordpress.com/2026/01/02/1498-hunter-chase-eubanks/');
INSERT INTO sources (person_id, url) VALUES ('hunter-chase-eubanks', 'https://en.wikipedia.org/wiki/Petraeus_scandal');
INSERT INTO sources (person_id, url) VALUES ('hunter-chase-eubanks', 'https://www.justice.gov/usao-ndfl/pr/former-tallahassee-church-worship-leader-pleads-guilty-sexual-exploitation-child');
INSERT INTO sources (person_id, url) VALUES ('hunter-chase-eubanks', 'https://www.wctv.tv/2025/12/12/former-tallahassee-church-leader-sentenced-17-years-sexual-conduct-with-child/');
INSERT OR REPLACE INTO people (id, name, status, level, state, office, crime_description, summary, still_in_office, offense_year, conviction_year, event_date) VALUES ('douglas-overmyer', 'Douglas Overmyer', 'charged', 'adjacent', 'IL', 'Pastor', 'Child Sexual Abuse Material', 'Douglas R. Overmyer Douglas Overmyer, a pastor from Mattoon, Illinois, described liberalism as an “ungodly, inhumane mental disease." He was the pastor of Zion Hill until his recent suspension after his arrest for distributing child sexual abuse material.', NULL, NULL, NULL, NULL);
INSERT INTO crime_types (person_id, crime_type) VALUES ('douglas-overmyer', 'csam');
INSERT INTO crime_types (person_id, crime_type) VALUES ('douglas-overmyer', 'assault');
INSERT INTO sources (person_id, url) VALUES ('douglas-overmyer', 'https://goppredators.wordpress.com/2025/12/31/1497-douglas-overmyer/');
INSERT INTO sources (person_id, url) VALUES ('douglas-overmyer', 'https://www.chirhooutdoors.org/Events');
INSERT INTO sources (person_id, url) VALUES ('douglas-overmyer', 'https://legalherald.com/mattoon-il-zion-hill-methodist-church-pastor-douglas-overmyer-arrested-for-child-pornography/');
INSERT INTO sources (person_id, url) VALUES ('douglas-overmyer', 'https://www.weiu.net/news_watch/article.php?id=39787');
INSERT OR REPLACE INTO people (id, name, status, level, state, office, crime_description, summary, still_in_office, offense_year, conviction_year, event_date) VALUES ('james-fishback', 'James Fishback', 'alleged', 'state', 'FL', '', 'Harassment, Dating a minor', 'James Fishback James Fishback is a hedge fund manager who is running in the Republican primary for Florida governor , hoping to succeed Ron DeSantis. He seems to court controversy.', NULL, NULL, NULL, NULL);
INSERT INTO crime_types (person_id, crime_type) VALUES ('james-fishback', 'harassment');
INSERT INTO sources (person_id, url) VALUES ('james-fishback', 'https://goppredators.wordpress.com/2025/12/29/1496-james-fishback/');
INSERT INTO sources (person_id, url) VALUES ('james-fishback', 'https://flvoicenews.com/gop-governor-candidate-james-fishback-faces-allegations-over-relationship-began-when-partner-was-a-minor/');
INSERT INTO sources (person_id, url) VALUES ('james-fishback', 'https://floridapolitics.com/archives/768484-woman-says-james-fishback-dated-her-while-she-was-underage-then-harassed-her-after-breakup/');
INSERT OR REPLACE INTO people (id, name, status, level, state, office, crime_description, summary, still_in_office, offense_year, conviction_year, event_date) VALUES ('jason-duane-cole', 'Jason Duane Cole', 'charged', 'local', 'OK', 'City Councilmember', 'Child Sexual Abuse', 'Jason Duane Cole Jason Duane Cole represents Ward 4 on the Warr Acres City Council . He remains on the Council as of Christmas Day although he was arrested on December 8th and charged with rape by instrumentation, indecent materials shown to a minor, and three counts of child sexual abuse.', NULL, NULL, NULL, NULL);
INSERT INTO crime_types (person_id, crime_type) VALUES ('jason-duane-cole', 'assault');
INSERT INTO sources (person_id, url) VALUES ('jason-duane-cole', 'https://goppredators.wordpress.com/2025/12/25/1495-jason-cole/');
INSERT INTO sources (person_id, url) VALUES ('jason-duane-cole', 'https://www.warracres-ok.gov/departments/city-council/');
INSERT INTO sources (person_id, url) VALUES ('jason-duane-cole', 'https://omsweb.public-safety-cloud.com/jtclientweb/jailtracker/index/Oklahoma_County_OK');
INSERT INTO sources (person_id, url) VALUES ('jason-duane-cole', 'https://kfor.com/news/local/warr-acres-city-council-member-arrested-accused-of-child-sex-crimes/');
INSERT INTO sources (person_id, url) VALUES ('jason-duane-cole', 'https://www.news9.com/crime/warr-acres-councilman-arrested-child-sex-crimes-investigation');
INSERT OR REPLACE INTO people (id, name, status, level, state, office, crime_description, summary, still_in_office, offense_year, conviction_year, event_date) VALUES ('jaquon-stembridge', 'JaQuon Stembridge', 'alleged', 'federal', 'GA', '', 'Soliciting a Minor', 'JaQuon Stembridge JaQuon Stembridge was recently elected Assistant Secretary of the Georgia Republican Party. He was the youngest person ever elected to a Georgia GOP leadership post.', NULL, NULL, NULL, NULL);
INSERT INTO crime_types (person_id, crime_type) VALUES ('jaquon-stembridge', 'solicitation');
INSERT INTO sources (person_id, url) VALUES ('jaquon-stembridge', 'https://goppredators.wordpress.com/2025/12/25/1494-jaquon-stembridge/');
INSERT INTO sources (person_id, url) VALUES ('jaquon-stembridge', 'https://www.yahoo.com/news/articles/black-georgia-republican-party-leader-134621289.html');
INSERT INTO sources (person_id, url) VALUES ('jaquon-stembridge', 'https://www.cbsnews.com/atlanta/news/teen-georgia-gop-leader-resigns-months-after-historic-rise-in-party-ranks/');
INSERT INTO sources (person_id, url) VALUES ('jaquon-stembridge', 'https://balleralert.com/profiles/blogs/georgia-gop-young-leader-resigns/');
INSERT OR REPLACE INTO people (id, name, status, level, state, office, crime_description, summary, still_in_office, offense_year, conviction_year, event_date) VALUES ('alisha-marie-george', 'Alisha Marie George', 'charged', 'adjacent', 'UT', 'Teacher', 'Sexual Abuse &amp; Rape of Her Students', 'Alisha Marie George Alisha Marie George was a middle-school teacher at a STEM-focused charter school in northern Utah. She also coached volleyball.', NULL, NULL, NULL, NULL);
INSERT INTO crime_types (person_id, crime_type) VALUES ('alisha-marie-george', 'rape');
INSERT INTO crime_types (person_id, crime_type) VALUES ('alisha-marie-george', 'assault');
INSERT INTO sources (person_id, url) VALUES ('alisha-marie-george', 'https://goppredators.wordpress.com/2025/12/20/1493-alisha-marie-george/');
INSERT INTO sources (person_id, url) VALUES ('alisha-marie-george', 'https://ksltv.com/local-news/utah-middle-school-teacher-faces-sex-abuse-charges/853897/');
INSERT INTO sources (person_id, url) VALUES ('alisha-marie-george', 'https://www.ibtimes.sg/utah-middle-school-teacher-volleyball-coach-arrested-sexually-abusing-her-student-82607');
INSERT OR REPLACE INTO people (id, name, status, level, state, office, crime_description, summary, still_in_office, offense_year, conviction_year, event_date) VALUES ('scott-james-rocky', 'Scott James Rocky', 'convicted', 'adjacent', 'MI', '', 'Child Sexual Abuse Material', 'Scott James Rocky Scott James Rocky was a border agent in Michigan for over seventeen years. He frequently reposted rightwing memes.', NULL, NULL, NULL, NULL);
INSERT INTO crime_types (person_id, crime_type) VALUES ('scott-james-rocky', 'csam');
INSERT INTO crime_types (person_id, crime_type) VALUES ('scott-james-rocky', 'assault');
INSERT INTO sources (person_id, url) VALUES ('scott-james-rocky', 'https://goppredators.wordpress.com/2025/12/20/1492-scott-rocky/');
INSERT INTO sources (person_id, url) VALUES ('scott-james-rocky', 'https://www.nbcnews.com/news/us-news/jeffrey-epsteins-mentor-ponzi-schemer-steven-hoffenberg-was-found-dead-rcna45024');
INSERT INTO sources (person_id, url) VALUES ('scott-james-rocky', 'https://www.detroitnews.com/story/news/local/michigan/2025/05/06/border-officer-busted-by-fbi-in-child-porn-case-loses-bond-fight/83453577007/');
INSERT INTO sources (person_id, url) VALUES ('scott-james-rocky', 'https://www.detroitnews.com/story/news/local/macomb-county/2025/11/13/border-agent-guilty-macomb-county-child-porn-case/87246123007/');
INSERT OR REPLACE INTO people (id, name, status, level, state, office, crime_description, summary, still_in_office, offense_year, conviction_year, event_date) VALUES ('jeannette-garcia', 'Jeannette Garcia', 'charged', 'local', 'AZ', 'City Councilmember', 'Sexual Harassment, Kidnapping', 'Jeannette Garcia Jeannette Garcia is a Republican member of the Avondale, Arizona, city council . She was also a staff member for Turning Point USA, the extreme conservative organization founded by Charlie Kirk.', NULL, NULL, NULL, '2025-12-03');
INSERT INTO crime_types (person_id, crime_type) VALUES ('jeannette-garcia', 'harassment');
INSERT INTO sources (person_id, url) VALUES ('jeannette-garcia', 'https://goppredators.wordpress.com/2025/12/20/1491-jeannette-garcia/');
INSERT INTO sources (person_id, url) VALUES ('jeannette-garcia', 'https://www.avondaleaz.gov/government/mayor-council/council-member-jeannette-garcia');
INSERT INTO sources (person_id, url) VALUES ('jeannette-garcia', 'https://www.sfchronicle.com/entertainment/article/arizona-lawmaker-tom-hanks-lawsuit-teen-daughter-21217148.php');
INSERT INTO sources (person_id, url) VALUES ('jeannette-garcia', 'https://www.azfamily.com/2025/11/27/lawsuit-accuses-avondale-council-member-kidnapping-teen-propositioning-father/');
INSERT INTO sources (person_id, url) VALUES ('jeannette-garcia', 'https://www.the-independent.com/news/world/americas/crime/turning-point-usa-sexual-harassment-lawsuit-b2874957.html');
INSERT INTO sources (person_id, url) VALUES ('jeannette-garcia', 'https://infoweb-newsbank-com.proxy.multcolib.org/apps/news/browse-pub?p=AMNEWS&amp;t=pubname%3ASFC-EEDT%21San%2BFrancisco%2BChronicle%2B%2528CA%2529&amp;action=browse');
INSERT OR REPLACE INTO people (id, name, status, level, state, office, crime_description, summary, still_in_office, offense_year, conviction_year, event_date) VALUES ('krystal-hurd', 'Krystal Hurd', 'alleged', 'adjacent', 'FL', '', 'Child Sexual Battery, Rape', 'Krystal Shaina Hurd Krystal Hurd was a Sanibel, Florida, city employee who worked as a camp counselor at Sanibel Recreation Center. She was trusted with the community''s children and exploited that trust.', NULL, NULL, NULL, NULL);
INSERT INTO crime_types (person_id, crime_type) VALUES ('krystal-hurd', 'rape');
INSERT INTO crime_types (person_id, crime_type) VALUES ('krystal-hurd', 'assault');
INSERT INTO sources (person_id, url) VALUES ('krystal-hurd', 'https://goppredators.wordpress.com/2025/12/20/1490-krystal-hurd/');
INSERT INTO sources (person_id, url) VALUES ('krystal-hurd', 'https://www.sheriffleefl.org/booking-search/');
INSERT INTO sources (person_id, url) VALUES ('krystal-hurd', 'https://www.captivasanibel.com/news/2025/11/former-city-staffer-facing-custodial-sexual-battery/');
INSERT INTO sources (person_id, url) VALUES ('krystal-hurd', 'https://www.winknews.com/news/lee/former-sanibel-camp-counselor-accused-of-sexually-abusing-kids-for-years/article_7210715b-23fb-4eb8-9be8-b45fe1864888.html');
INSERT OR REPLACE INTO people (id, name, status, level, state, office, crime_description, summary, still_in_office, offense_year, conviction_year, event_date) VALUES ('dylan-hoch', 'Dylan Hoch', 'convicted', 'adjacent', 'NY', '', 'Child Rape', 'Dylan Hoch (NY): Child Rape.', NULL, NULL, 2025, '2025-09-24');
INSERT INTO crime_types (person_id, crime_type) VALUES ('dylan-hoch', 'rape');
INSERT INTO sources (person_id, url) VALUES ('dylan-hoch', 'https://goppredators.wordpress.com/2025/12/17/1489-dylan-hoch/');
INSERT INTO sources (person_id, url) VALUES ('dylan-hoch', 'https://troopers.ny.gov/news/glenfield-man-arrested-predatory-sexual-assault-against-child');
INSERT INTO sources (person_id, url) VALUES ('dylan-hoch', 'https://linkinglewiscounty.com/202509/Lewis-County-Jury-Convicts-Glenfield-Man-on-Multiple-Counts-of-Predatory-Sexual-Assault-Against-a-Child.html');
INSERT INTO sources (person_id, url) VALUES ('dylan-hoch', 'https://www.wwnytv.com/2024/02/19/glenfield-man-accused-repeatedly-raping-girl/');
INSERT INTO sources (person_id, url) VALUES ('dylan-hoch', 'https://infoweb-newsbank-com.proxy.multcolib.org/apps/news/browse-pub?p=AMNEWS&amp;t=pubname%3ANWDT-EEDT%21Watertown%2BDaily%2BTimes%2B%2528NY%2529&amp;action=browse');
INSERT OR REPLACE INTO people (id, name, status, level, state, office, crime_description, summary, still_in_office, offense_year, conviction_year, event_date) VALUES ('andrew-paul-johnson', 'Andrew Paul Johnson', 'convicted', 'adjacent', 'TN', '', 'Child Molestation', 'Andrew Paul Johnson Andrew Paul Johnson is an insurrectionist from Tennessee who was pardoned by Trump. He has since been arrested in Tennessee and extradited to Florida to face charges of child sexual abuse.', NULL, NULL, 2026, '2026-02-10');
INSERT INTO crime_types (person_id, crime_type) VALUES ('andrew-paul-johnson', 'child-molestation');
INSERT INTO sources (person_id, url) VALUES ('andrew-paul-johnson', 'https://goppredators.wordpress.com/2025/12/17/1488-andrew-paul-johnson/');
INSERT INTO sources (person_id, url) VALUES ('andrew-paul-johnson', 'https://www.hernandosheriff.org/jail/Applications/JailSearch/');
INSERT INTO sources (person_id, url) VALUES ('andrew-paul-johnson', 'https://www.theguardian.com/us-news/2025/nov/19/january-6-rioter-arrested-child-sexual-abuse-crimes');
INSERT INTO sources (person_id, url) VALUES ('andrew-paul-johnson', 'https://www.nbcnews.com/news/us-news/pardoned-capitol-rioter-tried-bribe-child-sex-victim-promise-jan-6-pay-rcna244627');
INSERT INTO sources (person_id, url) VALUES ('andrew-paul-johnson', 'https://infoweb-newsbank-com.proxy.multcolib.org/apps/news/browse-pub?p=AMNEWS&amp;t=pubname%3ANUHEREL-EEDT%21El%2BNuevo%2BHerald%2BToday%2527s%2BEdition%2B%2528Miami%252C%2BFL%2529&amp;action=browse');
INSERT OR REPLACE INTO people (id, name, status, level, state, office, crime_description, summary, still_in_office, offense_year, conviction_year, event_date) VALUES ('matthew-mcginley', 'Matthew McGinley', 'charged', 'adjacent', 'CO', 'Pastor', 'Sexual Assault of Minor', 'Matthew McGinley Matthew McGinley, a former worship pastor and Christian school teacher, has been charged with sexually assaulting a former student, a minor. He is also a songwriter, founder of Ascent Project, a Fort Collins, Colorado, church he co-founded.', NULL, NULL, NULL, NULL);
INSERT INTO crime_types (person_id, crime_type) VALUES ('matthew-mcginley', 'assault');
INSERT INTO sources (person_id, url) VALUES ('matthew-mcginley', 'https://goppredators.wordpress.com/2025/12/15/1487-matthew-mcginley/');
INSERT INTO sources (person_id, url) VALUES ('matthew-mcginley', 'https://www.multitracks.com/artists/Matthew-McGinley/biography/');
INSERT INTO sources (person_id, url) VALUES ('matthew-mcginley', 'https://www.cbsnews.com/colorado/news/matthew-mcginley-sexual-assault-fort-collins-pastor-teacher/');
INSERT INTO sources (person_id, url) VALUES ('matthew-mcginley', 'https://premierchristian.news/us/news/article/ex-worship-pastor-charged-for-sexual-misconduct-with-minor');
INSERT OR REPLACE INTO people (id, name, status, level, state, office, crime_description, summary, still_in_office, offense_year, conviction_year, event_date) VALUES ('john-emanuel-banuelos', 'John Emanuel Banuelos', 'charged', 'adjacent', 'UT', '', 'Kidnapping, Sexual Assault', 'John Emanuel Banuelos John Emanuel Banuelos is an insurrectionist. He brought a gun to the insurrection and fired it twice inside the Capitol.', NULL, NULL, NULL, '2025-11-11');
INSERT INTO crime_types (person_id, crime_type) VALUES ('john-emanuel-banuelos', 'assault');
INSERT INTO sources (person_id, url) VALUES ('john-emanuel-banuelos', 'https://goppredators.wordpress.com/2025/12/05/1486-john-emanuel-banuelos/');
INSERT INTO sources (person_id, url) VALUES ('john-emanuel-banuelos', 'https://www.ksl.com/article/51405532/utah-man-charged-in-jan-6-riot-and-detained-in-salt-lake-stabbing-death-faces-new-charges');
INSERT INTO sources (person_id, url) VALUES ('john-emanuel-banuelos', 'https://www.fox13now.com/news/crime/man-accused-of-firing-a-gun-during-capitol-riot-is-arrested-on-kidnapping-and-sexual-assault-charges');
INSERT INTO sources (person_id, url) VALUES ('john-emanuel-banuelos', 'https://apps.utcourts.gov/XchangeWEB/login');
INSERT INTO sources (person_id, url) VALUES ('john-emanuel-banuelos', 'https://infoweb-newsbank-com.proxy.multcolib.org/apps/news/browse-pub?p=AMNEWS&amp;t=pubname%3ATSICIL-EEDT%21Southern%2BIllinoisan%252C%2BThe%2B%2528Carbondale%252C%2BIL%2529&amp;action=browse');
INSERT INTO sources (person_id, url) VALUES ('john-emanuel-banuelos', 'https://infoweb-newsbank-com.proxy.multcolib.org/apps/news/results?p=AMNEWS&amp;t=&amp;sort=YMD_date%3AD&amp;hide_duplicates=2&amp;fld-base-0=alltext&amp;maxresults=60&amp;val-base-0=John%20ADJ%20Emanuel%20ADJ%20Banuelos');
INSERT OR REPLACE INTO people (id, name, status, level, state, office, crime_description, summary, still_in_office, offense_year, conviction_year, event_date) VALUES ('scott-david-mason', 'Scott David Mason', 'charged', 'adjacent', 'NC', 'Lobbyist', 'Child Sexual Abuse Material', 'Scott Mason Scott David Mason is a former lobbyist for Trump''s 2016 campaign. He was a congressional liaison for the Trump transition team.', NULL, NULL, NULL, '2025-10-22');
INSERT INTO crime_types (person_id, crime_type) VALUES ('scott-david-mason', 'csam');
INSERT INTO crime_types (person_id, crime_type) VALUES ('scott-david-mason', 'assault');
INSERT INTO sources (person_id, url) VALUES ('scott-david-mason', 'https://goppredators.wordpress.com/2025/12/05/1485-scott-mason/');
INSERT INTO sources (person_id, url) VALUES ('scott-david-mason', 'https://news3lv.com/news/local/kik-lawsuit-could-redefine-social-media-apps-liability-in-online-crimes-lawyer-says');
INSERT INTO sources (person_id, url) VALUES ('scott-david-mason', 'https://ctip.defense.gov/CTIP-Student-Guide/courseFiles/ContentPages/CoursePages/action-card-9-assets/KikMessenger.pdf');
INSERT INTO sources (person_id, url) VALUES ('scott-david-mason', 'https://www.charlotteobserver.com/news/local/crime/article312856764.html');
INSERT INTO sources (person_id, url) VALUES ('scott-david-mason', 'https://www.wsoctv.com/news/local/former-trump-lobbyist-charged-with-child-pornography-offenses-iredell-county/LRYIBLB7NVDAFORVD3FSDMWS6U/');
INSERT INTO sources (person_id, url) VALUES ('scott-david-mason', 'https://theintellectualistofficial.substack.com/p/lobbyist-for-trumps-2016-campaign');
INSERT INTO sources (person_id, url) VALUES ('scott-david-mason', 'https://infoweb-newsbank-com.proxy.multcolib.org/apps/news/browse-pub?p=AMNEWS&amp;t=pubname%3ADNCTHS-EEDT%21Herald-Sun%2BToday%2527s%2BEdition%252C%2BThe%2B%2528Durham%252C%2BNC%2529&amp;action=browse');
INSERT OR REPLACE INTO people (id, name, status, level, state, office, crime_description, summary, still_in_office, offense_year, conviction_year, event_date) VALUES ('joseph-burkhart', 'Joseph Burkhart', 'charged', 'local', 'OH', 'City Councilmember', 'Stalking, Assault, and more', 'Joseph Burkhart Joseph Burkhart was a Republican at-large city council member in Bellevue, Ohio, when he was arrested in September, 2025. At the time, he was indicted on seven charges.', NULL, NULL, NULL, NULL);
INSERT INTO crime_types (person_id, crime_type) VALUES ('joseph-burkhart', 'stalking');
INSERT INTO sources (person_id, url) VALUES ('joseph-burkhart', 'https://goppredators.wordpress.com/2025/12/05/1484-joseph-burkhart/');
INSERT INTO sources (person_id, url) VALUES ('joseph-burkhart', 'https://huroncountyclerk.com/case-search/');
INSERT INTO sources (person_id, url) VALUES ('joseph-burkhart', 'https://www.thenews-messenger.com/story/news/local/2025/10/08/bellevue-councilman-runs-for-re-election-and-from-police/86587318007/');
INSERT OR REPLACE INTO people (id, name, status, level, state, office, crime_description, summary, still_in_office, offense_year, conviction_year, event_date) VALUES ('joshua-david-kemper', 'Joshua David Kemper', 'charged', 'local', 'CA', 'Pastor', 'Child Sex Abuse', 'Joshua David Kemper Joshua David Kemper was a youth pastor at Foothill Church in Coarsegold, California. He was also a virulent anti-gay and anti-trans advocate who claimed women felt unsafe in churches that welcomed gay people.', NULL, NULL, NULL, '2025-11-02');
INSERT INTO crime_types (person_id, crime_type) VALUES ('joshua-david-kemper', 'assault');
INSERT INTO sources (person_id, url) VALUES ('joshua-david-kemper', 'https://goppredators.wordpress.com/2025/12/03/1483-joshua-kemper/');
INSERT INTO sources (person_id, url) VALUES ('joshua-david-kemper', 'https://ministrywatch.com/ca-church-reports-pastor-for-inappropriate-behavior-leading-to-arrest/');
INSERT INTO sources (person_id, url) VALUES ('joshua-david-kemper', 'https://www.lgbtqnation.com/2025/11/youth-pastor-arrested-for-child-once-claimed-lgbtq-people-make-women-feel-unsafe/');
INSERT INTO sources (person_id, url) VALUES ('joshua-david-kemper', 'https://www.mariposagazette.com/articles/pastor-arrested-for-sex-related-crimes-with-minor/');
INSERT INTO sources (person_id, url) VALUES ('joshua-david-kemper', 'https://inmatepublicview.maderacounty.com/Details.aspx?InmateRID=245404');
INSERT INTO sources (person_id, url) VALUES ('joshua-david-kemper', 'https://infoweb-newsbank-com.proxy.multcolib.org/apps/news/browse-pub?p=AMNEWS&amp;t=pubname%3AFRESBZ-EEDT%21Fresno%2BBee%2BToday%2527s%2BEdition%252C%2BThe%2B%2528CA%2529&amp;action=browse');
INSERT OR REPLACE INTO people (id, name, status, level, state, office, crime_description, summary, still_in_office, offense_year, conviction_year, event_date) VALUES ('george-bell', 'George Bell', 'convicted', 'adjacent', 'OH', 'Pastor', 'Child Rape', 'George Bell George Bell was the pastor of Anchor Baptist Church in Columbus, Ohio. He founded the church and served as its pastor for thirty-five years.', NULL, NULL, NULL, '2025-11-05');
INSERT INTO crime_types (person_id, crime_type) VALUES ('george-bell', 'rape');
INSERT INTO sources (person_id, url) VALUES ('george-bell', 'https://goppredators.wordpress.com/2025/11/29/1482-george-bell/');
INSERT INTO sources (person_id, url) VALUES ('george-bell', 'https://anchorcolumbus.com/pages/doctrine');
INSERT INTO sources (person_id, url) VALUES ('george-bell', 'https://www.10tv.com/article/news/local/columbus-pastor-accused-of-raping-juvenile-george-bell/530-719415c3-7741-4d8f-92be-681facfe6404');
INSERT INTO sources (person_id, url) VALUES ('george-bell', 'https://www.10tv.com/article/news/local/george-bell-sentenced-at-least-15-years-rape-charges/530-9fa4950b-46fa-4454-8f92-04458633e43e');
INSERT OR REPLACE INTO people (id, name, status, level, state, office, crime_description, summary, still_in_office, offense_year, conviction_year, event_date) VALUES ('james-wagner', 'James Wagner', 'charged', 'local', 'NE', 'Police Officer', 'Child Sexual Abuse Material, Child Abuse', 'James Wagner James Wagner was once the Sheriff of Dakota County, Nebraska. He was arrested on October 30th for child abuse and possessing child sexual abuse material.', NULL, NULL, NULL, '2025-11-29');
INSERT INTO crime_types (person_id, crime_type) VALUES ('james-wagner', 'csam');
INSERT INTO crime_types (person_id, crime_type) VALUES ('james-wagner', 'assault');
INSERT INTO sources (person_id, url) VALUES ('james-wagner', 'https://goppredators.wordpress.com/2025/11/29/1481-james-wagner/');
INSERT INTO sources (person_id, url) VALUES ('james-wagner', 'https://www.ktiv.com/2025/11/04/former-dakota-county-sheriff-charged-case-involving-child-sexual-abuse-material/');
INSERT INTO sources (person_id, url) VALUES ('james-wagner', 'https://siouxcityjournal.com/news/local/article_1af8d02f-9525-4e91-9fc4-f00acdc40dff.html');
INSERT INTO sources (person_id, url) VALUES ('james-wagner', 'https://www.siouxlandproud.com/news/local-news/former-dakota-county-sheriff-arrested-for-minor-sex-abuse-case/');
INSERT INTO sources (person_id, url) VALUES ('james-wagner', 'https://infoweb-newsbank-com.proxy.multcolib.org/apps/news/browse-pub?p=AMNEWS&amp;t=pubname%3ASCJSCI-EEDT%21Sioux%2BCity%2BJournal%2B%2528IA%2529&amp;action=browse');
INSERT OR REPLACE INTO people (id, name, status, level, state, office, crime_description, summary, still_in_office, offense_year, conviction_year, event_date) VALUES ('bradley-douglas-quillen', 'Bradley Douglas Quillen', 'convicted', 'local', 'AR', 'Teacher', 'Child Sexual Abuse Material, Sexual Exploitation', 'Bradley Douglas Quillen Bradley Douglas Quillen was a teacher Kirksey Middle School in Rogers, Arkansas. He was also an assistant basketball and track coach.', NULL, NULL, NULL, '2025-11-25');
INSERT INTO crime_types (person_id, crime_type) VALUES ('bradley-douglas-quillen', 'csam');
INSERT INTO crime_types (person_id, crime_type) VALUES ('bradley-douglas-quillen', 'assault');
INSERT INTO sources (person_id, url) VALUES ('bradley-douglas-quillen', 'https://goppredators.wordpress.com/2025/11/29/1480-bradley-quillen/');
INSERT INTO sources (person_id, url) VALUES ('bradley-douglas-quillen', 'https://www.4029tv.com/article/bradley-quillen-fbi/63108347');
INSERT INTO sources (person_id, url) VALUES ('bradley-douglas-quillen', 'https://hl.nwaonline.com/news/2024/oct/16/former-rogers-teacher-and-coach-facing-child-porn/');
INSERT INTO sources (person_id, url) VALUES ('bradley-douglas-quillen', 'https://www.nwahomepage.com/news/former-rogers-teacher-pleads-guilty-to-federal-child-porn-charges/');
INSERT INTO sources (person_id, url) VALUES ('bradley-douglas-quillen', 'https://infoweb-newsbank-com.proxy.multcolib.org/apps/news/browse-pub?p=AMNEWS&amp;t=pubname%3ANADG-EEDT%21Northwest%2BArkansas%2BDemocrat-Gazette%2B%2528AR%2529&amp;action=browse');
INSERT OR REPLACE INTO people (id, name, status, level, state, office, crime_description, summary, still_in_office, offense_year, conviction_year, event_date) VALUES ('dan-mckeon', 'Dan McKeon', 'charged', 'state', 'NW', 'State Senator', 'Sexual Harassment', 'Dan McKeon Dan McKeon, whose nickname is Dirty Dan, is a Republican state senator in Nebraska. He was cited for public indecency in early November, 2025, over an incident in May when he allegedly groped a staffer while telling a crude joke at an end-of-session party.', NULL, NULL, NULL, '2025-11-04');
INSERT INTO crime_types (person_id, crime_type) VALUES ('dan-mckeon', 'harassment');
INSERT INTO sources (person_id, url) VALUES ('dan-mckeon', 'https://goppredators.wordpress.com/2025/11/15/1479-dan-mckeon/');
INSERT INTO sources (person_id, url) VALUES ('dan-mckeon', 'https://nebraskaexaminer.com/2025/11/04/accused-nebraska-lawmakers-statements-allude-to-joke-in-incident-during-party/');
INSERT INTO sources (person_id, url) VALUES ('dan-mckeon', 'https://nebraskapublicmedia.org/en/news/news-articles/senator-accused-of-public-indecency-says-he-wont-resign/');
INSERT INTO sources (person_id, url) VALUES ('dan-mckeon', 'https://www.newsfromthestates.com/article/gov-jim-pillen-requests-state-senator-resign-amidst-groping-allegation');
INSERT INTO sources (person_id, url) VALUES ('dan-mckeon', 'https://kearneyhub.com/news/local/government-politics/article_b044afaa-c594-4666-b7ec-b75ef1da7c1d.html');
INSERT INTO sources (person_id, url) VALUES ('dan-mckeon', 'https://infoweb-newsbank-com.proxy.multcolib.org/apps/news/browse-pub?p=AMNEWS&amp;t=pubname%3AKHK9-EEDT%21Kearney%2BHub%2B%2528NE%2529&amp;action=browse');
INSERT OR REPLACE INTO people (id, name, status, level, state, office, crime_description, summary, still_in_office, offense_year, conviction_year, event_date) VALUES ('dustin-weir', 'Dustin Weir', 'charged', 'state', 'PA', '', 'Corruption of a Minor', 'Dustin Weir Dustin Weir is the Sheriff of Somerset County, Pennsylvania. He began as a deputy in 2001 and became sheriff in 2021 after the death of the previous sheriff.', NULL, NULL, NULL, NULL);
INSERT INTO crime_types (person_id, crime_type) VALUES ('dustin-weir', 'other');
INSERT INTO sources (person_id, url) VALUES ('dustin-weir', 'https://goppredators.wordpress.com/2025/11/14/1478-dustin-weir/');
INSERT INTO sources (person_id, url) VALUES ('dustin-weir', 'https://www.co.somerset.pa.us/department.asp?deptnum=61');
INSERT INTO sources (person_id, url) VALUES ('dustin-weir', 'https://www.attorneygeneral.gov/taking-action/somerset-county-sheriff-charged-with-corruption-of-minors-for-incident-during-shop-with-a-cop-event-at-walmart/');
INSERT INTO sources (person_id, url) VALUES ('dustin-weir', 'https://www.pa.gov/content/dam/copapwp-pagov/en/psp/documents/pirrs/somerset-a-press-releases/a-som_30oct2025_1612.pdf');
INSERT INTO sources (person_id, url) VALUES ('dustin-weir', 'https://wjactv.com/news/local/county-commissioners-respond-to-allegations-against-somerset-sheriff-pennsylvania-investigation-charge-corruption-minors-sexual-remarks-teen-victim-11-05-2025');
INSERT OR REPLACE INTO people (id, name, status, level, state, office, crime_description, summary, still_in_office, offense_year, conviction_year, event_date) VALUES ('joe-evans-carr', 'Joe Evans Carr', 'charged', 'local', 'TN', '', 'Sexual Battery', 'Joe Evans Carr Joe Evans Carr is the Sullivan County (Tennessee) Commissioner. He was arrested in Asheville, North Carolina after an incident where he allegedly groped a woman who told her boyfriend.', NULL, NULL, NULL, '2025-11-06');
INSERT INTO crime_types (person_id, crime_type) VALUES ('joe-evans-carr', 'rape');
INSERT INTO crime_types (person_id, crime_type) VALUES ('joe-evans-carr', 'assault');
INSERT INTO sources (person_id, url) VALUES ('joe-evans-carr', 'https://goppredators.wordpress.com/2025/11/12/1477-joe-evans-carr/');
INSERT INTO sources (person_id, url) VALUES ('joe-evans-carr', 'https://wcyb.com/news/local/man-charged-with-sexual-battery-after-fight-on-woodfin-street');
INSERT INTO sources (person_id, url) VALUES ('joe-evans-carr', 'https://timesnews.net/news/6194/carr-facing-calls-to-resign/');
INSERT INTO sources (person_id, url) VALUES ('joe-evans-carr', 'https://infoweb-newsbank-com.proxy.multcolib.org/apps/news/browse-pub?p=AMNEWS&amp;t=pubname%3AVBHC-EEDT%21Bristol%2BHerald%2BCourier%2B%2528VA%2529&amp;action=browse');
INSERT OR REPLACE INTO people (id, name, status, level, state, office, crime_description, summary, still_in_office, offense_year, conviction_year, event_date) VALUES ('dominic-olivares', 'Dominic Olivares', 'charged', 'adjacent', 'NC', 'Police Officer', 'Sexual Exploitation of a Minor', 'Dominic Olivares Dominic Olivares is a former police officer in Greenville, North Carolina. He was hired in 2020 and fired in 2021 after a complaint against him was filed.', NULL, NULL, NULL, NULL);
INSERT INTO crime_types (person_id, crime_type) VALUES ('dominic-olivares', 'csam');
INSERT INTO sources (person_id, url) VALUES ('dominic-olivares', 'https://goppredators.wordpress.com/2025/11/12/1476-dominic-olivares/');
INSERT INTO sources (person_id, url) VALUES ('dominic-olivares', 'https://www.reflector.com/apgstate/ex-greenville-police-officer-charged-with-juvenile-sex-crimes/article_bd262b71-bde1-5081-87fa-71ea1b22c270.html');
INSERT INTO sources (person_id, url) VALUES ('dominic-olivares', 'https://www.witn.com/2025/09/24/former-greenville-police-officer-facing-multiple-child-porn-charges/');
INSERT INTO sources (person_id, url) VALUES ('dominic-olivares', 'https://www.ncsbi.gov/Newsroom/News-Releases/Johnston-County-Man-Charged-with-Child-Sex-Abuse-M');
INSERT OR REPLACE INTO people (id, name, status, level, state, office, crime_description, summary, still_in_office, offense_year, conviction_year, event_date) VALUES ('jon-sheptock', 'Jon Sheptock', 'charged', 'adjacent', 'TX', '', 'Possession &amp; Production of Child Sexual Abuse Material', 'Jon Paul Sheptock Jon Paul Sheptock is a Christian musician who has performed at Trump rallies and has his music available to stream including his song " My Sins Are Gone ." He has been charged with producing and distributing child sexual abuse material. The complainant told police that he stole a n', NULL, NULL, NULL, NULL);
INSERT INTO crime_types (person_id, crime_type) VALUES ('jon-sheptock', 'csam');
INSERT INTO crime_types (person_id, crime_type) VALUES ('jon-sheptock', 'assault');
INSERT INTO sources (person_id, url) VALUES ('jon-sheptock', 'https://goppredators.wordpress.com/2025/11/10/1475-jon-paul-sheptock/');
INSERT INTO sources (person_id, url) VALUES ('jon-sheptock', 'http://www.reverbnation.com/jonsheptock/song/7530171-my-sins-are-gone');
INSERT INTO sources (person_id, url) VALUES ('jon-sheptock', 'https://consequence.net/2025/10/christian-musician-trump-rally-arrested-child-pornography/');
INSERT INTO sources (person_id, url) VALUES ('jon-sheptock', 'https://premierchristian.news/us/news/article/worship-leader-trump-rally-facing-child-porn-charges');
INSERT OR REPLACE INTO people (id, name, status, level, state, office, crime_description, summary, still_in_office, offense_year, conviction_year, event_date) VALUES ('maurizio-miglietta', 'Maurizio Miglietta', 'charged', 'adjacent', 'NJ', '', 'Rape', 'Maurizio Miglietta Maurizio Miglietta is a renowned doctor in New York City and New Jersey. He is the honorary surgeon for the NYPD though that is purely honorary.', NULL, NULL, NULL, '2025-10-15');
INSERT INTO crime_types (person_id, crime_type) VALUES ('maurizio-miglietta', 'rape');
INSERT INTO sources (person_id, url) VALUES ('maurizio-miglietta', 'https://goppredators.wordpress.com/2025/11/10/1474-maurizio-miglietta/');
INSERT INTO sources (person_id, url) VALUES ('maurizio-miglietta', 'https://www.nytimes.com/2025/10/14/nyregion/doctor-ny-nj-rape-charges.html');
INSERT INTO sources (person_id, url) VALUES ('maurizio-miglietta', 'https://nypost.com/2025/10/14/us-news/gun-wielding-nypd-surgeon-touro-professor-forced-himself-on-younger-woman-asking-for-job-advice-prosecutors/');
INSERT INTO sources (person_id, url) VALUES ('maurizio-miglietta', 'https://www.amny.com/news/surgery-professor-raping-woman-manhattan-apartment/');
INSERT OR REPLACE INTO people (id, name, status, level, state, office, crime_description, summary, still_in_office, offense_year, conviction_year, event_date) VALUES ('silas-shelton', 'Silas Shelton', 'charged', 'local', 'OH', 'School Board Member', 'Child Rape', 'Silas Shelton Silas Shelton is still listed as the pastor at Blanchester Community Ministries . He is out on $250,000 bail for an array of crimes against children including rape and sexual battery.', NULL, NULL, NULL, NULL);
INSERT INTO crime_types (person_id, crime_type) VALUES ('silas-shelton', 'rape');
INSERT INTO sources (person_id, url) VALUES ('silas-shelton', 'https://goppredators.wordpress.com/2025/11/08/1473-silas-shelton/');
INSERT INTO sources (person_id, url) VALUES ('silas-shelton', 'https://www.cincinnatibaptist.com/church-directory');
INSERT INTO sources (person_id, url) VALUES ('silas-shelton', 'https://www.cincinnati.com/story/news/local/2025/10/17/ohio-pastor-protested-lgbtq-book-charged-for-child-rape/86749996007/');
INSERT INTO sources (person_id, url) VALUES ('silas-shelton', 'https://www.lgbtqnation.com/2025/10/pastor-who-raged-about-kids-seeing-pride-flags-arrested-for-child/');
INSERT INTO sources (person_id, url) VALUES ('silas-shelton', 'https://www.metroweekly.com/2025/10/ohio-pastor-child-sex-abuse/');
INSERT OR REPLACE INTO people (id, name, status, level, state, office, crime_description, summary, still_in_office, offense_year, conviction_year, event_date) VALUES ('john-c-sapp', 'John C. Sapp', 'convicted', 'adjacent', 'DE', 'Pastor', 'Child Sex Abuse', 'John C. Sapp (DE): Child Sex Abuse.', NULL, NULL, NULL, NULL);
INSERT INTO crime_types (person_id, crime_type) VALUES ('john-c-sapp', 'assault');
INSERT INTO sources (person_id, url) VALUES ('john-c-sapp', 'https://goppredators.wordpress.com/2025/11/08/1472-john-c-sapp/');
INSERT INTO sources (person_id, url) VALUES ('john-c-sapp', 'https://rosedalenetwork.org/wp-content/uploads/2020/06/Statement-of-Practice-for-email.pdf');
INSERT INTO sources (person_id, url) VALUES ('john-c-sapp', 'https://www.snapnetwork.org/youth_leader_indicted_89_counts_child_sex_abuse_snap_aug20');
INSERT INTO sources (person_id, url) VALUES ('john-c-sapp', 'https://www.delawareonline.com/story/news/crime/2020/08/25/church-youth-leader-indicted-89-counts-child-sex-abuse/3428399001/');
INSERT INTO sources (person_id, url) VALUES ('john-c-sapp', 'https://www.themaplist.org/case/john-sapp/');
INSERT OR REPLACE INTO people (id, name, status, level, state, office, crime_description, summary, still_in_office, offense_year, conviction_year, event_date) VALUES ('les-hughey', 'Les Hughey', 'alleged', 'adjacent', 'AZ', 'Pastor', 'Child Molestation/Sexual Abuse', 'Les Hughey Les Hughey is the founder of Highlands Church in Scottsdale, Arizona. Highlands is a megachurch with around fifty staff.', NULL, NULL, NULL, NULL);
INSERT INTO crime_types (person_id, crime_type) VALUES ('les-hughey', 'child-molestation');
INSERT INTO crime_types (person_id, crime_type) VALUES ('les-hughey', 'assault');
INSERT INTO sources (person_id, url) VALUES ('les-hughey', 'https://goppredators.wordpress.com/2025/11/01/1471-les-hughey/');
INSERT INTO sources (person_id, url) VALUES ('les-hughey', 'https://www.scottsdale.org/city_news/police-detail-sex-allegations-against-ex-pastor/article_8bdea3ca-7e5e-11e9-9612-7b93f8daf78e.html');
INSERT INTO sources (person_id, url) VALUES ('les-hughey', 'https://www.azcentral.com/story/news/local/scottsdale/2018/04/23/2-more-women-level-sex-abuse-allegations-against-scottsdale-pastor/543122002/?gnt-cfr=1&amp;gca-cat=p&amp;gca-uir=false&amp;gca-epti=z11xx03u117203d00----v11xx03&amp;gca-ft=225&amp;gca-ds=sophi');
INSERT OR REPLACE INTO people (id, name, status, level, state, office, crime_description, summary, still_in_office, offense_year, conviction_year, event_date) VALUES ('michael-brown', 'Michael Brown', 'alleged', 'adjacent', 'NC', 'Pastor', 'Abuse of Authority, Sexual Coercion', 'Michael Brown (NC): Abuse of Authority, Sexual Coercion.', NULL, NULL, NULL, NULL);
INSERT INTO crime_types (person_id, crime_type) VALUES ('michael-brown', 'other');
INSERT INTO sources (person_id, url) VALUES ('michael-brown', 'https://goppredators.wordpress.com/2025/10/31/1470-michael-brown/');
INSERT INTO sources (person_id, url) VALUES ('michael-brown', 'https://www.premierchristianity.com/opinion/dr-michael-brown-has-been-accused-of-sexual-misconduct-he-should-not-return-to-ministry/19378.article');
INSERT INTO sources (person_id, url) VALUES ('michael-brown', 'https://www.christianpost.com/news/sexual-misconduct-claims-against-michael-brown-valid-report.html');
INSERT INTO sources (person_id, url) VALUES ('michael-brown', 'https://julieroys.com/witnesses-call-michael-brown-resignation-bombshell-report/');
INSERT OR REPLACE INTO people (id, name, status, level, state, office, crime_description, summary, still_in_office, offense_year, conviction_year, event_date) VALUES ('michael-bo-peacock', 'Michael Bo Peacock', 'convicted', 'adjacent', 'TX', 'Coach', 'Creating Child Sexual Abuse Material', 'Michael Bo Peacock Michael Bo Peacock was a extremely successful basketball coach, coaching the True Texas Hoops , a basketball academy, and also serving as the head coach at Grapevine Faith Christian School in Texas. He was also a co-conspirator in a multi-state conspiracy to extort children to pro', NULL, NULL, NULL, '2025-10-17');
INSERT INTO crime_types (person_id, crime_type) VALUES ('michael-bo-peacock', 'csam');
INSERT INTO crime_types (person_id, crime_type) VALUES ('michael-bo-peacock', 'assault');
INSERT INTO sources (person_id, url) VALUES ('michael-bo-peacock', 'https://goppredators.wordpress.com/2025/10/31/1469-michael-bo-peacock/');
INSERT INTO sources (person_id, url) VALUES ('michael-bo-peacock', 'https://www.justice.gov/usao-wdla/pr/second-defendant-involved-conspiracy-produce-child-pornography-and-sexual-exploitation');
INSERT INTO sources (person_id, url) VALUES ('michael-bo-peacock', 'https://www.crosstimbersgazette.com/2025/10/14/former-coach-from-denton-sentenced-to-40-years-in-federal-prison-for-child-exploitation/');
INSERT INTO sources (person_id, url) VALUES ('michael-bo-peacock', 'https://watchkeep.org/2025/10/former-grapevine-faith-christian-school-coach-sentenced-to-40-years-in-prison-for-child-exploitation/');
INSERT OR REPLACE INTO people (id, name, status, level, state, office, crime_description, summary, still_in_office, offense_year, conviction_year, event_date) VALUES ('michael-s-ritchason', 'Michael S. Ritchason', 'charged', 'local', 'IL', 'City Councilmember', 'Child Endangerment', 'Michael S. Ritchason (IL): Child Endangerment.', NULL, NULL, NULL, NULL);
INSERT INTO crime_types (person_id, crime_type) VALUES ('michael-s-ritchason', 'other');
INSERT INTO sources (person_id, url) VALUES ('michael-s-ritchason', 'https://goppredators.wordpress.com/2025/10/22/1468-michael-s-ritchason/');
INSERT INTO sources (person_id, url) VALUES ('michael-s-ritchason', 'https://www.ci.pekin.il.us/government/city_council/michael_ritchason.php');
INSERT INTO sources (person_id, url) VALUES ('michael-s-ritchason', 'https://www.25newsnow.com/2025/10/09/peoria-pastor-arrested-accused-crimes-involving-juvenile/');
INSERT INTO sources (person_id, url) VALUES ('michael-s-ritchason', 'https://www.centralillinoisproud.com/news/local-news/pekin-man-arrested-harmful-materials/');
INSERT INTO sources (person_id, url) VALUES ('michael-s-ritchason', 'https://www.25newsnow.com/2025/12/23/former-peoria-pastor-formally-charged-with-sending-sexually-graphic-material-minor/');
INSERT OR REPLACE INTO people (id, name, status, level, state, office, crime_description, summary, still_in_office, offense_year, conviction_year, event_date) VALUES ('paul-ingrassia', 'Paul Ingrassia', 'alleged', 'adjacent', 'NY', '', 'Sexual Harassment', 'Paul Ingrassia Paul Ingrassia is Trump''s nominee for the Office of Special Counsel. His nomination is stalled due to several concerns about his lack of experience since he just graduated from law school in 2022 and of bias arising from his support for Nick Fuentes and his extremist views such as the', NULL, NULL, NULL, '2025-10-10');
INSERT INTO crime_types (person_id, crime_type) VALUES ('paul-ingrassia', 'harassment');
INSERT INTO sources (person_id, url) VALUES ('paul-ingrassia', 'https://goppredators.wordpress.com/2025/10/10/1467-paul-ingrassia/');
INSERT INTO sources (person_id, url) VALUES ('paul-ingrassia', 'https://www.politico.com/news/2025/10/09/ingrassia-trump-harassment-dhs-00596545');
INSERT INTO sources (person_id, url) VALUES ('paul-ingrassia', 'https://www.thedailybeast.com/gossip-swirls-about-trump-watchdog-chief-pick-after-florida-incident/');
INSERT INTO sources (person_id, url) VALUES ('paul-ingrassia', 'https://infoweb-newsbank-com.proxy.multcolib.org/apps/news/browse-pub?p=AMNEWS&amp;t=pubname%3ANNAW%21New%2BRepublic%252C%2BThe%253A%2BWeb%2BEdition%2BArticles&amp;action=browse');
INSERT OR REPLACE INTO people (id, name, status, level, state, office, crime_description, summary, still_in_office, offense_year, conviction_year, event_date) VALUES ('peter-bardunias', 'Peter Bardunias', 'charged', 'adjacent', 'NY', '', 'Soliciting a Minor', 'Peter Bardunias Peter Bardunias is Senior Vice President of Community Advancement for the Capital Region Chamber of Commerce. He has been charged with attempting to solicit a minor.', NULL, NULL, NULL, '2025-10-09');
INSERT INTO crime_types (person_id, crime_type) VALUES ('peter-bardunias', 'solicitation');
INSERT INTO sources (person_id, url) VALUES ('peter-bardunias', 'https://goppredators.wordpress.com/2025/10/10/1466-peter-bardunias/');
INSERT INTO sources (person_id, url) VALUES ('peter-bardunias', 'https://www.justice.gov/opa/pr/local-leader-new-york-capital-region-chamber-commerce-charged-attempted-enticement-minor');
INSERT INTO sources (person_id, url) VALUES ('peter-bardunias', 'https://www.timesunion.com/news/article/clifton-park-vp-arrested-allegedly-attempting-21089156.php');
INSERT INTO sources (person_id, url) VALUES ('peter-bardunias', 'https://infoweb-newsbank-com.proxy.multcolib.org/apps/news/browse-pub?p=AMNEWS&amp;t=pubname%3APSGFNY-EEDT%21Post-Star%252C%2BThe%2B%2528Glens%2BFalls%252C%2BNY%2529&amp;action=browse');
INSERT OR REPLACE INTO people (id, name, status, level, state, office, crime_description, summary, still_in_office, offense_year, conviction_year, event_date) VALUES ('nick-fountain', 'Nick Fountain', 'alleged', 'adjacent', 'PA', '', 'Soliciting a Minor, Soliciting CSAM, Child Rape', 'Nick Fountain (PA): Soliciting a Minor, Soliciting CSAM, Child Rape.', NULL, NULL, NULL, NULL);
INSERT INTO crime_types (person_id, crime_type) VALUES ('nick-fountain', 'csam');
INSERT INTO crime_types (person_id, crime_type) VALUES ('nick-fountain', 'rape');
INSERT INTO crime_types (person_id, crime_type) VALUES ('nick-fountain', 'solicitation');
INSERT INTO sources (person_id, url) VALUES ('nick-fountain', 'https://goppredators.wordpress.com/2026/03/13/1465-nick-fountain/');
INSERT OR REPLACE INTO people (id, name, status, level, state, office, crime_description, summary, still_in_office, offense_year, conviction_year, event_date) VALUES ('michael-jafferakos', 'Michael Jafferakos', 'charged', 'adjacent', 'NY', '', 'Creating Child Sexual Abuse Material', 'Nick Fountain Nick Fountain was a Shippack Township Supervisor in Montgomery County, Pennsylvania. After he was appointed to the Board in 2013, he won re-election and has been vice-chair for twelve years.', NULL, NULL, NULL, '2025-10-07');
INSERT INTO crime_types (person_id, crime_type) VALUES ('michael-jafferakos', 'csam');
INSERT INTO crime_types (person_id, crime_type) VALUES ('michael-jafferakos', 'assault');
INSERT INTO sources (person_id, url) VALUES ('michael-jafferakos', 'https://goppredators.wordpress.com/2025/10/10/1464-nick-fountain/');
INSERT INTO sources (person_id, url) VALUES ('michael-jafferakos', 'https://www.wfmz.com/news/area/southeastern-pa/upper-montgomery-county/montco-township-supervisor-arrested-for-soliciting-child-pornography-sexual-solicitation-of-a-minor/article_19ed0804-31fc-4073-845d-9501dc43d213.html');
INSERT INTO sources (person_id, url) VALUES ('michael-jafferakos', 'https://www.phillymag.com/news/2025/10/06/nick-fountain-arrest/');
INSERT OR REPLACE INTO people (id, name, status, level, state, office, crime_description, summary, still_in_office, offense_year, conviction_year, event_date) VALUES ('jordan-j-williams', 'Jordan J. Williams', 'charged', 'local', 'FL', '', 'Child Sexual Abuse Material', 'Jordan J. Williams (FL): Child Sexual Abuse Material.', NULL, NULL, NULL, NULL);
INSERT INTO crime_types (person_id, crime_type) VALUES ('jordan-j-williams', 'csam');
INSERT INTO crime_types (person_id, crime_type) VALUES ('jordan-j-williams', 'assault');
INSERT INTO sources (person_id, url) VALUES ('jordan-j-williams', 'https://goppredators.wordpress.com/2025/10/08/1463-jordan-j-williams/');
INSERT INTO sources (person_id, url) VALUES ('jordan-j-williams', 'https://www.hernandosheriff.org/jail/Applications/JailSearch/');
INSERT INTO sources (person_id, url) VALUES ('jordan-j-williams', 'https://www.wtsp.com/article/news/crime/brooksville-church-youth-leader-arrested-child-hernando-county/67-2b9a3463-1b94-4c47-a5df-01161b77443b');
INSERT INTO sources (person_id, url) VALUES ('jordan-j-williams', 'https://www.suncoastnews.com/crime_crashes_fires/spring-hill-man-arrested-for-child-pornography/article_8f34b7a5-b5cc-43dd-a874-9cd574589f6e.html');
INSERT OR REPLACE INTO people (id, name, status, level, state, office, crime_description, summary, still_in_office, offense_year, conviction_year, event_date) VALUES ('matthew-stephen-masiewicz', 'Matthew Stephen Masiewicz', 'charged', 'adjacent', 'ID', 'Pastor', 'Child Sexual Abuse, Child Sexual Exploitation', 'Matt Masiewicz Matthew Stephen Masiewicz (Pastor Matt) was the senior pastor at Sovereign Grace Fellowship, an Reformed Baptist Church in Nampa, Idaho. According to their website, they occasionally have their men''s fellowship meetings at the gun range.', NULL, NULL, NULL, '2025-09-25');
INSERT INTO crime_types (person_id, crime_type) VALUES ('matthew-stephen-masiewicz', 'csam');
INSERT INTO crime_types (person_id, crime_type) VALUES ('matthew-stephen-masiewicz', 'assault');
INSERT INTO sources (person_id, url) VALUES ('matthew-stephen-masiewicz', 'https://goppredators.wordpress.com/2025/10/06/1462-matt-masiewicz/');
INSERT INTO sources (person_id, url) VALUES ('matthew-stephen-masiewicz', 'https://www.kivitv.com/nampa/nampa-pastor-arraigned-on-13-charges-for-possessing-and-soliciting-child-pornography');
INSERT INTO sources (person_id, url) VALUES ('matthew-stephen-masiewicz', 'https://ca.news.yahoo.com/nampa-pastor-2m-bond-child-004225870.html');
INSERT INTO sources (person_id, url) VALUES ('matthew-stephen-masiewicz', 'https://infoweb-newsbank-com.proxy.multcolib.org/apps/news/browse-pub?p=AMNEWS&amp;t=pubname%3ABOISI-EEDT%21Idaho%2BStatesman%2BToday%2527s%2BEdition%252C%2BThe%2B%2528Boise%252C%2BID%2529&amp;action=browse');
INSERT OR REPLACE INTO people (id, name, status, level, state, office, crime_description, summary, still_in_office, offense_year, conviction_year, event_date) VALUES ('michael-d-pruitt', 'Michael D. Pruitt', 'alleged', 'adjacent', 'IN', '', 'Stalking a Minor', 'Mike Pruitt Michael D. Pruitt is the Johnson County, Indiana, coroner.', NULL, NULL, NULL, '2025-10-02');
INSERT INTO crime_types (person_id, crime_type) VALUES ('michael-d-pruitt', 'stalking');
INSERT INTO sources (person_id, url) VALUES ('michael-d-pruitt', 'https://goppredators.wordpress.com/2025/10/06/1461-mike-pruitt/');
INSERT INTO sources (person_id, url) VALUES ('michael-d-pruitt', 'https://www.wthr.com/article/news/local/teen-girl-protective-order-against-johnson-county-coroner-mike-pruitt/531-b4ecfcd4-f6b0-4fec-9171-acd08455575c');
INSERT INTO sources (person_id, url) VALUES ('michael-d-pruitt', 'https://www.indystar.com/story/news/crime/2025/10/03/suspected-explosive-latest-in-line-of-troubles-for-johnson-co-coroner-mike-pruitt-bomb-threat-marion/86120538007/');
INSERT INTO sources (person_id, url) VALUES ('michael-d-pruitt', 'https://infoweb-newsbank-com.proxy.multcolib.org/apps/news/browse-pub?p=AMNEWS&amp;t=pubname%3ARCIC%21Republic%252C%2BThe%2B%2528Columbus%252C%2BIN%2529&amp;action=browse');
INSERT OR REPLACE INTO people (id, name, status, level, state, office, crime_description, summary, still_in_office, offense_year, conviction_year, event_date) VALUES ('james-gosnell-jr', 'James Gosnell, Jr', 'charged', 'adjacent', 'SC', 'Judge', 'Child Sexual Abuse Material', 'James Gosnell, Jr (SC): Child Sexual Abuse Material.', NULL, NULL, NULL, NULL);
INSERT INTO crime_types (person_id, crime_type) VALUES ('james-gosnell-jr', 'csam');
INSERT INTO crime_types (person_id, crime_type) VALUES ('james-gosnell-jr', 'assault');
INSERT INTO sources (person_id, url) VALUES ('james-gosnell-jr', 'https://goppredators.wordpress.com/2025/10/04/1460-james-gosnell-jr/');
INSERT INTO sources (person_id, url) VALUES ('james-gosnell-jr', 'https://www.cnn.com/2015/06/19/us/church-shooting-judge-reprimand');
INSERT INTO sources (person_id, url) VALUES ('james-gosnell-jr', 'https://www.postandcourier.com/news/crime/magistrate-judge-gosnell-court-child-porn/article_3d71d787-d904-48a8-a8c0-57351a5be4ef.html');
INSERT INTO sources (person_id, url) VALUES ('james-gosnell-jr', 'https://www.postandcourier.com/news/crime/gosnell-federal-prosecutors-pedophile-charleston-judge-west-ashley-infants/article_35fffaf1-53a6-4f0b-8723-00dc73092b73.html');
INSERT OR REPLACE INTO people (id, name, status, level, state, office, crime_description, summary, still_in_office, offense_year, conviction_year, event_date) VALUES ('terry-steinwand', 'Terry Steinwand', 'charged', 'state', 'ND', '', 'Child Molestation', 'Terry Steinwand Terry Steinwand was the Director of North Dakota Game and Fish, appointed to the position by three different Republican governors in the last fifteen years of his career. He was arrested on September 5, 2025, and charged with gross sexual imposition with a person under the age of fif', NULL, NULL, NULL, '2025-09-05');
INSERT INTO crime_types (person_id, crime_type) VALUES ('terry-steinwand', 'child-molestation');
INSERT INTO sources (person_id, url) VALUES ('terry-steinwand', 'https://goppredators.wordpress.com/2025/10/04/1459-terry-steinwand/');
INSERT INTO sources (person_id, url) VALUES ('terry-steinwand', 'https://www.kvrr.com/2025/09/08/6141926/');
INSERT INTO sources (person_id, url) VALUES ('terry-steinwand', 'https://www.inforum.com/news/north-dakota/former-north-dakota-game-and-fish-director-accused-of-child-sex-crime-has-bond-set-at-5k');
INSERT INTO sources (person_id, url) VALUES ('terry-steinwand', 'https://infoweb-newsbank-com.proxy.multcolib.org/apps/news/browse-pub?p=AMNEWS&amp;t=pubname%3ABTRIND-EEDT%21Bismarck%2BTribune%252C%2BThe%2B%2528ND%2529&amp;action=browse');
INSERT OR REPLACE INTO people (id, name, status, level, state, office, crime_description, summary, still_in_office, offense_year, conviction_year, event_date) VALUES ('adam-king', 'Adam King', 'charged', 'local', 'TX', '', 'Sexual Harassment', 'Adam King Adam King is the Sheriff of Johnson County, Texas. He recently went to court to be allowed to return to work in spite of his four criminal indictments for sexual harassment, retaliation, and now, perjury for lying to a grand jury.', NULL, NULL, NULL, NULL);
INSERT INTO crime_types (person_id, crime_type) VALUES ('adam-king', 'harassment');
INSERT INTO sources (person_id, url) VALUES ('adam-king', 'https://goppredators.wordpress.com/2025/10/03/1458-adam-king/');
INSERT INTO sources (person_id, url) VALUES ('adam-king', 'https://www.wfaa.com/article/news/crime/johnson-county-attorney-takes-misconduct-case-against-sheriff-adam-king/287-94ba3898-17ac-4c4c-b651-4d731d9fa6f7');
INSERT INTO sources (person_id, url) VALUES ('adam-king', 'https://www.foxnews.com/us/texas-sheriff-arrested-his-own-deputies-now-faces-new-charge-lying-grand-jury');
INSERT INTO sources (person_id, url) VALUES ('adam-king', 'https://www.nbcdfw.com/news/local/johnson-county-sheriffs-return-work-amid-criminal-cases/3927186/');
INSERT INTO sources (person_id, url) VALUES ('adam-king', 'https://pa.johnsoncountytx.org/PublicAccess/Search.aspx?ID=100');
INSERT INTO sources (person_id, url) VALUES ('adam-king', 'https://bsky.app/profile/firewoman79.bsky.social');
INSERT OR REPLACE INTO people (id, name, status, level, state, office, crime_description, summary, still_in_office, offense_year, conviction_year, event_date) VALUES ('jon-reep', 'Jon Reep', 'charged', 'adjacent', 'NC', '', 'Child Sexual Exploitation', 'Jon Reep Jonathan David Reep is a popular comedian and comic podcaster. He also won Last Comic Standing Season Five and is known as the Hemi-Guy from an old Dodge Ram commercial.', NULL, NULL, NULL, '2025-09-11');
INSERT INTO crime_types (person_id, crime_type) VALUES ('jon-reep', 'csam');
INSERT INTO sources (person_id, url) VALUES ('jon-reep', 'https://goppredators.wordpress.com/2025/10/01/1457-jon-reep/');
INSERT INTO sources (person_id, url) VALUES ('jon-reep', 'https://www.imdb.com/title/tt1067645/');
INSERT INTO sources (person_id, url) VALUES ('jon-reep', 'https://youtu.be/-gV7fXH45FA?si=TXctLrggMcvaydSx');
INSERT INTO sources (person_id, url) VALUES ('jon-reep', 'https://www.qcnews.com/news/u-s/north-carolina/catawba-county/comedian-jon-reep-arrested-in-hickory-on-child-sex-crimes/');
INSERT INTO sources (person_id, url) VALUES ('jon-reep', 'https://www.al.com/life/2025/09/comedian-charged-with-10-counts-of-child-sex-crimes.html');
INSERT INTO sources (person_id, url) VALUES ('jon-reep', 'https://infoweb-newsbank-com.proxy.multcolib.org/apps/news/browse-pub?p=AMNEWS&amp;t=pubname%3ANHDR-EEDT%21Hickory%2BDaily%2BRecord%2B%2528NC%2529&amp;action=browse');
INSERT OR REPLACE INTO people (id, name, status, level, state, office, crime_description, summary, still_in_office, offense_year, conviction_year, event_date) VALUES ('ty-burns', 'Ty Burns', 'convicted', 'state', 'OK', '', 'Familial Violence, Assault', 'Ty Burns Ty Burns represented the 35th District in Oklahoma''s House of Representatives until he resigned in August, 2025, after pleading guilty to one count of domestic violence and two counts assault. Burns was accused of trying to gouge out his wife''s eye on Thanksgiving in 2024.', NULL, NULL, NULL, '2025-08-31');
INSERT INTO crime_types (person_id, crime_type) VALUES ('ty-burns', 'other');
INSERT INTO sources (person_id, url) VALUES ('ty-burns', 'https://goppredators.wordpress.com/2025/10/01/1456-ty-burns/');
INSERT INTO sources (person_id, url) VALUES ('ty-burns', 'https://nondoc.com/2025/08/28/serious-charges-rep-ty-burns-pleads-guilty-to-domestic-abuse-assault-involving-family-members/');
INSERT INTO sources (person_id, url) VALUES ('ty-burns', 'https://oklahomavoice.com/2025/08/28/oklahoma-lawmaker-guilty-of-domestic-abuse-assault-gets-one-year-suspended-sentence/');
INSERT INTO sources (person_id, url) VALUES ('ty-burns', 'https://www.newspapers.com/paper/the-oklahoman/42603/');
INSERT OR REPLACE INTO people (id, name, status, level, state, office, crime_description, summary, still_in_office, offense_year, conviction_year, event_date) VALUES ('joseph-brent-walker', 'Joseph Brent Walker', 'charged', 'adjacent', 'UT', '', 'Soliciting a Minor', 'Joseph Walker Joseph Brent Walker is a former journalist at LDS church-owned Deseret News and his column ValueSpeak that examined issues in the news through the lens of conservative values was syndicated to at least thirty papers as well as online publications. He previously worked as a public affai', NULL, NULL, NULL, NULL);
INSERT INTO crime_types (person_id, crime_type) VALUES ('joseph-brent-walker', 'solicitation');
INSERT INTO sources (person_id, url) VALUES ('joseph-brent-walker', 'https://goppredators.wordpress.com/2025/09/28/1455-joseph-walker/');
INSERT INTO sources (person_id, url) VALUES ('joseph-brent-walker', 'https://www.deseret.com/utah/2025/08/22/joseph-walker-charges-enticement/');
INSERT INTO sources (person_id, url) VALUES ('joseph-brent-walker', 'https://floodlit.org/joseph-walker-charged/');
INSERT OR REPLACE INTO people (id, name, status, level, state, office, crime_description, summary, still_in_office, offense_year, conviction_year, event_date) VALUES ('scott-soucek', 'Scott Soucek', 'charged', 'adjacent', 'WI', 'Political Activist', 'Child Sexual Abuse Material', 'Scott Soucek Scott Soucek is a MAGA activist who campaigned for Trump saying he was voting for Trump because he would fight child trafficking. His wife was a Republican convention delegate and the chair of the Door County Republican Party.', NULL, NULL, NULL, '2025-07-30');
INSERT INTO crime_types (person_id, crime_type) VALUES ('scott-soucek', 'csam');
INSERT INTO crime_types (person_id, crime_type) VALUES ('scott-soucek', 'assault');
INSERT INTO sources (person_id, url) VALUES ('scott-soucek', 'https://goppredators.wordpress.com/2025/09/28/1454-scott-soucek/');
INSERT INTO sources (person_id, url) VALUES ('scott-soucek', 'https://www.lgbtqnation.com/2025/07/maga-man-who-voted-gop-to-fight-child-now-faces-child-charges/');
INSERT INTO sources (person_id, url) VALUES ('scott-soucek', 'https://fox11online.com/news/local/lakeshore/sturgeon-bay-man-charged-with-child-porn16-years-after-admitting-guilt-in-different-case-scott-soucek-stephanie-door-county');
INSERT OR REPLACE INTO people (id, name, status, level, state, office, crime_description, summary, still_in_office, offense_year, conviction_year, event_date) VALUES ('ron-weinberg', 'Ron Weinberg', 'alleged', 'state', 'CO', 'State Representative', 'Sexual Harassment', 'Ron Weinberg Ron Weinberg is a state representative in Colorado. He was appointed to his seat when Rep.', NULL, NULL, NULL, '2025-07-14');
INSERT INTO crime_types (person_id, crime_type) VALUES ('ron-weinberg', 'harassment');
INSERT INTO sources (person_id, url) VALUES ('ron-weinberg', 'https://goppredators.wordpress.com/2025/09/26/1453-ron-weinberg/');
INSERT INTO sources (person_id, url) VALUES ('ron-weinberg', 'https://www.coloradopolitics.com/2025/08/11/complaint-accuses-rep-weinberg-of-misusing-campaign-funds-for-gifts-apparel-travel-2/');
INSERT INTO sources (person_id, url) VALUES ('ron-weinberg', 'https://www.denverpost.com/2025/07/29/ron-weinberg-colorado-lawmaker-harassment-claims/');
INSERT INTO sources (person_id, url) VALUES ('ron-weinberg', 'https://www.kunc.org/news/2025-07-08/two-women-accuse-republican-state-lawmaker-of-unwanted-sexual-advances-he-denies-the-allegations');
INSERT INTO sources (person_id, url) VALUES ('ron-weinberg', 'https://infoweb-newsbank-com.proxy.multcolib.org/apps/news/browse-pub?p=AMNEWS&amp;t=pubname%3ALLRB%21Loveland%2BReporter-Herald%2B%2528CO%2529&amp;action=browse');
INSERT OR REPLACE INTO people (id, name, status, level, state, office, crime_description, summary, still_in_office, offense_year, conviction_year, event_date) VALUES ('james-yokeley', 'James Yokeley', 'charged', 'adjacent', 'NC', '', 'Child Endangerment', 'James Yokeley (NC): Child Endangerment.', NULL, NULL, NULL, '2025-08-30');
INSERT INTO crime_types (person_id, crime_type) VALUES ('james-yokeley', 'other');
INSERT INTO sources (person_id, url) VALUES ('james-yokeley', 'https://goppredators.wordpress.com/2025/09/26/1452-james-yokeley/');
INSERT INTO sources (person_id, url) VALUES ('james-yokeley', 'https://www.surrycountyncvotes.gov/news_detail_T2_R46.php');
INSERT INTO sources (person_id, url) VALUES ('james-yokeley', 'https://www.whqr.org/local/2025-08-30/wpd-provides-updates-on-elections-official-charged-with-attempting-to-drug-his-step-granddaughter-and-her-friend');
INSERT INTO sources (person_id, url) VALUES ('james-yokeley', 'https://fox11online.com/news/nation-world/grandfather-charged-with-felony-child-abuse-drugging-ice-cream-with-pills-north-carolina-surry-county-board-of-election-illegal-drugs-controlled-substance-mdma-cocaine');
INSERT INTO sources (person_id, url) VALUES ('james-yokeley', 'https://infoweb-newsbank-com.proxy.multcolib.org/apps/news/browse-pub?p=AMNEWS&amp;t=pubname%3ADRC8-EEDT%21Daily%2BRecord%252C%2BThe%2B%2528Ca%25C3%25B1on%2BCity%252C%2BCO%2529&amp;action=browse');
INSERT OR REPLACE INTO people (id, name, status, level, state, office, crime_description, summary, still_in_office, offense_year, conviction_year, event_date) VALUES ('dayton-aldrich', 'Dayton Aldrich', 'charged', 'local', 'CA', 'City Councilmember', 'Child Sexual Abuse Material', 'Dayton Aldrich Dayton Robert Aldrich once worked at the Santa Barbara County District Attorney''s Office before taking a job with the City of Santa Barbara as a community development specialist. He has sought a position on the Santa Barbara City Council and was the president of Winchester Canyon Gun', NULL, NULL, NULL, NULL);
INSERT INTO crime_types (person_id, crime_type) VALUES ('dayton-aldrich', 'csam');
INSERT INTO crime_types (person_id, crime_type) VALUES ('dayton-aldrich', 'assault');
INSERT INTO sources (person_id, url) VALUES ('dayton-aldrich', 'https://goppredators.wordpress.com/2025/09/26/1451-dayton-aldrich/');
INSERT INTO sources (person_id, url) VALUES ('dayton-aldrich', 'https://www.sbsheriff.org/home/who-is-in-custody/?sbsoCustodyFirstName=Dayton&amp;sbsoCustodyLastName=Aldrich&amp;sbsoCustodyBookingNumber=0618306&amp;sbsokey=e96a6c055c493c8a3f2773659fb61fd1');
INSERT INTO sources (person_id, url) VALUES ('dayton-aldrich', 'https://www.independent.com/2025/08/20/santa-barbara-city-employee-arrested-on-drug-gun-and-child-pornography-charges/');
INSERT INTO sources (person_id, url) VALUES ('dayton-aldrich', 'https://content.civicplus.com/api/assets/6e2e9222-28cb-415e-9cf0-8fe87a4837f8');
INSERT INTO sources (person_id, url) VALUES ('dayton-aldrich', 'https://santamariatimes.com/news/local/crime-and-courts/child-pornography-weapons-charges-filed-against-santa-barbara-city-employee/article_802ea167-9b0c-4256-90b5-fa07d82997b1.html');
INSERT INTO sources (person_id, url) VALUES ('dayton-aldrich', 'https://www.noozhawk.com/santa-barbara-city-employee-faces-child-pornography-weapons-charges/');
INSERT OR REPLACE INTO people (id, name, status, level, state, office, crime_description, summary, still_in_office, offense_year, conviction_year, event_date) VALUES ('stewart-ruch', 'Stewart Ruch', 'alleged', 'adjacent', 'IL', '', 'Organizational Coverup', 'Stewart Ruch Stewart Ruch is a bishop in the Anglican Church of North America, the schismatic group that left the Episcopal Church in opposition to its "liberalism" in allowing the ordination of women, inclusion of LGBTIQA members, and gay marriage. He is facing an ecclesiastical (church) trial over', NULL, NULL, NULL, NULL);
INSERT INTO crime_types (person_id, crime_type) VALUES ('stewart-ruch', 'enablement');
INSERT INTO crime_types (person_id, crime_type) VALUES ('stewart-ruch', 'organizational-coverup');
INSERT INTO sources (person_id, url) VALUES ('stewart-ruch', 'https://goppredators.wordpress.com/2025/09/24/1450-stewart-ruch/');
INSERT INTO sources (person_id, url) VALUES ('stewart-ruch', 'https://www.acnatoo.org/presentment');
INSERT INTO sources (person_id, url) VALUES ('stewart-ruch', 'https://www.acnatoo.org/bishops-presentment-ruch');
INSERT INTO sources (person_id, url) VALUES ('stewart-ruch', 'https://www.acnatoo.org/about-us');
INSERT INTO sources (person_id, url) VALUES ('stewart-ruch', 'https://julieroys.com/third-prosecutor-appointed-in-acna-trial-of-bishop-ruch/');
INSERT OR REPLACE INTO people (id, name, status, level, state, office, crime_description, summary, still_in_office, offense_year, conviction_year, event_date) VALUES ('gregg-hayden', 'Gregg Hayden', 'alleged', 'local', 'SC', '', 'Child Sexual Misconduct', 'Gregg Hayden Gregg Hayden is a retired lieutenant at the Anderson County Sheriff''s Office in South Carolina. He was also the School Safety and Security Supervisor for Anderson School District Five.', NULL, NULL, NULL, '2025-08-26');
INSERT INTO crime_types (person_id, crime_type) VALUES ('gregg-hayden', 'other');
INSERT INTO sources (person_id, url) VALUES ('gregg-hayden', 'https://goppredators.wordpress.com/2025/09/20/1449-gregg-hayden/');
INSERT INTO sources (person_id, url) VALUES ('gregg-hayden', 'https://www.wyff4.com/article/gregg-hayden-arrest-school-board-anderson/65624428');
INSERT INTO sources (person_id, url) VALUES ('gregg-hayden', 'https://www.foxcarolina.com/2025/08/21/retired-deputy-facing-additional-child-sex-abuse-charges-anderson-co/');
INSERT INTO sources (person_id, url) VALUES ('gregg-hayden', 'https://infoweb-newsbank-com.proxy.multcolib.org/apps/news/browse-pub?p=AMNEWS&amp;t=pubname%3AHJSC-EEDT%21Herald-Journal%2B%2528Spartanburg%252C%2BSC%2529&amp;action=browse');
INSERT OR REPLACE INTO people (id, name, status, level, state, office, crime_description, summary, still_in_office, offense_year, conviction_year, event_date) VALUES ('hector-carranza', 'Hector Carranza', 'charged', 'adjacent', 'OR', 'Police Officer', 'Child Sex Abuse/Child Sexual Abuse Material', 'Hector Carranza Hector Carranza was a Gresham, Oregon, police officer. He was placed on administrative leave in November 2024 after a complaint that accused him of criminal conduct.', NULL, NULL, NULL, NULL);
INSERT INTO crime_types (person_id, crime_type) VALUES ('hector-carranza', 'csam');
INSERT INTO crime_types (person_id, crime_type) VALUES ('hector-carranza', 'assault');
INSERT INTO sources (person_id, url) VALUES ('hector-carranza', 'https://goppredators.wordpress.com/2025/09/19/1448-hector-carranza/');
INSERT INTO sources (person_id, url) VALUES ('hector-carranza', 'https://www.oregonlive.com/crime/2025/08/gresham-police-officer-charged-with-raping-underage-girl.html');
INSERT INTO sources (person_id, url) VALUES ('hector-carranza', 'https://www.mcda.us/index.php/news/gresham-police-officer-indicted-on-sex-crimes');
INSERT OR REPLACE INTO people (id, name, status, level, state, office, crime_description, summary, still_in_office, offense_year, conviction_year, event_date) VALUES ('ami-medlin', 'Ami Medlin', 'convicted', 'adjacent', 'NC', 'Teacher', 'Grooming/Student Sexual Misconduct', 'Ami Medlin Ami Medlin was a teacher at Corinth Holders High School in Wendell, North Carolina. Together with her husband, she groomed and pursued inappropriate relationships with students.', NULL, NULL, NULL, '2022-05-29');
INSERT INTO crime_types (person_id, crime_type) VALUES ('ami-medlin', 'grooming');
INSERT INTO sources (person_id, url) VALUES ('ami-medlin', 'https://goppredators.wordpress.com/2025/09/19/1447-ami-medlin/');
INSERT INTO sources (person_id, url) VALUES ('ami-medlin', 'https://www.wral.com/news/local/former-deputy-wife-guilty-grooming-johnston-co-student-august-2025/');
INSERT INTO sources (person_id, url) VALUES ('ami-medlin', 'https://www.cbs17.com/news/local-news/johnston-county-news/wendell-ex-teacher-deputy-husband-plead-guilty-to-charges-in-inappropriate-relationship-with-student-investigation/');
INSERT INTO sources (person_id, url) VALUES ('ami-medlin', 'https://www.newspapers.com/paper/the-news-and-observer/3272/');
INSERT OR REPLACE INTO people (id, name, status, level, state, office, crime_description, summary, still_in_office, offense_year, conviction_year, event_date) VALUES ('michael-medlin', 'Michael Medlin', 'alleged', 'local', 'NC', '', 'Grooming/Student Sexual Misconduct', 'Michael Medlin Michael Medlin is a former sheriff''s deputy and school resource officer in Johnston County, North Carolina. Together with his wife, he groomed one of her students.', NULL, NULL, NULL, '2025-08-15');
INSERT INTO crime_types (person_id, crime_type) VALUES ('michael-medlin', 'grooming');
INSERT INTO sources (person_id, url) VALUES ('michael-medlin', 'https://goppredators.wordpress.com/2025/09/19/1446-michael-medlin/');
INSERT INTO sources (person_id, url) VALUES ('michael-medlin', 'https://www.newsobserver.com/news/local/crime/article311690165.html');
INSERT INTO sources (person_id, url) VALUES ('michael-medlin', 'https://www.wral.com/news/local/former-deputy-wife-guilty-grooming-johnston-co-student-august-2025/');
INSERT INTO sources (person_id, url) VALUES ('michael-medlin', 'https://www.newspapers.com/paper/the-news-and-observer/3272/');
INSERT OR REPLACE INTO people (id, name, status, level, state, office, crime_description, summary, still_in_office, offense_year, conviction_year, event_date) VALUES ('caitlin-r-crum', 'Caitlin R. Crum', 'convicted', 'adjacent', 'FL', 'Teacher', 'Sexual Battery/Child Sexul Abuse Material Production', 'Caitlin Crum Caitlin Rose Crum was a teacher at Calvary Christian Academy in Middleburg, Florida. She was arrested when a student reported meeting her for "multiple sexual encounters." This is the same school where Joshua Dice taught.', NULL, NULL, NULL, '2025-06-16');
INSERT INTO crime_types (person_id, crime_type) VALUES ('caitlin-r-crum', 'rape');
INSERT INTO crime_types (person_id, crime_type) VALUES ('caitlin-r-crum', 'assault');
INSERT INTO sources (person_id, url) VALUES ('caitlin-r-crum', 'https://goppredators.wordpress.com/2025/09/19/1445-caitlin-crum/');
INSERT INTO sources (person_id, url) VALUES ('caitlin-r-crum', 'https://www.jacksonville.com/story/news/crime/2022/02/24/jacksonville-teacher-arrested-middleburg-church-school-sex-student/6927969001/');
INSERT INTO sources (person_id, url) VALUES ('caitlin-r-crum', 'https://www.firstcoastnews.com/article/news/crime/nassau-county-teacher-charged-sexual-misconduct-involving-student/77-d52c7059-2899-4117-bd15-4cf62c441471');
INSERT INTO sources (person_id, url) VALUES ('caitlin-r-crum', 'https://infoweb-newsbank-com.proxy.multcolib.org/apps/news/browse-pub?p=AMNEWS&amp;t=pubname%3AFTUJ-EEDT%21Florida%2BTimes-Union%252C%2BThe%2B%2528Jacksonville%252C%2BFL%2529&amp;action=browse');
INSERT OR REPLACE INTO people (id, name, status, level, state, office, crime_description, summary, still_in_office, offense_year, conviction_year, event_date) VALUES ('j-stuart-adams', 'J. Stuart Adams', 'convicted', 'state', 'UT', '', 'Enabling', 'J. Stuart Adams (UT): Enabling.', NULL, NULL, NULL, '2025-08-06');
INSERT INTO crime_types (person_id, crime_type) VALUES ('j-stuart-adams', 'enablement');
INSERT INTO sources (person_id, url) VALUES ('j-stuart-adams', 'https://goppredators.wordpress.com/2025/09/11/1444-j-stuart-adams/');
INSERT INTO sources (person_id, url) VALUES ('j-stuart-adams', 'http://www.sltrib.com/news/politics/2025/08/02/utah-senate-pres-stuart-adams/');
INSERT INTO sources (person_id, url) VALUES ('j-stuart-adams', 'https://www.sltrib.com/news/politics/2025/08/17/utah-conservatives-call-gop-senate/');
INSERT INTO sources (person_id, url) VALUES ('j-stuart-adams', 'https://www.ksl.com/article/51359900/stuart-adams-wont-resign-over-claims-he-influenced-new-law-to-help-granddaughter');
INSERT OR REPLACE INTO people (id, name, status, level, state, office, crime_description, summary, still_in_office, offense_year, conviction_year, event_date) VALUES ('cory-mills', 'Cory Mills', 'alleged', 'federal', 'FL', 'U.S. Congressman', 'Assault, Menacing, Harassment', 'Cory Mills Cory Mills is a Republican Congressman from Florida. He founded an international arms supplier making him a literal international arms dealer, like most of the villains in spy movies.', NULL, NULL, NULL, '2025-09-04');
INSERT INTO crime_types (person_id, crime_type) VALUES ('cory-mills', 'harassment');
INSERT INTO sources (person_id, url) VALUES ('cory-mills', 'https://goppredators.wordpress.com/2025/09/04/1443-cory-mills/');
INSERT INTO sources (person_id, url) VALUES ('cory-mills', 'https://www.businessinsider.com/rep-cory-mills-florida-congress-sells-weapons-foreign-government-committee-2023-3');
INSERT INTO sources (person_id, url) VALUES ('cory-mills', 'https://www.nbcwashington.com/news/local/florida-congressman-investigated-by-dc-police-for-alleged-assault/3850013/?_osource=SocialFlowTwt_DCBrand');
INSERT INTO sources (person_id, url) VALUES ('cory-mills', 'https://www.dropsitenews.com/p/miss-united-states-lindsey-langston-files-restraining-order-rep-cory-mills');
INSERT INTO sources (person_id, url) VALUES ('cory-mills', 'https://floridapolitics.com/archives/750436-reigning-miss-united-states-says-cory-mills-threatened-to-release-revenge-porn-after-she-dumped-him/');
INSERT INTO sources (person_id, url) VALUES ('cory-mills', 'https://infoweb-newsbank-com.proxy.multcolib.org/apps/news/browse-pub?p=AMNEWS&amp;t=pubname%3AFTUB%21Florida%2BTimes-Union%252C%2BThe%2B%2528Jacksonville%252C%2BFL%2529&amp;action=browse');
INSERT OR REPLACE INTO people (id, name, status, level, state, office, crime_description, summary, still_in_office, offense_year, conviction_year, event_date) VALUES ('linda-mcmahon', 'Linda McMahon', 'alleged', 'federal', 'CT', '', 'Organizational Coverup', 'Linda McMahon is Trump''s Secretary of Education who considers her job is to eliminate the Department of Education. Perhaps he thought she was well-suited for the job as she has been sued for negligence that allowed children to be sexually abused by an employee of World Wrestling Entertainment when s', NULL, NULL, NULL, NULL);
INSERT INTO crime_types (person_id, crime_type) VALUES ('linda-mcmahon', 'enablement');
INSERT INTO crime_types (person_id, crime_type) VALUES ('linda-mcmahon', 'organizational-coverup');
INSERT INTO sources (person_id, url) VALUES ('linda-mcmahon', 'https://goppredators.wordpress.com/2025/09/01/1442-linda-mcmahon/');
INSERT INTO sources (person_id, url) VALUES ('linda-mcmahon', 'https://www.postwrestling.com/2025/06/16/wwe-vince-linda-mcmahon-refile-motions-asking-court-to-throw-out-ring-boy-lawsuit/');
INSERT INTO sources (person_id, url) VALUES ('linda-mcmahon', 'https://www.edweek.org/policy-politics/whats-in-the-lawsuit-that-alleges-linda-mcmahon-failed-to-protect-children/2024/12');
INSERT INTO sources (person_id, url) VALUES ('linda-mcmahon', 'https://dicellolevitt.com/maryland-supreme-court-decision-allows-wwe-ring-boys-sexual-abuse-case-to-move-forward/');
INSERT OR REPLACE INTO people (id, name, status, level, state, office, crime_description, summary, still_in_office, offense_year, conviction_year, event_date) VALUES ('ryan-walters', 'Ryan Walters', 'alleged', 'adjacent', 'OK', '', 'Nonconsensual Exposure to Nudity', 'Ryan Walters Ryan Walters is Oklahoma''s Superintendent of Public Instruction. He has courted controversy by requesting $3 million to buy Trump Bibles to put in every classroom in the state.', NULL, NULL, NULL, NULL);
INSERT INTO crime_types (person_id, crime_type) VALUES ('ryan-walters', 'other');
INSERT INTO sources (person_id, url) VALUES ('ryan-walters', 'https://goppredators.wordpress.com/2025/09/01/1441-ryan-walters/');
INSERT INTO sources (person_id, url) VALUES ('ryan-walters', 'https://www.okappleseed.org/ryan-walters-gross-misconduct');
INSERT INTO sources (person_id, url) VALUES ('ryan-walters', 'https://oklahomavoice.com/2024/02/26/ryan-walters-war-on-pornography-has-gone-too-far-by-weaponizing-oklahoma-school-accreditation/');
INSERT INTO sources (person_id, url) VALUES ('ryan-walters', 'https://nondoc.com/2025/07/25/board-members-tv-in-ryan-walters-office-displayed-nude-women-during-executive-session/');
INSERT INTO sources (person_id, url) VALUES ('ryan-walters', 'https://www.koco.com/article/ryan-walters-pornographic-images-allegations-becky-carson-tv-nudity-investigation/65556637');
INSERT OR REPLACE INTO people (id, name, status, level, state, office, crime_description, summary, still_in_office, offense_year, conviction_year, event_date) VALUES ('james-a-taylor', 'James A. Taylor', 'charged', 'state', 'FL', '', 'Soliciting a Minor', 'James Taylor James Ashley Taylor was elected to the Fort Pierce City Commission in 2024. In August, 2024, a mother in Evanston, Illinois, contacted local police to report than an adult man was carrying on inappropriate chats with her thirteen-year-old daughter and had sent nude pictures of himself.', NULL, NULL, NULL, NULL);
INSERT INTO crime_types (person_id, crime_type) VALUES ('james-a-taylor', 'solicitation');
INSERT INTO sources (person_id, url) VALUES ('james-a-taylor', 'https://goppredators.wordpress.com/2025/08/29/1440-james-taylor/');
INSERT INTO sources (person_id, url) VALUES ('james-a-taylor', 'https://www.flgov.com/eog/news/executive-orders/2025-151');
INSERT INTO sources (person_id, url) VALUES ('james-a-taylor', 'https://www.wptv.com/news/region-st-lucie-county/fort-pierce/fort-pierce-city-commissioner-james-taylor-arrested-in-child-exploitation-case-faces-24-felony-counts');
INSERT INTO sources (person_id, url) VALUES ('james-a-taylor', 'https://www.wptv.com/news/region-st-lucie-county/fort-pierce/former-fort-pierce-city-commissioner-james-taylor-posts-bail-after-arrest-on-child-exploitation-charges');
INSERT INTO sources (person_id, url) VALUES ('james-a-taylor', 'https://stlucieclerk.gov/public-search-gen/search-court-cases');
INSERT INTO sources (person_id, url) VALUES ('james-a-taylor', 'https://research-repository.griffith.edu.au/server/api/core/bitstreams/844d46f2-f979-56aa-aa02-32d64e93b386/content');
INSERT OR REPLACE INTO people (id, name, status, level, state, office, crime_description, summary, still_in_office, offense_year, conviction_year, event_date) VALUES ('scott-truelove', 'Scott Truelove', 'charged', 'local', 'IN', 'Police Officer', 'Indecent Exposure', 'Scott Truelove Scott Truelove was a school librarian at East Allen County Schools and won election to the East Noble School Corporation board in 2020. He was the Board secretary.', NULL, NULL, NULL, NULL);
INSERT INTO crime_types (person_id, crime_type) VALUES ('scott-truelove', 'indecent-exposure');
INSERT INTO sources (person_id, url) VALUES ('scott-truelove', 'https://goppredators.wordpress.com/2025/08/29/1439-scott-truelove/');
INSERT INTO sources (person_id, url) VALUES ('scott-truelove', 'https://www.21alivenews.com/2025/07/23/man-steps-down-east-noble-school-board-following-arrest-swinney-park/');
INSERT INTO sources (person_id, url) VALUES ('scott-truelove', 'https://www.kpcnews.com/heraldrepublican/article_7df56599-153f-4872-b9b9-00d042999544.html');
INSERT INTO sources (person_id, url) VALUES ('scott-truelove', 'https://public.courts.in.gov/mycase/#/vw/Search');
INSERT OR REPLACE INTO people (id, name, status, level, state, office, crime_description, summary, still_in_office, offense_year, conviction_year, event_date) VALUES ('christopher-allen-guinup', 'Christopher Allen Guinup', 'charged', 'adjacent', 'WV', 'Police Officer', 'Child Sexual Abuse', 'Christopher Guinup Christopher Allen Guinup was a police officer in Fairmont, West Virginia. He was put on administrative leave after they began investigating him for child sexual abuse and his firing process began after he was arrested.', NULL, NULL, NULL, NULL);
INSERT INTO crime_types (person_id, crime_type) VALUES ('christopher-allen-guinup', 'assault');
INSERT INTO sources (person_id, url) VALUES ('christopher-allen-guinup', 'https://goppredators.wordpress.com/2025/08/29/1438-christopher-guinup/');
INSERT INTO sources (person_id, url) VALUES ('christopher-allen-guinup', 'https://www.wdtv.com/2025/06/18/fairmont-police-officer-accused-sexually-abusing-9-year-old-girl/');
INSERT INTO sources (person_id, url) VALUES ('christopher-allen-guinup', 'https://connect-bridgeport.com/connect.cfm?func=view&amp;section=News&amp;item=Statement-from-City-of-Fairmont-Media-Report-after-Arrest-of-Police-Officer-for-Sexual-Abuse-of-9-Year-Old59757');
INSERT OR REPLACE INTO people (id, name, status, level, state, office, crime_description, summary, still_in_office, offense_year, conviction_year, event_date) VALUES ('christopher-seibert', 'Christopher Seibert', 'alleged', 'adjacent', 'OR', '', 'Child Molestation', 'Christopher Seibert (OR): Child Molestation.', NULL, NULL, NULL, NULL);
INSERT INTO crime_types (person_id, crime_type) VALUES ('christopher-seibert', 'child-molestation');
INSERT INTO sources (person_id, url) VALUES ('christopher-seibert', 'https://goppredators.wordpress.com/2026/03/13/1437-christopher-seibert/');
INSERT OR REPLACE INTO people (id, name, status, level, state, office, crime_description, summary, still_in_office, offense_year, conviction_year, event_date) VALUES ('curlon-edwards', 'Curlon Edwards', 'convicted', 'adjacent', 'MD', 'Police Officer', 'Rape', 'Curlon Edwards is a Baltimore police officer, suspended without pay while held in jail without bail on charges of rape and assault of a sixteen-year-old girl. He is thirty-four.', NULL, NULL, NULL, NULL);
INSERT INTO crime_types (person_id, crime_type) VALUES ('curlon-edwards', 'rape');
INSERT INTO sources (person_id, url) VALUES ('curlon-edwards', 'https://goppredators.wordpress.com/2025/08/28/1436-curlon-edwards/');
INSERT INTO sources (person_id, url) VALUES ('curlon-edwards', 'https://www.wbaltv.com/article/bpd-officer-arrested-rape-assault-charges-curlon-edwards/65270241');
INSERT INTO sources (person_id, url) VALUES ('curlon-edwards', 'https://www.cbsnews.com/baltimore/news/baltimore-police-officer-raping-16-year-old-girlfriend-charging-documents/');
INSERT OR REPLACE INTO people (id, name, status, level, state, office, crime_description, summary, still_in_office, offense_year, conviction_year, event_date) VALUES ('brandon-westmoreland', 'Brandon Westmoreland', 'convicted', 'local', 'IA', 'Mayor', 'Sexual Assault', 'Brandon Westmoreland Brandon Thomas Westmoreland ran for the office of Mayor of Davenport, Iowa, in 2023. He lost in the primary.', NULL, NULL, 2025, NULL);
INSERT INTO crime_types (person_id, crime_type) VALUES ('brandon-westmoreland', 'assault');
INSERT INTO sources (person_id, url) VALUES ('brandon-westmoreland', 'https://goppredators.wordpress.com/2025/08/27/1435-brandon-westmoreland/');
INSERT INTO sources (person_id, url) VALUES ('brandon-westmoreland', 'https://www.ourquadcities.com/news/4-the-record/millennial-brandon-westmoreland-wants-to-be-next-davenport-mayor/');
INSERT INTO sources (person_id, url) VALUES ('brandon-westmoreland', 'https://www.kwqc.com/2025/07/15/former-mayoral-candidate-arrested-sex-abuse-charge/');
INSERT INTO sources (person_id, url) VALUES ('brandon-westmoreland', 'https://www.ourquadcities.com/news/local-news/former-davenport-mayoral-candidate-faces-sex-assault-charge-scott-county-records/');
INSERT OR REPLACE INTO people (id, name, status, level, state, office, crime_description, summary, still_in_office, offense_year, conviction_year, event_date) VALUES ('stephen-kopp', 'Stephen Kopp', 'charged', 'adjacent', 'SC', '', 'Child Sexual Abuse', 'Stephen Kopp Stephen Kopp was the director of EDUCamp , a Bob Jones University summer program and after-school program director at Bob Jones Academy , a K-12 school. Bob Jones is notorious for not allowing inter-racial dating until 2000, giving up its tax exemption rather than enter the modern era.', NULL, NULL, NULL, NULL);
INSERT INTO crime_types (person_id, crime_type) VALUES ('stephen-kopp', 'assault');
INSERT INTO sources (person_id, url) VALUES ('stephen-kopp', 'https://goppredators.wordpress.com/2025/08/25/1434-stephen-kopp/');
INSERT INTO sources (person_id, url) VALUES ('stephen-kopp', 'https://en.wikipedia.org/wiki/Bob_Jones_University_v._United_States');
INSERT INTO sources (person_id, url) VALUES ('stephen-kopp', 'https://seminary.bju.edu/theology-in-3d/the-ideology-of-christian-nationalism-and-the-theology-of-the-new-testament/');
INSERT INTO sources (person_id, url) VALUES ('stephen-kopp', 'https://www.fitsnews.com/2025/07/01/bob-jones-guardian-accused-of-months-long-sexual-abuse-of-minor/');
INSERT INTO sources (person_id, url) VALUES ('stephen-kopp', 'https://www.msn.com/en-us/news/crime/now-former-director-of-bob-jones-university-summer-camp-accused-of-sexual-conduct-with-a-minor/ar-AA1IJcIz');
INSERT INTO sources (person_id, url) VALUES ('stephen-kopp', 'https://www2.greenvillecounty.org/scjd/publicindex/?AspxAutoDetectCookieSupport=1');
INSERT INTO sources (person_id, url) VALUES ('stephen-kopp', 'https://bsky.app/profile/sportponies.bsky.social/post/3lxcrodwp3f24');
INSERT OR REPLACE INTO people (id, name, status, level, state, office, crime_description, summary, still_in_office, offense_year, conviction_year, event_date) VALUES ('michael-doran', 'Michael Doran', 'charged', 'local', 'OH', '', 'Sexual Imposition', 'Mike Doran Michael Doran has twice won election as the Lorain County Recorder, a generally non-controversial job, recording deeds, property records, and so on. However, he has a history of controversy and violence.', NULL, NULL, NULL, '2025-07-10');
INSERT INTO crime_types (person_id, crime_type) VALUES ('michael-doran', 'other');
INSERT INTO sources (person_id, url) VALUES ('michael-doran', 'https://goppredators.wordpress.com/2025/08/25/1433-mike-doran/');
INSERT INTO sources (person_id, url) VALUES ('michael-doran', 'https://www.morningjournal.com/2025/07/10/lorain-county-recorder-mike-doran-charged-with-sexual-imposition/');
INSERT INTO sources (person_id, url) VALUES ('michael-doran', 'https://www.morningjournal.com/2025/07/16/lorain-county-recorder-michael-doran-issued-summons-on-sexual-imposition-charge/');
INSERT INTO sources (person_id, url) VALUES ('michael-doran', 'https://loraindaily.com/lorain-county-recorder-comments-amid-release-of-police-report/');
INSERT INTO sources (person_id, url) VALUES ('michael-doran', 'https://chroniclet.com/news/437992/lorain-county-recorder-mike-doran-pleads-not-guilty-to-sexual-imposition-charge-in-elyria-municipal-court/');
INSERT OR REPLACE INTO people (id, name, status, level, state, office, crime_description, summary, still_in_office, offense_year, conviction_year, event_date) VALUES ('grant-hill', 'Grant Hill', 'convicted', 'state', 'IA', '', 'Child Sex Offenses', 'Grant Hill Grant Hill is a Republican primary candidate for Iowa State House District 88. He also filed to run in the primary for US House District 1, but has told journalists that was a mistake, though he said he planned to run for Congress in 2032.', NULL, NULL, NULL, '2025-05-15');
INSERT INTO crime_types (person_id, crime_type) VALUES ('grant-hill', 'other');
INSERT INTO sources (person_id, url) VALUES ('grant-hill', 'https://goppredators.wordpress.com/2025/08/25/1432-grant-hill/');
INSERT INTO sources (person_id, url) VALUES ('grant-hill', 'https://www.dailymail.co.uk/news/article-14693063/Grant-Hill-rising-GOP-star-running-Congress-spent-three-years-jail-child-sex-offences.html');
INSERT INTO sources (person_id, url) VALUES ('grant-hill', 'https://www.ottumwacourier.com/news/keota-man-with-criminal-past-announces-bid-for-iowa-house-district-88/article_803df0b5-ab46-4d4d-8e04-c4655a8971fb.html');
INSERT INTO sources (person_id, url) VALUES ('grant-hill', 'https://www.1630kcjj.com/2022/12/02/former-manager-of-downtown-ic-cookie-shop-sentenced-after-reportedly-fondling-employee/');
INSERT INTO sources (person_id, url) VALUES ('grant-hill', 'https://www.1630kcjj.com/2022/12/08/keota-man-given-two-year-jail-sentence-after-reportedly-exposing-himself-to-teenage-boy-at-ic-gym-charges-in-coralville-masturbation-case-dropped/');
INSERT OR REPLACE INTO people (id, name, status, level, state, office, crime_description, summary, still_in_office, offense_year, conviction_year, event_date) VALUES ('curtis-cochran', 'Curtis Cochran', 'charged', 'local', 'NC', '', 'Assault, Sexual Battery', 'Curtis Cochran Curtis Cochran was the Swain County, North Carolina, Sheriff. He was elected in 2006 and served five consecutive terms until his arrest and suspension in June 2025.', NULL, NULL, NULL, '2025-07-02');
INSERT INTO crime_types (person_id, crime_type) VALUES ('curtis-cochran', 'rape');
INSERT INTO crime_types (person_id, crime_type) VALUES ('curtis-cochran', 'assault');
INSERT INTO sources (person_id, url) VALUES ('curtis-cochran', 'https://goppredators.wordpress.com/2025/08/23/1431-curtis-cochran/');
INSERT INTO sources (person_id, url) VALUES ('curtis-cochran', 'https://www.citizen-times.com/story/news/crime/2025/06/27/swain-county-sheriff-charged-with-sexual-battery-solicitation/84389858007/');
INSERT INTO sources (person_id, url) VALUES ('curtis-cochran', 'https://smokymountainnews.com/news/item/39950-the-rise-and-ruination-of-swain-county-sheriff-curtis-a-cochran');
INSERT INTO sources (person_id, url) VALUES ('curtis-cochran', 'https://www.newspapers.com/paper/the-news-record/3831/');
INSERT OR REPLACE INTO people (id, name, status, level, state, office, crime_description, summary, still_in_office, offense_year, conviction_year, event_date) VALUES ('justin-rhodes', 'Justin Rhodes', 'charged', 'local', 'MS', 'Pastor', 'Child Molestation', 'Justin Rhodes Justin Rhodes was the pastor of Big Creek Baptist Church in Soso, Mississippi. He also served for a time as Vice-President and as President of the Baptist Missionary Association of America, an organization of more than 1100 churches.', NULL, NULL, NULL, NULL);
INSERT INTO crime_types (person_id, crime_type) VALUES ('justin-rhodes', 'child-molestation');
INSERT INTO sources (person_id, url) VALUES ('justin-rhodes', 'https://goppredators.wordpress.com/2025/08/23/1430-justin-rhodes/');
INSERT INTO sources (person_id, url) VALUES ('justin-rhodes', 'https://preacherboys.substack.com/p/pastor-arrested-for-molesting-child');
INSERT INTO sources (person_id, url) VALUES ('justin-rhodes', 'https://myeclerk.myorangeclerk.com/cases/search');
INSERT OR REPLACE INTO people (id, name, status, level, state, office, crime_description, summary, still_in_office, offense_year, conviction_year, event_date) VALUES ('lawrence-taylor', 'Lawrence Taylor', 'convicted', 'adjacent', 'NY', '', 'Statutory Rape', 'Lawrence Taylor Lawrence Taylor was a New York Giants football player. He was recently at Trump''s press conference reviving the Presidential Fitness Test and was appointed to the Presidential Fitness Council.', NULL, NULL, 2011, NULL);
INSERT INTO crime_types (person_id, crime_type) VALUES ('lawrence-taylor', 'rape');
INSERT INTO crime_types (person_id, crime_type) VALUES ('lawrence-taylor', 'statutory-rape');
INSERT INTO sources (person_id, url) VALUES ('lawrence-taylor', 'https://goppredators.wordpress.com/2025/08/22/1429-lawrence-taylor/');
INSERT INTO sources (person_id, url) VALUES ('lawrence-taylor', 'https://www.espn.com/new-york/nfl/news/story?id=6018722');
INSERT INTO sources (person_id, url) VALUES ('lawrence-taylor', 'https://sharedhope.org/wp-content/uploads/2014/04/Fiero_v_Taylor.pdf');
INSERT INTO sources (person_id, url) VALUES ('lawrence-taylor', 'https://www.nfl.com/news/hall-of-fame-lb-taylor-arrested-charged-with-raping-16-year-old-09000d5d817fbd26');
INSERT OR REPLACE INTO people (id, name, status, level, state, office, crime_description, summary, still_in_office, offense_year, conviction_year, event_date) VALUES ('carl-demaio', 'Carl DeMaio', 'alleged', 'local', 'CA', 'Mayor', 'Sexual Harassment/Indecent Exposure', 'Carl DeMaio Carl DeMaio is a Republican member of the California Assembly. Previously he was a member of the San Diego City Council and an unsuccessful candidate for Mayor.', NULL, NULL, NULL, '2014-10-21');
INSERT INTO crime_types (person_id, crime_type) VALUES ('carl-demaio', 'harassment');
INSERT INTO crime_types (person_id, crime_type) VALUES ('carl-demaio', 'indecent-exposure');
INSERT INTO sources (person_id, url) VALUES ('carl-demaio', 'https://goppredators.wordpress.com/2025/08/21/1428-carl-demaio/');
INSERT INTO sources (person_id, url) VALUES ('carl-demaio', 'https://www.cbs8.com/article/news/former-city-councilman-carl-demaio-accused-of-lewd-behavior/509-0f554dc0-1bdb-42e5-a419-8036401669b5');
INSERT INTO sources (person_id, url) VALUES ('carl-demaio', 'https://voiceofsandiego.org/2014/12/04/who-lied-part-iv-much-ado-about-a-urinal/');
INSERT INTO sources (person_id, url) VALUES ('carl-demaio', 'https://voiceofsandiego.org/2014/10/10/how-to-process-the-demaio-bombshell/');
INSERT INTO sources (person_id, url) VALUES ('carl-demaio', 'https://www.nbcsandiego.com/news/local/carl-demaio-accuser-todd-bosnich-pleads-guilty-to-obstructing-justice/65985/');
INSERT INTO sources (person_id, url) VALUES ('carl-demaio', 'https://slate.com/news-and-politics/2014/11/carl-demaio-sexual-harassment-second-former-staffer-makes-allegations.html');
INSERT INTO sources (person_id, url) VALUES ('carl-demaio', 'https://infoweb-newsbank-com.proxy.multcolib.org/apps/news/browse-pub?p=AMNEWS&amp;t=pubname%3ASDUB%21San%2BDiego%2BUnion-Tribune%252C%2BThe%2B%2528CA%2529&amp;action=browse');
INSERT OR REPLACE INTO people (id, name, status, level, state, office, crime_description, summary, still_in_office, offense_year, conviction_year, event_date) VALUES ('matt-mccullough', 'Matt McCullough', 'charged', 'adjacent', 'PA', '', 'Groping (Sexual Battery)', 'Matt McCullough Matt McCullough ran for the 10th Senate District in Pennsylvania in 2022. He lost the general election, though it didn''t help when voters found out that he was arrested in Nashville for public intoxication.', NULL, NULL, NULL, NULL);
INSERT INTO crime_types (person_id, crime_type) VALUES ('matt-mccullough', 'rape');
INSERT INTO crime_types (person_id, crime_type) VALUES ('matt-mccullough', 'assault');
INSERT INTO sources (person_id, url) VALUES ('matt-mccullough', 'https://goppredators.wordpress.com/2025/08/21/1427-matt-mccullough/');
INSERT INTO sources (person_id, url) VALUES ('matt-mccullough', 'https://buckscountybeacon.com/2022/10/mccullough-campaign-ad-under-fire-for-featuring-racist-former-school-board-candidate-who-shares-conspiracy-theories/');
INSERT INTO sources (person_id, url) VALUES ('matt-mccullough', 'https://www.phillyburbs.com/story/news/politics/elections/2022/09/23/bucks-county-democrats-pa-10th-district-matt-mccullough-steve-santarsiero-police-report/69514863007/');
INSERT INTO sources (person_id, url) VALUES ('matt-mccullough', 'https://levittownnow.com/2022/09/22/candidate-has-past-public-intoxication-arrest-but-says-hes-taken-full-responsibility-for-it/');
INSERT OR REPLACE INTO people (id, name, status, level, state, office, crime_description, summary, still_in_office, offense_year, conviction_year, event_date) VALUES ('russ-casey', 'Russ Casey', 'convicted', 'adjacent', 'TX', '', 'Indecent Exposure/Sexual Harassment/Assault', 'Russ Casey Russ Casey was a Justice of the Peace in Tarrant County, Texas. He was running for re-election in the Republican primary when he was discovered to have forged his petition signatures.', NULL, NULL, NULL, NULL);
INSERT INTO crime_types (person_id, crime_type) VALUES ('russ-casey', 'harassment');
INSERT INTO crime_types (person_id, crime_type) VALUES ('russ-casey', 'indecent-exposure');
INSERT INTO sources (person_id, url) VALUES ('russ-casey', 'https://goppredators.wordpress.com/2025/08/20/1425-russ-casey/');
INSERT INTO sources (person_id, url) VALUES ('russ-casey', 'https://texasscorecard.com/local/no-jail-time-for-tarrant-judge-guilty-of-felony-voter-fraud/');
INSERT INTO sources (person_id, url) VALUES ('russ-casey', 'https://www.dallasnews.com/news/watchdog/2018/05/18/after-forgery-and-sex-scandals-ousted-convicted-judge-wears-a-felony-face-of-shame/');
INSERT INTO sources (person_id, url) VALUES ('russ-casey', 'https://www.nbcdfw.com/news/local/clerks-semen-stained-dress-proof-of-judges-sexual-harassment-lawsuit/1986100/');
INSERT INTO sources (person_id, url) VALUES ('russ-casey', 'https://www.star-telegram.com/news/local/fort-worth/article31476860.html');
INSERT OR REPLACE INTO people (id, name, status, level, state, office, crime_description, summary, still_in_office, offense_year, conviction_year, event_date) VALUES ('jon-stanard', 'Jon Stanard', 'alleged', 'state', 'UT', 'State Representative', 'Hired Sex Worker/Use taxpayer funds', 'Jon Stanard Jon Stanard was a Utah State Representative until he resigned in 2018. At first it was unclear why this fervent family-values politician resigned, until news came out that he was under investigation for using taxpayer funds to pay for the hotel rooms when he met with a sex worker.', NULL, NULL, NULL, '2018-02-09');
INSERT INTO crime_types (person_id, crime_type) VALUES ('jon-stanard', 'other');
INSERT INTO sources (person_id, url) VALUES ('jon-stanard', 'https://goppredators.wordpress.com/2025/08/19/1424-jon-stanard/');
INSERT INTO sources (person_id, url) VALUES ('jon-stanard', 'https://reason.com/2018/02/09/family-values-republican-who-paid-for-se/');
INSERT INTO sources (person_id, url) VALUES ('jon-stanard', 'https://theweek.com/speedreads/754178/utah-taxpayers-reimbursed-gop-lawmaker-hotels-allegedly-used-trysts-prostitute');
INSERT INTO sources (person_id, url) VALUES ('jon-stanard', 'https://www.cbsnews.com/news/jon-stanard-utah-lawmaker-hotel-paid-by-public-records-show-prostitute-report-brie-taylor/');
INSERT INTO sources (person_id, url) VALUES ('jon-stanard', 'https://www.newspapers.com/paper/kearney-hub/34248/');
INSERT OR REPLACE INTO people (id, name, status, level, state, office, crime_description, summary, still_in_office, offense_year, conviction_year, event_date) VALUES ('will-gardner', 'Will Gardner', 'alleged', 'federal', 'ND', '', 'Peeping/Disorderly Conduct', 'Will Gardner Will Gardner was the Republican Party-endorsed candidate for North Dakota Secretary of State. He withdrew from the race after news surfaced of his arrest when he was 29 years old.', NULL, NULL, NULL, '2018-05-19');
INSERT INTO crime_types (person_id, crime_type) VALUES ('will-gardner', 'other');
INSERT INTO sources (person_id, url) VALUES ('will-gardner', 'https://goppredators.wordpress.com/2025/08/19/1423-will-gardner/');
INSERT INTO sources (person_id, url) VALUES ('will-gardner', 'https://www.mprnews.org/story/2018/05/20/north-dakota-politician-accused-in-peeping-incident-ends-run-for-office');
INSERT INTO sources (person_id, url) VALUES ('will-gardner', 'https://www.kfyrtv.com/content/news/Republican-Secretary-of-State-candidate-drops-out-of-race-483164351.html');
INSERT INTO sources (person_id, url) VALUES ('will-gardner', 'https://www.inforum.com/newsmd/i-messed-up-nd-secretary-of-state-hopeful-confronts-2006-ndsu-window-peeping-incident');
INSERT OR REPLACE INTO people (id, name, status, level, state, office, crime_description, summary, still_in_office, offense_year, conviction_year, event_date) VALUES ('brad-namdar', 'Brad Namdar', 'alleged', 'adjacent', 'TX', 'Coach', 'Child Molestation, Refused to Pay Sex Worker', 'Brad Namdar was a GOP primary candidate contending for US House District 32, He made trafficking his key campaign issue after already making a reputation as an anti-trafficking crusader. However, a sex worker reported he twice solicited her for sex and the second time, he didn''t pay her.', NULL, NULL, NULL, NULL);
INSERT INTO crime_types (person_id, crime_type) VALUES ('brad-namdar', 'child-molestation');
INSERT INTO sources (person_id, url) VALUES ('brad-namdar', 'https://goppredators.wordpress.com/2025/08/16/1422-brad-namdar/');
INSERT INTO sources (person_id, url) VALUES ('brad-namdar', 'https://www.dallasnews.com/news/investigations/2022/02/12/dallas-gop-congressional-candidate-brad-namdar-accused-of-soliciting-sex-from-escort/');
INSERT INTO sources (person_id, url) VALUES ('brad-namdar', 'https://www.dallasnews.com/news/investigations/2022/02/15/dallas-congressional-candidate-defiant-opponents-largely-mum-after-escort-solicitation-allegations/');
INSERT OR REPLACE INTO people (id, name, status, level, state, office, crime_description, summary, still_in_office, offense_year, conviction_year, event_date) VALUES ('johnny-hunt', 'Johnny Hunt', 'alleged', 'adjacent', 'GA', 'Pastor', 'Sexual Assault', 'Johnny Hunt Johnny Hunt was the pastor of the First Baptist Church of Woodstock, Georgia for thirty-three years. He was one of the pastors who supported Franklin Graham''s Day of Prayer in support of Donald Trump.', NULL, NULL, NULL, NULL);
INSERT INTO crime_types (person_id, crime_type) VALUES ('johnny-hunt', 'assault');
INSERT INTO sources (person_id, url) VALUES ('johnny-hunt', 'https://goppredators.wordpress.com/2025/08/16/1421-johnny-hunt/');
INSERT INTO sources (person_id, url) VALUES ('johnny-hunt', 'http://www.ajc.com/lifestyles/praying-for-president-franklin-graham-finds-support-criticism-spotlighting-trump-sunday/5sce4BS3t4y49xeSvkWqOL/');
INSERT INTO sources (person_id, url) VALUES ('johnny-hunt', 'https://www.sbc.net/satf/');
INSERT INTO sources (person_id, url) VALUES ('johnny-hunt', 'https://www.kentuckytoday.com/baptist_life/hunt-resigns-from-namb-named-in-guidepost-report/article_491a07ac-da2f-11ec-b73a-db9a1530e111.html');
INSERT INTO sources (person_id, url) VALUES ('johnny-hunt', 'https://baptistnews.com/article/johnny-hunt-tells-his-side-of-the-story-including-his-definition-of-adultery/');
INSERT INTO sources (person_id, url) VALUES ('johnny-hunt', 'https://www.christianitytoday.com/2025/03/southern-baptist-convention-lawsuit-abuse-report-johnny-hunt/');
INSERT OR REPLACE INTO people (id, name, status, level, state, office, crime_description, summary, still_in_office, offense_year, conviction_year, event_date) VALUES ('le-veon-bell', 'Le’Veon Bell', 'convicted', 'adjacent', 'OH', '', 'Child Molestation', 'Le''Veon Bell Le’Veon Bell is a former NFL player who endorsed Trump, threatening to leave the country if Kamala Harris were elected. His misogyny was on loud and open display as he insulted Harris while rallying for a serial adulterer, adjudicated rapist, and sexual predators.', NULL, NULL, NULL, NULL);
INSERT INTO crime_types (person_id, crime_type) VALUES ('le-veon-bell', 'child-molestation');
INSERT INTO sources (person_id, url) VALUES ('le-veon-bell', 'https://goppredators.wordpress.com/2025/08/14/1420-leveon-bell/');
INSERT INTO sources (person_id, url) VALUES ('le-veon-bell', 'https://www.cbssports.com/nfl/news/jury-orders-ex-nfl-player-leveon-bell-to-pay-25-million-in-damages-in-sexual-abuse-case/');
INSERT INTO sources (person_id, url) VALUES ('le-veon-bell', 'https://www.dispatch.com/story/news/courts/2025/03/11/ohio-jury-says-ex-nfl-star-leveon-bell-owes-25-million-for-sexual-assault-columbus-pittsburgh/81989159007/');
INSERT OR REPLACE INTO people (id, name, status, level, state, office, crime_description, summary, still_in_office, offense_year, conviction_year, event_date) VALUES ('antonio-brown', 'Antonio Brown', 'charged', 'adjacent', 'FL', '', 'Indecent Exposure, Rape, Attempted Murder', 'Antonio Brown after speaking at Trump 2024 rally Antonio Brown is a former NFL player who spoke on behalf of Donald Trump for President and attacked Kamala Harris because women are too emotional. He was accused of sexual assault and rape by his former trainer.', NULL, NULL, NULL, NULL);
INSERT INTO crime_types (person_id, crime_type) VALUES ('antonio-brown', 'rape');
INSERT INTO crime_types (person_id, crime_type) VALUES ('antonio-brown', 'murder');
INSERT INTO crime_types (person_id, crime_type) VALUES ('antonio-brown', 'indecent-exposure');
INSERT INTO sources (person_id, url) VALUES ('antonio-brown', 'https://goppredators.wordpress.com/2025/08/14/1419-antonio-brown/');
INSERT INTO sources (person_id, url) VALUES ('antonio-brown', 'https://news.meaww.com/antonio-brown-shares-sexist-reason-for-not-backing-harris-in-2024-election-lot-of-emotions-with-women');
INSERT INTO sources (person_id, url) VALUES ('antonio-brown', 'https://haaslawpllc.com/wp-content/uploads/2019/09/1_Complaint.pdf');
INSERT INTO sources (person_id, url) VALUES ('antonio-brown', 'https://www.nbcnews.com/news/sports/antonio-brown-reaches-settlement-former-trainer-who-accused-him-sexual-n1264913');
INSERT INTO sources (person_id, url) VALUES ('antonio-brown', 'https://www.si.com/nfl/2019/09/16/antonio-brown-new-england-patriots-lawsuits-accusations-sexual-midconduct-assault');
INSERT INTO sources (person_id, url) VALUES ('antonio-brown', 'https://www.si.com/nfl/2019/09/19/antonio-brown-accuser-text-messages');
INSERT INTO sources (person_id, url) VALUES ('antonio-brown', 'https://bleacherreport.com/articles/10050873-antonio-brown-exposes-himself-to-hotel-guests-at-swimming-pool-in-leaked-video');
INSERT OR REPLACE INTO people (id, name, status, level, state, office, crime_description, summary, still_in_office, offense_year, conviction_year, event_date) VALUES ('carlton-huffman', 'Carlton Huffman', 'alleged', 'state', 'NC', '', 'Sexual Assault', 'Carlton Huffman Carlton Huffman is a former GOP campaign consultant who worked for Republican campaigns in Wisconsin, Georgia, and North Carolina. He worked as the Grassroots Director for the Wisconsin Republican Party until December 2020, though, despite the likely effect on his career, he denied t', NULL, NULL, NULL, '2024-04-26');
INSERT INTO crime_types (person_id, crime_type) VALUES ('carlton-huffman', 'assault');
INSERT INTO sources (person_id, url) VALUES ('carlton-huffman', 'https://goppredators.wordpress.com/2025/08/14/1418-carlton-huffman/');
INSERT INTO sources (person_id, url) VALUES ('carlton-huffman', 'https://www.thedailybeast.com/matt-schlapps-accuser-was-paid-to-drop-sexual-assault-suit/');
INSERT INTO sources (person_id, url) VALUES ('carlton-huffman', 'https://www.cnn.com/2023/03/10/politics/carlton-huffman-gop-strategist-sexual-assault-allegation');
INSERT INTO sources (person_id, url) VALUES ('carlton-huffman', 'https://www.washingtonpost.com/politics/2023/03/10/cpac-matt-schlapp-sexual-misconduct-claim/');
INSERT OR REPLACE INTO people (id, name, status, level, state, office, crime_description, summary, still_in_office, offense_year, conviction_year, event_date) VALUES ('scott-finkbeiner', 'Scott Finkbeiner', 'convicted', 'local', 'AR', 'Sheriff', 'Coercion, Abuse of Power', 'Scott Finkbeiner Derek Scott Finkbeiner was the Sheriff of Hot Springs County in Arkansas. While sheriff, Finkbeiner warned a local drug dealer that federal investigators were investigating the dealer, even pointing out where they had placed a surveillance camera.', NULL, NULL, NULL, NULL);
INSERT INTO crime_types (person_id, crime_type) VALUES ('scott-finkbeiner', 'other');
INSERT INTO sources (person_id, url) VALUES ('scott-finkbeiner', 'https://goppredators.wordpress.com/2025/08/14/1417-scott-finkbeiner/');
INSERT INTO sources (person_id, url) VALUES ('scott-finkbeiner', 'https://www.kark.com/crime/hot-spring-county-sheriff-scott-finkbeiner-charged-with-obstruction-of-justice-tied-to-federal-drug-investigation/');
INSERT INTO sources (person_id, url) VALUES ('scott-finkbeiner', 'https://www.malvern-online.com/news/federal-prosecutors-request-years-above-typical-sentencing-range-for-former-hsc-sheriff/article_e584343f-429e-4507-8ed7-995a2b4e64d5.html');
INSERT INTO sources (person_id, url) VALUES ('scott-finkbeiner', 'https://www.thv11.com/article/news/local/sentence-hot-spring-county-sheriff-state-charges/91-e51857f3-cbed-42c7-bda7-8565b0459b8b');
INSERT INTO sources (person_id, url) VALUES ('scott-finkbeiner', 'https://caseinfonew.arcourts.gov/opad/case/30CR-24-59');
INSERT OR REPLACE INTO people (id, name, status, level, state, office, crime_description, summary, still_in_office, offense_year, conviction_year, event_date) VALUES ('mike-maroney', 'Mike Maroney', 'convicted', 'state', 'WV', 'State Senator', 'Indecent Exposure', 'Mike Maroney Mike Maroney is a former West Virginia State Senator who served from 2016 to 2024. He is also a radiologist.', NULL, NULL, 2025, '2024-08-16');
INSERT INTO crime_types (person_id, crime_type) VALUES ('mike-maroney', 'indecent-exposure');
INSERT INTO sources (person_id, url) VALUES ('mike-maroney', 'https://goppredators.wordpress.com/2025/08/13/1416-mike-maroney/');
INSERT INTO sources (person_id, url) VALUES ('mike-maroney', 'https://www.theintelligencer.net/znewsletter-sunday/2025/03/magistrate-rejects-plea-agreement-in-case-of-former-state-sen-dr-mike-maroney-2/');
INSERT INTO sources (person_id, url) VALUES ('mike-maroney', 'https://www.bostonglobe.com/2024/08/14/nation/mike-maroney-west-virginia-senator-arrested/');
INSERT INTO sources (person_id, url) VALUES ('mike-maroney', 'https://www.theintelligencer.net/news/top-headlines/2025/06/former-sen-mike-maroney-pleads-guilty-to-indecent-exposure-charge-in-marshall-county/');
INSERT INTO sources (person_id, url) VALUES ('mike-maroney', 'https://infoweb-newsbank-com.proxy.multcolib.org/apps/news/browse-pub?p=AMNEWS&amp;t=pubname%3ACGZM%21Charleston%2BGazette-Mail%2B%2528WV%2529&amp;action=browse');
INSERT OR REPLACE INTO people (id, name, status, level, state, office, crime_description, summary, still_in_office, offense_year, conviction_year, event_date) VALUES ('kurt-schenk', 'Kurt Schenk', 'alleged', 'adjacent', 'PA', 'City Councilmember', 'Sexual Assault of Intellectually Disabled Woman', 'Kurt Schenk Kurt W. Schenk was a city councilman for Coatesville, Pennsylvania as well as pastor of a local church.', NULL, NULL, NULL, '2024-12-13');
INSERT INTO crime_types (person_id, crime_type) VALUES ('kurt-schenk', 'assault');
INSERT INTO sources (person_id, url) VALUES ('kurt-schenk', 'https://goppredators.wordpress.com/2025/08/13/1415-kurt-schenk/');
INSERT INTO sources (person_id, url) VALUES ('kurt-schenk', 'https://chestercountyramblings.com/2024/10/30/what-would-jesus-do/');
INSERT INTO sources (person_id, url) VALUES ('kurt-schenk', 'https://www.inquirer.com/crime/kurt-schenk-sexual-assault-parkesburg-20241212.html');
INSERT INTO sources (person_id, url) VALUES ('kurt-schenk', 'https://infoweb-newsbank-com.proxy.multcolib.org/apps/news/browse-pub?p=AMNEWS&amp;t=pubname%3APIP2P-EEDT%21Philadelphia%2BInquirer%252C%2BThe%2B%2528PA%2529&amp;action=browse');
INSERT OR REPLACE INTO people (id, name, status, level, state, office, crime_description, summary, still_in_office, offense_year, conviction_year, event_date) VALUES ('timothy-mcghee', 'Timothy McGhee', 'charged', 'adjacent', 'VA', '', 'Indecent Liberties with Minor', 'Timothy Thomas Christensen McGhee Timothy Thomas Christensen McGhee was the Republican candidate for House District 45 in 2012 and for Senate District 30 in 2011 . In January, 2025, he was arrested and charged with stalking and taking liberties with a child.', NULL, NULL, NULL, '2025-09-29');
INSERT INTO crime_types (person_id, crime_type) VALUES ('timothy-mcghee', 'other');
INSERT INTO sources (person_id, url) VALUES ('timothy-mcghee', 'https://goppredators.wordpress.com/2025/08/13/1414-timothy-mcghee/');
INSERT INTO sources (person_id, url) VALUES ('timothy-mcghee', 'https://historical.elections.virginia.gov/candidates/view/Timothy-Thomas-Christensen-McGhee');
INSERT INTO sources (person_id, url) VALUES ('timothy-mcghee', 'https://wjla.com/news/local/arlington-public-schools-employee-arrested-for-stalking-taking-liberties-with-student-victim-sexual-coercion-substitute-teacher-police-department-special-victims-unit-other-victims-relationship-virginia-dmv-crime-investigation');
INSERT INTO sources (person_id, url) VALUES ('timothy-mcghee', 'https://www.alxnow.com/2025/03/06/just-in-details-on-alexandria-resident-charged-taking-indecent-liberties-with-arlington-high-school-student/');
INSERT INTO sources (person_id, url) VALUES ('timothy-mcghee', 'https://infoweb-newsbank-com.proxy.multcolib.org/apps/news/browse-pub?p=AMNEWS&amp;t=pubname%3AAAVA%21ARLNow%2B%2528Arlington%252C%2BVA%2529&amp;action=browse');
INSERT OR REPLACE INTO people (id, name, status, level, state, office, crime_description, summary, still_in_office, offense_year, conviction_year, event_date) VALUES ('william-kenneth-kendall', 'William Kenneth Kendall', 'charged', 'adjacent', 'UT', 'Judge', 'Sexual Assault', 'William Kenneth Kendall William Kenneth Kendall has been Third District Judge in Utah since his appointment in 2014. In April, 2025, he was indicted for providing an illegal substance (THC) and for forcible sexual assault.', NULL, NULL, NULL, '2025-04-18');
INSERT INTO crime_types (person_id, crime_type) VALUES ('william-kenneth-kendall', 'assault');
INSERT INTO sources (person_id, url) VALUES ('william-kenneth-kendall', 'https://goppredators.wordpress.com/2025/08/12/1413-william-kendall/');
INSERT INTO sources (person_id, url) VALUES ('william-kenneth-kendall', 'https://ktvz.com/cnn-regional/2025/04/18/salt-lake-city-judge-charged-with-forcible-sexual-abuse-resigns/');
INSERT INTO sources (person_id, url) VALUES ('william-kenneth-kendall', 'https://kutv.com/news/2news-investigates/former-judge-appears-in-court-after-motion-to-waive-in-person-appearance-denied');
INSERT INTO sources (person_id, url) VALUES ('william-kenneth-kendall', 'https://infoweb-newsbank-com.proxy.multcolib.org/apps/news/browse-pub?p=AMNEWS&amp;t=pubname%3ADSNB%21Deseret%2BNews%252C%2BThe%2B%2528Salt%2BLake%2BCity%252C%2BUT%2529&amp;action=browse');
INSERT OR REPLACE INTO people (id, name, status, level, state, office, crime_description, summary, still_in_office, offense_year, conviction_year, event_date) VALUES ('david-whitmire', 'David Whitmire', 'charged', 'local', 'TX', 'Judge', 'Sexual Assault', 'David Whitmire David Whitmire is a Commissioner representing Precinct 3 in Liberty County, Texas. His previous claim to fame was mocking dog advocates by barking and woofing with county judge Jay Knight, prompting calls for their recall.', NULL, NULL, NULL, '2025-04-26');
INSERT INTO crime_types (person_id, crime_type) VALUES ('david-whitmire', 'assault');
INSERT INTO sources (person_id, url) VALUES ('david-whitmire', 'https://goppredators.wordpress.com/2025/08/12/1412-david-whitmire/');
INSERT INTO sources (person_id, url) VALUES ('david-whitmire', 'https://www.click2houston.com/news/local/2025/01/29/commissioner-says-leaked-audio-of-liberty-county-officials-mocking-animal-advocates-should-not-have-happened/');
INSERT INTO sources (person_id, url) VALUES ('david-whitmire', 'https://www.co.liberty.tx.us/page/liberty.comm3');
INSERT INTO sources (person_id, url) VALUES ('david-whitmire', 'https://abc13.com/post/liberty-county-commissioner-david-whitmire-accused-sexual-assault-alleged-child-support-scheme/16242110/');
INSERT INTO sources (person_id, url) VALUES ('david-whitmire', 'https://www.houstonpublicmedia.org/articles/news/local/2025/04/25/519866/liberty-county-commissioner-david-whitmire-charged-with-sexual-assault/');
INSERT INTO sources (person_id, url) VALUES ('david-whitmire', 'https://infoweb-newsbank-com.proxy.multcolib.org/apps/news/browse-pub?p=AMNEWS&amp;t=pubname%3AHCH2-EEDT%21Houston%2BChronicle%2B%2528TX%2529&amp;action=browse');
INSERT OR REPLACE INTO people (id, name, status, level, state, office, crime_description, summary, still_in_office, offense_year, conviction_year, event_date) VALUES ('elgene-gary', 'Elgene Gary', 'convicted', 'adjacent', 'LA', 'Police Officer', 'Sexual Battery of a Child', 'Elgene Gary Elgene Gary is a former police officer and city councilor in Grand Isle, Louisiana. He is also a former member of the Grand Isle Port Commission.', NULL, NULL, NULL, '2025-06-17');
INSERT INTO crime_types (person_id, crime_type) VALUES ('elgene-gary', 'rape');
INSERT INTO crime_types (person_id, crime_type) VALUES ('elgene-gary', 'assault');
INSERT INTO sources (person_id, url) VALUES ('elgene-gary', 'https://goppredators.wordpress.com/2025/08/12/1411-elgene-gary/');
INSERT INTO sources (person_id, url) VALUES ('elgene-gary', 'https://www.wdsu.com/article/grand-isle-councilman-ex-cop-convicted-sexual-battery/64930645');
INSERT INTO sources (person_id, url) VALUES ('elgene-gary', 'https://www.jpda.us/former-grand-isle-councilman-elgene-gary-sr-gets-45-year-sentence-for-molesting-girls/');
INSERT INTO sources (person_id, url) VALUES ('elgene-gary', 'https://infoweb-newsbank-com.proxy.multcolib.org/apps/news/browse-pub?p=AMNEWS&amp;t=pubname%3ATPN2-EEDT%21Times-Picayune%252C%2BThe%2B%2528New%2BOrleans%252C%2BLA%2529&amp;action=browse');
INSERT OR REPLACE INTO people (id, name, status, level, state, office, crime_description, summary, still_in_office, offense_year, conviction_year, event_date) VALUES ('richard-renno', 'Richard Renno', 'charged', 'adjacent', 'MO', '', 'Soliciting a Minor', 'Richard "Rick" Renno Richard "Rick" Renno was the Treasurer of Benton County, Missouri. In June, 2025, he was charged with enticement or attempted enticement of a child and sexual misconduct involving a child under 15.', NULL, NULL, NULL, NULL);
INSERT INTO crime_types (person_id, crime_type) VALUES ('richard-renno', 'solicitation');
INSERT INTO sources (person_id, url) VALUES ('richard-renno', 'https://goppredators.wordpress.com/2025/08/12/1410-rick-renno/');
INSERT INTO sources (person_id, url) VALUES ('richard-renno', 'https://fox4kc.com/news/benton-county-treasurer-charged-of-child-enticement-using-grindr/');
INSERT INTO sources (person_id, url) VALUES ('richard-renno', 'https://clintondailydemocrat.com/stories/benton-county-treasurer-richard-renno-resigns-after-ag-files-for-removal-warsaw-rick-attorney-general-petition,124258');
INSERT INTO sources (person_id, url) VALUES ('richard-renno', 'https://www.courts.mo.gov/cnet/cases/newHeader.do?inputVO.caseNumber=25BE-CR00205&amp;inputVO.courtId=SMPDB0005_CT30#charges');
INSERT OR REPLACE INTO people (id, name, status, level, state, office, crime_description, summary, still_in_office, offense_year, conviction_year, event_date) VALUES ('ned-b-hansen', 'Ned B. Hansen', 'charged', 'adjacent', 'UT', 'Judge', 'Child Sexual Assault', 'Ned Brady Hansen Ned B. Hansen was the fire chief in Tremonton, Utah and at Jackson Hole before that.', NULL, NULL, NULL, '2025-07-05');
INSERT INTO crime_types (person_id, crime_type) VALUES ('ned-b-hansen', 'assault');
INSERT INTO sources (person_id, url) VALUES ('ned-b-hansen', 'https://goppredators.wordpress.com/2025/08/06/1409-ned-b-hansen/');
INSERT INTO sources (person_id, url) VALUES ('ned-b-hansen', 'https://www.hjnews.com/news/local/updated-tremonton-fire-chief-arrested-for-alleged-possession-and-sharing-of-child-pornography/article_37c2010a-de99-11ef-87c5-bfdc173f8dea.html');
INSERT INTO sources (person_id, url) VALUES ('ned-b-hansen', 'https://gephardtdaily.com/local/former-tremonton-fire-chief-makes-first-court-appearance-in-child-exploitation-case/');
INSERT INTO sources (person_id, url) VALUES ('ned-b-hansen', 'https://idahonews.com/news/local/fire-chief-judge-who-released-him-on-bail-had-sexual-relationship-shared-child-porn-03-12-2025');
INSERT INTO sources (person_id, url) VALUES ('ned-b-hansen', 'https://kutv.com/news/local/former-utah-fire-chief-faces-new-felony-child-sex-abuse-charge');
INSERT INTO sources (person_id, url) VALUES ('ned-b-hansen', 'https://infoweb-newsbank-com.proxy.multcolib.org/apps/news/browse-pub?p=AMNEWS&amp;t=pubname%3APRI9-EEDT%21Post%2BRegister%2B%2528Idaho%2BFalls%252C%2BID%2529&amp;action=browse');
INSERT OR REPLACE INTO people (id, name, status, level, state, office, crime_description, summary, still_in_office, offense_year, conviction_year, event_date) VALUES ('kevin-christensen', 'Kevin Christensen', 'charged', 'local', 'UT', 'Judge', 'Grooming, Child Sexual Exploitation', 'Kevin Christensen Kevin Christensen was a justice court judge in four different Utah municipalities. In 2013, he was censured for quadruple-dipping , so to speak, collecting more than what is allowed by law.', NULL, NULL, NULL, NULL);
INSERT INTO crime_types (person_id, crime_type) VALUES ('kevin-christensen', 'csam');
INSERT INTO crime_types (person_id, crime_type) VALUES ('kevin-christensen', 'grooming');
INSERT INTO sources (person_id, url) VALUES ('kevin-christensen', 'https://goppredators.wordpress.com/2025/08/06/1408-kevin-christensen/');
INSERT INTO sources (person_id, url) VALUES ('kevin-christensen', 'https://jcc.utah.gov/wp-content/uploads/ChristensenKevin2013-05Censure.pdf');
INSERT INTO sources (person_id, url) VALUES ('kevin-christensen', 'https://www.hjnews.com/preston/news/local/box-elder-county-judge-kevin-christensen-being-held-without-bail-following-arrest-over-alleged-child/article_ab923f22-fdd5-11ef-8fa2-534894786062.html');
INSERT INTO sources (person_id, url) VALUES ('kevin-christensen', 'https://www.ksl.com/article/51275510/box-elder-county-judge-resigns-after-being-charged-with-enticing-minors');
INSERT OR REPLACE INTO people (id, name, status, level, state, office, crime_description, summary, still_in_office, offense_year, conviction_year, event_date) VALUES ('daniel-merrick', 'Daniel Merrick', 'convicted', 'adjacent', 'PA', 'Pastor', 'Child Sexual Abuse Material', 'Daniel Merrick Daniel Merrick is a Messianic Jewish (Christian) pastor, musician, former Christian television host, and a songwriter in Smethport, Pennsylvania. He has also been charged with more than 800 counts relating to child sexual abuse material.', NULL, NULL, NULL, NULL);
INSERT INTO crime_types (person_id, crime_type) VALUES ('daniel-merrick', 'csam');
INSERT INTO crime_types (person_id, crime_type) VALUES ('daniel-merrick', 'assault');
INSERT INTO sources (person_id, url) VALUES ('daniel-merrick', 'https://goppredators.wordpress.com/2025/08/06/1407-daniel-merrick/');
INSERT INTO sources (person_id, url) VALUES ('daniel-merrick', 'https://en.wikipedia.org/wiki/Messianic_Judaism');
INSERT INTO sources (person_id, url) VALUES ('daniel-merrick', 'https://www.bradfordera.com/2023/02/25/merrick-jailed-on-over-880-felony-counts-of-child-pornography/');
INSERT INTO sources (person_id, url) VALUES ('daniel-merrick', 'https://www.bradfordera.com/2025/01/17/merrick-pleads-to-possessing-child-porn/');
INSERT INTO sources (person_id, url) VALUES ('daniel-merrick', 'https://www.bradfordera.com/2025/05/30/former-pastor-asks-withdraw-guilty-plea-child-porn/');
INSERT INTO sources (person_id, url) VALUES ('daniel-merrick', 'https://mckean.crimewatchpa.com/da/136029/post/smethport-man-accused-possessing-child-pornography');
INSERT OR REPLACE INTO people (id, name, status, level, state, office, crime_description, summary, still_in_office, offense_year, conviction_year, event_date) VALUES ('michael-tait', 'Michael Tait', 'alleged', 'adjacent', 'DC', '', 'Sexual Assault', 'Michael Tait Michael Tait is a contemporary Christian music star with nearly twenty albums of Christian rock music. He was one of the Evangelicals for Trump who rallied to support him.', NULL, NULL, NULL, '2025-06-24');
INSERT INTO crime_types (person_id, crime_type) VALUES ('michael-tait', 'assault');
INSERT INTO sources (person_id, url) VALUES ('michael-tait', 'https://goppredators.wordpress.com/2025/08/06/1406-michael-tait/');
INSERT INTO sources (person_id, url) VALUES ('michael-tait', 'https://www.theguardian.com/us-news/2025/jun/13/michael-tait-sexual-assault-allegations');
INSERT INTO sources (person_id, url) VALUES ('michael-tait', 'https://julieroys.com/former-newsboys-frontman-michael-tait-accused-sexual-assault-grooming-substance-abuse-dating-back-to-2004/');
INSERT INTO sources (person_id, url) VALUES ('michael-tait', 'https://www.out.com/celebs/michael-tait-sexual-assault-accusations#toggle-gdpr');
INSERT INTO sources (person_id, url) VALUES ('michael-tait', 'https://www.newspapers.com/paper/the-tennessean/3707/');
INSERT OR REPLACE INTO people (id, name, status, level, state, office, crime_description, summary, still_in_office, offense_year, conviction_year, event_date) VALUES ('joshua-dice', 'Joshua Dice', 'charged', 'adjacent', 'FL', 'Teacher', 'Soliciting a Minor', 'Joshua Dice Joshua Dice was a teacher at Calvary Christian Academy as well as an employee of Calvary Baptist Church in Middleburg, Florida. He was arrested in June 2025, charged with using a computer to solicit a child for unlawful sexual contact, unlawful use of a two-way communication device and t', NULL, NULL, NULL, NULL);
INSERT INTO crime_types (person_id, crime_type) VALUES ('joshua-dice', 'solicitation');
INSERT INTO sources (person_id, url) VALUES ('joshua-dice', 'https://goppredators.wordpress.com/2025/08/06/1405-joshua-dice/');
INSERT INTO sources (person_id, url) VALUES ('joshua-dice', 'https://claysheriff.policetocitizen.com/Inmates/Catalog');
INSERT INTO sources (person_id, url) VALUES ('joshua-dice', 'https://www.firstcoastnews.com/article/news/crime/middleburg-christian-school-teacher-arrested-sexual-conduct-with-child-calvary-christian-academy/77-ce14af08-4f53-406d-8ecf-7b8805dd06fb');
INSERT INTO sources (person_id, url) VALUES ('joshua-dice', 'https://jaxtoday.org/2025/06/13/middleburg-schoolteacher-accused-of-sexual-conduct-with-child/');
INSERT OR REPLACE INTO people (id, name, status, level, state, office, crime_description, summary, still_in_office, offense_year, conviction_year, event_date) VALUES ('david-finkel', 'David Finkel', 'charged', 'local', 'IN', 'Mayor', 'Child Sexual Abuse Material', 'David Finkel David Finkel was the Vice-President of the Shelbyville, Indiana, School Board and a former Republican primary candidate for mayor in 2023. He stepped down from the school board after he was arrested in June 2025 and charged with possession of child sexual abuse material and sexual explo', NULL, NULL, NULL, '2025-06-18');
INSERT INTO crime_types (person_id, crime_type) VALUES ('david-finkel', 'csam');
INSERT INTO crime_types (person_id, crime_type) VALUES ('david-finkel', 'assault');
INSERT INTO sources (person_id, url) VALUES ('david-finkel', 'https://goppredators.wordpress.com/2025/07/30/1404-david-finkel/');
INSERT INTO sources (person_id, url) VALUES ('david-finkel', 'https://www.shelbynews.com/news/finkel-announces-run-for-mayor/article_007274d7-7d1c-5216-8c23-47e24c39a8e9.html');
INSERT INTO sources (person_id, url) VALUES ('david-finkel', 'https://ecf.insd.uscourts.gov/cgi-bin/iqquerymenu.pl?222500');
INSERT INTO sources (person_id, url) VALUES ('david-finkel', 'https://fox59.com/news/indycrime/sources-fbi-agents-served-warrant-at-home-of-strand-theatre-owner-as-part-of-child-porn-investigation/');
INSERT INTO sources (person_id, url) VALUES ('david-finkel', 'https://local12.com/news/nation-world/david-finkel-indiana-man-in-his-60s-allegedly-posed-as-woman-engaged-in-explicit-chats-with-minors-crime-criminal-activity-cincinnati-hidden-folder-feds-prosecutors-manipulation-abuser-material-child-pornography-central-school-board-vice-president-resign');
INSERT INTO sources (person_id, url) VALUES ('david-finkel', 'https://www.wthr.com/article/news/crime/child-porn-charges-for-former-shelbyville-school-board-member-david-finkel-the-strand-theatre-sexual-misconduct-minor-fbi-us-marshals-arrest/531-01784865-4c7e-4ebe-a5ff-fb5cd01c17df');
INSERT INTO sources (person_id, url) VALUES ('david-finkel', 'https://www.giant.fm/shelby-county/news/local-news/timeline-revealed-for-case-that-led-to-finkels-arrest/');
INSERT OR REPLACE INTO people (id, name, status, level, state, office, crime_description, summary, still_in_office, offense_year, conviction_year, event_date) VALUES ('robert-j-rj-may', 'Robert J. (RJ) May', 'convicted', 'state', 'SC', '', 'Child Sexual Abuse Material', 'Robert J. (RJ) May (SC): Child Sexual Abuse Material.', NULL, NULL, NULL, NULL);
INSERT INTO crime_types (person_id, crime_type) VALUES ('robert-j-rj-may', 'csam');
INSERT INTO crime_types (person_id, crime_type) VALUES ('robert-j-rj-may', 'assault');
INSERT INTO sources (person_id, url) VALUES ('robert-j-rj-may', 'https://goppredators.wordpress.com/2025/07/28/1403-robert-j-may-iii/');
INSERT INTO sources (person_id, url) VALUES ('robert-j-rj-may', 'https://www.justice.gov/usao-sc/pr/west-columbia-man-indicted-distributing-child-sexual-abuse-materia');
INSERT INTO sources (person_id, url) VALUES ('robert-j-rj-may', 'https://scdailygazette.com/2025/06/12/sc-representative-charged-with-distributing-child-sexual-abuse-material/');
INSERT INTO sources (person_id, url) VALUES ('robert-j-rj-may', 'https://www.kktv.com/2025/06/13/prosecutors-say-republican-lawmaker-used-online-name-joebidennnn69-send-child-sex-material/');
INSERT INTO sources (person_id, url) VALUES ('robert-j-rj-may', 'https://apnews.com/article/sex-crimes-south-carolina-lawmaker-rj-may-82684f0ad98755adb57107cae851d2fd');
INSERT OR REPLACE INTO people (id, name, status, level, state, office, crime_description, summary, still_in_office, offense_year, conviction_year, event_date) VALUES ('judd-stone', 'Judd Stone', 'alleged', 'adjacent', 'TX', '', 'Sexual Harassment', 'Judd Stone Judd Stone was the Solicitor General of Texas. He defended the Texas abortion bounty to the Supreme Court by arguing that just knowing an abortion takes place causes such distress that it rises to a "tort of outrage." Not only can someone whose feelings are hurt by hearing about an aborti', NULL, NULL, NULL, NULL);
INSERT INTO crime_types (person_id, crime_type) VALUES ('judd-stone', 'harassment');
INSERT INTO sources (person_id, url) VALUES ('judd-stone', 'https://goppredators.wordpress.com/2025/07/28/1402-judd-stone/');
INSERT INTO sources (person_id, url) VALUES ('judd-stone', 'https://www.rollingstone.com/politics/politics-news/sb8-abortion-texas-supreme-court-1251678/');
INSERT INTO sources (person_id, url) VALUES ('judd-stone', 'https://www.texastribune.org/2025/06/26/ken-paxton-impeachment-witness-tampering-former-employees/');
INSERT INTO sources (person_id, url) VALUES ('judd-stone', 'https://www.404media.co/texas-solicitor-general-judd-stone-resigned/');
INSERT INTO sources (person_id, url) VALUES ('judd-stone', 'https://abovethelaw.com/2025/05/sexual-harassment-doesnt-begin-to-cover-it-lawsuit-against-former-texas-solicitor-general-goes-interstellar/2/');
INSERT INTO sources (person_id, url) VALUES ('judd-stone', 'https://news.bloomberglaw.com/us-law-week/judd-stone-departs-texas-judicial-vetting-panel-after-lawsuit');
INSERT OR REPLACE INTO people (id, name, status, level, state, office, crime_description, summary, still_in_office, offense_year, conviction_year, event_date) VALUES ('john-denzel', 'John Denzel', 'convicted', 'adjacent', 'OH', '', 'Child Sexual Abuse Material', 'John Denzel John Denzel was the "safe environment manager" for St. Brigid of Kildare, a Catholic school in Dublin, Ohio.', NULL, NULL, NULL, NULL);
INSERT INTO crime_types (person_id, crime_type) VALUES ('john-denzel', 'csam');
INSERT INTO crime_types (person_id, crime_type) VALUES ('john-denzel', 'assault');
INSERT INTO sources (person_id, url) VALUES ('john-denzel', 'https://goppredators.wordpress.com/2025/07/28/1401-john-denzel/');
INSERT INTO sources (person_id, url) VALUES ('john-denzel', 'http://web.archive.org/web/20240704074049/https://stbrigidofkildare.org/welcome/about-us/safe-environment/');
INSERT INTO sources (person_id, url) VALUES ('john-denzel', 'https://www.dispatch.com/story/news/courts/2024/08/07/st-brigid-of-kildares-safe-environment-manager-john-charles-denzel-fired-amid-child-porn-charges/74708996007/');
INSERT INTO sources (person_id, url) VALUES ('john-denzel', 'https://www.catholicnewsagency.com/news/258619/catholic-school-safe-environment-coordinator-fired-after-arrest-for-possessing-child-porn');
INSERT OR REPLACE INTO people (id, name, status, level, state, office, crime_description, summary, still_in_office, offense_year, conviction_year, event_date) VALUES ('david-g-mcconkie', 'David G. McConkie', 'convicted', 'local', 'CO', 'Sheriff Deputy', 'Child Sexual Assault', 'David G. McConkie (CO): Child Sexual Assault.', NULL, NULL, 2025, '2025-07-01');
INSERT INTO crime_types (person_id, crime_type) VALUES ('david-g-mcconkie', 'assault');
INSERT INTO sources (person_id, url) VALUES ('david-g-mcconkie', 'https://goppredators.wordpress.com/2025/07/27/1400-david-g-mcconkie/');
INSERT INTO sources (person_id, url) VALUES ('david-g-mcconkie', 'https://www.fox21news.com/news/former-deputy-district-attorney-sentenced-after-pleading-guilty-to-child-sex-assault/');
INSERT INTO sources (person_id, url) VALUES ('david-g-mcconkie', 'https://www.kktv.com/2025/07/01/former-colorado-prosecutor-sentenced-5-years-supervised-probation-child-sex-assault-case/');
INSERT INTO sources (person_id, url) VALUES ('david-g-mcconkie', 'https://gazette.com/news/local/former-colorado-springs-deputy-district-attorney-church-leader-avoids-prison-time-in-child-sex-assault/article_f0d01f6a-4704-4f95-ad4e-19be7cf0d0f3.html');
INSERT OR REPLACE INTO people (id, name, status, level, state, office, crime_description, summary, still_in_office, offense_year, conviction_year, event_date) VALUES ('jeremy-francis-plonski', 'Jeremy Francis Plonski', 'charged', 'adjacent', 'MN', '', 'Child Rape, Child Sex Abuse Material', 'Jeremy Francis Plonski Jeremy Francis Plonski is a Minnesota State Trooper who is currently on leave pending investigation. He is being held without bail on charges of producing child sexual abuse material.', NULL, NULL, NULL, '2025-05-05');
INSERT INTO crime_types (person_id, crime_type) VALUES ('jeremy-francis-plonski', 'csam');
INSERT INTO crime_types (person_id, crime_type) VALUES ('jeremy-francis-plonski', 'rape');
INSERT INTO crime_types (person_id, crime_type) VALUES ('jeremy-francis-plonski', 'assault');
INSERT INTO sources (person_id, url) VALUES ('jeremy-francis-plonski', 'https://goppredators.wordpress.com/2025/07/26/1399-jeremy-plonski/');
INSERT INTO sources (person_id, url) VALUES ('jeremy-francis-plonski', 'https://www.justice.gov/usao-mn/pr/minnesota-state-trooper-charged-production-child-pornography');
INSERT INTO sources (person_id, url) VALUES ('jeremy-francis-plonski', 'https://www.mprnews.org/story/2025/05/01/minnesota-trooper-charged-with-making-child-sex-abuse-images');
INSERT INTO sources (person_id, url) VALUES ('jeremy-francis-plonski', 'https://dps.mn.gov/news/bca/state-charges-filed-against-jeremy-plonski');
INSERT INTO sources (person_id, url) VALUES ('jeremy-francis-plonski', 'https://infoweb-newsbank-com.proxy.multcolib.org/apps/news/browse-pub?p=AMNEWS&amp;t=pubname%3AMNDNT-EEDT%21Duluth%2BNews%2BTribune%2B%2528MN%2529&amp;action=browse');
INSERT INTO sources (person_id, url) VALUES ('jeremy-francis-plonski', 'https://t.co/H5GntUIG4I');
INSERT INTO sources (person_id, url) VALUES ('jeremy-francis-plonski', 'https://t.co/RPjpkFWPX9');
INSERT OR REPLACE INTO people (id, name, status, level, state, office, crime_description, summary, still_in_office, offense_year, conviction_year, event_date) VALUES ('rodney-creech', 'Rodney Creech', 'charged', 'state', 'OH', 'State Representative', 'Child Indecency', 'Rodney Creech Rodney Creech is a Republican Ohio state representative who is now running for Ohio senate despite being sanctioned by the Republican-dominated Ohio House and asked to resign by the Republican House Speaker over allegations of sexual misconduct and imposition made by a teenage relative', NULL, NULL, NULL, '2025-06-02');
INSERT INTO crime_types (person_id, crime_type) VALUES ('rodney-creech', 'other');
INSERT INTO sources (person_id, url) VALUES ('rodney-creech', 'https://goppredators.wordpress.com/2025/07/26/1398-rodney-creech/');
INSERT INTO sources (person_id, url) VALUES ('rodney-creech', 'https://www.dispatch.com/story/news/state/2025/05/13/rodney-creech-state-representative-investigation-no-charges/83604614007/');
INSERT INTO sources (person_id, url) VALUES ('rodney-creech', 'https://www.yahoo.com/news/area-lawmaker-gave-4k-county-141000865.html');
INSERT INTO sources (person_id, url) VALUES ('rodney-creech', 'https://www.statenews.org/government-politics/2025-05-14/ohio-house-lawmaker-told-to-resign-over-sexual-abuse-allegations');
INSERT INTO sources (person_id, url) VALUES ('rodney-creech', 'https://www.daytondailynews.com/local/area-lawmaker-gave-4k-to-county-prosecutor-accused-of-turning-away-sexual-misconduct-allegations/37TBPVPPCVCXBBYDGEDNJLJXPE/');
INSERT INTO sources (person_id, url) VALUES ('rodney-creech', 'https://infoweb-newsbank-com.proxy.multcolib.org/apps/news/browse-pub?p=AMNEWS&amp;t=pubname%3AODDN-EEDT%21Dayton%2BDaily%2BNews%2B%2528OH%2529&amp;action=browse');
INSERT OR REPLACE INTO people (id, name, status, level, state, office, crime_description, summary, still_in_office, offense_year, conviction_year, event_date) VALUES ('stephen-kamnik', 'Stephen Kamnik', 'alleged', 'state', 'PA', '', 'Nonconsensual Recording, Child Sex Abuse Material', 'Stephen Kamnick Stephen Kamnik, a Pennsylvania State Police Corporal, has been suspended without pay after an Internal Affairs investigation into misuse of state property (his computer.) However, when they searched his computer, he ended up with 608 criminal charges including the creation of child s', NULL, NULL, NULL, NULL);
INSERT INTO crime_types (person_id, crime_type) VALUES ('stephen-kamnik', 'csam');
INSERT INTO crime_types (person_id, crime_type) VALUES ('stephen-kamnik', 'assault');
INSERT INTO sources (person_id, url) VALUES ('stephen-kamnik', 'https://goppredators.wordpress.com/2025/07/26/1397-stephen-kamnik/');
INSERT INTO sources (person_id, url) VALUES ('stephen-kamnik', 'https://www.attorneygeneral.gov/taking-action/pa-state-police-corporal-faces-new-charges-regarding-secret-recordings-child-sexual-abuse-materials-including-files-he-created-with-a-i/');
INSERT INTO sources (person_id, url) VALUES ('stephen-kamnik', 'https://www.phillyburbs.com/story/news/local/2025/04/24/montgomery-county-state-police-corporal-stephen-kamnik-child-porn-ai-dave-sunday-felony-crime-jnet/83234565007/');
INSERT OR REPLACE INTO people (id, name, status, level, state, office, crime_description, summary, still_in_office, offense_year, conviction_year, event_date) VALUES ('jovant-teague', 'Jovanté Teague', 'convicted', 'local', 'FL', 'Mayor', 'Abuse of Power, Sexual Coercion', 'Jovanté Teague Jovanté Teague is the Vice-Chair of the Florida Republican Party . He was also the vice-mayor of Cross City, Florida.', NULL, NULL, NULL, '2025-05-04');
INSERT INTO crime_types (person_id, crime_type) VALUES ('jovant-teague', 'other');
INSERT INTO sources (person_id, url) VALUES ('jovant-teague', 'https://goppredators.wordpress.com/2025/07/26/1396-jovante-teague/');
INSERT INTO sources (person_id, url) VALUES ('jovant-teague', 'https://florida.gop/party-officers/');
INSERT INTO sources (person_id, url) VALUES ('jovant-teague', 'https://www.orlandoweekly.com/news/top-florida-gop-official-was-convicted-in-probe-into-his-romantic-involvement-with-inmate-during-his-time-as-jail-employee-39423203');
INSERT INTO sources (person_id, url) VALUES ('jovant-teague', 'https://www.tampabay.com/news/florida-politics/2025/05/01/jovante-teague-republican-party-vice-chair-investigation/');
INSERT INTO sources (person_id, url) VALUES ('jovant-teague', 'https://infoweb-newsbank-com.proxy.multcolib.org/apps/news/browse-pub?p=AMNEWS&amp;t=pubname%3AFSHT-EEDT%21Sarasota%2BHerald-Tribune%2B%2528FL%2529&amp;action=browse');
INSERT OR REPLACE INTO people (id, name, status, level, state, office, crime_description, summary, still_in_office, offense_year, conviction_year, event_date) VALUES ('nathan-rees', 'Nathan Rees', 'alleged', 'state', 'ND', '', 'Failure to Report', 'Nathan Rees was a professor at University of North Dakota in the Art and Design Department from 2013 to 2015. He was also a friend of Ray Holmberg.', NULL, NULL, NULL, NULL);
INSERT INTO crime_types (person_id, crime_type) VALUES ('nathan-rees', 'other');
INSERT INTO sources (person_id, url) VALUES ('nathan-rees', 'https://goppredators.wordpress.com/2025/07/23/1395-nathan-rees/');
INSERT INTO sources (person_id, url) VALUES ('nathan-rees', 'http://www.valleynewslive.com/2025/04/27/north-dakota-university-system-responds-recent-reports-regarding-former-sen-ray-holmberg/');
INSERT INTO sources (person_id, url) VALUES ('nathan-rees', 'https://kfgo.com/2025/04/25/ndbci-reports-detail-emails-ray-holmberg-sent-to/');
INSERT INTO sources (person_id, url) VALUES ('nathan-rees', 'https://www.inforum.com/news/north-dakota/north-dakota-higher-ed-leaders-to-investigate-whether-staff-failed-to-report-senators-sexual-misconduct');
INSERT OR REPLACE INTO people (id, name, status, level, state, office, crime_description, summary, still_in_office, offense_year, conviction_year, event_date) VALUES ('nicholas-hacker', 'Nicholas Hacker', 'alleged', 'state', 'ND', 'State Senator', 'Failure to Report', 'Nicholas Hacker Nicholas Hacker is a former North Dakota state senator and served on the North Dakota Board of Higher Education. In 2016 while Hacker was on the Board of Higher Ed, Senator Ray Holmberg sent Hacker an e-mail describing a sexual encounter he had in Taiwan.', NULL, NULL, NULL, '2025-05-02');
INSERT INTO crime_types (person_id, crime_type) VALUES ('nicholas-hacker', 'other');
INSERT INTO sources (person_id, url) VALUES ('nicholas-hacker', 'https://goppredators.wordpress.com/2025/07/23/1394-nick-hacker/');
INSERT INTO sources (person_id, url) VALUES ('nicholas-hacker', 'https://kfgo.com/2025/04/25/ndbci-reports-detail-emails-ray-holmberg-sent-to/');
INSERT INTO sources (person_id, url) VALUES ('nicholas-hacker', 'https://www.yahoo.com/news/higher-ed-leaders-conduct-review-211533212.html');
INSERT INTO sources (person_id, url) VALUES ('nicholas-hacker', 'https://infoweb-newsbank-com.proxy.multcolib.org/apps/news/browse-pub?p=AMNEWS&amp;t=pubname%3ABTRIND-EEDT%21Bismarck%2BTribune%252C%2BThe%2B%2528ND%2529&amp;action=browse');
INSERT OR REPLACE INTO people (id, name, status, level, state, office, crime_description, summary, still_in_office, offense_year, conviction_year, event_date) VALUES ('jay-quam', 'Jay Quam', 'alleged', 'state', 'MN', 'Judge', 'Sexual Harssment', 'Jay Quam Jay Quam was a Hennepin County judge appointed by Republican Governor Tim Pawlenty in 2006. He retired in March, 2025, one month before he was reprimanded by The Minnesota Board on Judicial Standards for a pattern of sexual harassment that included an inappropriate relationship with his cle', NULL, NULL, NULL, NULL);
INSERT INTO crime_types (person_id, crime_type) VALUES ('jay-quam', 'other');
INSERT INTO sources (person_id, url) VALUES ('jay-quam', 'https://goppredators.wordpress.com/2025/07/20/1393-jay-quam/');
INSERT INTO sources (person_id, url) VALUES ('jay-quam', 'http://www.bjs.state.mn.us/file/2505_Public%20Reprimand.pdf');
INSERT INTO sources (person_id, url) VALUES ('jay-quam', 'https://www.startribune.com/former-hennepin-county-judge-reprimanded-for-pattern-of-sexual-harassment-relationship-with-clerk/601339238');
INSERT INTO sources (person_id, url) VALUES ('jay-quam', 'https://minnlawyer.com/2025/04/25/judge-jay-quam-reprimand-misconduct-clerks/');
INSERT OR REPLACE INTO people (id, name, status, level, state, office, crime_description, summary, still_in_office, offense_year, conviction_year, event_date) VALUES ('gail-priest', 'Gail Priest', 'charged', 'adjacent', 'OK', '', 'Failure to Report', 'Gail Priest Gail Priest was a co-founder of 99+1, a foster child advocacy organization that worked to address the very real crisis of foster children aging out and being dumped without resources or assistance in transitioning to independence. She founded the organization with her husband, Michael Pr', NULL, NULL, NULL, '2025-03-15');
INSERT INTO crime_types (person_id, crime_type) VALUES ('gail-priest', 'other');
INSERT INTO sources (person_id, url) VALUES ('gail-priest', 'https://goppredators.wordpress.com/2025/07/20/1392-gail-priest/');
INSERT INTO sources (person_id, url) VALUES ('gail-priest', 'https://ktul.com/news/local/foster-care-advocate-arrested-on-charges-of-child-abuse-and-neglect-osbi-investigates-oklahoma-ada-foundation-99-1-website-human-services-rosario-chico-gail-priest');
INSERT INTO sources (person_id, url) VALUES ('gail-priest', 'https://www.theadanews.com/news/local_news/area-woman-facing-child-endangerment-complaints/article_2f0deb96-004f-11f0-881f-4f63b3eb8b42.html');
INSERT INTO sources (person_id, url) VALUES ('gail-priest', 'https://infoweb-newsbank-com.proxy.multcolib.org/apps/news/browse-pub?p=AMNEWS&amp;t=pubname%3AAENB%21Ada%2BEvening%2BNews%252C%2BThe%2B%2528OK%2529&amp;action=browse');
INSERT OR REPLACE INTO people (id, name, status, level, state, office, crime_description, summary, still_in_office, offense_year, conviction_year, event_date) VALUES ('james-vincent-henry', 'James Vincent Henry', 'convicted', 'adjacent', 'AR', 'Pastor', 'Child Sexual Abuse Material', 'James Vincent Henry James Vincent Henry was the pastor of Crossroads Assembly of God Church in Delight, Arkansas. Prior to that, he served as youth pastor at several churches.', NULL, NULL, NULL, '2024-10-17');
INSERT INTO crime_types (person_id, crime_type) VALUES ('james-vincent-henry', 'csam');
INSERT INTO crime_types (person_id, crime_type) VALUES ('james-vincent-henry', 'assault');
INSERT INTO sources (person_id, url) VALUES ('james-vincent-henry', 'https://goppredators.wordpress.com/2025/07/20/1391-james-vincent-henry/');
INSERT INTO sources (person_id, url) VALUES ('james-vincent-henry', 'https://dps.arkansas.gov/news/cyber-tips-lead-to-arrest-of-pastor-on-100-counts-of-csam/');
INSERT INTO sources (person_id, url) VALUES ('james-vincent-henry', 'https://www.christianpost.com/news/pastor-arrested-charged-with-100-counts-of-child-porn.html');
INSERT INTO sources (person_id, url) VALUES ('james-vincent-henry', 'https://churchleaders.com/news/499147-arkansas-pastor-a-foster-parent-to-70-children-charged-with-100-counts-of-possessing-and-distributing-csam.html');
INSERT INTO sources (person_id, url) VALUES ('james-vincent-henry', 'https://www.thv11.com/article/news/crime/arkansas-pastor-sentenced-child-sexual-abuse-material-possession/91-f14b711d-9e01-4cc1-a1d3-8aff5fdec2d4');
INSERT INTO sources (person_id, url) VALUES ('james-vincent-henry', 'https://infoweb-newsbank-com.proxy.multcolib.org/apps/news/browse-pub?p=AMNEWS&amp;t=pubname%3ATXTAG-EEDT%21Texarkana%2BGazette%2B%2528TX%2529&amp;action=browse');
INSERT OR REPLACE INTO people (id, name, status, level, state, office, crime_description, summary, still_in_office, offense_year, conviction_year, event_date) VALUES ('gary-thomas-keesee-jr', 'Gary Thomas Keesee, Jr.', 'charged', 'local', 'OH', 'County Commissioner', 'Child Sexual Assault', 'Gary Thomas Keesee, Jr. (OH): Child Sexual Assault.', NULL, NULL, NULL, NULL);
INSERT INTO crime_types (person_id, crime_type) VALUES ('gary-thomas-keesee-jr', 'assault');
INSERT INTO sources (person_id, url) VALUES ('gary-thomas-keesee-jr', 'https://goppredators.wordpress.com/2025/07/19/1390-gary-thomas-keesee-jr/');
INSERT INTO sources (person_id, url) VALUES ('gary-thomas-keesee-jr', 'https://www.clerkofcourts.co.knox.oh.us/eservices/home.page.2');
INSERT INTO sources (person_id, url) VALUES ('gary-thomas-keesee-jr', 'https://www.knoxpages.com/2025/04/21/former-faith-life-church-official-indicted-on-27-sexual-abuse-charges/');
INSERT INTO sources (person_id, url) VALUES ('gary-thomas-keesee-jr', 'https://www.dispatch.com/picture-gallery/news/2025/04/23/gary-thomas-keesee-jr-faith-life-church-knox-county-court/83234343007/');
INSERT INTO sources (person_id, url) VALUES ('gary-thomas-keesee-jr', 'https://www.dispatch.com/story/news/local/2025/05/19/gary-keesee-more-sexual-abuse-charges-new-albany-megachurch-son/83731849007/');
INSERT INTO sources (person_id, url) VALUES ('gary-thomas-keesee-jr', 'https://mountvernonnews.com/stories/671837075-keesee-faces-additional-sexual-abuse-charges-after-indictment-amendments');
INSERT OR REPLACE INTO people (id, name, status, level, state, office, crime_description, summary, still_in_office, offense_year, conviction_year, event_date) VALUES ('john-kevin-taylor', 'John Kevin Taylor', 'charged', 'local', 'KY', 'Mayor', 'Child Sexual Abuse Material, Child Rape', 'John Kevin Taylor John Kevin Taylor is the former mayor of Coldstream, Kentucky. He and his wife were recently arrested.', NULL, NULL, NULL, NULL);
INSERT INTO crime_types (person_id, crime_type) VALUES ('john-kevin-taylor', 'csam');
INSERT INTO crime_types (person_id, crime_type) VALUES ('john-kevin-taylor', 'rape');
INSERT INTO crime_types (person_id, crime_type) VALUES ('john-kevin-taylor', 'assault');
INSERT INTO sources (person_id, url) VALUES ('john-kevin-taylor', 'https://goppredators.wordpress.com/2025/07/19/1389-john-kevin-taylor/');
INSERT INTO sources (person_id, url) VALUES ('john-kevin-taylor', 'https://www.ibtimes.sg/former-kentucky-mayor-wife-charged-after-employee-finds-child-pornography-his-phone-79528');
INSERT INTO sources (person_id, url) VALUES ('john-kevin-taylor', 'https://www.wave3.com/2025/04/16/bullitt-co-judge-sets-bond-75000-couple-indicted-child-porn-charges/');
INSERT OR REPLACE INTO people (id, name, status, level, state, office, crime_description, summary, still_in_office, offense_year, conviction_year, event_date) VALUES ('fredrick-piccolo-jr', 'Fredrick Piccolo, Jr.', 'charged', 'state', 'FL', 'Campaign Official', 'Indecent Exposure', 'Fredrick Piccolo, Jr. (FL): Indecent Exposure.', NULL, NULL, NULL, '2025-04-23');
INSERT INTO crime_types (person_id, crime_type) VALUES ('fredrick-piccolo-jr', 'indecent-exposure');
INSERT INTO sources (person_id, url) VALUES ('fredrick-piccolo-jr', 'https://goppredators.wordpress.com/2025/07/19/1388-fredrick-piccolo-jr/');
INSERT INTO sources (person_id, url) VALUES ('fredrick-piccolo-jr', 'https://www.abcactionnews.com/news/region-sarasota-manatee/former-comms-director-at-new-college-of-florida-arrested-for-exposing-himself');
INSERT INTO sources (person_id, url) VALUES ('fredrick-piccolo-jr', 'https://www.wusf.org/education/2025-04-22/new-college-background-check-piccolo-missed-3-exposure-charges-before-hiring');
INSERT INTO sources (person_id, url) VALUES ('fredrick-piccolo-jr', 'https://www.newspapers.com/paper/the-bradenton-herald/22645/');
INSERT OR REPLACE INTO people (id, name, status, level, state, office, crime_description, summary, still_in_office, offense_year, conviction_year, event_date) VALUES ('tyler-fischer', 'Tyler Fischer', 'alleged', 'adjacent', 'NY', 'Judge', 'Sexual Harassment', 'Tyler Fischer Tyler Fischer is allegedly a comedian. His routine mostly consists of whining about how he is oppressed by "woke" businesses and people.', NULL, NULL, NULL, NULL);
INSERT INTO crime_types (person_id, crime_type) VALUES ('tyler-fischer', 'harassment');
INSERT INTO sources (person_id, url) VALUES ('tyler-fischer', 'https://goppredators.wordpress.com/2025/07/19/1387-tyler-fischer/');
INSERT INTO sources (person_id, url) VALUES ('tyler-fischer', 'https://www.paddleyourownkanoo.com/2025/02/22/conservative-comedian-who-rails-against-dei-initiatives-at-delta-air-lines-gets-put-on-no-fly-list-and-banned-for-life/?utm_source=BoardingArea&amp;utm_medium=facebook');
INSERT INTO sources (person_id, url) VALUES ('tyler-fischer', 'https://www.hollywoodreporter.com/tv/tv-news/tyler-fischer-banned-woke-fox-news-gutfeld-1236195108/');
INSERT INTO sources (person_id, url) VALUES ('tyler-fischer', 'https://www.thisismoney.co.uk/media/article-14622061/tyler-fischer-fox-gutfeld-harassment-claims.html');
INSERT OR REPLACE INTO people (id, name, status, level, state, office, crime_description, summary, still_in_office, offense_year, conviction_year, event_date) VALUES ('matthew-henry-laparra', 'Matthew Henry Laparra', 'alleged', 'adjacent', 'NC', '', 'Statutory Rape, Indecent Liberties', 'Matthew Henry Laparra (NC): Statutory Rape, Indecent Liberties.', NULL, NULL, NULL, NULL);
INSERT INTO crime_types (person_id, crime_type) VALUES ('matthew-henry-laparra', 'rape');
INSERT INTO crime_types (person_id, crime_type) VALUES ('matthew-henry-laparra', 'statutory-rape');
INSERT INTO sources (person_id, url) VALUES ('matthew-henry-laparra', 'https://goppredators.wordpress.com/2026/03/13/1386-matthew-henry-laparra/');
INSERT OR REPLACE INTO people (id, name, status, level, state, office, crime_description, summary, still_in_office, offense_year, conviction_year, event_date) VALUES ('gerald-jerry-cumming', 'Gerald “Jerry” Cumming', 'charged', 'party-official', 'OR', 'Pastor', 'Familial Violence, Rape', 'Gerald "Jerry" Cummings Gerald “Jerry” Cummings was elected Chair of the Oregon Republican Party in March 2025. A pastor at Haven Church in St.', NULL, NULL, NULL, '2025-04-11');
INSERT INTO crime_types (person_id, crime_type) VALUES ('gerald-jerry-cumming', 'rape');
INSERT INTO sources (person_id, url) VALUES ('gerald-jerry-cumming', 'https://goppredators.wordpress.com/2025/07/18/1385-jerry-cummings/');
INSERT INTO sources (person_id, url) VALUES ('gerald-jerry-cumming', 'https://multco.gop/election-on-march-16-your-candidates-for-oregon-national-committeewoman-and-committeeman/');
INSERT INTO sources (person_id, url) VALUES ('gerald-jerry-cumming', 'https://www.oregonjournalismproject.org/cummings');
INSERT INTO sources (person_id, url) VALUES ('gerald-jerry-cumming', 'https://www.oregonjournalismproject.org/cummings-resigns');
INSERT INTO sources (person_id, url) VALUES ('gerald-jerry-cumming', 'https://oregoncapitalchronicle.com/2025/04/11/oregon-gop-chair-resigns-after-deeply-troubling-revelations/');
INSERT OR REPLACE INTO people (id, name, status, level, state, office, crime_description, summary, still_in_office, offense_year, conviction_year, event_date) VALUES ('dan-halloran', 'Dan Halloran', 'charged', 'local', 'NY', 'City Councilmember', 'Possession of CSAM', 'Daniel James Halloran Daniel James Halloran served on the New York City Council as a Republican representing Queens for three years. He was elected in 2010 and arrested in 2013 for bribery and fraud, and was caught in a payoff scheme by FBI officers he thought were developers.', NULL, NULL, NULL, '2025-04-06');
INSERT INTO crime_types (person_id, crime_type) VALUES ('dan-halloran', 'csam');
INSERT INTO sources (person_id, url) VALUES ('dan-halloran', 'https://goppredators.wordpress.com/2025/07/18/1384-dan-halloran/');
INSERT INTO sources (person_id, url) VALUES ('dan-halloran', 'https://www.justice.gov/usao-sdfl/pr/former-new-york-councilman-indicted-child-pornography-charges');
INSERT INTO sources (person_id, url) VALUES ('dan-halloran', 'https://politicsny.com/2025/04/02/disgraced-former-queens-council-member-dan-halloran-arrested-on-child-pornography-in-miami/');
INSERT INTO sources (person_id, url) VALUES ('dan-halloran', 'https://nypost.com/2025/04/02/us-news/ex-nyc-councilman-dan-halloran-arrested-at-florida-miami-airport-on-child-sex-abuse-charges/');
INSERT INTO sources (person_id, url) VALUES ('dan-halloran', 'https://www.newspapers.com/paper/the-miami-herald/881/');
INSERT OR REPLACE INTO people (id, name, status, level, state, office, crime_description, summary, still_in_office, offense_year, conviction_year, event_date) VALUES ('casey-medina', 'Casey Medina', 'convicted', 'adjacent', 'NY', 'Police Officer', 'Possession of CSAM, Cyberstalking', 'Casey R. Medina was hired by the Avon (New York) Police Department as a trainee but was arrested after just three days on the job.', NULL, NULL, NULL, NULL);
INSERT INTO crime_types (person_id, crime_type) VALUES ('casey-medina', 'csam');
INSERT INTO crime_types (person_id, crime_type) VALUES ('casey-medina', 'stalking');
INSERT INTO sources (person_id, url) VALUES ('casey-medina', 'https://goppredators.wordpress.com/2025/07/18/1383-casey-medina/');
INSERT INTO sources (person_id, url) VALUES ('casey-medina', 'https://www.miamiherald.com/news/nation-world/national/article294303434.html');
INSERT INTO sources (person_id, url) VALUES ('casey-medina', 'https://www.justice.gov/usao-wdny/pr/former-avon-ny-police-trainee-pleads-guilty-possession-child-pornography-and');
INSERT INTO sources (person_id, url) VALUES ('casey-medina', 'https://www.syracuse.com/crime/2024/08/an-upstate-ny-police-officer-trainee-is-fired-after-3-days-following-arrest-on-child-porn-charge.html');
INSERT OR REPLACE INTO people (id, name, status, level, state, office, crime_description, summary, still_in_office, offense_year, conviction_year, event_date) VALUES ('erik-sickinger', 'Erik Sickinger', 'charged', 'local', 'SC', 'Mayor', 'Grooming, Raping a Minor', 'Erik Kenneth Sickinger Erik Sickinger was a councilman in the city of Irmo, South Carolina. He stepped up to serve as mayor pro tem in 2023.', NULL, NULL, NULL, NULL);
INSERT INTO crime_types (person_id, crime_type) VALUES ('erik-sickinger', 'grooming');
INSERT INTO sources (person_id, url) VALUES ('erik-sickinger', 'https://goppredators.wordpress.com/2025/07/18/1382-erik-sickinger/');
INSERT INTO sources (person_id, url) VALUES ('erik-sickinger', 'https://publicindex.sccourts.org/Lexington/PublicIndex/PISearch.aspx');
INSERT INTO sources (person_id, url) VALUES ('erik-sickinger', 'https://www.wistv.com/2025/03/05/midlands-politician-charged-with-multiple-sex-offenses/');
INSERT OR REPLACE INTO people (id, name, status, level, state, office, crime_description, summary, still_in_office, offense_year, conviction_year, event_date) VALUES ('john-giarrusso-ii', 'John Giarrusso II', 'charged', 'adjacent', 'IN', 'Police Officer', 'HChild Sexual Abuse Material', 'John Giarrusso III John Giarrusso III is a Seabrook, New Hampshire police officer. He was arrested in February by police in Haverhill, Massachusetts, and charged with possession of child sexual abuse images, dissemination of visual material of a child in a state of nudity or sexual conduct and disse', NULL, NULL, NULL, '2025-03-10');
INSERT INTO crime_types (person_id, crime_type) VALUES ('john-giarrusso-ii', 'csam');
INSERT INTO crime_types (person_id, crime_type) VALUES ('john-giarrusso-ii', 'assault');
INSERT INTO sources (person_id, url) VALUES ('john-giarrusso-ii', 'https://goppredators.wordpress.com/2025/07/11/1380-john-giarrusso-iii/');
INSERT INTO sources (person_id, url) VALUES ('john-giarrusso-ii', 'https://www.seacoastonline.com/story/news/local/2025/03/06/seabrook-police-officer-allegedly-shared-child-sex-abuse-images/81795069007/');
INSERT INTO sources (person_id, url) VALUES ('john-giarrusso-ii', 'https://www.wcvb.com/article/seabrook-officer-child-pornography-charges/64056825');
INSERT INTO sources (person_id, url) VALUES ('john-giarrusso-ii', 'https://whav.net/2025/07/08/seabrook-police-officer-giarrusso-of-haverhill-returns-to-court-aug-14/');
INSERT INTO sources (person_id, url) VALUES ('john-giarrusso-ii', 'https://infoweb-newsbank-com.proxy.multcolib.org/apps/news/browse-pub?p=AMNEWS&amp;t=pubname%3APHP2-EEDT%21Portsmouth%2BHerald%252C%2BThe%2B%2528NH%2529&amp;action=browse');
INSERT OR REPLACE INTO people (id, name, status, level, state, office, crime_description, summary, still_in_office, offense_year, conviction_year, event_date) VALUES ('christopher-david-burk', 'Christopher David Burk', 'charged', 'adjacent', 'UT', '', 'Sexual Battery', 'Christopher David Burk Christopher David Burk was a Salt Lake City Fire Department captain, an EMT instructor at a local community college, and worked at a juvenile detention center. He is alleged to have used his role as EMT instructor to touch his students inappropriately in the guise of doing a m', NULL, NULL, NULL, NULL);
INSERT INTO crime_types (person_id, crime_type) VALUES ('christopher-david-burk', 'rape');
INSERT INTO crime_types (person_id, crime_type) VALUES ('christopher-david-burk', 'assault');
INSERT INTO sources (person_id, url) VALUES ('christopher-david-burk', 'https://goppredators.wordpress.com/2025/07/10/1379-christopher-david-burk/');
INSERT INTO sources (person_id, url) VALUES ('christopher-david-burk', 'https://www.fox13now.com/news/local-news/salt-lake-city-fire-captain-faces-new-charges-after-more-victims-come-forward');
INSERT INTO sources (person_id, url) VALUES ('christopher-david-burk', 'https://www.ems1.com/legal/salt-lake-city-fire-captain-charged-with-sexually-abusing-ems-students');
INSERT INTO sources (person_id, url) VALUES ('christopher-david-burk', 'https://www.ksl.com/article/51287196/7-women-testify-against-ex-salt-lake-fire-captain-charged-with-abusing-students');
INSERT OR REPLACE INTO people (id, name, status, level, state, office, crime_description, summary, still_in_office, offense_year, conviction_year, event_date) VALUES ('ryan-d-jenks', 'Ryan D. Jenks', 'convicted', 'local', 'ID', '', 'Child Sexual Abuse', 'Ryan D. Jenks Ryan DeWayne Jenks is the co-owner and co-founder of Brighter Future Health, Inc.', NULL, NULL, NULL, NULL);
INSERT INTO crime_types (person_id, crime_type) VALUES ('ryan-d-jenks', 'assault');
INSERT INTO sources (person_id, url) VALUES ('ryan-d-jenks', 'https://goppredators.wordpress.com/2025/07/05/1378-ryan-d-jenks/');
INSERT INTO sources (person_id, url) VALUES ('ryan-d-jenks', 'https://www.ktvb.com/article/news/local/former-legislative-candidate-and-mental-health-clinic-co-owner-charged-with-child-sex-crimes-idaho/277-6b47283d-5ef4-4ab7-87eb-d6568c9be41a');
INSERT INTO sources (person_id, url) VALUES ('ryan-d-jenks', 'https://www.idahostatesman.com/news/local/crime/article300767904.html');
INSERT INTO sources (person_id, url) VALUES ('ryan-d-jenks', 'https://www.idahopress.com/news/crime_courts/former-idaho-legislative-candidate-mental-health-clinic-owner-lawyer-charged-with-child-sex-crimes/article_9dbef12c-ed83-11ef-aa67-234f152d8cb4.html');
INSERT INTO sources (person_id, url) VALUES ('ryan-d-jenks', 'https://idahonews.com/news/local/boise-man-sentenced-to-20-years-in-prison-for-lewd-conduct-with-a-minor');
INSERT OR REPLACE INTO people (id, name, status, level, state, office, crime_description, summary, still_in_office, offense_year, conviction_year, event_date) VALUES ('aaron-craig-gleason', 'Aaron Craig Gleason', 'charged', 'adjacent', 'FL', 'Teacher', 'Soliciting a Minor', 'Aaron Craig Gleason Aaron Craig Gleason has been a conservative writer and contributor to The Federalist, The Imaginative Conservative, and The Daily Wire. While he mostly wrote film reviews with a few essays for The Federalist, on social media he demonized drag queens and accused gay people of bein', NULL, NULL, NULL, NULL);
INSERT INTO crime_types (person_id, crime_type) VALUES ('aaron-craig-gleason', 'solicitation');
INSERT INTO sources (person_id, url) VALUES ('aaron-craig-gleason', 'https://goppredators.wordpress.com/2025/07/05/1377-aaron-craig-gleason/');
INSERT INTO sources (person_id, url) VALUES ('aaron-craig-gleason', 'https://www.pnj.com/story/news/crime/for-the-record/2025/02/11/aaron-craig-gleason-arrested-for-molesting-student-at-christian-school/78420418007');
INSERT INTO sources (person_id, url) VALUES ('aaron-craig-gleason', 'https://www.themirror.com/news/us-news/anti-lgbtq-writer-who-accused-966788');
INSERT INTO sources (person_id, url) VALUES ('aaron-craig-gleason', 'https://midbaynews.com/post/rocky-bayou-christian-school-teacher-arrested-accused-of-molestation');
INSERT INTO sources (person_id, url) VALUES ('aaron-craig-gleason', 'http://www3.co.okaloosa.fl.us/ArchonixXJailPublic/DetailPages/InmateDetails.aspx?ReferenceID=127927&amp;InmateID=210931');
INSERT OR REPLACE INTO people (id, name, status, level, state, office, crime_description, summary, still_in_office, offense_year, conviction_year, event_date) VALUES ('harrison-clark', 'Harrison Clark', 'charged', 'local', 'FL', 'School Board Member', 'Soliciting a Minor', 'Harrison "Ted" Clark Harrison "Ted" Clark was elected Chair of the The Clay County Soil and Water Conservation District. He is also the son and campaign manager for Beth Clark, a member of the Clay County School Board in Florida.', NULL, NULL, NULL, NULL);
INSERT INTO crime_types (person_id, crime_type) VALUES ('harrison-clark', 'solicitation');
INSERT INTO sources (person_id, url) VALUES ('harrison-clark', 'https://goppredators.wordpress.com/2025/06/26/1376-harrison-clark/');
INSERT INTO sources (person_id, url) VALUES ('harrison-clark', 'https://www.yahoo.com/news/clay-county-elected-official-arrested-224640787.html');
INSERT INTO sources (person_id, url) VALUES ('harrison-clark', 'https://www.firstcoastnews.com/article/news/crime/clay-county-elected-official-accused-of-attempting-to-meet-minor-for-sex-in-nassau-county/77-42913b16-998a-476f-8ea0-a0123eab9a80');
INSERT INTO sources (person_id, url) VALUES ('harrison-clark', 'https://www.civitekflorida.com/ocrs/county/45/');
INSERT OR REPLACE INTO people (id, name, status, level, state, office, crime_description, summary, still_in_office, offense_year, conviction_year, event_date) VALUES ('andrew-taake', 'Andrew Taake', 'convicted', 'adjacent', 'TX', 'Police Officer', 'Soliciting a Minor', 'Andrew Taake Andrew Taake is an insurrectionist. He was charged with pepper spraying and whipping Capitol Police officers.', NULL, NULL, 2023, NULL);
INSERT INTO crime_types (person_id, crime_type) VALUES ('andrew-taake', 'solicitation');
INSERT INTO sources (person_id, url) VALUES ('andrew-taake', 'https://goppredators.wordpress.com/2025/06/21/1375-andrew-taake/');
INSERT INTO sources (person_id, url) VALUES ('andrew-taake', 'https://www.houstonchronicle.com/news/houston-texas/crime/article/andrew-taake-jan-6-wanted-solicitation-20051863.php');
INSERT INTO sources (person_id, url) VALUES ('andrew-taake', 'https://www.texastribune.org/2025/02/06/arrest-trump-pardon-insurrection/');
INSERT OR REPLACE INTO people (id, name, status, level, state, office, crime_description, summary, still_in_office, offense_year, conviction_year, event_date) VALUES ('benjamin-martin', 'Benjamin Martin', 'convicted', 'adjacent', 'CA', '', 'Familial Violence', 'Benjamin John Martin is an insurrectionist from Fresno, California. He was well-known in the area for his anti-mark activism during COVID.', NULL, NULL, 2018, NULL);
INSERT INTO crime_types (person_id, crime_type) VALUES ('benjamin-martin', 'other');
INSERT INTO sources (person_id, url) VALUES ('benjamin-martin', 'https://goppredators.wordpress.com/2025/06/20/1374-benjamin-martin/');
INSERT INTO sources (person_id, url) VALUES ('benjamin-martin', 'https://jan6attack.com/DoJ/martin-benjamin/1430511.pdf');
INSERT INTO sources (person_id, url) VALUES ('benjamin-martin', 'https://storage.courtlistener.com/recap/gov.uscourts.caed.400259/gov.uscourts.caed.400259.1.0.pdf');
INSERT INTO sources (person_id, url) VALUES ('benjamin-martin', 'https://www.fresnobee.com/news/local/crime/article296130794.html');
INSERT INTO sources (person_id, url) VALUES ('benjamin-martin', 'https://www.bigvalleynews.com/index.php/news/local-news/3212-madera-man-convicted-of-jan-6th-riots-now-guilty-of-firearms-violations');
INSERT OR REPLACE INTO people (id, name, status, level, state, office, crime_description, summary, still_in_office, offense_year, conviction_year, event_date) VALUES ('edward-richmond-jr', 'Edward Richmond, Jr.', 'convicted', 'adjacent', 'LA', 'Police Officer', 'Familial Violence, War Crime', 'Edward Richmond, Jr. (LA): Familial Violence, War Crime.', NULL, NULL, NULL, '2024-01-25');
INSERT INTO crime_types (person_id, crime_type) VALUES ('edward-richmond-jr', 'other');
INSERT INTO sources (person_id, url) VALUES ('edward-richmond-jr', 'https://goppredators.wordpress.com/2025/06/20/1373-edward-richmond-jr/');
INSERT INTO sources (person_id, url) VALUES ('edward-richmond-jr', 'https://www.theadvocate.com/baton_rouge/news/courts/fbi-tracked-jan-6-defendant-from-sons-football-games/article_9113eaba-ba29-11ee-bbe1-fbf71d520011.html');
INSERT INTO sources (person_id, url) VALUES ('edward-richmond-jr', 'https://www.theadvocate.com/baton_rouge/news/communities/ascension/louisiana-man-sentenced-to-more-than-four-years-in-prison-over-participation-in-jan-6/article_218ecf5a-a5e4-11ef-a693-1f9d1c511e3b.html');
INSERT OR REPLACE INTO people (id, name, status, level, state, office, crime_description, summary, still_in_office, offense_year, conviction_year, event_date) VALUES ('kasey-hopkins', 'Kasey Hopkins', 'convicted', 'adjacent', 'KS', '', 'Rape', 'Kasey Hopkins Kasey Von Owen Hopkins is an insurrectionist who was pardoned by Trump. He also wanted to join the Proud Boys white nationalist extremist group whose leaders were convicted of conspiring against the government and then pardoned.', NULL, NULL, 2002, NULL);
INSERT INTO crime_types (person_id, crime_type) VALUES ('kasey-hopkins', 'rape');
INSERT INTO sources (person_id, url) VALUES ('kasey-hopkins', 'https://goppredators.wordpress.com/2025/06/19/1372-kasey-hopkins/');
INSERT INTO sources (person_id, url) VALUES ('kasey-hopkins', 'https://www.the-independent.com/news/world/americas/crime/capitol-riot-kasey-hopkins-convicted-prison-b2318041.html');
INSERT INTO sources (person_id, url) VALUES ('kasey-hopkins', 'https://www.kansascity.com/news/local/crime/article274159135.html');
INSERT OR REPLACE INTO people (id, name, status, level, state, office, crime_description, summary, still_in_office, offense_year, conviction_year, event_date) VALUES ('daniel-ball', 'Daniel Ball', 'convicted', 'adjacent', 'FL', '', 'Familial Violence', 'Daniel Bell Daniel Ball is an insurrectionist who was charged with throwing an explosive device at the January 6th attempt to overthrow the government. Before his trial, however, he was pardoned by Donald Trump.', NULL, NULL, NULL, NULL);
INSERT INTO crime_types (person_id, crime_type) VALUES ('daniel-ball', 'other');
INSERT INTO sources (person_id, url) VALUES ('daniel-ball', 'https://goppredators.wordpress.com/2025/06/16/1371-daniel-ball/');
INSERT INTO sources (person_id, url) VALUES ('daniel-ball', 'https://www.cbsnews.com/news/acting-u-s-attorney-florida-dismiss-unrelated-felony-charge-jan-6-defendant-daniel-ball/');
INSERT INTO sources (person_id, url) VALUES ('daniel-ball', 'https://www.abcactionnews.com/news/national-news/florida-jan-6-rioter-whose-case-was-tossed-after-trump-pardon-arrested-on-pending-weapons-charges');
INSERT INTO sources (person_id, url) VALUES ('daniel-ball', 'https://www.fox13news.com/news/accused-capitol-rioter-from-citrus-county-rearrested-days-after-being-pardoned-president-trump-documents');
INSERT OR REPLACE INTO people (id, name, status, level, state, office, crime_description, summary, still_in_office, offense_year, conviction_year, event_date) VALUES ('peter-schwartz', 'Peter Schwartz', 'convicted', 'adjacent', 'KY', '', 'Familial Violence', 'Peter Schwartz Peter Schwartz is an insurrectionist from Kentucky who was sentenced to fourteen years for his participation in the January 6th attempt to overturn the government. He used a chair as a weapon against Capitol Police and also used mace.', NULL, NULL, 2019, NULL);
INSERT INTO crime_types (person_id, crime_type) VALUES ('peter-schwartz', 'other');
INSERT INTO sources (person_id, url) VALUES ('peter-schwartz', 'https://goppredators.wordpress.com/2025/06/13/1370-peter-schwartz/');
INSERT INTO sources (person_id, url) VALUES ('peter-schwartz', 'https://wjla.com/news/local/court-docs-ky-man-who-maced-officers-was-on-probation-during-jan-6-riots');
INSERT INTO sources (person_id, url) VALUES ('peter-schwartz', 'https://www.cbsnews.com/news/jan-6-defendant-victim-fears-safety-after-pardons/');
INSERT INTO sources (person_id, url) VALUES ('peter-schwartz', 'https://www.washingtonpost.com/dc-md-va/2023/05/05/jan6-sentence-longest-schwartz/');
INSERT OR REPLACE INTO people (id, name, status, level, state, office, crime_description, summary, still_in_office, offense_year, conviction_year, event_date) VALUES ('theodore-middendorf', 'Theodore Middendorf', 'convicted', 'adjacent', 'IL', '', 'Child Rape', 'Theodore J. Middendorf Theodore Middendorf is one of the January 6th insurrectionists pardoned by Trump.', NULL, NULL, NULL, NULL);
INSERT INTO crime_types (person_id, crime_type) VALUES ('theodore-middendorf', 'rape');
INSERT INTO sources (person_id, url) VALUES ('theodore-middendorf', 'https://goppredators.wordpress.com/2025/06/12/1369-theodore-middendorf/');
INSERT INTO sources (person_id, url) VALUES ('theodore-middendorf', 'https://www.kuow.org/stories/criminal-records-of-jan-6-rioters-pardoned-by-trump-include-rape-domestic-violence');
INSERT INTO sources (person_id, url) VALUES ('theodore-middendorf', 'https://seditionhunters.org/theodore-middendorf-insider-2850/');
INSERT OR REPLACE INTO people (id, name, status, level, state, office, crime_description, summary, still_in_office, offense_year, conviction_year, event_date) VALUES ('matthew-huttle', 'Matthew Huttle', 'convicted', 'adjacent', 'IN', '', 'Child Abuse', 'Matthew Huttle Matthew Huttle was one of the January 6th insurrectionists, or "tourists" if you have a brain worm. He was pardoned by Trump.', NULL, NULL, NULL, '2025-03-01');
INSERT INTO crime_types (person_id, crime_type) VALUES ('matthew-huttle', 'other');
INSERT INTO sources (person_id, url) VALUES ('matthew-huttle', 'https://goppredators.wordpress.com/2025/05/23/1368-matthew-huttle/');
INSERT INTO sources (person_id, url) VALUES ('matthew-huttle', 'https://www.indystar.com/story/news/crime/2025/01/28/matthew-huttle-jan-6-defendant-shot-by-deputy-had-lengthy-criminal-history/77992827007/');
INSERT INTO sources (person_id, url) VALUES ('matthew-huttle', 'https://face2faceafrica.com/article/capitol-rioter-pardoned-by-trump-fatally-shot-by-indiana-police');
INSERT INTO sources (person_id, url) VALUES ('matthew-huttle', 'https://infoweb-newsbank-com.proxy.multcolib.org/apps/news/browse-pub?p=AMNEWS&amp;t=pubname%3APTM9-EEDT%21Post-Tribune%252C%2BThe%2B%2528Merrillville%252C%2BIN%2529&amp;action=browse');
INSERT OR REPLACE INTO people (id, name, status, level, state, office, crime_description, summary, still_in_office, offense_year, conviction_year, event_date) VALUES ('michael-luke-atwell', 'Michael “Luke” Atwell', 'charged', 'adjacent', 'NV', 'Coach', 'Child Sexual Abuse', 'Michael "Luke" Atwell Michael "Luke" Atwell is a retired high school teacher and a volunteer coach at Palo Verde High School in Nevada. He was arrested at school, charged with sexually abusing several students over the years.', NULL, NULL, NULL, NULL);
INSERT INTO crime_types (person_id, crime_type) VALUES ('michael-luke-atwell', 'assault');
INSERT INTO sources (person_id, url) VALUES ('michael-luke-atwell', 'https://goppredators.wordpress.com/2025/05/23/1367-michael-luke-atwell/');
INSERT INTO sources (person_id, url) VALUES ('michael-luke-atwell', 'https://www.reviewjournal.com/local/local-nevada/ex-palo-verde-coach-faces-new-child-sexual-abuse-charges-more-allegations-3219026/');
INSERT INTO sources (person_id, url) VALUES ('michael-luke-atwell', 'https://www.yahoo.com/news/ex-palo-verde-coach-bail-202508537.html');
INSERT OR REPLACE INTO people (id, name, status, level, state, office, crime_description, summary, still_in_office, offense_year, conviction_year, event_date) VALUES ('michael-priest', 'Michael Priest', 'charged', 'adjacent', 'OK', '', 'Child Sexual Abuse', 'Michael Priest Michael Priest, along with his wife Gail Priest, founded 99+1 Foundation , to advocate on behalf of foster children and address the very real crisis of children aging out and being left without resources. The Foundation held over $500,000 in assets in 2022 according to their tax retur', NULL, NULL, NULL, '2024-07-27');
INSERT INTO crime_types (person_id, crime_type) VALUES ('michael-priest', 'assault');
INSERT INTO sources (person_id, url) VALUES ('michael-priest', 'https://goppredators.wordpress.com/2025/04/24/1366-michael-priest/');
INSERT INTO sources (person_id, url) VALUES ('michael-priest', 'https://www.theadanews.com/news/local_news/cofounder-of-local-foster-program-arrested/article_81650504-4b97-11ef-b16c-db82f40c28b5.html');
INSERT INTO sources (person_id, url) VALUES ('michael-priest', 'https://www.msn.com/en-us/news/crime/foster-organization-founder-charged-with-sexual-abuse-of-child/ar-BB1qQGuL');
INSERT INTO sources (person_id, url) VALUES ('michael-priest', 'https://www.oscn.net/dockets/GetCaseInformation.aspx?db=pontotoc&amp;number=CF-2024-00196&amp;cmid=11498999');
INSERT INTO sources (person_id, url) VALUES ('michael-priest', 'https://www.mylife.com/michael-priest/e691267085130');
INSERT OR REPLACE INTO people (id, name, status, level, state, office, crime_description, summary, still_in_office, offense_year, conviction_year, event_date) VALUES ('charles-kyote-dunn', 'Charles Kyote Dunn', 'charged', 'local', 'OK', 'Police Officer', 'Child Sexual Abuse', 'Charles Kyote Dunn Charles Kyote Dunn was the City Manager in Waurika, Oklahoma. He was also a reserve police officer.', NULL, NULL, NULL, '2024-10-21');
INSERT INTO crime_types (person_id, crime_type) VALUES ('charles-kyote-dunn', 'assault');
INSERT INTO sources (person_id, url) VALUES ('charles-kyote-dunn', 'https://goppredators.wordpress.com/2025/04/12/1365-charles-kyote-dunn/');
INSERT INTO sources (person_id, url) VALUES ('charles-kyote-dunn', 'https://www.timesrecordnews.com/story/news/local/2024/10/22/osbi-city-manager-had-hundreds-of-child-pornography-images/75796432007/');
INSERT INTO sources (person_id, url) VALUES ('charles-kyote-dunn', 'https://abc7amarillo.com/news/local/city-manager-reserve-police-officer-waurika-oklahoma-arrested-child-sex-abuse-charles-kyote-dunn-state-bureau-of-investigation-osbi-possession-manufacture-child-sexual-abuse-material-loitering-around-residence-to-watch-occupants');
INSERT INTO sources (person_id, url) VALUES ('charles-kyote-dunn', 'https://infoweb-newsbank-com.proxy.multcolib.org/apps/news/browse-pub?p=AMNEWS&amp;t=pubname%3ADBDD%21Duncan%2BBanner%252C%2BThe%2B%2528OK%2529&amp;action=browse');
INSERT OR REPLACE INTO people (id, name, status, level, state, office, crime_description, summary, still_in_office, offense_year, conviction_year, event_date) VALUES ('taylor-lewis', 'Taylor Lewis', 'alleged', 'local', 'LA', '', 'Indecency with a Child', 'Taylor Lewis Taylor Lewis was the assistant police chief in Springfield, Louisiana. The Department of Children and Family Services alerted the Livingston Parish Sheriff''s Department.', NULL, NULL, NULL, '2024-12-03');
INSERT INTO crime_types (person_id, crime_type) VALUES ('taylor-lewis', 'other');
INSERT INTO sources (person_id, url) VALUES ('taylor-lewis', 'https://goppredators.wordpress.com/2025/04/12/1364-taylor-lewis/');
INSERT INTO sources (person_id, url) VALUES ('taylor-lewis', 'https://www.theadvocate.com/baton_rouge/news/crime_police/livingston-parish-sheriffs-office-indecent-behavior-juvenile-arrest-springfield-police/article_7ef89e9c-b187-11ef-807a-f7bf04d9abdd.html');
INSERT INTO sources (person_id, url) VALUES ('taylor-lewis', 'https://www.wbrz.com/news/it-was-like-a-father-son-relationship-springfield-police-chief-speaks-out-after-officer-s-arrest/');
INSERT INTO sources (person_id, url) VALUES ('taylor-lewis', 'https://infoweb-newsbank-com.proxy.multcolib.org/apps/news/browse-pub?p=AMNEWS&amp;t=pubname%3ALSAB%21Advocate%252C%2BThe%2B%2528Baton%2BRouge%252C%2BLA%2529&amp;action=browse');
INSERT OR REPLACE INTO people (id, name, status, level, state, office, crime_description, summary, still_in_office, offense_year, conviction_year, event_date) VALUES ('peter-hegseth', 'Peter Hegseth', 'alleged', 'federal', 'TN', '', 'Sexual Assault', 'Peter Hegseth Peter Hegseth is currently the Secretary of Defense in the Trump Administration. His nomination was approved by the Senate despite his history of sexual harassment, sexual assault, domestic violence and his frequent and infamous issues with drinking.', NULL, NULL, NULL, '2024-11-18');
INSERT INTO crime_types (person_id, crime_type) VALUES ('peter-hegseth', 'assault');
INSERT INTO sources (person_id, url) VALUES ('peter-hegseth', 'https://goppredators.wordpress.com/2025/03/31/1362-peter-hegseth/');
INSERT INTO sources (person_id, url) VALUES ('peter-hegseth', 'https://apnews.com/article/hegseth-sex-assault-payment-trump-6674cc8cfee654c374725948e01ff666');
INSERT INTO sources (person_id, url) VALUES ('peter-hegseth', 'https://www.cnn.com/2024/11/21/politics/pete-hegseth-police-report-defense-secretary-trump/index.html');
INSERT INTO sources (person_id, url) VALUES ('peter-hegseth', 'https://www.theguardian.com/us-news/2024/nov/30/trump-defense-secretary-pick-pete-hegseth-mother-abuser-of-women');
INSERT INTO sources (person_id, url) VALUES ('peter-hegseth', 'https://www.pbs.org/newshour/politics/pete-hegseths-former-sister-in-law-alleges-in-affidavit-he-was-abusive-to-second-wife');
INSERT INTO sources (person_id, url) VALUES ('peter-hegseth', 'https://www.bbc.com/news/articles/c8r5exn1n57o');
INSERT OR REPLACE INTO people (id, name, status, level, state, office, crime_description, summary, still_in_office, offense_year, conviction_year, event_date) VALUES ('mark-collins', 'Mark Collins', 'charged', 'adjacent', 'OR', 'Teacher', 'Sexual Abuse of a Minor', 'No photo available Mark Collins was a high school math teacher at St. Helens until his retirement.', NULL, NULL, NULL, NULL);
INSERT INTO crime_types (person_id, crime_type) VALUES ('mark-collins', 'assault');
INSERT INTO sources (person_id, url) VALUES ('mark-collins', 'https://goppredators.wordpress.com/2025/03/26/1361-mark-collins/');
INSERT INTO sources (person_id, url) VALUES ('mark-collins', 'https://www.sthelensoregon.gov/police/page/st-helens-detectives-make-two-arrests-teacher-sex-abuse-investigation');
INSERT INTO sources (person_id, url) VALUES ('mark-collins', 'https://katu.com/news/local/st-helens-teacher-allegedly-watched-porn-in-class-while-subbing-scappoose-sd-says?photo=1');
INSERT OR REPLACE INTO people (id, name, status, level, state, office, crime_description, summary, still_in_office, offense_year, conviction_year, event_date) VALUES ('eric-stearns', 'Eric Stearns', 'charged', 'adjacent', 'OR', '', 'Sexual Abuse of a Minor', 'Eric Stearns Eric Stearns was a high school choir teacher in St. Helens, Oregon.', NULL, NULL, NULL, NULL);
INSERT INTO crime_types (person_id, crime_type) VALUES ('eric-stearns', 'assault');
INSERT INTO sources (person_id, url) VALUES ('eric-stearns', 'https://goppredators.wordpress.com/2025/03/26/1360-eric-stearns/');
INSERT INTO sources (person_id, url) VALUES ('eric-stearns', 'https://www.oregonlive.com/crime/2025/02/fired-st-helens-choir-teacher-poses-danger-to-public-judge-finds.html');
INSERT INTO sources (person_id, url) VALUES ('eric-stearns', 'https://www.oregonlive.com/crime/2025/01/jailed-st-helens-high-choir-teacher-resigned-from-prior-or-school-district-job-after-sexualized-complaints-das-memo-says.html');
INSERT OR REPLACE INTO people (id, name, status, level, state, office, crime_description, summary, still_in_office, offense_year, conviction_year, event_date) VALUES ('james-cowan', 'James Cowan', 'convicted', 'adjacent', 'AR', 'Pastor', 'Child Rape Incest', 'James Cowan James Cowan was the pastor of Little River Community Church in Arkansas. The church no longer exists after Cowan was arrested for raping his children.', NULL, NULL, 2024, NULL);
INSERT INTO crime_types (person_id, crime_type) VALUES ('james-cowan', 'rape');
INSERT INTO crime_types (person_id, crime_type) VALUES ('james-cowan', 'incest');
INSERT INTO sources (person_id, url) VALUES ('james-cowan', 'https://goppredators.wordpress.com/2025/03/25/1359-james-cowan/');
INSERT INTO sources (person_id, url) VALUES ('james-cowan', 'https://julieroys.com/miller-ex-wife-pastor-convicted-raping-his-children-charged-failing-notify-police-confession/');
INSERT INTO sources (person_id, url) VALUES ('james-cowan', 'https://www.texarkanagazette.com/news/2024/nov/13/little-river-county-man-sentenced-to-50-years-in/');
INSERT INTO sources (person_id, url) VALUES ('james-cowan', 'https://www.deltaplexnews.com/former-pastor-sentenced-to-50-years-for-raping-his-own-children/');
INSERT INTO sources (person_id, url) VALUES ('james-cowan', 'https://caseinfonew.arcourts.gov/opad/case/41CR-24-15');
INSERT OR REPLACE INTO people (id, name, status, level, state, office, crime_description, summary, still_in_office, offense_year, conviction_year, event_date) VALUES ('david-paul-daniel', 'David Paul Daniel', 'charged', 'adjacent', 'NC', '', 'Child Sexual Abuse Material, Child Sexual Exploitation', 'David Paul Daniel David Paul Daniel is an insurrectionist, one who breached the Capitol doors, leading others into the building. He has been charged with several misdemeanors as well with felony offenses of assaulting, resisting, or impeding certain officers and civil disorder.', NULL, NULL, NULL, NULL);
INSERT INTO crime_types (person_id, crime_type) VALUES ('david-paul-daniel', 'csam');
INSERT INTO crime_types (person_id, crime_type) VALUES ('david-paul-daniel', 'assault');
INSERT INTO sources (person_id, url) VALUES ('david-paul-daniel', 'https://goppredators.wordpress.com/2024/11/29/1357-david-paul-daniel/');
INSERT INTO sources (person_id, url) VALUES ('david-paul-daniel', 'https://www.wral.com/story/nc-man-arrested-for-assaulting-officers-pushing-open-capitol-doors-during-jan-6-riot/21174589/');
INSERT INTO sources (person_id, url) VALUES ('david-paul-daniel', 'https://www.wbtv.com/2024/10/24/mint-hill-man-arrested-jan-6-riots-back-jail-child-porn-charges/');
INSERT INTO sources (person_id, url) VALUES ('david-paul-daniel', 'https://lawandcrime.com/crime/jan-6-riot-suspect-facing-charges-of-child-pornography-possession-sexual-exploitation-of-a-minor/');
INSERT OR REPLACE INTO people (id, name, status, level, state, office, crime_description, summary, still_in_office, offense_year, conviction_year, event_date) VALUES ('bobby-cheshire', 'Bobby Cheshire', 'convicted', 'local', 'TX', 'County Commissioner', 'Child Molestation, Family Violence', 'Bobby Cheshire Bobby Cheshire, former Republican County Commissioner in Angelina County, Texas, has been sentenced to eighty years in prison after being found guilty of five counts of aggravated sexual assault of a child. He was already in prison, serving a four-year sentence for familial violence.', NULL, NULL, NULL, NULL);
INSERT INTO crime_types (person_id, crime_type) VALUES ('bobby-cheshire', 'child-molestation');
INSERT INTO sources (person_id, url) VALUES ('bobby-cheshire', 'https://goppredators.wordpress.com/2024/11/29/1356-bobby-cheshire/');
INSERT INTO sources (person_id, url) VALUES ('bobby-cheshire', 'https://www.ktre.com/story/36842094/candidates-start-filing-for-angelina-county-republican-primary-in-march/');
INSERT INTO sources (person_id, url) VALUES ('bobby-cheshire', 'https://www.ketk.com/news/crime-public-safety/former-angelina-county-commissioner-sentenced-to-four-years-in-prison-on-family-violence-charges/');
INSERT INTO sources (person_id, url) VALUES ('bobby-cheshire', 'https://montgomerycountypolicereporter.com/former-county-commissioner-indicted-on-multiple-child-sexual-abuse-charges/');
INSERT INTO sources (person_id, url) VALUES ('bobby-cheshire', 'https://lufkindailynews.com/news/local/judge-sentences-bobby-cheshire-to-80-years-for-multiple-counts-of-aggravated-sexual-assault-of/article_f864938c-9fd8-11ef-8836-17899664ef95.html');
INSERT OR REPLACE INTO people (id, name, status, level, state, office, crime_description, summary, still_in_office, offense_year, conviction_year, event_date) VALUES ('jason-yates', 'Jason Yates', 'convicted', 'adjacent', 'MN', '', 'Child Sexual Abuse Material', 'Jason Yates Jason Yates, the former CEO of My Faith Votes, a Get-Out-The-Vote organization created to encourage "family values" and "biblical truths" by motivating Christian people to vote and to speak out in the public square. In July, he wrote an op-ed for the Washington Times which has now been r', NULL, NULL, NULL, '2024-11-09');
INSERT INTO crime_types (person_id, crime_type) VALUES ('jason-yates', 'csam');
INSERT INTO crime_types (person_id, crime_type) VALUES ('jason-yates', 'assault');
INSERT INTO sources (person_id, url) VALUES ('jason-yates', 'https://goppredators.wordpress.com/2024/11/29/1355-jason-yates/');
INSERT INTO sources (person_id, url) VALUES ('jason-yates', 'https://www.washingtontimes.com/news/2024/jul/3/editor-note-content-removed/');
INSERT INTO sources (person_id, url) VALUES ('jason-yates', 'https://web.archive.org/web/20240717235823/https://www.washingtontimes.com/news/2024/jul/3/as-culture-degrades-if-christians-dont-act-who-wil/');
INSERT INTO sources (person_id, url) VALUES ('jason-yates', 'https://religionnews.com/2024/11/05/jason-yates-promoted-christian-values-as-ceo-of-my-faith-votes-he-now-faces-child-porn-charges/');
INSERT INTO sources (person_id, url) VALUES ('jason-yates', 'https://www.independent.co.uk/news/world/americas/crime/maga-evangelical-jason-yates-charges-b2642048.html');
INSERT INTO sources (person_id, url) VALUES ('jason-yates', 'https://www.christianpost.com/news/jason-yates-pleads-guilty-to-child-porn-possession.html');
INSERT INTO sources (person_id, url) VALUES ('jason-yates', 'https://infoweb-newsbank-com.proxy.multcolib.org/apps/news/browse-pub?p=AMNEWS&amp;t=pubname%3AADG8-EEDT%21Arkansas%2BDemocrat-Gazette%2B%2528Little%2BRock%252C%2BAR%2529&amp;action=browse');
INSERT OR REPLACE INTO people (id, name, status, level, state, office, crime_description, summary, still_in_office, offense_year, conviction_year, event_date) VALUES ('james-burland', 'James Burland', 'alleged', 'adjacent', 'LA', '', 'Child Sexual Abuse Material', 'James Burland (LA): Child Sexual Abuse Material.', NULL, NULL, NULL, NULL);
INSERT INTO crime_types (person_id, crime_type) VALUES ('james-burland', 'csam');
INSERT INTO crime_types (person_id, crime_type) VALUES ('james-burland', 'assault');
INSERT INTO sources (person_id, url) VALUES ('james-burland', 'https://goppredators.wordpress.com/2026/03/13/1354-james-burland/');
INSERT OR REPLACE INTO people (id, name, status, level, state, office, crime_description, summary, still_in_office, offense_year, conviction_year, event_date) VALUES ('blake-steiner', 'Blake Steiner', 'alleged', 'adjacent', 'LA', '', 'Child Sexual Abuse Material', 'Blake Steiner (LA): Child Sexual Abuse Material.', NULL, NULL, NULL, NULL);
INSERT INTO crime_types (person_id, crime_type) VALUES ('blake-steiner', 'csam');
INSERT INTO crime_types (person_id, crime_type) VALUES ('blake-steiner', 'assault');
INSERT INTO sources (person_id, url) VALUES ('blake-steiner', 'https://goppredators.wordpress.com/2026/03/13/1353-blake-steiner/');
INSERT OR REPLACE INTO people (id, name, status, level, state, office, crime_description, summary, still_in_office, offense_year, conviction_year, event_date) VALUES ('rebecca-hood', 'Rebecca Hood', 'charged', 'adjacent', 'GA', 'Lobbyist', 'Cruelty to Children', 'James S. Burland Jimmy Burland is a Republican lobbyist and lawyer in Baton Rouge, Louisiana.', NULL, NULL, NULL, '2024-11-02');
INSERT INTO crime_types (person_id, crime_type) VALUES ('rebecca-hood', 'other');
INSERT INTO sources (person_id, url) VALUES ('rebecca-hood', 'https://goppredators.wordpress.com/2024/11/25/1352-jimmy-burland/');
INSERT INTO sources (person_id, url) VALUES ('rebecca-hood', 'https://www.nola.com/news/politics/federal-agents-raid-baton-rouge-office-of-jimmy-burland/article_02ab76aa-fe7e-11ee-9c01-e3054341a007.html');
INSERT INTO sources (person_id, url) VALUES ('rebecca-hood', 'https://www.justice.gov/usao-mdla/pr/baton-rouge-man-charged-possession-child-pornography');
INSERT INTO sources (person_id, url) VALUES ('rebecca-hood', 'https://infoweb-newsbank-com.proxy.multcolib.org/apps/news/browse-pub?p=AMNEWS&amp;t=pubname%3ABRAV-EEDT%21Advocate%252C%2BThe%2B%2528Baton%2BRouge%252C%2BLA%2529&amp;action=browse');
INSERT OR REPLACE INTO people (id, name, status, level, state, office, crime_description, summary, still_in_office, offense_year, conviction_year, event_date) VALUES ('starr-emery', 'Starr Emery', 'charged', 'adjacent', 'MT', 'Police Officer', 'Child Endangerment', 'Starr Emery Starr Emery is the Republican candidate for District 46 of the Montana House of Representatives. The Facebook tagline for her campaign is "Safe Children, Sound Families, and a Strong Montana." That makes her arrest for Child Endangerment surprising.', NULL, NULL, NULL, NULL);
INSERT INTO crime_types (person_id, crime_type) VALUES ('starr-emery', 'other');
INSERT INTO sources (person_id, url) VALUES ('starr-emery', 'https://goppredators.wordpress.com/2024/11/01/1351-starr-emery/');
INSERT INTO sources (person_id, url) VALUES ('starr-emery', 'https://billingsgazette.com/news/local/government-politics/elections/starr-emery-house-district-46-billings-child-endangerment/article_5e9723d2-9259-11ef-9d07-e75a13428580.html');
INSERT INTO sources (person_id, url) VALUES ('starr-emery', 'https://spotonmontana.com/custer-country/775341/billings-legislative-candidate-pleads.html');
INSERT OR REPLACE INTO people (id, name, status, level, state, office, crime_description, summary, still_in_office, offense_year, conviction_year, event_date) VALUES ('kevin-menon', 'Kevin Menon', 'charged', 'adjacent', 'NV', 'Police Officer', 'Child Sexual Abuse Material', 'Kevin Menon Kevin Menon is a Las Vegas Metro Police Department sergeant who was under investigation for fabricating arrests , for example, bumping into someone, creating a fracas, and then arresting that person. Police officers testified that he pressured them to falsify arrest reports to back him u', NULL, NULL, NULL, '2024-10-31');
INSERT INTO crime_types (person_id, crime_type) VALUES ('kevin-menon', 'csam');
INSERT INTO crime_types (person_id, crime_type) VALUES ('kevin-menon', 'assault');
INSERT INTO sources (person_id, url) VALUES ('kevin-menon', 'https://goppredators.wordpress.com/2024/11/01/1350-kevin-menon/');
INSERT INTO sources (person_id, url) VALUES ('kevin-menon', 'https://www.8newsnow.com/investigators/im-the-expletive-sergeant-las-vegas-officers-testify-against-one-of-their-own/');
INSERT INTO sources (person_id, url) VALUES ('kevin-menon', 'https://www.ktnv.com/news/metro-sergeant-in-protective-custody-at-ccdc-as-he-faces-two-cases');
INSERT INTO sources (person_id, url) VALUES ('kevin-menon', 'https://www.fox5vegas.com/2024/10/24/bail-set-100k-las-vegas-police-sergeant-accused-unlawful-arrests/');
INSERT OR REPLACE INTO people (id, name, status, level, state, office, crime_description, summary, still_in_office, offense_year, conviction_year, event_date) VALUES ('ryan-c-capps', 'Ryan C. Capps', 'alleged', 'adjacent', 'OK', '', 'Child Exploitation', 'Share this: Share on X (Opens in new window) X Share on Facebook (Opens in new window) Facebook Share on Bluesky (Opens in new window) Bluesky Share on Threads (Opens in new window) Threads', NULL, NULL, NULL, NULL);
INSERT INTO crime_types (person_id, crime_type) VALUES ('ryan-c-capps', 'other');
INSERT INTO sources (person_id, url) VALUES ('ryan-c-capps', 'https://goppredators.wordpress.com/2024/11/01/1349-ryan-c-capps/');
INSERT OR REPLACE INTO people (id, name, status, level, state, office, crime_description, summary, still_in_office, offense_year, conviction_year, event_date) VALUES ('stephen-bojekian', 'Stephen Bojekian', 'charged', 'local', 'NH', '', 'Child Sexual Abuse Material', 'Stephen Bojekian Stephen Bojekian is the retired chief of the Bergen County Sheriff''s Department, the home county of most of the Real Housewives of New Jersey. He currently works as a private investigator.', NULL, NULL, NULL, '2024-10-20');
INSERT INTO crime_types (person_id, crime_type) VALUES ('stephen-bojekian', 'csam');
INSERT INTO crime_types (person_id, crime_type) VALUES ('stephen-bojekian', 'assault');
INSERT INTO sources (person_id, url) VALUES ('stephen-bojekian', 'https://goppredators.wordpress.com/2024/10/30/1348-stephen-bojekian/');
INSERT INTO sources (person_id, url) VALUES ('stephen-bojekian', 'https://www.njlpia.org/profiles/stephen-bojekian');
INSERT INTO sources (person_id, url) VALUES ('stephen-bojekian', 'https://dailyvoice.com/new-jersey/wyckoff/franklin-lakes-private-investigator-busted-with-child-porn/');
INSERT INTO sources (person_id, url) VALUES ('stephen-bojekian', 'https://www.northjersey.com/story/news/crime/2024/10/19/stephen-bojekian-arrested-on-child-pornography-charges/75755982007/');
INSERT INTO sources (person_id, url) VALUES ('stephen-bojekian', 'https://infoweb-newsbank-com.proxy.multcolib.org/apps/news/browse-pub?p=AMNEWS&amp;t=pubname%3ANSLI-EEDT%21Star-Ledger%252C%2BThe%2B%2528Newark%252C%2BNJ%2529&amp;action=browse');
INSERT OR REPLACE INTO people (id, name, status, level, state, office, crime_description, summary, still_in_office, offense_year, conviction_year, event_date) VALUES ('doug-brown', 'Doug Brown', 'convicted', 'local', 'NC', 'School Board Member', 'Assault', 'Doug Brown Doug Brown is the chair of the Buncombe County, North Carolina, Republican Party. He remains the chair despite being found guilty of assaulting a woman at a local town hall meeting of Republicans.', NULL, NULL, NULL, '2024-07-20');
INSERT INTO crime_types (person_id, crime_type) VALUES ('doug-brown', 'other');
INSERT INTO sources (person_id, url) VALUES ('doug-brown', 'https://goppredators.wordpress.com/2024/10/30/1347-doug-brown/');
INSERT INTO sources (person_id, url) VALUES ('doug-brown', 'https://avlwatchdog.org/buncombe-gop-chair-accused-of-assault-after-republican-school-board-member-says-he-shoved-her-at-town-hall/');
INSERT INTO sources (person_id, url) VALUES ('doug-brown', 'https://www.newspapers.com/paper/asheville-citizen-times/4039/');
INSERT OR REPLACE INTO people (id, name, status, level, state, office, crime_description, summary, still_in_office, offense_year, conviction_year, event_date) VALUES ('zachary-joseph-radcliff', 'Zachary Joseph Radcliff', 'charged', 'adjacent', 'MI', '', 'Child Sexual Abuse', 'Zachary Joseph Radcliff Zachary Joseph Radcliff is a Christian musician, a church leaders, and a CPAC worship leader has been charged with eleven felony counts of sexually abusing children. He was a church leader at Oakwood Church, in Augusta Township, Michigan, but they have deleted all reference t', NULL, NULL, NULL, '2024-10-24');
INSERT INTO crime_types (person_id, crime_type) VALUES ('zachary-joseph-radcliff', 'assault');
INSERT INTO sources (person_id, url) VALUES ('zachary-joseph-radcliff', 'https://goppredators.wordpress.com/2024/10/29/1346-zachary-joseph-radcliff/');
INSERT INTO sources (person_id, url) VALUES ('zachary-joseph-radcliff', 'https://micourt.courts.michigan.gov/case-search/court/D14A/case-details?caseId=2024-24F2-1407-FY-01&amp;tenantKey=D14A-81-0620133-00-00&amp;searchUrl=%2Fcourt%2FD14A%2Fsearch%3FlastName%3DRadcliff%26firstName%3DZachary%26middleName%3DJoseph%26page%3D1');
INSERT INTO sources (person_id, url) VALUES ('zachary-joseph-radcliff', 'https://thesalinepost.com/g/saline-mi/n/276659/local-worship-director-christian-musician-faces-sex-crime-charges');
INSERT INTO sources (person_id, url) VALUES ('zachary-joseph-radcliff', 'https://www.newsweek.com/maga-church-leader-charged-sexually-abusing-children-1972988');
INSERT INTO sources (person_id, url) VALUES ('zachary-joseph-radcliff', 'https://www.detroitnews.com/story/news/local/michigan/2024/10/22/washtenaw-co-church-youth-director-accused-criminal-sexual-conduct/75776696007/');
INSERT INTO sources (person_id, url) VALUES ('zachary-joseph-radcliff', 'https://infoweb-newsbank-com.proxy.multcolib.org/apps/news/browse-pub?p=AMNEWS&amp;t=pubname%3AAARB%21Ann%2BArbor%2BNews%252C%2BThe%2B%2528MI%2529&amp;action=browse');
INSERT OR REPLACE INTO people (id, name, status, level, state, office, crime_description, summary, still_in_office, offense_year, conviction_year, event_date) VALUES ('david-mccauley', 'David McCauley', 'charged', 'local', 'EV', 'Mayor', 'Child Sexual Abuse Material Production', 'David McCauley David McCauley was a member of the Buckhannon City Council. He had also served as mayor from 2016-2020 and was elected to City Council in 2022.', NULL, NULL, NULL, NULL);
INSERT INTO crime_types (person_id, crime_type) VALUES ('david-mccauley', 'csam');
INSERT INTO crime_types (person_id, crime_type) VALUES ('david-mccauley', 'assault');
INSERT INTO sources (person_id, url) VALUES ('david-mccauley', 'https://goppredators.wordpress.com/2024/10/26/1345-david-mccauley/');
INSERT INTO sources (person_id, url) VALUES ('david-mccauley', 'https://www.theintermountain.com/news/local-news/2024/10/mccauley-resigns-from-city-council/');
INSERT INTO sources (person_id, url) VALUES ('david-mccauley', 'https://www.justice.gov/usao-ndwv/pr/buckhannon-man-indicted-child-pornography-charges');
INSERT OR REPLACE INTO people (id, name, status, level, state, office, crime_description, summary, still_in_office, offense_year, conviction_year, event_date) VALUES ('clayton-sallee', 'Clayton Sallee', 'charged', 'adjacent', 'AR', 'Teacher', 'Child Molestation', 'Clayton Sallee Clayton Sallee was an Ag teacher at Farmington Public School, in Farmington, Arkansas. In September, the school received a report that engaged in inappropriate conduct with a student.', NULL, NULL, NULL, '2024-10-09');
INSERT INTO crime_types (person_id, crime_type) VALUES ('clayton-sallee', 'child-molestation');
INSERT INTO sources (person_id, url) VALUES ('clayton-sallee', 'https://goppredators.wordpress.com/2024/10/26/1344-clayton-sallee/');
INSERT INTO sources (person_id, url) VALUES ('clayton-sallee', 'https://law.justia.com/codes/arkansas/title-5/subtitle-2/chapter-14/subchapter-1/section-5-14-125/');
INSERT INTO sources (person_id, url) VALUES ('clayton-sallee', 'https://www.nwahomepage.com/news/farmington-high-school-teacher-arrested-second-degree-sexual-assault-minor/');
INSERT INTO sources (person_id, url) VALUES ('clayton-sallee', 'https://infoweb-newsbank-com.proxy.multcolib.org/apps/news/browse-pub?p=AMNEWS&amp;t=pubname%3ANADG-EEDT%21Northwest%2BArkansas%2BDemocrat-Gazette%2B%2528AR%2529&amp;action=browse');
INSERT OR REPLACE INTO people (id, name, status, level, state, office, crime_description, summary, still_in_office, offense_year, conviction_year, event_date) VALUES ('leroy-driscoll', 'Leroy Driscoll', 'charged', 'adjacent', 'IN', 'Police Officer', 'Child Rape', 'Sylvester "Leroy" Driscoll Sylvester "LeRoy" Driscoll was a police chaplain in the Indianapolis Police Department. He''s also a Trump supporter on his social media.', NULL, NULL, NULL, NULL);
INSERT INTO crime_types (person_id, crime_type) VALUES ('leroy-driscoll', 'rape');
INSERT INTO sources (person_id, url) VALUES ('leroy-driscoll', 'https://goppredators.wordpress.com/2024/10/25/1343-leroy-driscoll/');
INSERT INTO sources (person_id, url) VALUES ('leroy-driscoll', 'https://www.crimeonline.com/2024/09/20/retired-police-chaplain-accused-of-raping-8-year-old-girl-dozens-of-times/');
INSERT INTO sources (person_id, url) VALUES ('leroy-driscoll', 'https://www.wishtv.com/news/i-team-8/former-police-chaplain-arrested-for-child-molestation/');
INSERT INTO sources (person_id, url) VALUES ('leroy-driscoll', 'https://public.courts.in.gov/mycase/#/vw/CaseSummary/eyJ2Ijp7IkNhc2VUb2tlbiI6ImNXQ2ctdnVnV0hONlJJTFNVc1d5bkFQSzNOWVZrdTEtOHhjWEZqN212VkExIn19');
INSERT OR REPLACE INTO people (id, name, status, level, state, office, crime_description, summary, still_in_office, offense_year, conviction_year, event_date) VALUES ('dave-mccormick', 'Dave McCormick', 'alleged', 'federal', 'PA', 'U.S. Senator', 'Interfered in Sexual Harassment Complaints', 'Dave McCormick Dave McCormick, US Senator from Pennsylvania, is the former CEO of Bridgewater Associates, the world''s largest hedge fund. Yes, he is a carpetbagger from Connecticut though he bought a house to run for Senate.', NULL, NULL, NULL, NULL);
INSERT INTO crime_types (person_id, crime_type) VALUES ('dave-mccormick', 'harassment');
INSERT INTO sources (person_id, url) VALUES ('dave-mccormick', 'https://goppredators.wordpress.com/2024/10/25/1342-dave-mccormick/');
INSERT INTO sources (person_id, url) VALUES ('dave-mccormick', 'https://www.jezebel.com/gop-senate-candidate-reportedly-threatened-retaliated-against-sexual-harassment-victims');
INSERT INTO sources (person_id, url) VALUES ('dave-mccormick', 'https://www.goerie.com/story/news/politics/elections/2024/09/06/book-the-fund-describes-dave-mccormicks-hedge-fund/74973791007/?emci=475f89f0-5d6c-ef11-991a-6045bdd9e096&amp;emdi=7bad458c-606c-ef11-991a-6045bdd9e096&amp;ceid=36319964');
INSERT INTO sources (person_id, url) VALUES ('dave-mccormick', 'https://pennsylvaniaindependent.com/politics/dave-mccormick-bob-casey-2024-senate-election-bridgewater-sexual-assault-ray-dario/');
INSERT OR REPLACE INTO people (id, name, status, level, state, office, crime_description, summary, still_in_office, offense_year, conviction_year, event_date) VALUES ('john-d-jessup', 'John D, Jessup', 'convicted', 'local', 'IN', 'County Commissioner', 'Sexual Assault', 'John D. Jessup John D, Jessup is a Hancock County Commissioner.', NULL, NULL, NULL, '2024-09-27');
INSERT INTO crime_types (person_id, crime_type) VALUES ('john-d-jessup', 'assault');
INSERT INTO sources (person_id, url) VALUES ('john-d-jessup', 'https://goppredators.wordpress.com/2024/10/24/1341-john-d-jessup/');
INSERT INTO sources (person_id, url) VALUES ('john-d-jessup', 'https://ballotpedia.org/John_D._Jessup_(At_Large_Member_Hancock_County_Council,_Indiana,_candidate_2024)');
INSERT INTO sources (person_id, url) VALUES ('john-d-jessup', 'https://www.greenfieldreporter.com/2024/08/06/jessup-sexual-assault-trial-set-for-february-2025/');
INSERT INTO sources (person_id, url) VALUES ('john-d-jessup', 'https://indianaeconomicdigest.net/MobileContent/Most-Recent/Friday/Article/Hancock-County-Commissioner-John-D-Jessup-appears-in-Las-Vegas-court-to-face-sexual-assault-charge/31/132/116793');
INSERT INTO sources (person_id, url) VALUES ('john-d-jessup', 'https://fox59.com/news/indycrime/docs-hancock-county-commissioner-molested-woman-after-drunken-night-in-las-vegas/');
INSERT INTO sources (person_id, url) VALUES ('john-d-jessup', 'https://www.greenfieldreporter.com/2024/11/14/jessup-takes-plea-deal-in-las-vegas-sexual-assault-case-will-be-sentenced-in-april/');
INSERT INTO sources (person_id, url) VALUES ('john-d-jessup', 'https://www.greenfieldreporter.com/2024/11/19/jessups-daughter-steps-forward-as-the-woman-he-sexually-assaulted-in-las-vegas/');
INSERT OR REPLACE INTO people (id, name, status, level, state, office, crime_description, summary, still_in_office, offense_year, conviction_year, event_date) VALUES ('andy-santana', 'Andy Santana', 'charged', 'local', 'FL', 'Mayor', 'Child Rape', 'Andy Santana Andy Santana was the campaign manager of mayoral candidate Alex Otaola, a Cuban influencer who unsuccessfully challenged current Mayor Daniella Levine Cava in the Republican primary. He has been charged with rape of a child, a boy of seventeen.', NULL, NULL, NULL, NULL);
INSERT INTO crime_types (person_id, crime_type) VALUES ('andy-santana', 'rape');
INSERT INTO sources (person_id, url) VALUES ('andy-santana', 'https://goppredators.wordpress.com/2024/10/24/1340-andy-santana/');
INSERT INTO sources (person_id, url) VALUES ('andy-santana', 'https://www.miamiherald.com/news/local/crime/article293419294.html');
INSERT INTO sources (person_id, url) VALUES ('andy-santana', 'https://floridapolitics.com/archives/699528-former-miami-dade-mayor-candidate-alex-otaolas-treasurer-arrested-for-sex-with-a-minor/');
INSERT OR REPLACE INTO people (id, name, status, level, state, office, crime_description, summary, still_in_office, offense_year, conviction_year, event_date) VALUES ('doug-pitassi', 'Doug Pitassi', 'alleged', 'adjacent', 'OR', '', 'Sexual Harassment, Child Indecency', 'Doug Pitassi (OR): Sexual Harassment, Child Indecency.', NULL, NULL, NULL, NULL);
INSERT INTO crime_types (person_id, crime_type) VALUES ('doug-pitassi', 'harassment');
INSERT INTO sources (person_id, url) VALUES ('doug-pitassi', 'https://goppredators.wordpress.com/2026/03/13/1339-doug-pitassi/');
INSERT OR REPLACE INTO people (id, name, status, level, state, office, crime_description, summary, still_in_office, offense_year, conviction_year, event_date) VALUES ('paul-calhoun', 'Paul Calhoun', 'convicted', 'state', 'AL', 'Mayor', 'Child Sexual Abuse Material', 'Paul Calhoun Paul Calhoun is the former mayor of Lake View, Alabama. He was appointed in 2016 by Republican Governor Robert Bentley after the mayor and 2 city council members resigned, leaving the town without a quorum to do business.', NULL, NULL, 2020, '2024-07-25');
INSERT INTO crime_types (person_id, crime_type) VALUES ('paul-calhoun', 'csam');
INSERT INTO crime_types (person_id, crime_type) VALUES ('paul-calhoun', 'assault');
INSERT INTO sources (person_id, url) VALUES ('paul-calhoun', 'https://goppredators.wordpress.com/2024/10/23/1338-paul-calhoun/');
INSERT INTO sources (person_id, url) VALUES ('paul-calhoun', 'https://1819news.com/news/item/ex-mayor-of-lake-view-paul-calhoun-arrested-for-child-porn');
INSERT INTO sources (person_id, url) VALUES ('paul-calhoun', 'https://www.wvtm13.com/article/former-lake-view-mayor-child-pornography-arrest/61708683');
INSERT OR REPLACE INTO people (id, name, status, level, state, office, crime_description, summary, still_in_office, offense_year, conviction_year, event_date) VALUES ('dean-allen-wallowing-bull', 'Dean Allen Wallowing Bull', 'charged', 'state', 'MR', '', 'Sexual Abuse of a person unable to consent', 'Dean Allen (DA) Wallowing Bull Dean Allen Wallowing Bull is the Republican candidate for Montana''s House District 41 Representative despite being indicted on federal charges for sexual abuse and attempted sexual abuse of two men who were unable to consent. KTVQ Billings: Lame Deer GOP state House ca', NULL, NULL, NULL, NULL);
INSERT INTO crime_types (person_id, crime_type) VALUES ('dean-allen-wallowing-bull', 'assault');
INSERT INTO sources (person_id, url) VALUES ('dean-allen-wallowing-bull', 'https://goppredators.wordpress.com/2024/10/23/1337-dean-allen-wallowing-bull/');
INSERT INTO sources (person_id, url) VALUES ('dean-allen-wallowing-bull', 'https://apps.montanafreepress.org/election-guide-2024/legislature/da-wallowing-bull/');
INSERT INTO sources (person_id, url) VALUES ('dean-allen-wallowing-bull', 'https://www.ktvq.com/news/crime-watch/lame-deer-gop-state-house-candidate-charged-with-sexual-abuse');
INSERT INTO sources (person_id, url) VALUES ('dean-allen-wallowing-bull', 'https://www.newsfromthestates.com/article/republican-state-house-candidate-indicted-sexual-abuse-charges');
INSERT INTO sources (person_id, url) VALUES ('dean-allen-wallowing-bull', 'https://dailymontanan.com/2024/08/21/republican-state-house-candidate-indicted-on-sexual-abuse-charges/');
INSERT OR REPLACE INTO people (id, name, status, level, state, office, crime_description, summary, still_in_office, offense_year, conviction_year, event_date) VALUES ('james-robert-murphey', 'James Robert Murphey', 'charged', 'adjacent', 'NC', 'Pastor', 'Sexual Battery of Minors', 'James Robert Murphey James Robert Murphey worked for over twenty years as youth pastor at Oak View Baptist Church in High Point, North Carolina. To their credit, the church went to the police and suspended Murphey as soon as they learned of allegations that he had sexually battered a minor.', NULL, NULL, NULL, NULL);
INSERT INTO crime_types (person_id, crime_type) VALUES ('james-robert-murphey', 'rape');
INSERT INTO crime_types (person_id, crime_type) VALUES ('james-robert-murphey', 'assault');
INSERT INTO sources (person_id, url) VALUES ('james-robert-murphey', 'https://goppredators.wordpress.com/2024/10/23/1336-james-robert-murphey/');
INSERT INTO sources (person_id, url) VALUES ('james-robert-murphey', 'https://myfox8.com/news/north-carolina/high-point/high-point-man-charged-with-dozens-of-counts-of-sexual-battery-after-months-long-was-church-employee-police-say/');
INSERT INTO sources (person_id, url) VALUES ('james-robert-murphey', 'https://www.hpenews.com/news/man-accused-of-sexual-battery-of-teens/article_68bf4c4d-4506-516a-bbcb-2a34976952a7.html');
INSERT INTO sources (person_id, url) VALUES ('james-robert-murphey', 'https://julieroys.com/north-carolina-former-youth-minister-murphey-arrested-30-counts-sexual-battery/');
INSERT OR REPLACE INTO people (id, name, status, level, state, office, crime_description, summary, still_in_office, offense_year, conviction_year, event_date) VALUES ('mike-vereb', 'Mike Vereb', 'alleged', 'federal', 'PA', 'Police Officer', 'Sexual Harassment', 'Mike Vereb Mike Vereb has served as a Republican state representative in Pennsylvania from 2007 until 2017. He also served in the administration of Josh Shapiro, the Democratic governor, in the position of Secretary of Legislative Affairs.', NULL, NULL, NULL, NULL);
INSERT INTO crime_types (person_id, crime_type) VALUES ('mike-vereb', 'harassment');
INSERT INTO sources (person_id, url) VALUES ('mike-vereb', 'https://goppredators.wordpress.com/2024/10/23/1335-mike-vereb/');
INSERT INTO sources (person_id, url) VALUES ('mike-vereb', 'https://www.spotlightpa.org/news/2023/10/pennsylvania-josh-shapiro-mike-vereb-sexual-harassment-settlement-amount/');
INSERT INTO sources (person_id, url) VALUES ('mike-vereb', 'https://www.spotlightpa.org/news/2023/10/pennsylvania-josh-shapiro-mike-vereb-sexual-harassment-settlement/');
INSERT INTO sources (person_id, url) VALUES ('mike-vereb', 'https://www.inquirer.com/politics/pennsylvania/mike-vereb-resignation-sexual-harassment-shapiro-20230928.html');
INSERT OR REPLACE INTO people (id, name, status, level, state, office, crime_description, summary, still_in_office, offense_year, conviction_year, event_date) VALUES ('joshua-dane-wells', 'Joshua Dane Wells', 'charged', 'adjacent', 'AL', '', 'Sexual Contact with Minor', 'Joshua Dane Wells Joshua Dane Wells was a part-time deputy and foster parent. He also was podcasting with two other people a Pentecostal podcast called PenteTalks has been charged with inappropriate sexual conduct with minors.', NULL, NULL, NULL, NULL);
INSERT INTO crime_types (person_id, crime_type) VALUES ('joshua-dane-wells', 'other');
INSERT INTO sources (person_id, url) VALUES ('joshua-dane-wells', 'https://goppredators.wordpress.com/2024/10/23/1334-joshua-dane-wells/');
INSERT INTO sources (person_id, url) VALUES ('joshua-dane-wells', 'https://www.dekalbcountysheriff.org/press_view.php?id=789');
INSERT INTO sources (person_id, url) VALUES ('joshua-dane-wells', 'https://www.al.com/news/2024/07/part-time-alabama-deputy-accused-of-inappropriate-sexual-conduct-with-minor.html');
INSERT OR REPLACE INTO people (id, name, status, level, state, office, crime_description, summary, still_in_office, offense_year, conviction_year, event_date) VALUES ('brett-callaway', 'Brett Callaway', 'charged', 'adjacent', 'NC', '', 'Assault', 'Brett Callaway Brett Callaway, Chair of the Henderson County, NC, Republican Party , has been charged with assaulting a woman. He is likely to receive no punishment.', NULL, NULL, NULL, '2024-05-10');
INSERT INTO crime_types (person_id, crime_type) VALUES ('brett-callaway', 'other');
INSERT INTO sources (person_id, url) VALUES ('brett-callaway', 'https://goppredators.wordpress.com/2024/10/21/1332-brett-callaway/');
INSERT INTO sources (person_id, url) VALUES ('brett-callaway', 'https://www.hendersoncountyncgop.org/hc-gop-leaders-and-mal');
INSERT INTO sources (person_id, url) VALUES ('brett-callaway', 'https://www.ashevilledailyplanet.com/news/6616-republican-mens-club-votes-unanimously-to-censure-hcgop-chair-club-members-also-call-for-brett-callaway-to-resign');
INSERT INTO sources (person_id, url) VALUES ('brett-callaway', 'http://ashevilledailyplanet.com/news/6617-woman-in-case-against-hcgop-chief-gives-update');
INSERT INTO sources (person_id, url) VALUES ('brett-callaway', 'https://www.newspapers.com/paper/asheville-citizen-times/4039/');
INSERT OR REPLACE INTO people (id, name, status, level, state, office, crime_description, summary, still_in_office, offense_year, conviction_year, event_date) VALUES ('george-bardmesser', 'George Bardmesser', 'charged', 'adjacent', 'FL', '', 'Child Abuse', 'George Bardmesser George Bardmesser is a Republican candidate for Sunny Isles Beach, Florida, commission. An author of sci-fi political thrillers, his website opens with the fictional quotation, "Every problem on Earth can be solved by the application of propellant to a bullet that sends it in a pro', NULL, NULL, NULL, NULL);
INSERT INTO crime_types (person_id, crime_type) VALUES ('george-bardmesser', 'other');
INSERT INTO sources (person_id, url) VALUES ('george-bardmesser', 'https://goppredators.wordpress.com/2024/10/21/1331-george-bardmesser/');
INSERT INTO sources (person_id, url) VALUES ('george-bardmesser', 'https://www.nbcmiami.com/news/local/sunny-isles-beach-commission-candidate-arrested-after-slapping-teen-choking-another-police/3383231/');
INSERT INTO sources (person_id, url) VALUES ('george-bardmesser', 'https://www.cbsnews.com/miami/news/teens-speak-out-about-alleged-attack-involving-sunny-isles-beach-candidate-george-bardmesser/');
INSERT INTO sources (person_id, url) VALUES ('george-bardmesser', 'https://www.newspapers.com/paper/the-miami-herald/881/');
INSERT OR REPLACE INTO people (id, name, status, level, state, office, crime_description, summary, still_in_office, offense_year, conviction_year, event_date) VALUES ('michael-paustian', 'Michael Paustian', 'convicted', 'adjacent', 'CO', '', 'Child Sexual Abuse', 'Michael Paustian (Linked In) Michael Paustian was the creative director of Group Publishing, a religious publishing house that created curriculum for churches. Group Publishing specializes in “creating experiences that bring Children, Youth, and Adults into a closer relationship with Jesus,” which i', NULL, NULL, NULL, NULL);
INSERT INTO crime_types (person_id, crime_type) VALUES ('michael-paustian', 'assault');
INSERT INTO sources (person_id, url) VALUES ('michael-paustian', 'https://goppredators.wordpress.com/2024/10/09/1330-michael-paustian/');
INSERT INTO sources (person_id, url) VALUES ('michael-paustian', 'https://www.reporterherald.com/2024/07/25/berthoud-man-sentenced-to-eight-years-to-life-in-prison-for-child-sexual-assault/');
INSERT INTO sources (person_id, url) VALUES ('michael-paustian', 'https://churchleaders.com/news/490907-group-publishing-creative-director-pleads-guilty-to-sexually-abusing-a-6-year-old-18-years-ago.html');
INSERT INTO sources (person_id, url) VALUES ('michael-paustian', 'https://www.larimer.gov/spotlights/2024/07/23/michael-paustian-sentenced-8-years-life');
INSERT OR REPLACE INTO people (id, name, status, level, state, office, crime_description, summary, still_in_office, offense_year, conviction_year, event_date) VALUES ('riley-carter', 'Riley Carter', 'convicted', 'local', 'WA', 'City Councilmember', 'Child Rape, Familial Violence', 'Riley Carter Riley Carter was a city council member in Aberdeen, Washington. He used this picture in his campaign''s Facebook site.', NULL, NULL, 2024, '2024-07-31');
INSERT INTO crime_types (person_id, crime_type) VALUES ('riley-carter', 'rape');
INSERT INTO sources (person_id, url) VALUES ('riley-carter', 'https://goppredators.wordpress.com/2024/10/09/1329-riley-carter/');
INSERT INTO sources (person_id, url) VALUES ('riley-carter', 'https://www.fox13seattle.com/news/riley-carter-first-degree-rape');
INSERT INTO sources (person_id, url) VALUES ('riley-carter', 'https://www.chronline.com/stories/court-docs-illuminate-child-rape-arrest-of-city-councilor-in-grays-harbor-county,359379');
INSERT INTO sources (person_id, url) VALUES ('riley-carter', 'https://www.fox13seattle.com/news/wa-councilman-convicted-child-rape');
INSERT INTO sources (person_id, url) VALUES ('riley-carter', 'https://www.thedailyworld.com/news/carter-sentenced-to-minimum-46-years-in-prison/');
INSERT OR REPLACE INTO people (id, name, status, level, state, office, crime_description, summary, still_in_office, offense_year, conviction_year, event_date) VALUES ('joshua-kindred', 'Joshua Kindred', 'convicted', 'adjacent', 'AK', '', 'Sexual Misconduct', 'Joshua Kindred Joshua Kindred was appointed to the U.S. District Court by Donald Trump in 2020.', NULL, NULL, NULL, '2024-07-09');
INSERT INTO crime_types (person_id, crime_type) VALUES ('joshua-kindred', 'other');
INSERT INTO sources (person_id, url) VALUES ('joshua-kindred', 'https://goppredators.wordpress.com/2024/10/05/1328-joshua-kindred/');
INSERT INTO sources (person_id, url) VALUES ('joshua-kindred', 'https://trumpwhitehouse.archives.gov/presidential-actions/president-donald-j-trump-announces-judicial-nominees-7/');
INSERT INTO sources (person_id, url) VALUES ('joshua-kindred', 'https://alaskapublic.org/2024/10/02/alaska-judges-sexualized-relationship-with-prosecutor-leads-to-new-trial-for-cyberstalking-defendant/');
INSERT INTO sources (person_id, url) VALUES ('joshua-kindred', 'https://www.washingtonpost.com/national-security/2024/09/12/alaska-judge-kindred-impeachment-sexual-workplace-misconduct/');
INSERT INTO sources (person_id, url) VALUES ('joshua-kindred', 'https://cdn.ca9.uscourts.gov/datastore/ce9/2024/22-90121%20News%20Release%20&amp;%20Order%20and%20Certification.pdf');
INSERT OR REPLACE INTO people (id, name, status, level, state, office, crime_description, summary, still_in_office, offense_year, conviction_year, event_date) VALUES ('walter-davis-lundy', 'Walter Davis Lundy', 'charged', 'local', 'TN', 'Mayor', 'Assault', 'Walter Davis Lundy Walter Davis Lundy is a former advisor to Weston Wamp, a failed GOP congressional candidate and the current mayor of Hamilton County. He resigned in 2022 after an arrest for DUI, possession of marijuana.', NULL, NULL, NULL, '2024-06-06');
INSERT INTO crime_types (person_id, crime_type) VALUES ('walter-davis-lundy', 'other');
INSERT INTO sources (person_id, url) VALUES ('walter-davis-lundy', 'https://goppredators.wordpress.com/2024/07/08/1327-walter-davis-lundy/');
INSERT INTO sources (person_id, url) VALUES ('walter-davis-lundy', 'https://www.chattanoogan.com/2024/4/12/485736/Former-Political-Advisor-Lundy-Arrested.aspx');
INSERT INTO sources (person_id, url) VALUES ('walter-davis-lundy', 'https://www.timesfreepress.com/news/2024/apr/12/former-adviser-to-hamilton-county-mayor-allegedly/');
INSERT INTO sources (person_id, url) VALUES ('walter-davis-lundy', 'https://infoweb-newsbank-com.proxy.multcolib.org/apps/news/browse-pub?p=AMNEWS&amp;t=pubname%3ATCT2T-EEDT%21Chattanooga%2BTimes%2BFree%2BPress%2B%2528TN%2529&amp;action=browse');
INSERT OR REPLACE INTO people (id, name, status, level, state, office, crime_description, summary, still_in_office, offense_year, conviction_year, event_date) VALUES ('keith-farrell', 'Keith Farrell', 'charged', 'local', 'KY', 'City Councilmember', 'Sexual Abuse of Minor', 'Keith Farrell Keith Farrell was a city council member in Providence, Kentucky, for fourteen years in all. He resigned in March, 2024, after it was disclosed he was under investigation for sexual abuse of a minor under sixteen.', NULL, NULL, NULL, NULL);
INSERT INTO crime_types (person_id, crime_type) VALUES ('keith-farrell', 'assault');
INSERT INTO sources (person_id, url) VALUES ('keith-farrell', 'https://goppredators.wordpress.com/2024/07/08/1326-keith-farrell/');
INSERT INTO sources (person_id, url) VALUES ('keith-farrell', 'https://www.the-messenger.com/journal_enterprise/article_a862e86c-9181-5de0-9e97-c209cd8f11f0.html');
INSERT INTO sources (person_id, url) VALUES ('keith-farrell', 'https://www.wevv.com/news/crime/former-providence-city-councilman-arrested-on-sex-abuse-charge/article_91b9ca48-299b-11ef-b9f8-8ba5e1cac51d.html');
INSERT OR REPLACE INTO people (id, name, status, level, state, office, crime_description, summary, still_in_office, offense_year, conviction_year, event_date) VALUES ('jonathan-shaheen', 'Jonathan Shaheen', 'convicted', 'adjacent', 'CO', 'Pastor', 'Child Sexual Abuse Material', 'Jonathan Shaheen Jonathan Shaheen was a creative pastor at Timber Creek Church in Colorado Springs and a music teacher at School of Rock, a music lesson store also in Colorado Springs. In September 2023, he was arrested for attempting to sexually exploit and abuse a nine-year-old child.', NULL, NULL, NULL, NULL);
INSERT INTO crime_types (person_id, crime_type) VALUES ('jonathan-shaheen', 'csam');
INSERT INTO crime_types (person_id, crime_type) VALUES ('jonathan-shaheen', 'assault');
INSERT INTO sources (person_id, url) VALUES ('jonathan-shaheen', 'https://goppredators.wordpress.com/2024/07/08/1325-jonathan-shaheen/');
INSERT INTO sources (person_id, url) VALUES ('jonathan-shaheen', 'https://krdo.com/news/2023/09/19/court-docs-show-former-colorado-springs-pastor-music-teacher-wanted-to-have-sex-with-ex-lovers-child/');
INSERT INTO sources (person_id, url) VALUES ('jonathan-shaheen', 'https://www.kktv.com/2024/06/24/former-colorado-springs-pastor-be-sentenced-monday-child-exploitation/');
INSERT OR REPLACE INTO people (id, name, status, level, state, office, crime_description, summary, still_in_office, offense_year, conviction_year, event_date) VALUES ('dennis-houchin', 'Dennis Houchin', 'alleged', 'adjacent', 'FL', '', 'Child Sexual Abuse Material', 'Dennis Houchin (FL): Child Sexual Abuse Material.', NULL, NULL, NULL, NULL);
INSERT INTO crime_types (person_id, crime_type) VALUES ('dennis-houchin', 'csam');
INSERT INTO crime_types (person_id, crime_type) VALUES ('dennis-houchin', 'assault');
INSERT INTO sources (person_id, url) VALUES ('dennis-houchin', 'https://goppredators.wordpress.com/2026/03/13/1324-dennis-houchin/');
INSERT OR REPLACE INTO people (id, name, status, level, state, office, crime_description, summary, still_in_office, offense_year, conviction_year, event_date) VALUES ('christopher-cassidy', 'Christopher Cassidy', 'alleged', 'adjacent', 'LA', '', 'Child Sexual Abuse Material, Bestiality', 'Christopher Cassidy (LA): Child Sexual Abuse Material, Bestiality.', NULL, NULL, NULL, NULL);
INSERT INTO crime_types (person_id, crime_type) VALUES ('christopher-cassidy', 'csam');
INSERT INTO crime_types (person_id, crime_type) VALUES ('christopher-cassidy', 'assault');
INSERT INTO sources (person_id, url) VALUES ('christopher-cassidy', 'https://goppredators.wordpress.com/2026/03/13/1323-christopher-cassidy/');
INSERT OR REPLACE INTO people (id, name, status, level, state, office, crime_description, summary, still_in_office, offense_year, conviction_year, event_date) VALUES ('trevor-ranere', 'Trevor Ranere', 'charged', 'local', 'ID', '', 'Sexual Battery of Minor', 'Trevor Aaron Renare Trevor Aaron Ranere was a Bannock County Sheriff''s Deputy. He is accused of sexual abusing a sixteen-year-old girl.', NULL, NULL, NULL, NULL);
INSERT INTO crime_types (person_id, crime_type) VALUES ('trevor-ranere', 'rape');
INSERT INTO crime_types (person_id, crime_type) VALUES ('trevor-ranere', 'assault');
INSERT INTO sources (person_id, url) VALUES ('trevor-ranere', 'https://goppredators.wordpress.com/2024/07/07/1322-trevor-renare/');
INSERT INTO sources (person_id, url) VALUES ('trevor-ranere', 'https://www.idahostatejournal.com/freeaccess/felony-charges-filed-against-bannock-county-sheriffs-deputy-accused-of-sexually-abusing-16-year-old/article_5413552a-33cc-11ef-be68-1fe0889300ec.html');
INSERT INTO sources (person_id, url) VALUES ('trevor-ranere', 'https://www.eastidahonews.com/2024/06/bannock-sheriffs-deputy-charged-with-sex-crime-involving-16-year-old-girl/');
INSERT OR REPLACE INTO people (id, name, status, level, state, office, crime_description, summary, still_in_office, offense_year, conviction_year, event_date) VALUES ('patrick-miller', 'Patrick Miller', 'convicted', 'adjacent', 'AR', '', 'Sexual Abuse of Minor', 'Patrick Stephen Miller Patrick Stephen Miller was the Assistant Director of Children''s Ministry at Immanuel Baptist Church in Little Rock, Arkansas. In 2016, he was arrested and charged with sexually abusing an elementary school student.', NULL, NULL, NULL, '2024-06-10');
INSERT INTO crime_types (person_id, crime_type) VALUES ('patrick-miller', 'assault');
INSERT INTO sources (person_id, url) VALUES ('patrick-miller', 'https://goppredators.wordpress.com/2024/07/07/1321-patrick-stephen-miller/');
INSERT INTO sources (person_id, url) VALUES ('patrick-miller', 'https://caseinfonew.arcourts.gov/opad/case/60CR-19-196');
INSERT INTO sources (person_id, url) VALUES ('patrick-miller', 'https://caseinfonew.arcourts.gov/opad/case/LRCR-18-6272');
INSERT INTO sources (person_id, url) VALUES ('patrick-miller', 'https://caseinfonew.arcourts.gov/opad/case/LRCR-24-3071');
INSERT INTO sources (person_id, url) VALUES ('patrick-miller', 'https://www.arkansasonline.com/news/2023/dec/10/request-for-sealed-record-is-contested/');
INSERT INTO sources (person_id, url) VALUES ('patrick-miller', 'https://archive.is/NtKV8#selection-1034.0-1034.1');
INSERT INTO sources (person_id, url) VALUES ('patrick-miller', 'https://arktimes.com/arkansas-blog/2024/01/10/ok-church-leaders-say-nobody-told-them-former-immanuel-baptist-youth-minister-was-accused-of-abuse');
INSERT OR REPLACE INTO people (id, name, status, level, state, office, crime_description, summary, still_in_office, offense_year, conviction_year, event_date) VALUES ('marty-wallace', 'Marty Wallace', 'charged', 'adjacent', 'IA', '', 'Sexual Abuse of Minor', 'Martin “Marty” William Wallace Martin “Marty” William Wallace owns Therapies, Inc. in Sheldon, Iowa, where he practiced as a mental health counselor and play therapist.', NULL, NULL, NULL, '2024-06-08');
INSERT INTO crime_types (person_id, crime_type) VALUES ('marty-wallace', 'assault');
INSERT INTO sources (person_id, url) VALUES ('marty-wallace', 'https://goppredators.wordpress.com/2024/07/07/1320-marty-wallace/');
INSERT INTO sources (person_id, url) VALUES ('marty-wallace', 'https://www.nwestiowa.com/news/wallace-one-of-iowas-pioneer-play-therapists/article_0f9938d4-b94c-11ed-a72b-6bdeef2e6726.html');
INSERT INTO sources (person_id, url) VALUES ('marty-wallace', 'https://www.nwestiowa.com/news/child-therapist-arrested-on-felony-charges/article_68683f64-21e2-11ef-8e41-c7eb2ee0b150.html');
INSERT INTO sources (person_id, url) VALUES ('marty-wallace', 'https://iowacapitaldispatch.com/2024/06/17/police-therapist-charged-with-sex-abuse-has-a-long-history-of-complaints/');
INSERT INTO sources (person_id, url) VALUES ('marty-wallace', 'https://infoweb-newsbank-com.proxy.multcolib.org/apps/news/browse-pub?p=AMNEWS&amp;t=pubname%3ADNC3-EEDT%21Daily%2BNonpareil%252C%2BThe%2B%2528Council%2BBluffs%252C%2BIA%2529&amp;action=browse');
INSERT OR REPLACE INTO people (id, name, status, level, state, office, crime_description, summary, still_in_office, offense_year, conviction_year, event_date) VALUES ('jonathan-edward-elwing', 'Jonathan Edward Elwing', 'charged', 'local', 'FL', 'Pastor', 'Child Sexual Abuse Material', 'Jonathan Edward Elwing Jonathan Edward Elwing was the pastor of Palm View Baptist Church in Manatee County, Florida for the past five years. He has been serving as pastor in various places since 2003.', NULL, NULL, NULL, NULL);
INSERT INTO crime_types (person_id, crime_type) VALUES ('jonathan-edward-elwing', 'csam');
INSERT INTO crime_types (person_id, crime_type) VALUES ('jonathan-edward-elwing', 'assault');
INSERT INTO sources (person_id, url) VALUES ('jonathan-edward-elwing', 'https://goppredators.wordpress.com/2024/07/06/1319-jonathan-elwing/');
INSERT INTO sources (person_id, url) VALUES ('jonathan-edward-elwing', 'https://manatee-sheriff.revize.com/bookings/2024004776');
INSERT INTO sources (person_id, url) VALUES ('jonathan-edward-elwing', 'https://mychristiandaily.com/florida-pastor-arrested-on-child-porn-charges/');
INSERT INTO sources (person_id, url) VALUES ('jonathan-edward-elwing', 'https://www.mysuncoast.com/2024/06/27/mcso-pastor-filmed-himself-sexually-battering-child/');
INSERT INTO sources (person_id, url) VALUES ('jonathan-edward-elwing', 'https://www.bradenton.com/news/local/crime/article289576428.html');
INSERT OR REPLACE INTO people (id, name, status, level, state, office, crime_description, summary, still_in_office, offense_year, conviction_year, event_date) VALUES ('joel-bruce-searby', 'Joel Bruce Searby', 'charged', 'local', 'FL', '', 'Soliciting a Minor', 'Joel Bruce Searby Joel Bruce Searby has been active in Florida Republican politics for many years. He worked for a consulting firm called Data Targeting where he worked for many Republican campaigns.', NULL, NULL, NULL, '2024-06-24');
INSERT INTO crime_types (person_id, crime_type) VALUES ('joel-bruce-searby', 'solicitation');
INSERT INTO sources (person_id, url) VALUES ('joel-bruce-searby', 'https://goppredators.wordpress.com/2024/07/06/1318-joel-searby/');
INSERT INTO sources (person_id, url) VALUES ('joel-bruce-searby', 'https://www.gainesville.com/story/news/crime/2024/06/20/archer-man-accused-of-attempting-to-lure-teen-boy-for-sex/74161531007/');
INSERT INTO sources (person_id, url) VALUES ('joel-bruce-searby', 'https://alachuachronicle.com/leader-of-newberry-charter-school-initiative-charged-with-inviting-a-15-year-old-boy-to-his-home-for-sex/');
INSERT INTO sources (person_id, url) VALUES ('joel-bruce-searby', 'https://www.wcjb.com/video/2024/07/05/court-consider-5-letters-testimony-supporting-joel-searby-despite-being-arrested-child-sex-crimes-2/');
INSERT INTO sources (person_id, url) VALUES ('joel-bruce-searby', 'https://infoweb-newsbank-com.proxy.multcolib.org/apps/news/browse-pub?p=AMNEWS&amp;t=pubname%3AFLGS-EEDT%21Gainesville%2BSun%252C%2BThe%2B%2528FL%2529&amp;action=browse');
INSERT OR REPLACE INTO people (id, name, status, level, state, office, crime_description, summary, still_in_office, offense_year, conviction_year, event_date) VALUES ('ryan-ivy', 'Ryan Ivy', 'convicted', 'adjacent', 'TX', 'Pastor', 'Soliciting a Minor', 'Ryan Don Ivy Ryan Don Ivy was a youth minister at Bluff Dale Baptist Church and an employee at Bluff Dale Independent School District was accused of online solicitation involving text messages he sent to a 13-year-old middle school student. Incredibly, despite being shown the text messages he sent i', NULL, NULL, NULL, NULL);
INSERT INTO crime_types (person_id, crime_type) VALUES ('ryan-ivy', 'solicitation');
INSERT INTO sources (person_id, url) VALUES ('ryan-ivy', 'https://goppredators.wordpress.com/2024/07/05/1317-ryan-ivy/');
INSERT INTO sources (person_id, url) VALUES ('ryan-ivy', 'https://www.dublincitizen.com/news/youth-minister-charged-solicitation-minor');
INSERT INTO sources (person_id, url) VALUES ('ryan-ivy', 'https://www.beneaththesurfacenews.com/post/former-bluff-dale-youth-minister-pleads-guilty-to-online-harassment-in-misdemeanor-plea-deal');
INSERT INTO sources (person_id, url) VALUES ('ryan-ivy', 'https://www.beneaththesurfacenews.com/post/district-attorney-alan-nash-talks-reason-behind-ivy-s-plea-agreement');
INSERT OR REPLACE INTO people (id, name, status, level, state, office, crime_description, summary, still_in_office, offense_year, conviction_year, event_date) VALUES ('luke-cunningham', 'Luke Cunningham', 'charged', 'adjacent', 'TX', 'Pastor', 'Child Sexual Assault', 'Luke Cunningham Luke Cunningham served as youth pastor at Turning Point Community Church in Lubbock, Texas, and, more recently, at Lakeside Baptist Church in Granbury, Texas. That is where he was working when he was arrested and charged with sexually assaulting a minor.', NULL, NULL, NULL, '2024-06-21');
INSERT INTO crime_types (person_id, crime_type) VALUES ('luke-cunningham', 'assault');
INSERT INTO sources (person_id, url) VALUES ('luke-cunningham', 'https://goppredators.wordpress.com/2024/06/30/1316-luke-cunningham/');
INSERT INTO sources (person_id, url) VALUES ('luke-cunningham', 'https://www.star-telegram.com/news/local/crime/article289451948.html');
INSERT INTO sources (person_id, url) VALUES ('luke-cunningham', 'https://www.kcbd.com/2024/06/20/former-lubbock-youth-pastor-arrested-child-sexual-assault-allegations/');
INSERT INTO sources (person_id, url) VALUES ('luke-cunningham', 'https://publicrecords.lubbockcounty.gov/JailRoster/?ygDO5EjN');
INSERT INTO sources (person_id, url) VALUES ('luke-cunningham', 'https://infoweb-newsbank-com.proxy.multcolib.org/apps/news/browse-pub?p=AMNEWS&amp;t=pubname%3AFWTB%21Fort%2BWorth%2BStar-Telegram%2B%2528TX%2529&amp;action=browse');
INSERT OR REPLACE INTO people (id, name, status, level, state, office, crime_description, summary, still_in_office, offense_year, conviction_year, event_date) VALUES ('thomas-l-deane', 'Thomas L. Deane', 'convicted', 'local', 'FL', 'Coach', 'Child Sexual Abuse Material', 'Thomas Louis Deane Thomas Louis Deane was a History/Social Studies teacher and lacrosse coach at Canterbury School , a private school in Ft. Myers, Florida.', NULL, NULL, NULL, NULL);
INSERT INTO crime_types (person_id, crime_type) VALUES ('thomas-l-deane', 'csam');
INSERT INTO crime_types (person_id, crime_type) VALUES ('thomas-l-deane', 'assault');
INSERT INTO sources (person_id, url) VALUES ('thomas-l-deane', 'https://goppredators.wordpress.com/2024/06/30/1315-thomas-deane/');
INSERT INTO sources (person_id, url) VALUES ('thomas-l-deane', 'https://winknews.com/2022/04/06/former-canterbury-school-teacher-arrested-for-lewd-and-lascivious-behavior-on-minor/');
INSERT INTO sources (person_id, url) VALUES ('thomas-l-deane', 'https://www.news-press.com/story/news/crime/2024/04/10/thomas-deane-apprehended-after-nearly-one-month-on-run/73279900007/');
INSERT INTO sources (person_id, url) VALUES ('thomas-l-deane', 'https://www.usmarshals.gov/news/press-release/us-marshals-arrest-child-pornography-fugitive');
INSERT INTO sources (person_id, url) VALUES ('thomas-l-deane', 'https://winknews.com/2024/06/20/thomas-deane-sentenced/');
INSERT OR REPLACE INTO people (id, name, status, level, state, office, crime_description, summary, still_in_office, offense_year, conviction_year, event_date) VALUES ('neil-friske', 'Neil Friske', 'charged', 'state', 'MI', 'State Representative', 'Menacing, Sexual Assault', 'Kornelius (Neil) Friske Kornelius (Neil) Friske is a state representative from Charlesvoix, Michigan, was arrested on June 20th and released the next day without charges even though the police requested he be charged with one count of felony sexual assault, one count of felony assault excluding sexu', NULL, NULL, NULL, '2024-06-22');
INSERT INTO crime_types (person_id, crime_type) VALUES ('neil-friske', 'assault');
INSERT INTO sources (person_id, url) VALUES ('neil-friske', 'https://goppredators.wordpress.com/2024/06/29/1314-neil-friske/');
INSERT INTO sources (person_id, url) VALUES ('neil-friske', 'https://www.freep.com/story/news/politics/2024/06/24/neil-friske-arrested-criminal-sexual-conduct-police-report/74191896007/');
INSERT INTO sources (person_id, url) VALUES ('neil-friske', 'https://www.fox2detroit.com/news/state-rep-neil-friske-arrested-sexual-assault-gun-allegations-released-no-charges');
INSERT INTO sources (person_id, url) VALUES ('neil-friske', 'https://www.washingtonpost.com/nation/2024/06/21/neil-friske-arrested-gun-michigan/');
INSERT OR REPLACE INTO people (id, name, status, level, state, office, crime_description, summary, still_in_office, offense_year, conviction_year, event_date) VALUES ('robert-morris', 'Robert Morris', 'convicted', 'adjacent', 'TX', 'Pastor', 'Child Molestation', 'Trump with spiritual advisor Robert Morris Robert Morris was until recently the pastor of Gateway, a Dallas megachurch. He was also a spiritual advisor to Donald Trump and an influential Trump booster.', NULL, NULL, NULL, NULL);
INSERT INTO crime_types (person_id, crime_type) VALUES ('robert-morris', 'child-molestation');
INSERT INTO sources (person_id, url) VALUES ('robert-morris', 'https://goppredators.wordpress.com/2024/06/28/1313-robert-morris/');
INSERT INTO sources (person_id, url) VALUES ('robert-morris', 'https://www.oscn.net/dockets/GetCaseInformation.aspx?db=osage&amp;number=CF-2025-00060&amp;cmid=11711930');
INSERT INTO sources (person_id, url) VALUES ('robert-morris', 'https://www.christianpost.com/news/pastor-robert-morris-confesses-to-moral-failure.html');
INSERT INTO sources (person_id, url) VALUES ('robert-morris', 'https://www.theguardian.com/us-news/article/2024/jun/17/pastor-robert-morris-sexual-abuse-trump-adviser');
INSERT INTO sources (person_id, url) VALUES ('robert-morris', 'https://www.nbcnews.com/news/us-news/robert-morris-guilty-child-sexual-abuse-texas-megachurch-pastor-rcna234748?cid=sm_npd_nn_tw_ma&amp;taid=68dedd9d271201000190e601&amp;utm_campaign=trueanthem&amp;utm_medium=social&amp;utm_source=twitter');
INSERT OR REPLACE INTO people (id, name, status, level, state, office, crime_description, summary, still_in_office, offense_year, conviction_year, event_date) VALUES ('gregory-mclean', 'Gregory McLean', 'convicted', 'adjacent', 'FL', '', 'Child Sexual Abuse Material', 'Gregory McLean Commander Gregory McLean served as the executive officer of the littoral combat ship Minneapolis-St. Paul.', NULL, NULL, NULL, NULL);
INSERT INTO crime_types (person_id, crime_type) VALUES ('gregory-mclean', 'csam');
INSERT INTO crime_types (person_id, crime_type) VALUES ('gregory-mclean', 'assault');
INSERT INTO sources (person_id, url) VALUES ('gregory-mclean', 'https://goppredators.wordpress.com/2024/06/28/1312-gregory-mclean/');
INSERT INTO sources (person_id, url) VALUES ('gregory-mclean', 'https://www.stripes.com/branches/navy/2023-12-07/navy-mclean-florida-child-sexual-abuse-12284353.html');
INSERT INTO sources (person_id, url) VALUES ('gregory-mclean', 'https://www.justice.gov/opa/pr/naval-commander-pleads-guilty-distributing-child-sexual-abuse-material-and-retaining');
INSERT INTO sources (person_id, url) VALUES ('gregory-mclean', 'https://www.justice.gov/opa/pr/naval-commander-sentenced-distributing-child-sexual-abuse-material-and-retaining-classified');
INSERT OR REPLACE INTO people (id, name, status, level, state, office, crime_description, summary, still_in_office, offense_year, conviction_year, event_date) VALUES ('ronnie-allen-killingsworth', 'Ronnie Allen Killingsworth', 'convicted', 'adjacent', 'TX', 'Pastor', 'Child Rape', 'Ronnie Allen Killingsworth is a far-right pastor who took to book-banning before book-banning was cool. Back in the 90s, he objected to Heather Has Two Mommies and Daddy''s Roomate .', NULL, NULL, 2024, '2024-05-03');
INSERT INTO crime_types (person_id, crime_type) VALUES ('ronnie-allen-killingsworth', 'rape');
INSERT INTO sources (person_id, url) VALUES ('ronnie-allen-killingsworth', 'https://goppredators.wordpress.com/2024/06/28/1311-ronnie-killingsworth/');
INSERT INTO sources (person_id, url) VALUES ('ronnie-allen-killingsworth', 'https://www.baptistpress.com/resource-library/news/pastor-deacons-lead-protest-of-librarys-homosexual-books/');
INSERT INTO sources (person_id, url) VALUES ('ronnie-allen-killingsworth', 'https://www.texomashomepage.com/news/local-news/ronnie-killingsworth-pastor-rephidim-church-cult/');
INSERT INTO sources (person_id, url) VALUES ('ronnie-allen-killingsworth', 'https://eu.timesrecordnews.com/picture-gallery/news/2024/05/10/ronnie-allen-killingsworth-sentenced-to-prison/73642530007/');
INSERT INTO sources (person_id, url) VALUES ('ronnie-allen-killingsworth', 'https://www.texomashomepage.com/news/local-news/pastor-indicted-indecency-rephidim-church/?ipid=promo-link-block1');
INSERT INTO sources (person_id, url) VALUES ('ronnie-allen-killingsworth', 'https://www.texomashomepage.com/news/local-news/rephidim-church-pastor-ron-killingsworth-formally-sentenced/');
INSERT INTO sources (person_id, url) VALUES ('ronnie-allen-killingsworth', 'https://infoweb-newsbank-com.proxy.multcolib.org/apps/news/browse-pub?p=AMNEWS&amp;t=pubname%3AAASB%21Austin%2BAmerican-Statesman%2B%2528TX%2529&amp;action=browse');
INSERT OR REPLACE INTO people (id, name, status, level, state, office, crime_description, summary, still_in_office, offense_year, conviction_year, event_date) VALUES ('jason-ingle', 'Jason Ingle', 'charged', 'adjacent', 'NC', 'Coach', 'Sex Act with Student', 'Samuel Jason Ingle Samuel Jason Ingle was the Dean of Spiritual Formation and an athletic coach at Asheville Christian Academy in Asheville, NC. He was arrested in June, 2024, accused of having a sexual relationship with a student.', NULL, NULL, NULL, NULL);
INSERT INTO crime_types (person_id, crime_type) VALUES ('jason-ingle', 'other');
INSERT INTO sources (person_id, url) VALUES ('jason-ingle', 'https://goppredators.wordpress.com/2024/06/25/1310-jason-ingle/');
INSERT INTO sources (person_id, url) VALUES ('jason-ingle', 'https://www.christianpost.com/news/christian-school-dean-charged-for-sexual-relations-with-student.html');
INSERT INTO sources (person_id, url) VALUES ('jason-ingle', 'https://www.foxcarolina.com/2024/06/07/deputies-man-charged-with-sexual-activity-with-underage-student-buncombe-co/');
INSERT OR REPLACE INTO people (id, name, status, level, state, office, crime_description, summary, still_in_office, offense_year, conviction_year, event_date) VALUES ('russell-jon-tusing', 'Russell Jon Tusing', 'charged', 'local', 'GA', 'Pastor', 'Child Molestation', 'Russell Jon Tusing Russell Jon Tusing II was the pastor at extremely conservative Sovereign Grace Church of LaGrange in Troup County, Georgia. Like many extreme conservatives, he reflexively calls people who disagree with him unchristian and communist.', NULL, NULL, NULL, NULL);
INSERT INTO crime_types (person_id, crime_type) VALUES ('russell-jon-tusing', 'child-molestation');
INSERT INTO sources (person_id, url) VALUES ('russell-jon-tusing', 'https://goppredators.wordpress.com/2024/06/25/1309-russell-tusing/');
INSERT INTO sources (person_id, url) VALUES ('russell-jon-tusing', 'https://ministrywatch.com/georgia-sgc-pastor-charged-with-sex-abuse-of-minor/');
INSERT INTO sources (person_id, url) VALUES ('russell-jon-tusing', 'https://www.foxcarolina.com/2024/06/10/former-troup-county-pastor-indicted-child-molestation-charges/');
INSERT INTO sources (person_id, url) VALUES ('russell-jon-tusing', 'https://www.lagrangenews.com/2024/03/18/local-minister-arrested-in-child-molestation-investigation/');
INSERT INTO sources (person_id, url) VALUES ('russell-jon-tusing', 'http://www.brentdetwiler.com/brentdetwilercom/sovereign-grace-pastor-russell-tusing-indicted-for-sexual-mo.html');
INSERT OR REPLACE INTO people (id, name, status, level, state, office, crime_description, summary, still_in_office, offense_year, conviction_year, event_date) VALUES ('barry-fike', 'Barry Fike', 'convicted', 'adjacent', 'CA', 'Pastor', 'Online Sex Crimes with Minor', 'Barry Fike Barry Fike was a pastor at Fillmore Church of Christ and taught at Oaks Christian High School and Pepperdine University. He was arrested in July 2023 after being caught in a sting with a law enforcement officer posing as an underage girl.', NULL, NULL, NULL, NULL);
INSERT INTO crime_types (person_id, crime_type) VALUES ('barry-fike', 'other');
INSERT INTO sources (person_id, url) VALUES ('barry-fike', 'https://goppredators.wordpress.com/2024/06/25/1308-barry-fike/');
INSERT INTO sources (person_id, url) VALUES ('barry-fike', 'https://www.mpacorn.com/articles/minister-and-former-oaks-christian-teacher-charged-in-child-sex-sting/');
INSERT INTO sources (person_id, url) VALUES ('barry-fike', 'https://www.latimes.com/california/story/2023-07-20/ventura-minister-tried-target-minor-sex-officials-say');
INSERT INTO sources (person_id, url) VALUES ('barry-fike', 'https://archive.is/asswp#selection-1385.1-1398.3');
INSERT INTO sources (person_id, url) VALUES ('barry-fike', 'https://www.cbsnews.com/losangeles/news/ventura-county-minister-pleads-guilty-to-online-sex-crimes-with-a-child/');
INSERT OR REPLACE INTO people (id, name, status, level, state, office, crime_description, summary, still_in_office, offense_year, conviction_year, event_date) VALUES ('bill-lunn', 'Bill Lunn', 'alleged', 'adjacent', 'LA', '', 'Soliciting a Minor', 'Bill Lunn was the Emmy=winning news director at WTBS in Shrevesport, Louisiana. He has resigned after local police initiated an investigation into him for soliciting a minor.', NULL, NULL, NULL, '2024-06-04');
INSERT INTO crime_types (person_id, crime_type) VALUES ('bill-lunn', 'solicitation');
INSERT INTO sources (person_id, url) VALUES ('bill-lunn', 'https://goppredators.wordpress.com/2024/06/22/1307-bill-lunn/');
INSERT INTO sources (person_id, url) VALUES ('bill-lunn', 'https://t.co/t8dfnqduzi');
INSERT INTO sources (person_id, url) VALUES ('bill-lunn', 'https://www.ktbs.com/news/ktbs-news-director-resigns-amid-investigation-into-possible-juvenile-related-sex-crime/article_16e78f10-22a4-11ef-bbd5-6f6c3c08d9d6.html');
INSERT INTO sources (person_id, url) VALUES ('bill-lunn', 'https://www.ktalnews.com/news/local-news/local-predator-hunters-spark-spd-investigation-into-former-ktbs-news-anchor-bill-lunn/');
INSERT INTO sources (person_id, url) VALUES ('bill-lunn', 'https://infoweb-newsbank-com.proxy.multcolib.org/apps/news/browse-pub?p=AMNEWS&amp;t=pubname%3ABRAV-EEDT%21Advocate%252C%2BThe%2B%2528Baton%2BRouge%252C%2BLA%2529&amp;action=browse');
INSERT OR REPLACE INTO people (id, name, status, level, state, office, crime_description, summary, still_in_office, offense_year, conviction_year, event_date) VALUES ('gabe-leblanc', 'Gabe LeBlanc', 'charged', 'state', 'LA', '', 'Producing Child Sexual Abuse Material', 'Gabe Carl LeBlanc was hired as a deputy sheriff in Lafourche Parish, Louisiana, in 2014. He was promoted to lieutenant in 2021.', NULL, NULL, NULL, NULL);
INSERT INTO crime_types (person_id, crime_type) VALUES ('gabe-leblanc', 'csam');
INSERT INTO crime_types (person_id, crime_type) VALUES ('gabe-leblanc', 'assault');
INSERT INTO sources (person_id, url) VALUES ('gabe-leblanc', 'https://goppredators.wordpress.com/2024/06/22/1306-gabe-leblanc/');
INSERT INTO sources (person_id, url) VALUES ('gabe-leblanc', 'https://ktvz.com/cnn-regional/2024/06/04/former-lafourche-parish-deputy-arrested-for-production-of-child-porn/');
INSERT INTO sources (person_id, url) VALUES ('gabe-leblanc', 'https://wgno.com/news/crime/raceland-man-arrested-on-allegations-of-child-porn-production/');
INSERT OR REPLACE INTO people (id, name, status, level, state, office, crime_description, summary, still_in_office, offense_year, conviction_year, event_date) VALUES ('jeff-hill', 'Jeff Hill', 'convicted', 'adjacent', 'NC', 'Coach', 'Child Sexual Abuse Material', 'Jeffrey Allan Hill Jeffrey Allan Hill was a youth coach before his arrest in October, 2023, for sexual assaulting three children who have now come forward as adults. Hill was involved in working with children in the Greensboro, North Carolina, community for decades which led police to believe there', NULL, NULL, NULL, '2024-05-14');
INSERT INTO crime_types (person_id, crime_type) VALUES ('jeff-hill', 'csam');
INSERT INTO crime_types (person_id, crime_type) VALUES ('jeff-hill', 'assault');
INSERT INTO sources (person_id, url) VALUES ('jeff-hill', 'https://goppredators.wordpress.com/2024/06/22/1305-jeff-hill/');
INSERT INTO sources (person_id, url) VALUES ('jeff-hill', 'https://myfox8.com/news/north-carolina/greensboro/greensboro-man-who-had-frequent-contact-with-children-pleads-guilty-to-possession-of-child-pornography/');
INSERT INTO sources (person_id, url) VALUES ('jeff-hill', 'https://www.wfmynews2.com/article/news/crime/jeffrey-allan-hill-facing-20-additional-charges-for-third-degree-sex-crimes-against-child/83-6a540778-593e-4f4f-9265-9a06f56c967a');
INSERT INTO sources (person_id, url) VALUES ('jeff-hill', 'https://infoweb-newsbank-com.proxy.multcolib.org/apps/news/browse-pub?p=AMNEWS&amp;t=pubname%3AGRNR-EEDT%21News%2B%2526%2BRecord%2B%2528Greensboro%252C%2BNC%2529&amp;action=browse');
INSERT OR REPLACE INTO people (id, name, status, level, state, office, crime_description, summary, still_in_office, offense_year, conviction_year, event_date) VALUES ('elliot-alu-axelman', 'Elliot “Alu” Axelman', 'convicted', 'state', 'NH', '', 'Child Sexual Assault', 'Elliot “Alu” Axelman Elliot “Alu” Axelman was a Republican candidate for New Hampshire State Legislature. Vivek Ramaswamy listed him as an endorser in the 2024 presidential primary.', NULL, NULL, NULL, NULL);
INSERT INTO crime_types (person_id, crime_type) VALUES ('elliot-alu-axelman', 'assault');
INSERT INTO sources (person_id, url) VALUES ('elliot-alu-axelman', 'https://goppredators.wordpress.com/2024/05/24/1304-alu-axelman/');
INSERT INTO sources (person_id, url) VALUES ('elliot-alu-axelman', 'https://www.goodreads.com/book/show/75372418-articles-of-secession');
INSERT INTO sources (person_id, url) VALUES ('elliot-alu-axelman', 'https://patch.com/new-hampshire/concord-nh/former-rep-candidate-accused-child-sexual-assault-2022-porcfest');
INSERT INTO sources (person_id, url) VALUES ('elliot-alu-axelman', 'https://www.nbcboston.com/news/local/nh-political-activist-accused-of-sexually-assaulting-teen-at-libertarian-festival/3357724/');
INSERT OR REPLACE INTO people (id, name, status, level, state, office, crime_description, summary, still_in_office, offense_year, conviction_year, event_date) VALUES ('leo-riley', 'Leo Riley', 'alleged', 'adjacent', 'FL', '', 'Child Sexual Abuse', 'Leo Riley Leo Riley was a priest in Iowa and in Florida. In both states he has been accused of sexually abusing altar boys.', NULL, NULL, NULL, '2024-05-14');
INSERT INTO crime_types (person_id, crime_type) VALUES ('leo-riley', 'assault');
INSERT INTO sources (person_id, url) VALUES ('leo-riley', 'https://goppredators.wordpress.com/2024/05/24/1303-leo-riley/');
INSERT INTO sources (person_id, url) VALUES ('leo-riley', 'https://childusa.org/wp-content/uploads/2020/03/SOLFactSheet2019.pdf');
INSERT INTO sources (person_id, url) VALUES ('leo-riley', 'https://kchanews.com/2024/05/23/former-north-iowa-priest-posts-half-million-dollar-bail/');
INSERT INTO sources (person_id, url) VALUES ('leo-riley', 'https://www.wfla.com/8-on-your-side/florida-priest-accused-of-sex-abuse-expected-to-return-to-iowa/');
INSERT OR REPLACE INTO people (id, name, status, level, state, office, crime_description, summary, still_in_office, offense_year, conviction_year, event_date) VALUES ('randy-saylor', 'Randy Saylor', 'charged', 'adjacent', 'MI', 'Pastor', 'Sexual Assault of Child under 13', 'Randy Saylor Randy Saylor was an Associate Pastor at Living Word Church in Midland, Michigan, one of Trump-supporting televangelist Mark Barclay''s network. He has been charged with Criminal Sexual Conduct with a person under the age of thirteen.', NULL, NULL, NULL, '2024-05-24');
INSERT INTO crime_types (person_id, crime_type) VALUES ('randy-saylor', 'assault');
INSERT INTO sources (person_id, url) VALUES ('randy-saylor', 'https://goppredators.wordpress.com/2024/05/24/1302-randy-saylor/');
INSERT INTO sources (person_id, url) VALUES ('randy-saylor', 'https://julieroys.com/third-leader-saylor-faces-sexual-assault-charges-televangelist-mark-barclay-church/');
INSERT INTO sources (person_id, url) VALUES ('randy-saylor', 'https://www.ourmidland.com/news/police_and_courts/article/randy-saylor-scheduled-sex-assault-charges-19467947.php');
INSERT INTO sources (person_id, url) VALUES ('randy-saylor', 'https://www.christianpost.com/news/second-pastor-at-living-word-church-charged-with-sex-crimes.html');
INSERT INTO sources (person_id, url) VALUES ('randy-saylor', 'https://infoweb-newsbank-com.proxy.multcolib.org/apps/news/browse-pub?p=AMNEWS&amp;t=pubname%3AMDN6-EEDT%21Midland%2BDaily%2BNews%2B%2528MI%2529&amp;action=browse');
INSERT OR REPLACE INTO people (id, name, status, level, state, office, crime_description, summary, still_in_office, offense_year, conviction_year, event_date) VALUES ('christopher-matthew-codding', 'Christopher Matthew Codding', 'convicted', 'adjacent', 'GA', 'Pastor', 'Child Molestation', 'Christopher Matthew Codding, a youth pastor in Georgia was charged with child molestation in July, 2021. He had been about to adopt two young boys when a young man who was abused by Codding in his childhood came forward.', NULL, NULL, NULL, '2024-04-25');
INSERT INTO crime_types (person_id, crime_type) VALUES ('christopher-matthew-codding', 'child-molestation');
INSERT INTO sources (person_id, url) VALUES ('christopher-matthew-codding', 'https://goppredators.wordpress.com/2024/05/24/1301-christopher-codding/');
INSERT INTO sources (person_id, url) VALUES ('christopher-matthew-codding', 'https://www.fox5atlanta.com/news/floyd-county-youth-pastor-arrested-for-child-molestation-more-victims-possible-police-say');
INSERT INTO sources (person_id, url) VALUES ('christopher-matthew-codding', 'https://www.northwestgeorgianews.com/rome/news/local/sophisticated-predator-cartersville-youth-pastor-pleads-guilty-to-child-molestation-and-sodomy-charges/article_296bbc8a-0326-11ef-87ee-3f8ebd5f282e.html');
INSERT OR REPLACE INTO people (id, name, status, level, state, office, crime_description, summary, still_in_office, offense_year, conviction_year, event_date) VALUES ('mike-mcclendon', 'Mike McClendon', 'charged', 'adjacent', 'TX', '', 'Child Rape', 'Mike McClendon Mike McClendon is a retired U.S. Air Force general who has been charged with continuous sexual assault of a child under the age of fourteen.', NULL, NULL, NULL, NULL);
INSERT INTO crime_types (person_id, crime_type) VALUES ('mike-mcclendon', 'rape');
INSERT INTO sources (person_id, url) VALUES ('mike-mcclendon', 'https://goppredators.wordpress.com/2024/05/23/1300-mike-mcclendon/');
INSERT INTO sources (person_id, url) VALUES ('mike-mcclendon', 'https://txpenalcode.com/sec-21-02/');
INSERT INTO sources (person_id, url) VALUES ('mike-mcclendon', 'https://www.ketk.com/news/crime-public-safety/former-us-air-force-general-arrested-for-continuous-sexual-assault-of-minor-in-hopkins-county/');
INSERT INTO sources (person_id, url) VALUES ('mike-mcclendon', 'https://www.star-telegram.com/news/state/texas/article288492697.html');
INSERT INTO sources (person_id, url) VALUES ('mike-mcclendon', 'https://www.cbs19.tv/article/news/local/retired-air-force-general-arrested-for-child-sexual-assault-in-east-texas/501-fc968884-3998-44ac-90dc-ac2b5fee0a79');
INSERT OR REPLACE INTO people (id, name, status, level, state, office, crime_description, summary, still_in_office, offense_year, conviction_year, event_date) VALUES ('jerry-dan-heflin', 'Jerry Dan Heflin', 'charged', 'adjacent', 'GA', '', 'Child Rape, Incest', 'Jerry Dan Heflin Jerry Dan Heflin was a deacon at Unity Baptist Church in Sylvester, Georgia. He was arrested on May 7th and charged with more than 60 felony counts, including child molestation, aggravated sodomy, sexual battery against a child and incest.', NULL, NULL, NULL, NULL);
INSERT INTO crime_types (person_id, crime_type) VALUES ('jerry-dan-heflin', 'rape');
INSERT INTO crime_types (person_id, crime_type) VALUES ('jerry-dan-heflin', 'incest');
INSERT INTO sources (person_id, url) VALUES ('jerry-dan-heflin', 'https://goppredators.wordpress.com/2024/05/23/1299-jerry-dan-heflin/');
INSERT INTO sources (person_id, url) VALUES ('jerry-dan-heflin', 'https://www.albanyherald.com/news/investigation-continues-in-sylvester-child-molestation-case/article_39e248e6-0f00-11ef-9ec9-f35168fcb0c0.html');
INSERT INTO sources (person_id, url) VALUES ('jerry-dan-heflin', 'https://www.baptistpress.com/resource-library/news/georgia-deacon-charged-with-many-counts-of-child-sexual-abuse/');
INSERT INTO sources (person_id, url) VALUES ('jerry-dan-heflin', 'https://www.albanyherald.com/news/sylvester-shaken-by-arrest-of-church-deacon-on-child-molestation-incest-charges/article_e80e59cc-0e39-11ef-be32-8bdc79ac2b54.html');
INSERT OR REPLACE INTO people (id, name, status, level, state, office, crime_description, summary, still_in_office, offense_year, conviction_year, event_date) VALUES ('victor-franklin', 'Victor Franklin', 'charged', 'adjacent', 'PA', '', 'Child Sexual Abuse Material', 'Victor Franklin Victor Franklin is a Wysox, Pennsylvania, Township Supervisor. He remains a town supervisor despite his arraignment on charges of possessing Child Sexual Abuse Material on May 1st.', NULL, NULL, NULL, NULL);
INSERT INTO crime_types (person_id, crime_type) VALUES ('victor-franklin', 'csam');
INSERT INTO crime_types (person_id, crime_type) VALUES ('victor-franklin', 'assault');
INSERT INTO sources (person_id, url) VALUES ('victor-franklin', 'https://goppredators.wordpress.com/2024/05/23/1298-victor-franklin/');
INSERT INTO sources (person_id, url) VALUES ('victor-franklin', 'https://wysoxtownship.org/our-staff/');
INSERT INTO sources (person_id, url) VALUES ('victor-franklin', 'https://www.thedailyreview.com/news/local/wysox-township-supervisor-arrested-for-child-pornography/article_053ef6da-6c80-57a3-9e2d-eeee3ba66094.html');
INSERT INTO sources (person_id, url) VALUES ('victor-franklin', 'https://www.rocket-courier.com/articles/wysox-supervisor-faces-child-pornography-charges/');
INSERT INTO sources (person_id, url) VALUES ('victor-franklin', 'https://bradfordcountypa.org/wp-content/uploads/2023/03/Municipal-General-Candidate-Listing-in-Ballot-Order-2.pdf');
INSERT OR REPLACE INTO people (id, name, status, level, state, office, crime_description, summary, still_in_office, offense_year, conviction_year, event_date) VALUES ('seth-waxman', 'Seth Waxman', 'charged', 'adjacent', 'MI', '', 'Soliciting a Minor', 'Seth Waxman Seth Waxman was the city of Mason, Michigan Planning Commission Vice-President. While not a big-time donor, all of his political contributions at the state and federal level were to Republicans.', NULL, NULL, NULL, NULL);
INSERT INTO crime_types (person_id, crime_type) VALUES ('seth-waxman', 'solicitation');
INSERT INTO sources (person_id, url) VALUES ('seth-waxman', 'https://goppredators.wordpress.com/2024/05/22/1297-seth-waxman/');
INSERT INTO sources (person_id, url) VALUES ('seth-waxman', 'https://www.followthemoney.org/search-results/SearchForm?Search=Seth+Waxman&amp;s=MI&amp;add-s=&amp;y=');
INSERT INTO sources (person_id, url) VALUES ('seth-waxman', 'https://www.opensecrets.org/donor-lookup/results?name=Seth+Waxman&amp;cycle=&amp;state=&amp;zip=48854&amp;employ=&amp;occupation=&amp;jurisdiction=&amp;cand=&amp;type=');
INSERT INTO sources (person_id, url) VALUES ('seth-waxman', 'https://www.lansingstatejournal.com/story/news/local/2024/05/06/seth-waxman-mason-planning-commissioner-child-sex-solicitation-drugs/73593297007/');
INSERT INTO sources (person_id, url) VALUES ('seth-waxman', 'https://www.wlns.com/news/mason-resident-charged-for-soliciting-a-child-in-indiana/');
INSERT INTO sources (person_id, url) VALUES ('seth-waxman', 'https://www.wane.com/news/indiana/michigan-man-charged-for-soliciting-a-child-in-indiana/');
INSERT INTO sources (person_id, url) VALUES ('seth-waxman', 'https://public.courts.in.gov/mycase/#/vw/Search');
INSERT OR REPLACE INTO people (id, name, status, level, state, office, crime_description, summary, still_in_office, offense_year, conviction_year, event_date) VALUES ('bill-halle', 'Bill Halle', 'charged', 'local', 'PA', 'School Board Member', 'Grooming, Sexual Assault, Corrupting a Minor', 'Bill Halle William "Bill" Halle is a former Butler, Pennsylvania, school board member. He is also a co-founder of the Patriot Party , an extremist party created by Trump supporters who don''t think the Republican Party is sufficiently supportive of Trump.', NULL, NULL, NULL, '2024-05-21');
INSERT INTO crime_types (person_id, crime_type) VALUES ('bill-halle', 'assault');
INSERT INTO crime_types (person_id, crime_type) VALUES ('bill-halle', 'grooming');
INSERT INTO sources (person_id, url) VALUES ('bill-halle', 'https://goppredators.wordpress.com/2024/05/22/1296-bill-halle/');
INSERT INTO sources (person_id, url) VALUES ('bill-halle', 'https://www.nytimes.com/2023/01/24/us/politics/republicans-trump-pennsylvania.html');
INSERT INTO sources (person_id, url) VALUES ('bill-halle', 'https://penncapital-star.com/government-politics/trump-voters-split-from-the-gop-to-launch-wannabe-patriot-parties/');
INSERT INTO sources (person_id, url) VALUES ('bill-halle', 'https://www.wtae.com/article/butler-school-board-counselor-william-halle-sexual-assault/44043533');
INSERT INTO sources (person_id, url) VALUES ('bill-halle', 'https://www.wpxi.com/news/local/charges-dismissed-against-former-butler-school-board-member-accused-sexual-relationship-with-teen/3EQ4KNWE5NFTVKWUMISLYIYA4Y/');
INSERT INTO sources (person_id, url) VALUES ('bill-halle', 'https://www.wpxi.com/news/local/new-charges-filed-against-former-butler-school-board-member-accused-sexual-relationship-with-teen/HYLZOY3CJZD2RCSC5F6ZI55V5A/');
INSERT INTO sources (person_id, url) VALUES ('bill-halle', 'https://www.cranberryeagle.com/2024/05/21/halle-held-for-court-on-sexual-assault-charges/');
INSERT OR REPLACE INTO people (id, name, status, level, state, office, crime_description, summary, still_in_office, offense_year, conviction_year, event_date) VALUES ('david-love', 'David Love', 'charged', 'adjacent', 'KY', 'Police Officer', 'Child Rape', 'David Love David Love is a retired police officer from Radcliff, Kentucky. He was arrested for raping a child under the age of fourteen.', NULL, NULL, NULL, '2024-01-04');
INSERT INTO crime_types (person_id, crime_type) VALUES ('david-love', 'rape');
INSERT INTO sources (person_id, url) VALUES ('david-love', 'https://goppredators.wordpress.com/2024/05/22/1295-david-love/');
INSERT INTO sources (person_id, url) VALUES ('david-love', 'https://www.wdrb.com/news/crime-reports/retired-police-officer-in-hardin-county-dies-after-being-arrested-on-rape-child-porn-charges/article_d93c5ae8-b493-11ee-9400-37ce29055ef7.html');
INSERT INTO sources (person_id, url) VALUES ('david-love', 'https://www.thenewsenterprise.com/news/crime_and_courts/former-rpd-officer-facing-rape-sodomy-charges-dies/article_da767800-1aec-5b67-a7dc-d1427ea2d361.html');
INSERT OR REPLACE INTO people (id, name, status, level, state, office, crime_description, summary, still_in_office, offense_year, conviction_year, event_date) VALUES ('jess-edwards', 'Jess Edwards', 'alleged', 'state', 'NH', 'State Representative', 'Child Marriage Advocate', 'Jess Edwards Jess Edwards is a New Hampshire State Representative. He calls himself a pro-women conservative, though it seems pro-women means anti-trans in his lexicon.', NULL, NULL, NULL, NULL);
INSERT INTO crime_types (person_id, crime_type) VALUES ('jess-edwards', 'other');
INSERT INTO sources (person_id, url) VALUES ('jess-edwards', 'https://goppredators.wordpress.com/2024/05/22/1294-jess-edwards/');
INSERT INTO sources (person_id, url) VALUES ('jess-edwards', 'https://newhampshirebulletin.com/2024/05/02/house-passes-bill-to-raise-minimum-marriage-age-to-18-sending-it-to-governor/');
INSERT INTO sources (person_id, url) VALUES ('jess-edwards', 'https://www.thedailybeast.com/new-hampshire-rep-jess-edwards-who-called-teens-ripe-wont-apologize-to-haters');
INSERT OR REPLACE INTO people (id, name, status, level, state, office, crime_description, summary, still_in_office, offense_year, conviction_year, event_date) VALUES ('zack-scrivner', 'Zack Scrivner', 'convicted', 'state', 'CA', '', 'Child Sexual Abuse, Incest', 'Zack Scrivner Zack Scrivner is a Kevin McCarthy protoge and is a Kern County Supervisor . He is under investigation for allegedly sexually assaulting his daughter.', NULL, NULL, NULL, '2024-05-12');
INSERT INTO crime_types (person_id, crime_type) VALUES ('zack-scrivner', 'assault');
INSERT INTO crime_types (person_id, crime_type) VALUES ('zack-scrivner', 'incest');
INSERT INTO sources (person_id, url) VALUES ('zack-scrivner', 'https://goppredators.wordpress.com/2024/05/17/1293-zack-scrivner/');
INSERT INTO sources (person_id, url) VALUES ('zack-scrivner', 'https://www.kerncounty.com/government/board-of-supervisors/district-2/district-2-supervisor-biography');
INSERT INTO sources (person_id, url) VALUES ('zack-scrivner', 'https://www.kvpr.org/government-politics/2026-02-27/family-of-former-kern-county-supervisor-zack-scrivner-speaks-out');
INSERT INTO sources (person_id, url) VALUES ('zack-scrivner', 'https://www.tehachapinews.com/news/sheriff-kern-county-supervisor-scrivner-accused-of-sexually-assaulting-own-child/article_85a080ae-0384-11ef-87e5-7b60b7f9a73e.html');
INSERT INTO sources (person_id, url) VALUES ('zack-scrivner', 'https://southkernsol.org/2024/05/10/why-hasnt-kern-county-supervisor-zack-scrivner-been-arrested/');
INSERT INTO sources (person_id, url) VALUES ('zack-scrivner', 'https://www.ridgecrestca.com/news/second-district-supervisor-zack-scrivner-stabbed-in-family-altercation/article_5d6812b2-0377-11ef-b0af-6ffabf9c9289.html');
INSERT INTO sources (person_id, url) VALUES ('zack-scrivner', 'https://bakersfieldnow.com/news/local/ca-attorney-generals-office-challenges-mental-health-diversion-granted-for-zack-scrivner-kern-county-california');
INSERT OR REPLACE INTO people (id, name, status, level, state, office, crime_description, summary, still_in_office, offense_year, conviction_year, event_date) VALUES ('robert-lookingbill', 'Robert Lookingbill', 'charged', 'local', 'MD', '', 'Child Sexual Abuse', 'Robert Lookingbill Robert Lookingbill is a Town Commissioner of Thurmont, Maryland. He remains listed as a commissioner despite his April arrest for sexual abuse of a minor.', NULL, NULL, NULL, '2024-04-22');
INSERT INTO crime_types (person_id, crime_type) VALUES ('robert-lookingbill', 'assault');
INSERT INTO sources (person_id, url) VALUES ('robert-lookingbill', 'https://goppredators.wordpress.com/2024/05/17/1292-robert-lookingbill/');
INSERT INTO sources (person_id, url) VALUES ('robert-lookingbill', 'https://www.thurmont.com/Directory.aspx?EID=15');
INSERT INTO sources (person_id, url) VALUES ('robert-lookingbill', 'https://www.fredericknewspost.com/news/crime_and_justice/cops_and_crime/thurmont-commissioner-lookingbill-arrested-charged-with-sex-abuse-of-minor/article_4a1b19f5-e254-5017-829c-c8fbe68b04ef.html');
INSERT INTO sources (person_id, url) VALUES ('robert-lookingbill', 'https://www.frederickcountymd.gov/DocumentCenter/View/351147/Thurmont-Resident-Arrested-for-Sex-Abuse-of-a-Minor');
INSERT INTO sources (person_id, url) VALUES ('robert-lookingbill', 'https://www.cbsnews.com/baltimore/news/board-calls-for-town-commissioner-to-step-down-after-child-sex-abuse-charges-as-bus-driver/');
INSERT OR REPLACE INTO people (id, name, status, level, state, office, crime_description, summary, still_in_office, offense_year, conviction_year, event_date) VALUES ('solomon-pe-a', 'Solomon Peña', 'convicted', 'adjacent', 'CO', '', 'Murder for Hire', 'Solomon Peña Solomon Peña was given a 20th chance when the nineteen-times-convicted candidate was named the Republican nominee for the 14th District in the New Mexico House of Representatives. He was trounced losing by 48 points.', NULL, NULL, 2025, '2025-03-19');
INSERT INTO crime_types (person_id, crime_type) VALUES ('solomon-pe-a', 'murder');
INSERT INTO sources (person_id, url) VALUES ('solomon-pe-a', 'https://goppredators.wordpress.com/2024/05/16/1291-solomon-pena/');
INSERT INTO sources (person_id, url) VALUES ('solomon-pe-a', 'https://nmpoliticalreport.com/news/ex-gop-candidate-allegedly-hired-people-to-kill-witnesses-in-shootings-of-homes-of-democratix-politicians/');
INSERT INTO sources (person_id, url) VALUES ('solomon-pe-a', 'https://sourcenm.com/2024/04/01/failed-gop-candidate-accused-of-plotting-to-have-co-defendants-killed/');
INSERT INTO sources (person_id, url) VALUES ('solomon-pe-a', 'https://www.justice.gov/opa/pr/former-new-mexico-house-representatives-candidate-charged-shooting-spree');
INSERT INTO sources (person_id, url) VALUES ('solomon-pe-a', 'https://www.usatoday.com/story/news/nation/2025/03/24/republican-loser-attempted-democrat-political-assassin/82640888007/');
INSERT INTO sources (person_id, url) VALUES ('solomon-pe-a', 'https://www.justice.gov/usao-nm/pr/additional-federal-charges-filed-against-solomon-pena');
INSERT OR REPLACE INTO people (id, name, status, level, state, office, crime_description, summary, still_in_office, offense_year, conviction_year, event_date) VALUES ('brian-ormes', 'Brian Ormes', 'charged', 'state', 'KY', '', 'Strangulation of Minor', 'Brian Ormes Brian Ormes is running for the Republican nomination to represent Kentucky District 67 in the state legislature. The primary is May 21, 2024.', NULL, NULL, NULL, '2024-04-10');
INSERT INTO crime_types (person_id, crime_type) VALUES ('brian-ormes', 'other');
INSERT INTO sources (person_id, url) VALUES ('brian-ormes', 'https://goppredators.wordpress.com/2024/05/13/1290-brian-ormes/');
INSERT INTO sources (person_id, url) VALUES ('brian-ormes', 'https://www.wcpo.com/news/northern-kentucky/kentucky-house-candidate-arrested-accused-of-strangling-teen-at-fort-wright-walmart');
INSERT INTO sources (person_id, url) VALUES ('brian-ormes', 'https://www.wlwt.com/article/kentucky-state-representative-strangulation-brian-ormes/60445775');
INSERT INTO sources (person_id, url) VALUES ('brian-ormes', 'https://www.cincinnati.com/story/news/politics/2024/04/09/nky-republican-candidate-arrested-for-allegedly-strangling-teen/73261225007/');
INSERT INTO sources (person_id, url) VALUES ('brian-ormes', 'https://infoweb-newsbank-com.proxy.multcolib.org/apps/news/browse-pub?p=AMNEWS&amp;t=pubname%3ALHL-EEDT%21Lexington%2BHerald-Leader%2B%2528KY%2529&amp;action=browse');
INSERT OR REPLACE INTO people (id, name, status, level, state, office, crime_description, summary, still_in_office, offense_year, conviction_year, event_date) VALUES ('jesse-law', 'Jesse Law', 'convicted', 'party-official', 'NV', '', 'Domestic Battery', 'Jesse Law Jesse Law is the Chairman of the Clark County Republican Party in Nevada. In December, 2023, he was indicted for his role as a fake elector in the autocoup scheme to keep Trump in power.', NULL, NULL, NULL, NULL);
INSERT INTO crime_types (person_id, crime_type) VALUES ('jesse-law', 'other');
INSERT INTO sources (person_id, url) VALUES ('jesse-law', 'https://goppredators.wordpress.com/2024/05/12/1289-jesse-law/');
INSERT INTO sources (person_id, url) VALUES ('jesse-law', 'https://www.reviewjournal.com/news/politics-and-government/clark-county/clark-county-gop-chair-jesse-law-arrested-3035851/');
INSERT INTO sources (person_id, url) VALUES ('jesse-law', 'https://www.union-bulletin.com/news/national/clark-county-gop-chair-arrested-faces-domestic-battery-charge/article_48e1f345-552a-53c7-aa26-8dae39996c71.html');
INSERT INTO sources (person_id, url) VALUES ('jesse-law', 'https://www.reviewjournal.com/crime/courts/clark-county-gop-chair-reaches-deal-in-stalking-case-3323496/');
INSERT OR REPLACE INTO people (id, name, status, level, state, office, crime_description, summary, still_in_office, offense_year, conviction_year, event_date) VALUES ('tifany-adams', 'Tifany Adams', 'charged', 'party-official', 'OK', 'Pastor', 'Kidnapping, Murder', 'Tifany Adams Tifany Adams was the Chair of the Cimarron County Republican Party in Oklahoma. She is also a member of a religious extremist group called God''s Misfits .', NULL, NULL, NULL, '2024-04-19');
INSERT INTO crime_types (person_id, crime_type) VALUES ('tifany-adams', 'murder');
INSERT INTO sources (person_id, url) VALUES ('tifany-adams', 'https://goppredators.wordpress.com/2024/05/12/1288-tifany-adams/');
INSERT INTO sources (person_id, url) VALUES ('tifany-adams', 'https://ca.news.yahoo.com/god-misfits-arrested-kansas-women-183712797.html');
INSERT INTO sources (person_id, url) VALUES ('tifany-adams', 'https://www.koco.com/article/oklahoma-missing-women-texas-county-murders-tifany-adams-cimarron-county-gop-chair/60516295');
INSERT INTO sources (person_id, url) VALUES ('tifany-adams', 'https://abc7amarillo.com/news/local/document-grandmother-admits-to-role-in-death-of-2-women-found-dead-in-texas-county-tifany-adams-veronica-butler-jilian-kelley-murder-kidnapping');
INSERT INTO sources (person_id, url) VALUES ('tifany-adams', 'https://www.newsnationnow.com/crime/kansas-moms-killings-grandma-arrest-shocking/');
INSERT OR REPLACE INTO people (id, name, status, level, state, office, crime_description, summary, still_in_office, offense_year, conviction_year, event_date) VALUES ('charles-o-lake', 'Charles O. Lake', 'charged', 'local', 'FL', 'Mayor', 'Child Sexual Abuse Material', 'Charles Oswald Lake Charles Oswald Lake was a Lake Alfred City Commissioner at the time of his arrest in April, 2024. He is also a former Lake Alfred Mayor.', NULL, NULL, NULL, NULL);
INSERT INTO crime_types (person_id, crime_type) VALUES ('charles-o-lake', 'csam');
INSERT INTO crime_types (person_id, crime_type) VALUES ('charles-o-lake', 'assault');
INSERT INTO sources (person_id, url) VALUES ('charles-o-lake', 'https://goppredators.wordpress.com/2024/05/11/1287-charles-lake/');
INSERT INTO sources (person_id, url) VALUES ('charles-o-lake', 'https://www.theledger.com/story/news/crime/2024/04/19/pcso-lake-alfred-commissioner-had-300-images-and-videos-of-child-porn/73383774007/');
INSERT INTO sources (person_id, url) VALUES ('charles-o-lake', 'https://www.theledger.com/story/news/local/2024/04/24/lake-alfred-commissioner-charles-lake-resigns-amid-child-porn-charges/73440265007/');
INSERT INTO sources (person_id, url) VALUES ('charles-o-lake', 'https://dailyridge.com/2024/04/19/lake-alfred-city-commissioner-charged-with-300-counts-of-possession-of-child-pornography/');
INSERT OR REPLACE INTO people (id, name, status, level, state, office, crime_description, summary, still_in_office, offense_year, conviction_year, event_date) VALUES ('spencer-greendyke', 'Spencer Greendyke', 'charged', 'adjacent', 'ID', '', 'Child Sexual Abuse Material', 'Spencer Greendyke Spencer Greendyke is an orthopedic surgeon in Couer d''Alene, Idaho . His practice website has been taken down and his name removed from local hospitals list of doctors after his arrest in early April, 2024.', NULL, NULL, NULL, '2024-04-07');
INSERT INTO crime_types (person_id, crime_type) VALUES ('spencer-greendyke', 'csam');
INSERT INTO crime_types (person_id, crime_type) VALUES ('spencer-greendyke', 'assault');
INSERT INTO sources (person_id, url) VALUES ('spencer-greendyke', 'https://goppredators.wordpress.com/2024/05/11/1286-spencer-greendyke/');
INSERT INTO sources (person_id, url) VALUES ('spencer-greendyke', 'https://health.usnews.com/doctors/spencer-greendyke-184988#hospitals');
INSERT INTO sources (person_id, url) VALUES ('spencer-greendyke', 'https://www.spokesman.com/stories/2024/apr/06/coeur-dalene-orthopedic-surgeon-suspected-of-hidin/');
INSERT INTO sources (person_id, url) VALUES ('spencer-greendyke', 'https://cdapress.com/news/2024/apr/05/surgeon-charged-with-sexual-exploitation-voyeurism/');
INSERT OR REPLACE INTO people (id, name, status, level, state, office, crime_description, summary, still_in_office, offense_year, conviction_year, event_date) VALUES ('justin-hicks', 'Justin Hicks', 'alleged', 'state', 'MO', 'State Representative', 'Strangulation, Menacing', 'Justin Hicks Justin Hicks is a Missouri State Representative who is now running for Congress in the primary which will be held August 6th. He was recently featured on FOX News to speak against Diversity, Equity, and Inclusion (DEI) initiatives.', NULL, NULL, NULL, NULL);
INSERT INTO crime_types (person_id, crime_type) VALUES ('justin-hicks', 'other');
INSERT INTO sources (person_id, url) VALUES ('justin-hicks', 'https://goppredators.wordpress.com/2024/05/11/1285-justin-hicks/');
INSERT INTO sources (person_id, url) VALUES ('justin-hicks', 'https://www.foxnews.com/politics/black-republican-shunned-dei-identifying-american-democrats-free-pass-minorities-over');
INSERT INTO sources (person_id, url) VALUES ('justin-hicks', 'https://www.maxcalfo.com/the-real-hicks');
INSERT INTO sources (person_id, url) VALUES ('justin-hicks', 'https://missouriindependent.com/2024/03/14/gop-candidate-says-missouri-lawmaker-is-suing-him-over-disclosure-of-court-records/');
INSERT INTO sources (person_id, url) VALUES ('justin-hicks', 'https://missouriindependent.com/2024/04/09/judge-unseals-gop-legislators-lawsuit-against-rival-who-published-court-documents/');
INSERT OR REPLACE INTO people (id, name, status, level, state, office, crime_description, summary, still_in_office, offense_year, conviction_year, event_date) VALUES ('monte-lavelle-chitty', 'Monte LaVelle Chitty', 'charged', 'adjacent', 'FL', 'Police Officer', 'Rape of Minor', 'Monte LaVelle Chitty Monte LaVelle Chitty was the pastor of the First Baptist Church in Marathon, Florida. He had ministered in churches in 25 other states.', NULL, NULL, NULL, '2024-04-05');
INSERT INTO crime_types (person_id, crime_type) VALUES ('monte-lavelle-chitty', 'rape');
INSERT INTO sources (person_id, url) VALUES ('monte-lavelle-chitty', 'https://goppredators.wordpress.com/2024/05/11/1284-monte-lavelle-chitty/');
INSERT INTO sources (person_id, url) VALUES ('monte-lavelle-chitty', 'https://www.local10.com/news/local/2024/03/05/report-reveals-graphic-texts-cops-say-marathon-pastor-sent-teen-after-sexual-battery/');
INSERT INTO sources (person_id, url) VALUES ('monte-lavelle-chitty', 'https://www.christianpost.com/news/pastor-accused-of-raping-impaired-teen-now-on-the-run.html');
INSERT INTO sources (person_id, url) VALUES ('monte-lavelle-chitty', 'https://www.nbcmiami.com/news/local/fugitive-marathon-pastor-accused-of-sexually-battering-teen-caught-in-texas/3277998/');
INSERT INTO sources (person_id, url) VALUES ('monte-lavelle-chitty', 'https://www.miamiherald.com/news/local/community/florida-keys/article287872650.html');
INSERT INTO sources (person_id, url) VALUES ('monte-lavelle-chitty', 'https://infoweb-newsbank-com.proxy.multcolib.org/apps/news/browse-pub?p=AMNEWS&amp;t=pubname%3AADN6-EEDT%21Anchorage%2BDaily%2BNews%2B%2528AK%2529&amp;action=browse');
INSERT OR REPLACE INTO people (id, name, status, level, state, office, crime_description, summary, still_in_office, offense_year, conviction_year, event_date) VALUES ('jon-stone', 'Jon Stone', 'convicted', 'state', 'NH', 'Police Officer', 'Rape Threat, Grooming Minor', 'Jon Stone Jon Stone is a New Hampshire State Representative and a former Claremont City Councillor. He also holds appointed positions in Claremont city government.', NULL, NULL, NULL, '2024-04-09');
INSERT INTO crime_types (person_id, crime_type) VALUES ('jon-stone', 'rape');
INSERT INTO crime_types (person_id, crime_type) VALUES ('jon-stone', 'grooming');
INSERT INTO sources (person_id, url) VALUES ('jon-stone', 'https://goppredators.wordpress.com/2024/05/11/1283-jon-stone/');
INSERT INTO sources (person_id, url) VALUES ('jon-stone', 'https://indepthnh.org/2024/04/05/documents-rep-jon-stone-threatened-mass-shooting-and-rape-after-investigation/');
INSERT INTO sources (person_id, url) VALUES ('jon-stone', 'https://www.nhpr.org/nh-news/2024-04-09/reports-show-claremont-lawmaker-made-violent-threats-following-2006-police-probe');
INSERT INTO sources (person_id, url) VALUES ('jon-stone', 'https://www.vnews.com/Resident-calls-on-Claremont-City-Council-to-remove-Rep-Stone-from-municipal-positions-54705988');
INSERT OR REPLACE INTO people (id, name, status, level, state, office, crime_description, summary, still_in_office, offense_year, conviction_year, event_date) VALUES ('jeffrey-duncan', 'Jeffrey Duncan', 'convicted', 'adjacent', 'NE', 'Pastor', 'Child Sexual Abuse', 'Jeffrey Duncan Jeffrey Duncan was the Assistant Pastor at Mount Calvary Lutheran church in Omaha. He was removed from the roster as noted here .', NULL, NULL, NULL, NULL);
INSERT INTO crime_types (person_id, crime_type) VALUES ('jeffrey-duncan', 'assault');
INSERT INTO sources (person_id, url) VALUES ('jeffrey-duncan', 'https://goppredators.wordpress.com/2024/05/09/1282-jeffrey-duncan/');
INSERT INTO sources (person_id, url) VALUES ('jeffrey-duncan', 'https://ndlcms.org/pastoral-calls/');
INSERT INTO sources (person_id, url) VALUES ('jeffrey-duncan', 'https://web.archive.org/web/20220703055417/https://lutheransforlife.org/life-week-2022-speaker-info/');
INSERT INTO sources (person_id, url) VALUES ('jeffrey-duncan', 'https://omaha.com/news/local/crime-courts/former-omaha-pastor-sentenced-for-third-degree-sexual-assault-of-child/article_c6d8d876-ec39-11ee-9cec-f7dcacf8e0bd.html');
INSERT INTO sources (person_id, url) VALUES ('jeffrey-duncan', 'https://sor.nebraska.gov/Registry/Offender/202404FKV');
INSERT OR REPLACE INTO people (id, name, status, level, state, office, crime_description, summary, still_in_office, offense_year, conviction_year, event_date) VALUES ('marvin-leroy-mosley', 'Marvin Leroy Mosley', 'convicted', 'adjacent', 'PA', 'Pastor', 'Sexual Assault of Minors', 'Marvin Leroy Mosley Marvin Leroy Mosley was the pastor of the Lehighton God''s Missionary Church , a conservative evangelical denomination. In 2003, he became pastor of God''s Missionary Church in Penns Creek.', NULL, NULL, NULL, NULL);
INSERT INTO crime_types (person_id, crime_type) VALUES ('marvin-leroy-mosley', 'assault');
INSERT INTO sources (person_id, url) VALUES ('marvin-leroy-mosley', 'https://goppredators.wordpress.com/2024/05/05/1281-marvin-mosley/');
INSERT INTO sources (person_id, url) VALUES ('marvin-leroy-mosley', 'https://godsmissionarychurch.org/lehighton/');
INSERT INTO sources (person_id, url) VALUES ('marvin-leroy-mosley', 'https://godsmissionarychurch.org/beliefs-gods-missionary-church/');
INSERT INTO sources (person_id, url) VALUES ('marvin-leroy-mosley', 'https://www.pahomepage.com/news/pastor-accused-of-sexually-assaulting-3-girls-over-15-years/');
INSERT INTO sources (person_id, url) VALUES ('marvin-leroy-mosley', 'https://www.tnonline.com/20240327/former-pastor-sentenced-for-sexually-assaulting-children/');
INSERT OR REPLACE INTO people (id, name, status, level, state, office, crime_description, summary, still_in_office, offense_year, conviction_year, event_date) VALUES ('william-keith-dodd', 'William Keith Dodd', 'convicted', 'local', 'KS', 'Pastor', 'Rape of Minor', 'William Keith Dodd William Keith Dodd was the lead pastor at Lewark Church of God in Coffeyville, Kansas. The church had a website, but it has been removed.', NULL, NULL, NULL, '2024-05-15');
INSERT INTO crime_types (person_id, crime_type) VALUES ('william-keith-dodd', 'rape');
INSERT INTO sources (person_id, url) VALUES ('william-keith-dodd', 'https://goppredators.wordpress.com/2024/05/05/1280-william-keith-dodd/');
INSERT INTO sources (person_id, url) VALUES ('william-keith-dodd', 'https://www.instagram.com/explore/locations/1008886132/lewark-church-of-god/');
INSERT INTO sources (person_id, url) VALUES ('william-keith-dodd', 'https://kggfradio.com/local-news/735267');
INSERT INTO sources (person_id, url) VALUES ('william-keith-dodd', 'https://www.mgso.us/agency-data/jail-roster/?wpv_view_count=6162&amp;wpv_post_search=&amp;inmate-bookingnumber=&amp;wpv_paged=3');
INSERT OR REPLACE INTO people (id, name, status, level, state, office, crime_description, summary, still_in_office, offense_year, conviction_year, event_date) VALUES ('les-stapleton', 'Les Stapleton', 'alleged', 'state', 'KY', 'Mayor', 'Sexual Harassment/Assault', 'Les Stapleton Les Stapleton was the Mayor of Prestonburg and planned to run for State Senate in the Republican primary on May 21, 2024, but he withdrew from the race in January. However, he was sued for sexual harassment and assault by a city employee.', NULL, NULL, NULL, '2024-05-21');
INSERT INTO crime_types (person_id, crime_type) VALUES ('les-stapleton', 'harassment');
INSERT INTO sources (person_id, url) VALUES ('les-stapleton', 'https://goppredators.wordpress.com/2024/05/05/1279-les-stapleton/');
INSERT INTO sources (person_id, url) VALUES ('les-stapleton', 'https://www.wymt.com/2024/03/12/prestonsburg-mayor-resigns-faces-lawsuit/');
INSERT INTO sources (person_id, url) VALUES ('les-stapleton', 'https://www.kentucky.com/news/state/kentucky/article286613470.html');
INSERT INTO sources (person_id, url) VALUES ('les-stapleton', 'https://mountain-topmedia.com/lawsuit-accuses-pburg-mayor-of-sexual-harassment/');
INSERT OR REPLACE INTO people (id, name, status, level, state, office, crime_description, summary, still_in_office, offense_year, conviction_year, event_date) VALUES ('dennis-coggins', 'Dennis Coggins', 'alleged', 'local', 'AR', 'Mayor', 'Sexual Harassment/Assault', 'Dennis Coggins Dennis Coggins is the Mayor of Hoxie, Arkansas. He is embroiled in several lawsuits and the council is seeking his recall for ignoring FOIA requests and other malfeasance.', NULL, NULL, NULL, NULL);
INSERT INTO crime_types (person_id, crime_type) VALUES ('dennis-coggins', 'harassment');
INSERT INTO sources (person_id, url) VALUES ('dennis-coggins', 'https://goppredators.wordpress.com/2024/05/04/1278-dennis-coggins/');
INSERT INTO sources (person_id, url) VALUES ('dennis-coggins', 'https://www.kait8.com/2024/03/15/lawsuit-claims-hoxie-mayor-sexually-harassed-tenant/');
INSERT OR REPLACE INTO people (id, name, status, level, state, office, crime_description, summary, still_in_office, offense_year, conviction_year, event_date) VALUES ('dan-rodimer', 'Dan Rodimer', 'convicted', 'state', 'NV', '', 'Murder', 'Dan Rodimer Dan Rodimer was a Trump-endorsed Congressional candidate in 2020. In 2021, he ran in a special election Republican primary in Texas and got 3% of the vote.', NULL, NULL, NULL, '2024-03-07');
INSERT INTO crime_types (person_id, crime_type) VALUES ('dan-rodimer', 'murder');
INSERT INTO sources (person_id, url) VALUES ('dan-rodimer', 'https://goppredators.wordpress.com/2024/05/04/1277-dan-rodimer/');
INSERT INTO sources (person_id, url) VALUES ('dan-rodimer', 'https://www.nytimes.com/2024/03/08/us/politics/ex-gop-candidate-dan-rodimer-murder.html');
INSERT INTO sources (person_id, url) VALUES ('dan-rodimer', 'https://www.8newsnow.com/investigators/ex-congressional-candidate-accused-of-killing-man-in-las-vegas-hotel-room-dressed-as-ken-court-records-allege-witness-coverup/');
INSERT INTO sources (person_id, url) VALUES ('dan-rodimer', 'https://infoweb-newsbank-com.proxy.multcolib.org/apps/news/document-view?p=AMNEWS&amp;t=&amp;sort=YMD_date%3AD&amp;fld-base-0=alltext&amp;maxresults=20&amp;val-base-0=dan%20adj%20rodimer&amp;docref=image/v2%3A1704FA25F4029EF8%40AWNB-197A4FA470B076AC%402460377-197A6841DCC88DD6%400-197A6841DCC88DD6%40');
INSERT OR REPLACE INTO people (id, name, status, level, state, office, crime_description, summary, still_in_office, offense_year, conviction_year, event_date) VALUES ('christopher-j-ballard', 'Christopher J. Ballard', 'charged', 'adjacent', 'CO', 'Teacher', 'Child Sexual Abuse Material/Creating', 'Christopher J. Ballard was a teacher at Journey Academy, a Christian school in Centennial, Colorado.', NULL, NULL, NULL, '2024-03-14');
INSERT INTO crime_types (person_id, crime_type) VALUES ('christopher-j-ballard', 'csam');
INSERT INTO crime_types (person_id, crime_type) VALUES ('christopher-j-ballard', 'assault');
INSERT INTO sources (person_id, url) VALUES ('christopher-j-ballard', 'https://goppredators.wordpress.com/2024/05/04/1276-christopher-ballard/');
INSERT INTO sources (person_id, url) VALUES ('christopher-j-ballard', 'https://www.denver7.com/news/crime/former-teacher-at-centennial-christian-school-made-students-record-child-abuse-sex-material-affidavit-says');
INSERT INTO sources (person_id, url) VALUES ('christopher-j-ballard', 'https://www.denverpost.com/2024/03/12/christopher-ballard-child-sexual-assault-suspect-journey-academy/');
INSERT OR REPLACE INTO people (id, name, status, level, state, office, crime_description, summary, still_in_office, offense_year, conviction_year, event_date) VALUES ('paul-rytting', 'Paul Rytting', 'alleged', 'adjacent', 'UT', '', 'Organizational Cover-up', 'Paul Rytting Paul Rytting is the Director of Risk Management at The Church of Jesus Christ of Latter-day Saints. He''s very good at protecting the Church from accountability for its bishops and leadership sexually abusing children.', NULL, NULL, NULL, '2023-12-10');
INSERT INTO crime_types (person_id, crime_type) VALUES ('paul-rytting', 'enablement');
INSERT INTO crime_types (person_id, crime_type) VALUES ('paul-rytting', 'organizational-coverup');
INSERT INTO sources (person_id, url) VALUES ('paul-rytting', 'https://goppredators.wordpress.com/2024/05/02/1275-paul-rytting/');
INSERT INTO sources (person_id, url) VALUES ('paul-rytting', 'https://www.linkedin.com/in/paul-rytting-5622303b/');
INSERT INTO sources (person_id, url) VALUES ('paul-rytting', 'https://podcasts.apple.com/us/podcast/hidden-confessions-of-the-mormon-church/id886009669?i=1000637997308');
INSERT INTO sources (person_id, url) VALUES ('paul-rytting', 'https://www.sltrib.com/religion/local/2023/12/04/takeaways-aps-investigation-into/');
INSERT INTO sources (person_id, url) VALUES ('paul-rytting', 'https://nemiss.news/lawsuits-expose-how-the-mormon-church-systematically-covers-up-child-sex-abuse-national-international-news-thu-4aug2022/');
INSERT INTO sources (person_id, url) VALUES ('paul-rytting', 'https://www.azcentral.com/story/news/local/arizona/2022/08/04/mormon-church-sexual-abuse-help-line-paul-adams/10234183002/');
INSERT OR REPLACE INTO people (id, name, status, level, state, office, crime_description, summary, still_in_office, offense_year, conviction_year, event_date) VALUES ('lds-church', 'LDS Church', 'alleged', 'adjacent', 'UT', '', 'Organizational Cover-up', 'The Church of Jesus Christ of Latter-Day Saints, often called the Mormon Church, has protected and shielded child predators repeatedly. In December, 2023, The Associated Press did a story exploring just one of the many times the LDS Church has intervened to protect predators.', NULL, NULL, NULL, NULL);
INSERT INTO crime_types (person_id, crime_type) VALUES ('lds-church', 'enablement');
INSERT INTO crime_types (person_id, crime_type) VALUES ('lds-church', 'organizational-coverup');
INSERT INTO sources (person_id, url) VALUES ('lds-church', 'https://goppredators.wordpress.com/2024/04/27/1274-lds-church/');
INSERT INTO sources (person_id, url) VALUES ('lds-church', 'https://apnews.com/article/mormon-church-investigation-child-sex-abuse-9c301f750725c0f06344f948690caf16');
INSERT INTO sources (person_id, url) VALUES ('lds-church', 'https://apnews.com/article/mormon-sex-abuse-de446ad8212b6ca50ecbaaf222c35e7e');
INSERT INTO sources (person_id, url) VALUES ('lds-church', 'https://revealnews.org/podcast/hidden-confessions-of-the-mormon-church/');
INSERT INTO sources (person_id, url) VALUES ('lds-church', 'https://apnews.com/article/religion-lawsuits-arizona-utah-salt-lake-city-68f60dbcdc4d7f49bea01d01ebfbed2f');
INSERT INTO sources (person_id, url) VALUES ('lds-church', 'https://www.sltrib.com/religion/local/2023/12/04/takeaways-aps-investigation-into/');
INSERT INTO sources (person_id, url) VALUES ('lds-church', 'https://www.washingtonpost.com/news/acts-of-faith/wp/2018/01/17/sexual-abuse-case-against-mormon-church-scheduled-to-begin-friday/');
INSERT OR REPLACE INTO people (id, name, status, level, state, office, crime_description, summary, still_in_office, offense_year, conviction_year, event_date) VALUES ('john-goodrich', 'John Goodrich', 'charged', 'adjacent', 'UT', '', 'Sexual Abuse of Minor / Incest', 'John Goodrich John Goodrich was a dentist and bishop of the Church of Latter-Day Saints (LDS.) He made a public confession to sexually assaulting his daughter in his church. He was excommunicated.', NULL, NULL, NULL, NULL);
INSERT INTO crime_types (person_id, crime_type) VALUES ('john-goodrich', 'assault');
INSERT INTO crime_types (person_id, crime_type) VALUES ('john-goodrich', 'incest');
INSERT INTO sources (person_id, url) VALUES ('john-goodrich', 'https://goppredators.wordpress.com/2024/04/27/1273-john-goodrich/');
INSERT INTO sources (person_id, url) VALUES ('john-goodrich', 'https://www.mountainhomenews.com/story/2434112.html');
INSERT INTO sources (person_id, url) VALUES ('john-goodrich', 'https://www.pilotonline.com/2024/03/14/sexual-assault-allegations-against-former-mormon-bishop-stem-from-field-trip-to-williamsburg-in-1999-prosecutor-says/');
INSERT INTO sources (person_id, url) VALUES ('john-goodrich', 'https://revealnews.org/article/ex-mormon-bishop-arrested-on-charges-of-sexually-abusing-his-daughter/');
INSERT INTO sources (person_id, url) VALUES ('john-goodrich', 'https://eapps.courts.state.va.us/ocis/landing');
INSERT OR REPLACE INTO people (id, name, status, level, state, office, crime_description, summary, still_in_office, offense_year, conviction_year, event_date) VALUES ('floyd-godfrey', 'Floyd Godfrey', 'alleged', 'adjacent', 'AZ', '', 'Sexual Misconduct', 'Floyd K. Godfrey Floyd Godfrey is infamous among LGBTIQA liberation activists.', NULL, NULL, NULL, NULL);
INSERT INTO crime_types (person_id, crime_type) VALUES ('floyd-godfrey', 'other');
INSERT INTO sources (person_id, url) VALUES ('floyd-godfrey', 'https://goppredators.wordpress.com/2024/04/27/1272-floyd-godfrey/');
INSERT INTO sources (person_id, url) VALUES ('floyd-godfrey', 'https://www.ncbi.nlm.nih.gov/pmc/articles/PMC8902017/');
INSERT INTO sources (person_id, url) VALUES ('floyd-godfrey', 'https://en.wikipedia.org/wiki/Legality_of_conversion_therapy');
INSERT INTO sources (person_id, url) VALUES ('floyd-godfrey', 'https://www.lgbtqnation.com/2024/03/sexual-misconduct-allegations-lead-arizona-ex-gay-therapist-to-surrender-his-license/');
INSERT INTO sources (person_id, url) VALUES ('floyd-godfrey', 'https://truthwinsout.org/sexual-misconduct-allegations-lead-arizona-conversion-therapist-floyd-godfrey-to-surrender-his-license/');
INSERT INTO sources (person_id, url) VALUES ('floyd-godfrey', 'https://www.azbbhe.us/pdfs/BoardOrder/2021-0012.pdf');
INSERT OR REPLACE INTO people (id, name, status, level, state, office, crime_description, summary, still_in_office, offense_year, conviction_year, event_date) VALUES ('kyle-hayden-lewter', 'Kyle Hayden Lewter', 'charged', 'state', 'AL', 'State Senator', 'Sexual Torture/Murder', 'Kyle Hayden Lewter Kyle Hayden Lewter was chair of the Madison County Young Republicans and had worked for Rep. Mo Brooks and Sen.', NULL, NULL, NULL, '2024-04-11');
INSERT INTO crime_types (person_id, crime_type) VALUES ('kyle-hayden-lewter', 'murder');
INSERT INTO sources (person_id, url) VALUES ('kyle-hayden-lewter', 'https://goppredators.wordpress.com/2024/04/26/1271-kyle-lewter/');
INSERT INTO sources (person_id, url) VALUES ('kyle-hayden-lewter', 'https://www.al.com/news/huntsville/2024/03/north-alabama-gop-operative-sodomized-man-with-plunger-before-killing-him-court-records-claim.html');
INSERT INTO sources (person_id, url) VALUES ('kyle-hayden-lewter', 'https://www.al.com/news/2024/03/north-alabama-man-charged-with-murder-has-ties-to-state-republican-politics.html');
INSERT INTO sources (person_id, url) VALUES ('kyle-hayden-lewter', 'https://www.waaytv.com/news/defense-attorney-for-man-charged-with-murder-sexual-torture-of-harvest-man-speaks/article_8102f854-e1b7-11ee-9816-b7469dd943a5.html');
INSERT OR REPLACE INTO people (id, name, status, level, state, office, crime_description, summary, still_in_office, offense_year, conviction_year, event_date) VALUES ('luis-borunda', 'Luis Borunda', 'charged', 'federal', 'MD', '', 'Child Sexual Abuse Material/Soliciting a Minor', 'Luis Esteban Borunda Luis Borunda served as Deputy Secretary of State under Republican Governor Larry Hogan of Maryland. He served a short time on former President Trump''s "voter fraud "election integrity" panel that collapsed in scandal and was disbanded.', NULL, NULL, NULL, NULL);
INSERT INTO crime_types (person_id, crime_type) VALUES ('luis-borunda', 'csam');
INSERT INTO crime_types (person_id, crime_type) VALUES ('luis-borunda', 'assault');
INSERT INTO crime_types (person_id, crime_type) VALUES ('luis-borunda', 'solicitation');
INSERT INTO sources (person_id, url) VALUES ('luis-borunda', 'https://goppredators.wordpress.com/2024/04/26/1270-luis-borunda/');
INSERT INTO sources (person_id, url) VALUES ('luis-borunda', 'https://news.maryland.gov/msp/2023/09/01/maryland-state-police-arrest-man-for-sexual-solicitation-of-a-minor-in-anne-arundel-county-4/');
INSERT INTO sources (person_id, url) VALUES ('luis-borunda', 'https://www.capitalgazette.com/2024/03/07/luis-borunda-indictment-child-porn/');
INSERT OR REPLACE INTO people (id, name, status, level, state, office, crime_description, summary, still_in_office, offense_year, conviction_year, event_date) VALUES ('dustin-ledford', 'Dustin Ledford', 'charged', 'adjacent', 'NC', '', 'Sexual Abuse of a Minor', 'Dustin Glenn Ledford was a school guidance counselor at Fallston Elementary School in Cleveland County in North Carolina. He was arrested in February 2024 for sexually abusing a minor.', NULL, NULL, NULL, NULL);
INSERT INTO crime_types (person_id, crime_type) VALUES ('dustin-ledford', 'assault');
INSERT INTO sources (person_id, url) VALUES ('dustin-ledford', 'https://goppredators.wordpress.com/2024/04/24/1269-dustin-ledford/');
INSERT INTO sources (person_id, url) VALUES ('dustin-ledford', 'https://www.wbtv.com/2024/02/28/cleveland-co-schools-employee-arrested-accused-sex-crimes-against-child/');
INSERT INTO sources (person_id, url) VALUES ('dustin-ledford', 'https://www.wcnc.com/article/news/crime/child-sexual-assault-kings-mountain-nc-crime-local-2-27-2024/275-f78ce375-53be-42e2-9ffb-3b4589c410a6');
INSERT OR REPLACE INTO people (id, name, status, level, state, office, crime_description, summary, still_in_office, offense_year, conviction_year, event_date) VALUES ('dan-duffey', 'Dan Duffey', 'charged', 'adjacent', 'MT', '', 'Stalking, Harassment', 'Daniel Edward Duffey Daniel Edward Duffey has been a Republican political strategist for years. He was the political director for Montana Gov.', NULL, NULL, NULL, NULL);
INSERT INTO crime_types (person_id, crime_type) VALUES ('dan-duffey', 'harassment');
INSERT INTO crime_types (person_id, crime_type) VALUES ('dan-duffey', 'stalking');
INSERT INTO sources (person_id, url) VALUES ('dan-duffey', 'https://goppredators.wordpress.com/2024/04/24/1268-dan-duffey/');
INSERT INTO sources (person_id, url) VALUES ('dan-duffey', 'https://www.kbzk.com/news/election-2020/gianforte-campaign-responds-to-alleged-incident-involving-top-campaign-staffer');
INSERT INTO sources (person_id, url) VALUES ('dan-duffey', 'https://flatheadbeacon.com/2024/02/23/gop-political-strategist-pleads-not-guilty-to-stalking-charges/');
INSERT INTO sources (person_id, url) VALUES ('dan-duffey', 'https://dailyinterlake.com/news/2024/feb/07/man-accused-of-leading-smear-campaign-charged-with-stalking/');
INSERT INTO sources (person_id, url) VALUES ('dan-duffey', 'https://montanafreepress.org/2024/02/07/montana-gop-political-strategist-dan-duffey-arrested-on-stalking-charges/');
INSERT OR REPLACE INTO people (id, name, status, level, state, office, crime_description, summary, still_in_office, offense_year, conviction_year, event_date) VALUES ('david-templet', 'David Templet', 'charged', 'state', 'SC', 'Police Officer', 'Sexual Abuse of a Minor', 'David Templet David Templet was a police officer in Latta, South Carolina, until his resignation after criminal charges were filed accusing him of sexually abusing an eleven-year-old child. He was charged with charged with two counts of unlawful conduct towards a child, third-degree criminal sexual', NULL, NULL, NULL, NULL);
INSERT INTO crime_types (person_id, crime_type) VALUES ('david-templet', 'assault');
INSERT INTO sources (person_id, url) VALUES ('david-templet', 'https://goppredators.wordpress.com/2024/04/24/1267-david-templet/');
INSERT INTO sources (person_id, url) VALUES ('david-templet', 'https://www.wbtw.com/news/pee-dee/dillon-county/sled-charges-former-latta-police-officer-with-sex-crimes-involving-an-11-year-old-juvenile/');
INSERT INTO sources (person_id, url) VALUES ('david-templet', 'https://wpde.com/news/local/former-latta-officer-david-templet-sex-related-charges-involving-minors-sexual-conduct-initial-investigation-didnt-lead-criminal-charge-dillon-county-south-carolina-march-8-2024');
INSERT INTO sources (person_id, url) VALUES ('david-templet', 'https://publicindex.sccourts.org/Dillon/PublicIndex/PISearch.aspx');
INSERT OR REPLACE INTO people (id, name, status, level, state, office, crime_description, summary, still_in_office, offense_year, conviction_year, event_date) VALUES ('rachel-wakefield', 'Rachel Wakefield', 'charged', 'local', 'OR', 'Coach', 'Sexual Abuse of a Minor', 'Rachel Wakefield Rachel Wakefield, along with her husband David Wakefield, has been charged with sexual abuse of a minor. She was indicted on eleven charges.', NULL, NULL, NULL, NULL);
INSERT INTO crime_types (person_id, crime_type) VALUES ('rachel-wakefield', 'assault');
INSERT INTO sources (person_id, url) VALUES ('rachel-wakefield', 'https://goppredators.wordpress.com/2024/04/23/1266-rachel-wakefield/');
INSERT INTO sources (person_id, url) VALUES ('rachel-wakefield', 'https://www.clackamas.us/sheriff/2024-02-29-CCSONR-AdditionalVictimsSought.html');
INSERT INTO sources (person_id, url) VALUES ('rachel-wakefield', 'https://www.insideedition.com/christian-principal-david-wakefield-rachel-sexual-abuse-student-oregon');
INSERT INTO sources (person_id, url) VALUES ('rachel-wakefield', 'https://local12.com/news/nation-world/christian-school-principal-substitute-teacher-wife-accused-sexually-abusing-student-years-david-alan-wakefield-rachael-jean-coach');
INSERT OR REPLACE INTO people (id, name, status, level, state, office, crime_description, summary, still_in_office, offense_year, conviction_year, event_date) VALUES ('david-wakefield', 'David Wakefield', 'charged', 'local', 'OR', '', 'Sexual Abuse of a Minor', 'David Wakefield David Wakefield was the athletic director and principal of Damascus Christian School in Damascus, Oregon. He has been accused of sexually abusing a minor, a student in his school for four years, beginning when she was fourteen.', NULL, NULL, NULL, '2024-02-29');
INSERT INTO crime_types (person_id, crime_type) VALUES ('david-wakefield', 'assault');
INSERT INTO sources (person_id, url) VALUES ('david-wakefield', 'https://goppredators.wordpress.com/2024/04/23/1265-david-wakefield/');
INSERT INTO sources (person_id, url) VALUES ('david-wakefield', 'https://www.clackamas.us/sheriff/2024-02-29-CCSONR-AdditionalVictimsSought.html');
INSERT INTO sources (person_id, url) VALUES ('david-wakefield', 'https://www.oregonlive.com/crime/2024/02/husband-and-wife-who-coached-at-damascus-christian-charged-with-sexual-abuse-of-student.html');
INSERT INTO sources (person_id, url) VALUES ('david-wakefield', 'https://www.christianpost.com/news/married-couple-deny-charges-of-sexual-abuse-at-christian-school.html');
INSERT OR REPLACE INTO people (id, name, status, level, state, office, crime_description, summary, still_in_office, offense_year, conviction_year, event_date) VALUES ('trevor-goodson', 'Trevor Goodson', 'charged', 'adjacent', 'TN', 'Coach', 'Sexual Abuse of a Minor', 'William Trevor Goodson William Trevor Goodson is a now-former South Laurel High School girls basketball assistant coach and coach at the middle school. He resigned after being charged for sexually abused students.', NULL, NULL, NULL, '2024-03-02');
INSERT INTO crime_types (person_id, crime_type) VALUES ('trevor-goodson', 'assault');
INSERT INTO sources (person_id, url) VALUES ('trevor-goodson', 'https://goppredators.wordpress.com/2024/03/15/1264-trevor-goodson/');
INSERT INTO sources (person_id, url) VALUES ('trevor-goodson', 'https://www.kentucky.com/news/local/education/article286233920.html#storylink=cpy');
INSERT INTO sources (person_id, url) VALUES ('trevor-goodson', 'https://coachad.com/news/kentucky-girls-basketball-coach-resigns-sexual-assault-charges/');
INSERT INTO sources (person_id, url) VALUES ('trevor-goodson', 'https://www.msn.com/en-us/news/crime/now-former-kentucky-school-employee-facing-sex-crime-charges/ar-BB1jjulL');
INSERT INTO sources (person_id, url) VALUES ('trevor-goodson', 'https://t.co/PX4uAC8gan');
INSERT OR REPLACE INTO people (id, name, status, level, state, office, crime_description, summary, still_in_office, offense_year, conviction_year, event_date) VALUES ('bobby-leonard', 'Bobby Leonard', 'alleged', 'adjacent', 'NC', 'Pastor', 'Rape Apologist', 'Bobby Leonard Bobby Leonard is the pastor of Bible Baptist Tabernacle preached that if he were on a jury, he would acquit a man who raped a woman if the woman was wearing shorts. He began by complaining that too many women wore shorts in Pigeon Ford where he and I his wife went to the outlet malls.', NULL, NULL, NULL, NULL);
INSERT INTO crime_types (person_id, crime_type) VALUES ('bobby-leonard', 'rape');
INSERT INTO sources (person_id, url) VALUES ('bobby-leonard', 'https://goppredators.wordpress.com/2024/03/15/1263-bobby-leonard/');
INSERT INTO sources (person_id, url) VALUES ('bobby-leonard', 'https://www.bbtmonroe.com/our-pastor');
INSERT INTO sources (person_id, url) VALUES ('bobby-leonard', 'https://www.wbtv.com/2024/02/22/union-co-pastor-faces-backlash-after-blaming-rape-victims-attire/');
INSERT INTO sources (person_id, url) VALUES ('bobby-leonard', 'https://www.christianpost.com/news/protestors-demand-action-after-pastors-comments-on-rape.html');
INSERT OR REPLACE INTO people (id, name, status, level, state, office, crime_description, summary, still_in_office, offense_year, conviction_year, event_date) VALUES ('lynn-lindaman', 'Lynn Lindaman', 'convicted', 'adjacent', 'IA', '', 'Sexual Assault of Child', 'Lynn Lindaman Lynn Lindaman was a pediatric orthopedic surgeon. In 1976, he was convicted of lascivious acts with a person under 16.', NULL, NULL, 1976, '2024-02-22');
INSERT INTO crime_types (person_id, crime_type) VALUES ('lynn-lindaman', 'assault');
INSERT INTO sources (person_id, url) VALUES ('lynn-lindaman', 'https://goppredators.wordpress.com/2024/02/21/1262-lynn-lindaman/');
INSERT INTO sources (person_id, url) VALUES ('lynn-lindaman', 'https://t.co/fiHbGgrG1U');
INSERT INTO sources (person_id, url) VALUES ('lynn-lindaman', 'https://www.desmoinesregister.com/story/news/crime-and-courts/2024/02/16/lynn-lindaman-west-des-moines-doctor-convicted-child-sex-abuse-polk-county/72632246007/');
INSERT INTO sources (person_id, url) VALUES ('lynn-lindaman', 'https://www.weareiowa.com/article/news/crime/ankeny-iowa-lynn-lindaman-doctor-sexually-abuses-child-verdict-sentencing-updates/524-029a1e1b-0d9d-4e5d-962d-7738c502ea62');
INSERT INTO sources (person_id, url) VALUES ('lynn-lindaman', 'https://www.northscottpress.com/stories/i-told-you-so,114767');
INSERT INTO sources (person_id, url) VALUES ('lynn-lindaman', 'https://www.desmoinesregister.com/story/news/crime-and-courts/2024/04/29/ankeny-doctor-lynn-lindaman-sentenced-50-years-for-sexually-abusing-child-johnson-county/73486581007/');
INSERT INTO sources (person_id, url) VALUES ('lynn-lindaman', 'https://infoweb-newsbank-com.proxy.multcolib.org/apps/news/browse-pub?p=AMNEWS&amp;t=pubname%3AWT1W%21NBC%2B-%2B13%2BWHO%2B%2528Des%2BMoines%252C%2BIA%2529&amp;action=browse');
INSERT OR REPLACE INTO people (id, name, status, level, state, office, crime_description, summary, still_in_office, offense_year, conviction_year, event_date) VALUES ('david-helbling', 'David Helbling', 'charged', 'local', 'CA', 'Pastor', 'Kidnapping, Sexual Abuse', 'David Helbling David Helbling was a pastor at The Blessing Center First Assembly of God in Moreno Valley, California. In late January, police were informed of an alleged sexual assault of a minor.', NULL, NULL, NULL, '2024-02-14');
INSERT INTO crime_types (person_id, crime_type) VALUES ('david-helbling', 'assault');
INSERT INTO sources (person_id, url) VALUES ('david-helbling', 'https://goppredators.wordpress.com/2024/02/21/1261-david-helbling/');
INSERT INTO sources (person_id, url) VALUES ('david-helbling', 'https://www.riversidesheriff.org/CivicAlerts.aspx?AID=5261');
INSERT INTO sources (person_id, url) VALUES ('david-helbling', 'https://ktla.com/news/local-news/riverside-county-pastor-arrested-for-alleged-child-sex-assault/');
INSERT INTO sources (person_id, url) VALUES ('david-helbling', 'https://www.pressenterprise.com/2024/02/20/local-pastor-arrested-on-suspicion-of-child-sexual-assault-in-moreno-valley/');
INSERT OR REPLACE INTO people (id, name, status, level, state, office, crime_description, summary, still_in_office, offense_year, conviction_year, event_date) VALUES ('kyle-colton', 'Kyle Colton', 'convicted', 'adjacent', 'CA', '', 'Child Molestation', 'Kyle Travis Colton Kyle Travis Colton is one of the January 6th insurrectionist. Although pardoned by President Trump, he was indicted in January 2024 for receiving child sexual abuse material and he goes on trial CSAM on July 15, 2025.', NULL, NULL, NULL, '2025-07-15');
INSERT INTO crime_types (person_id, crime_type) VALUES ('kyle-colton', 'child-molestation');
INSERT INTO sources (person_id, url) VALUES ('kyle-colton', 'https://goppredators.wordpress.com/2025/07/05/1260-kyle-travis-colton/');
INSERT INTO sources (person_id, url) VALUES ('kyle-colton', 'https://www.cbsnews.com/sacramento/news/jan-6-capitol-riot-defendant-from-citrus-heights-indicted-on-receipt-of-child-porn/');
INSERT INTO sources (person_id, url) VALUES ('kyle-colton', 'https://ecf.caed.uscourts.gov/cgi-bin/iqquerymenu.pl?441535');
INSERT INTO sources (person_id, url) VALUES ('kyle-colton', 'https://www.justice.gov/usao-edca/pr/citrus-heights-man-indicted-receiving-child-pornography');
INSERT INTO sources (person_id, url) VALUES ('kyle-colton', 'https://www.sacbee.com/news/local/crime/article310818120.html');
INSERT INTO sources (person_id, url) VALUES ('kyle-colton', 'https://infoweb-newsbank-com.proxy.multcolib.org/apps/news/browse-pub?p=AMNEWS&amp;t=pubname%3ASACB-EEDT%21Sacramento%2BBee%252C%2BThe%2B%2528CA%2529&amp;action=browse');
INSERT OR REPLACE INTO people (id, name, status, level, state, office, crime_description, summary, still_in_office, offense_year, conviction_year, event_date) VALUES ('dale-kenyon', 'Dale Kenyon', 'convicted', 'local', 'NY', 'Mayor', 'Criminal Sexual Act with Minor', 'Dale Kenyon Dale Kenyon was the mayor of Clayton, New York. He was indicted for "engaging in sex acts" with a 14-year-old girl over the course of three years beginning in 2009.', NULL, NULL, 2011, '2017-09-08');
INSERT INTO crime_types (person_id, crime_type) VALUES ('dale-kenyon', 'other');
INSERT INTO sources (person_id, url) VALUES ('dale-kenyon', 'https://goppredators.wordpress.com/2024/02/21/1259-dale-kenyon/');
INSERT INTO sources (person_id, url) VALUES ('dale-kenyon', 'https://cnycentral.com/news/local/deputies-jefferson-county-man-facing-22-counts-of');
INSERT INTO sources (person_id, url) VALUES ('dale-kenyon', 'https://www.nny360.com/news/former-clayton-mayor-pleads-guilty-to-sex-crime/article_c43768f9-e52a-551a-bd1d-0c8bcd80a353.html');
INSERT INTO sources (person_id, url) VALUES ('dale-kenyon', 'https://infoweb-newsbank-com.proxy.multcolib.org/apps/news/browse-pub?p=AMNEWS&amp;t=pubname%3AWNYB%21Watertown%2BDaily%2BTimes%2B%2528NY%2529&amp;action=browse');
INSERT OR REPLACE INTO people (id, name, status, level, state, office, crime_description, summary, still_in_office, offense_year, conviction_year, event_date) VALUES ('kenneth-m-richens', 'Kenneth M Richens', 'convicted', 'adjacent', 'UT', '', 'Child Sexual Abuse Material', 'Kenneth Merlin Richens Kenneth Merlin Richens was the head of Ken and Darlene Richens Family Education Initiatives Inc. News reports name him and his wife as owners, but no one owns a nonprofit.', NULL, NULL, NULL, '2024-03-19');
INSERT INTO crime_types (person_id, crime_type) VALUES ('kenneth-m-richens', 'csam');
INSERT INTO crime_types (person_id, crime_type) VALUES ('kenneth-m-richens', 'assault');
INSERT INTO sources (person_id, url) VALUES ('kenneth-m-richens', 'https://goppredators.wordpress.com/2024/02/21/1258-kenneth-richens/');
INSERT INTO sources (person_id, url) VALUES ('kenneth-m-richens', 'https://www.guidestar.org/profile/83-1179820');
INSERT INTO sources (person_id, url) VALUES ('kenneth-m-richens', 'https://www.ksl.com/article/50642045/head-of-utah-charity-organization-accused-of-participating-in-sex-tourism');
INSERT INTO sources (person_id, url) VALUES ('kenneth-m-richens', 'https://floodlit.org/a/a611/');
INSERT INTO sources (person_id, url) VALUES ('kenneth-m-richens', 'https://ksltv.com/547541/utah-man-charged-for-his-involvement-in-sex-tourism-and-child-pornography/');
INSERT INTO sources (person_id, url) VALUES ('kenneth-m-richens', 'https://www.stgeorgeutah.com/news/archive/2023/05/10/cgb-man-allegedly-involved-in-child-sex-tourism-arrested-in-st-george/#.ZFzsxOzMJqt');
INSERT OR REPLACE INTO people (id, name, status, level, state, office, crime_description, summary, still_in_office, offense_year, conviction_year, event_date) VALUES ('jamol-jones', 'Jamol Jones', 'convicted', 'state', 'AR', 'Police Officer', 'Child Sexual Abuse', 'Jones is a former police officer appointed to the Arkansas Board of Corrections by Sarah Huckabee Sanders. He was recently named Chair of the Prison Post-Transfer Board.', NULL, NULL, NULL, '2024-02-03');
INSERT INTO crime_types (person_id, crime_type) VALUES ('jamol-jones', 'assault');
INSERT INTO sources (person_id, url) VALUES ('jamol-jones', 'https://goppredators.wordpress.com/2024/02/19/1257-jamol-jones/');
INSERT INTO sources (person_id, url) VALUES ('jamol-jones', 'https://governor.arkansas.gov/news_post/sanders-appoints-jamol-jones-to-the-arkansas-parole-board/');
INSERT INTO sources (person_id, url) VALUES ('jamol-jones', 'https://www.ktlo.com/2024/02/03/arkansas-parole-board-chair-resigns-after-police-personnel-file-shows-he-lied-about-sex-with-minor/');
INSERT INTO sources (person_id, url) VALUES ('jamol-jones', 'https://talkbusiness.net/2024/02/gov-sanders-board-of-corrections-appointee-fired-from-police-department-in-2018-over-sexual-misconduct/');
INSERT INTO sources (person_id, url) VALUES ('jamol-jones', 'https://talkbusiness.net/wp-content/uploads/2024/02/BentonPolice-Jones-investigation.pdf');
INSERT INTO sources (person_id, url) VALUES ('jamol-jones', 'https://infoweb-newsbank-com.proxy.multcolib.org/apps/news/browse-pub?p=AMNEWS&amp;t=pubname%3AADG8-EEDT%21Arkansas%2BDemocrat-Gazette%2B%2528Little%2BRock%252C%2BAR%2529&amp;action=browse');
INSERT OR REPLACE INTO people (id, name, status, level, state, office, crime_description, summary, still_in_office, offense_year, conviction_year, event_date) VALUES ('corey-botelho', 'Corey Botelho', 'charged', 'local', 'PA', 'Coach', 'Child Rape', 'Corey Botelho was a Jefferson County deputy sheriff. As the owner of a security firm Tri-Force Tactical, he was a board member of the area Chamber of Commerce.', NULL, NULL, NULL, NULL);
INSERT INTO crime_types (person_id, crime_type) VALUES ('corey-botelho', 'rape');
INSERT INTO sources (person_id, url) VALUES ('corey-botelho', 'https://goppredators.wordpress.com/2024/02/19/1256-corey-botelho/');
INSERT INTO sources (person_id, url) VALUES ('corey-botelho', 'https://www.exploreclarion.com/2024/01/31/case-against-former-soccer-coach-sheriffs-deputy-who-allegedly-raped-young-girl-moves-forward-in-court-additional-charges-added/');
INSERT INTO sources (person_id, url) VALUES ('corey-botelho', 'https://gantnews.com/2023/12/10/former-sheriffs-deputy-soccer-coach-accused-of-raping-young-girl-several-times-2/');
INSERT INTO sources (person_id, url) VALUES ('corey-botelho', 'https://www.thecourierexpress.com/the_leader_vindicator/news/local/new-bethlehem-man-faces-child-rape-charges/article_5a2b4f2e-9847-11ee-ae88-2b8122c0d283.html');
INSERT INTO sources (person_id, url) VALUES ('corey-botelho', 'https://ujsportal.pacourts.us/CaseSearch');
INSERT INTO sources (person_id, url) VALUES ('corey-botelho', 'https://ujsportal.pacourts.us/Report/CpDocketSheet?docketNumber=CP-03-CR-0000071-2024&amp;dnh=43xseT5UtF2Y%2Fs%2ByQwQpZQ%3D%3D');
INSERT OR REPLACE INTO people (id, name, status, level, state, office, crime_description, summary, still_in_office, offense_year, conviction_year, event_date) VALUES ('donald-h-briggs', 'Donald H. Briggs', 'charged', 'local', 'NY', 'Mayor', 'Criminal Sexual Act with Minor', 'Donald H. Briggs served as the mayor of Millbrook, New York for two terms.', NULL, NULL, NULL, NULL);
INSERT INTO crime_types (person_id, crime_type) VALUES ('donald-h-briggs', 'other');
INSERT INTO sources (person_id, url) VALUES ('donald-h-briggs', 'https://goppredators.wordpress.com/2024/02/17/1255-donald-h-briggs/');
INSERT INTO sources (person_id, url) VALUES ('donald-h-briggs', 'https://www.dutchessny.gov/Departments/Sheriff/sheriff-news-2016_31821.htm');
INSERT INTO sources (person_id, url) VALUES ('donald-h-briggs', 'https://www.poughkeepsiejournal.com/story/news/crime/2016/12/13/donald-briggs-millbrook-sex-charge/95368026/');
INSERT INTO sources (person_id, url) VALUES ('donald-h-briggs', 'https://dailyvoice.com/new-york/eastdutchess/police-fire/former-millbrook-mayor-had-sex-with-minor-police-say/692895/');
INSERT INTO sources (person_id, url) VALUES ('donald-h-briggs', 'https://ny1.com/nyc/queens/news/2016/12/13/millbrook-man-sexual-misconduct-arrest');
INSERT OR REPLACE INTO people (id, name, status, level, state, office, crime_description, summary, still_in_office, offense_year, conviction_year, event_date) VALUES ('lillie-bowman', 'Lillie Bowman', 'convicted', 'adjacent', 'NE', 'Coach', 'Child Sexual Abuse', 'Lillie Bowman was a high school English teacher and trap team coach in Norris, Nebraska. In early April, a student told the school administrators about a sexual relationship between the trap-shooting coach and one of the students she was coaching.', NULL, NULL, NULL, '2023-09-29');
INSERT INTO crime_types (person_id, crime_type) VALUES ('lillie-bowman', 'assault');
INSERT INTO sources (person_id, url) VALUES ('lillie-bowman', 'https://goppredators.wordpress.com/2024/02/17/1254-lillie-bowman/');
INSERT INTO sources (person_id, url) VALUES ('lillie-bowman', 'https://journalstar.com/news/local/education/norris-creates-committee-to-investigate-lillie-bowman-arrest/article_15558c98-5cb0-11ee-82b3-23effe31803c.html');
INSERT INTO sources (person_id, url) VALUES ('lillie-bowman', 'https://www.1011now.com/2024/01/31/norris-high-teacher-accused-sexual-abuse-student-takes-plea-deal/');
INSERT INTO sources (person_id, url) VALUES ('lillie-bowman', 'https://yorknewstimes.com/norris-high-school-student-reported-teacher-month-before-arrest-court-records-show/article_f87fefd6-fa7c-11ed-8185-03c45ca48658.html');
INSERT INTO sources (person_id, url) VALUES ('lillie-bowman', 'https://infoweb-newsbank-com.proxy.multcolib.org/apps/news/browse-pub?p=AMNEWS&amp;t=pubname%3AOWH9-EEDT%21Omaha%2BWorld-Herald%2B%2528NE%2529&amp;action=browse');
INSERT OR REPLACE INTO people (id, name, status, level, state, office, crime_description, summary, still_in_office, offense_year, conviction_year, event_date) VALUES ('paul-humphrey', 'Paul Humphrey', 'charged', 'adjacent', 'IN', 'Police Officer', 'Grooming/Sexual Misconduct', 'Paul Humphrey Paul Humphrey is an Indianapolis Metro Police officer though he is currently suspended. He was arrested after police were informed by a school official that a student had been inappropriately touched by an adult and their investigation led to him.', NULL, NULL, NULL, NULL);
INSERT INTO crime_types (person_id, crime_type) VALUES ('paul-humphrey', 'grooming');
INSERT INTO sources (person_id, url) VALUES ('paul-humphrey', 'https://goppredators.wordpress.com/2024/02/17/1253-paul-humphrey/');
INSERT INTO sources (person_id, url) VALUES ('paul-humphrey', 'https://www.wthr.com/article/news/crime/impd-officer-charged-sexual-misconduct-with-minor-child-seduction-paul-humphrey-indianapolis/531-749ca8bb-67b9-4fb9-a0e4-4f1b0f7070ab');
INSERT INTO sources (person_id, url) VALUES ('paul-humphrey', 'https://www.indy.gov/activity/access-online-case-information');
INSERT OR REPLACE INTO people (id, name, status, level, state, office, crime_description, summary, still_in_office, offense_year, conviction_year, event_date) VALUES ('brad-nash', 'Brad Nash', 'convicted', 'local', 'MO', 'Mayor', 'Child Sexual Abuse', 'Bradley Nash Bradley Nash is the former mayor of Salem, Missouri. (He won with 93% of the vote in 2020.) He was also the Dent Co.', NULL, NULL, 2024, '2024-08-28');
INSERT INTO crime_types (person_id, crime_type) VALUES ('brad-nash', 'assault');
INSERT INTO sources (person_id, url) VALUES ('brad-nash', 'https://goppredators.wordpress.com/2024/02/17/1252-brad-nash/');
INSERT INTO sources (person_id, url) VALUES ('brad-nash', 'https://www.courts.mo.gov/cnet/cases/newHeader.do?inputVO.caseNumber=23DE-CR00434&amp;inputVO.courtId=SMPDB0005_CT42');
INSERT INTO sources (person_id, url) VALUES ('brad-nash', 'https://www.thelickingnews.com/2024/01/03/nash-charged-with-sodomy-and-child-molestation/');
INSERT INTO sources (person_id, url) VALUES ('brad-nash', 'https://www.thesalemnewsonline.com/news/local_news/article_6358e342-a696-11ee-a7fb-0bea13e2dd50.html');
INSERT INTO sources (person_id, url) VALUES ('brad-nash', 'https://www.thesalemnewsonline.com/article_c83f6a0a-965b-11ef-b73f-f38b03bff7b7.html');
INSERT OR REPLACE INTO people (id, name, status, level, state, office, crime_description, summary, still_in_office, offense_year, conviction_year, event_date) VALUES ('rhett-hintze', 'Rhett Hintze', 'charged', 'adjacent', 'PA', '', 'Organizational Coverup', 'Rhett Hintze Rhett Hintze was the COO at Bravo Group, a lobbying and marketing firm. He was also a stake president for several LDS churches in Pennsylvania, including where Shawn Gooden was a church leader.', NULL, NULL, NULL, NULL);
INSERT INTO crime_types (person_id, crime_type) VALUES ('rhett-hintze', 'enablement');
INSERT INTO crime_types (person_id, crime_type) VALUES ('rhett-hintze', 'organizational-coverup');
INSERT INTO sources (person_id, url) VALUES ('rhett-hintze', 'https://goppredators.wordpress.com/2024/02/17/1251-rhett-hintze/');
INSERT INTO sources (person_id, url) VALUES ('rhett-hintze', 'https://soundcloud.com/sean-payne-824564563/2024_02_04-hintze-announcement?ref=clipboard&amp;p=a&amp;c=1&amp;si=86da6035d6e9478e8791ef528695650a&amp;utm_source=clipboard&amp;utm_medium=text&amp;utm_campaign=social_sharing');
INSERT INTO sources (person_id, url) VALUES ('rhett-hintze', 'https://www.abc27.com/local-news/harrisburg-lobbyist-lds-church-leader-charged-with-not-reporting-child-rape-allegations/');
INSERT INTO sources (person_id, url) VALUES ('rhett-hintze', 'https://www.ldnews.com/story/news/2024/01/31/new-cumberland-pa-man-accused-of-failure-to-report-child-abuse/72426068007/');
INSERT INTO sources (person_id, url) VALUES ('rhett-hintze', 'https://www.psp.pa.gov/PIRRs/Harrisburg%20Press%20Releases/H_HARR_31JAN2024_1430.pdf');
INSERT OR REPLACE INTO people (id, name, status, level, state, office, crime_description, summary, still_in_office, offense_year, conviction_year, event_date) VALUES ('shawn-gooden', 'Shawn Gooden', 'convicted', 'adjacent', 'VA', '', 'Child Rape/Assault', 'Shawn Gooden Shawn Gooden was a bishop with the Mormon church and a member of the executive board of the New Birth of Freedom Boy Scouts. He was a lawyer in Harrisburg, PA.', NULL, NULL, NULL, '2023-07-28');
INSERT INTO crime_types (person_id, crime_type) VALUES ('shawn-gooden', 'rape');
INSERT INTO sources (person_id, url) VALUES ('shawn-gooden', 'https://goppredators.wordpress.com/2024/02/17/1250-shawn-gooden/');
INSERT INTO sources (person_id, url) VALUES ('shawn-gooden', 'https://dailyvoice.com/pennsylvania/dauphin/mormon-ex-scout-leader-sentenced-for-raping-children-in-va-new-charges-in-pa/');
INSERT INTO sources (person_id, url) VALUES ('shawn-gooden', 'https://www.abc27.com/local-news/former-lebanon-county-lds-church-scout-leader-facing-rape-charges/');
INSERT OR REPLACE INTO people (id, name, status, level, state, office, crime_description, summary, still_in_office, offense_year, conviction_year, event_date) VALUES ('micah-whitfield', 'Micah Whitfield', 'charged', 'adjacent', 'AR', '', 'Child Sexual Assault', 'Micah Whitfield Photo via Beks Micah Whitfield was the technical director of the Arend Arts Center and an employee of Bentonville Schools in Arkansas. He was also on the board of directors of Campfire Ministries local, which has been inactive in recent years.', NULL, NULL, NULL, NULL);
INSERT INTO crime_types (person_id, crime_type) VALUES ('micah-whitfield', 'assault');
INSERT INTO sources (person_id, url) VALUES ('micah-whitfield', 'https://goppredators.wordpress.com/2024/02/10/1249-micah-whitfield/');
INSERT INTO sources (person_id, url) VALUES ('micah-whitfield', 'https://www.arkansasonline.com/news/2024/jan/31/bond-set-at-50000-for-bentonville-school-district/');
INSERT INTO sources (person_id, url) VALUES ('micah-whitfield', 'https://www.5newsonline.com/article/news/crime/bentonville-schools-employee-sexual-assault-charges/527-ee4dc720-fc25-4303-b904-f11d4890dada');
INSERT OR REPLACE INTO people (id, name, status, level, state, office, crime_description, summary, still_in_office, offense_year, conviction_year, event_date) VALUES ('gary-joseph-hawkins', 'Gary Joseph Hawkins', 'charged', 'adjacent', 'UT', '', 'Child Sexual Exploitation', 'Gary Joseph Hawkins Gary Joseph Hawkins is a Utah firefighter. He is on administrative leave.', NULL, NULL, NULL, NULL);
INSERT INTO crime_types (person_id, crime_type) VALUES ('gary-joseph-hawkins', 'csam');
INSERT INTO sources (person_id, url) VALUES ('gary-joseph-hawkins', 'https://goppredators.wordpress.com/2024/02/09/1248-joe-hawkins/');
INSERT INTO sources (person_id, url) VALUES ('gary-joseph-hawkins', 'https://www.fox13now.com/news/crime/utah-firefighter-accused-of-sending-graphic-messages-about-child-sexual-abuse-incest');
INSERT INTO sources (person_id, url) VALUES ('gary-joseph-hawkins', 'https://www.abc4.com/news/central-utah/central-utah-firefighter-arrested-for-alleged-child-sexual-exploitation/');
INSERT INTO sources (person_id, url) VALUES ('gary-joseph-hawkins', 'https://www.ksl.com/article/50860808/central-utah-firefighter-charged-in-online-child-exploitation-sting-');
INSERT OR REPLACE INTO people (id, name, status, level, state, office, crime_description, summary, still_in_office, offense_year, conviction_year, event_date) VALUES ('cortney-t-andrew', 'Cortney T. Andrew', 'convicted', 'local', 'UT', '', 'Grooming, Child Enticement', 'Cortney Ted Andrew Cortney T. Andrew is a local leader in the Trenton Church of Latter Day Saints in Utah.', NULL, NULL, NULL, NULL);
INSERT INTO crime_types (person_id, crime_type) VALUES ('cortney-t-andrew', 'solicitation');
INSERT INTO crime_types (person_id, crime_type) VALUES ('cortney-t-andrew', 'grooming');
INSERT INTO sources (person_id, url) VALUES ('cortney-t-andrew', 'https://goppredators.wordpress.com/2024/01/27/1247-cortney-t-andrew/');
INSERT INTO sources (person_id, url) VALUES ('cortney-t-andrew', 'https://www.cachevalleydaily.com/news/archive/2024/01/23/former-lds-leader-in-trenton-sentenced-to-jail-for-enticing-teen-girl-from-congregation/');
INSERT INTO sources (person_id, url) VALUES ('cortney-t-andrew', 'https://kvnutalk.com/lds-leader-in-trenton-charged-with-allegedly-enticing-teen-girl-from-congregation-cache-valley-daily/');
INSERT INTO sources (person_id, url) VALUES ('cortney-t-andrew', 'https://floodlit.org/a/a604/');
INSERT OR REPLACE INTO people (id, name, status, level, state, office, crime_description, summary, still_in_office, offense_year, conviction_year, event_date) VALUES ('cole-carter', 'Cole Carter', 'convicted', 'adjacent', 'AL', '', 'Creating Child Sexual Abuse Material', 'John Cole Carter John Cole Carter was a firefighter in Wetumka, Alabama. In June, 2023, he pleaded guilty to transmitting obscene material, possession of child pornography, second-degree sex abuse, electronic solicitation of a child, and enticing a child for immoral purposes.', NULL, NULL, NULL, NULL);
INSERT INTO crime_types (person_id, crime_type) VALUES ('cole-carter', 'csam');
INSERT INTO crime_types (person_id, crime_type) VALUES ('cole-carter', 'assault');
INSERT INTO sources (person_id, url) VALUES ('cole-carter', 'https://goppredators.wordpress.com/2024/01/27/1246-cole-carter/');
INSERT INTO sources (person_id, url) VALUES ('cole-carter', 'https://www.wsfa.com/2023/06/02/man-charged-elmore-county-sex-abuse-case/');
INSERT INTO sources (person_id, url) VALUES ('cole-carter', 'https://www.wsfa.com/2024/01/23/former-wetumpka-firefighter-pleads-guilty-sex-crimes/');
INSERT INTO sources (person_id, url) VALUES ('cole-carter', 'https://elmoreautauganews.com/2023/08/30/john-carter-faces-second-round-of-accusations-arrested-by-wetumpka-pd-involving-porn-and-enticing-a-child/');
INSERT INTO sources (person_id, url) VALUES ('cole-carter', 'https://www.thewetumpkaherald.com/news/black-eye-on-public-trust-former-wetumpka-firefighter-pleads-guilty-to-child-sex-abuse-and/article_ad238228-b953-11ee-8424-e3f04f1ce785.html');
INSERT OR REPLACE INTO people (id, name, status, level, state, office, crime_description, summary, still_in_office, offense_year, conviction_year, event_date) VALUES ('nathaniel-jon-pineda', 'Nathaniel Jon Pineda', 'alleged', 'adjacent', 'AZ', '', 'Soliciting a Minor, Child Rape', 'Nathaniel Jon Pineda (AZ): Soliciting a Minor, Child Rape.', NULL, NULL, NULL, NULL);
INSERT INTO crime_types (person_id, crime_type) VALUES ('nathaniel-jon-pineda', 'rape');
INSERT INTO crime_types (person_id, crime_type) VALUES ('nathaniel-jon-pineda', 'solicitation');
INSERT INTO sources (person_id, url) VALUES ('nathaniel-jon-pineda', 'https://goppredators.wordpress.com/2026/03/13/1245-nathaniel-jon-pineda/');
INSERT OR REPLACE INTO people (id, name, status, level, state, office, crime_description, summary, still_in_office, offense_year, conviction_year, event_date) VALUES ('rand-york', 'Rand York', 'alleged', 'adjacent', 'IL', '', 'Organizational Coverip', 'Rand York (IL): Organizational Coverip.', NULL, NULL, NULL, NULL);
INSERT INTO crime_types (person_id, crime_type) VALUES ('rand-york', 'enablement');
INSERT INTO crime_types (person_id, crime_type) VALUES ('rand-york', 'organizational-coverup');
INSERT INTO sources (person_id, url) VALUES ('rand-york', 'https://goppredators.wordpress.com/2024/01/26/1244-rand-york/');
INSERT INTO sources (person_id, url) VALUES ('rand-york', 'https://typefully.com/ACNAtoo/JG8BSeY');
INSERT INTO sources (person_id, url) VALUES ('rand-york', 'https://www.acnatoo.org/piecing-it-all-together');
INSERT INTO sources (person_id, url) VALUES ('rand-york', 'https://ministrywatch.com/alleged-victims-say-acna-church-leaders-failed-to-acknowledge-their-abuse-allegations/');
INSERT OR REPLACE INTO people (id, name, status, level, state, office, crime_description, summary, still_in_office, offense_year, conviction_year, event_date) VALUES ('andy-sanborn', 'Andy Sanborn', 'alleged', 'state', 'NH', 'State Senator', 'Sexual Harassment', 'Andy Sanborn Andy Sanborn is a former New Hampshire State senator. He ran in the Republican primary to represent the 1st Congressional District.', NULL, NULL, NULL, '2018-08-26');
INSERT INTO crime_types (person_id, crime_type) VALUES ('andy-sanborn', 'harassment');
INSERT INTO sources (person_id, url) VALUES ('andy-sanborn', 'https://goppredators.wordpress.com/2024/01/25/1243-andy-sanborn/');
INSERT INTO sources (person_id, url) VALUES ('andy-sanborn', 'https://nhjournal.com/state-accuses-sanborn-of-stalling-in-his-covid-fraud-case/');
INSERT INTO sources (person_id, url) VALUES ('andy-sanborn', 'https://www.nhpr.org/politics/2018-08-06/sanborn-made-reference-to-sex-act-in-2013-conversation-with-intern-according-to-n-h-senate-lawyer');
INSERT INTO sources (person_id, url) VALUES ('andy-sanborn', 'https://apnews.com/52c7c65fa6a64ea6b6e3d87250ee28a0');
INSERT INTO sources (person_id, url) VALUES ('andy-sanborn', 'https://infoweb-newsbank-com.proxy.multcolib.org/apps/news/browse-pub?p=AMNEWS&amp;t=pubname%3ACMOB%21Concord%2BMonitor%2B%255B30%2BDay%2BEmbargo%255D%2B%2528NH%2529&amp;action=browse');
INSERT OR REPLACE INTO people (id, name, status, level, state, office, crime_description, summary, still_in_office, offense_year, conviction_year, event_date) VALUES ('matt-hall', 'Matt Hall', 'charged', 'state', 'MI', '', 'Familial Violence', 'Matt Hall Rep. Matt Hall is the Michigan State House Republican Leader and an active participant in the autogolpe for Trump.', NULL, NULL, NULL, NULL);
INSERT INTO crime_types (person_id, crime_type) VALUES ('matt-hall', 'other');
INSERT INTO sources (person_id, url) VALUES ('matt-hall', 'https://goppredators.wordpress.com/2024/01/25/1242-matt-hall/');
INSERT INTO sources (person_id, url) VALUES ('matt-hall', 'https://www.mlive.com/news/kalamazoo/2018/07/republican_says_hes_learned_fr.html');
INSERT INTO sources (person_id, url) VALUES ('matt-hall', 'https://americanjournalnews.com/matt-hall-michigan-death-threats-gun-safety-laws/');
INSERT INTO sources (person_id, url) VALUES ('matt-hall', 'https://www.thedailybeast.com/maga-michigan-lawmaker-matt-hall-was-investigated-by-police-for-domestic-violence');
INSERT OR REPLACE INTO people (id, name, status, level, state, office, crime_description, summary, still_in_office, offense_year, conviction_year, event_date) VALUES ('richard-shaw', 'Richard Shaw', 'charged', 'local', 'WY', 'Pastor', 'Child Molestation', 'Richard Shaw Richard Shaw is a church leader and youth pastor who works with Under Command Ministries in Riverton, Wyoming. Shaw also works with other churches in the area.', NULL, NULL, NULL, NULL);
INSERT INTO crime_types (person_id, crime_type) VALUES ('richard-shaw', 'child-molestation');
INSERT INTO sources (person_id, url) VALUES ('richard-shaw', 'https://goppredators.wordpress.com/2024/01/24/1241-richard-shaw/');
INSERT INTO sources (person_id, url) VALUES ('richard-shaw', 'https://www.polksheriff.org/news-investigations/2024/01/10/wyoming-pastor-arrested-on-polk-warrant-for-lewd-molestation-of-polk-county-girl-who-was-victimized-when-he-visited-florida');
INSERT INTO sources (person_id, url) VALUES ('richard-shaw', 'https://www.foxnews.com/us/wyoming-worship-leader-gave-in-to-temptation-before-molesting-child-florida-police');
INSERT OR REPLACE INTO people (id, name, status, level, state, office, crime_description, summary, still_in_office, offense_year, conviction_year, event_date) VALUES ('dillon-herrington', 'Dillon Herrington', 'convicted', 'adjacent', 'AL', 'Police Officer', 'Rape', 'Dillon Herrington Dillon Colby Herrington is one of the January 6th insurrectionists. He has pleaded guilty to "assaulting, interfering, or resisting someone performing their official duties." He was the one throwing wood at police officers.', NULL, NULL, NULL, '2024-01-04');
INSERT INTO crime_types (person_id, crime_type) VALUES ('dillon-herrington', 'rape');
INSERT INTO sources (person_id, url) VALUES ('dillon-herrington', 'https://goppredators.wordpress.com/2024/01/20/1240-dillon-herrington/');
INSERT INTO sources (person_id, url) VALUES ('dillon-herrington', 'https://whnt.com/news/huntsville/madison-man-charged-in-jan-6-attack-expresses-remorse-sentencing-set-for-dec-1/');
INSERT INTO sources (person_id, url) VALUES ('dillon-herrington', 'https://www.waaytv.com/news/alabama/maga-lumberjack-indicted-for-rape-of-helpless-or-mentally-incapacitated-woman-in-limestone-county/article_2c734130-aa86-11ee-ae7f-13b59a65d603.html');
INSERT INTO sources (person_id, url) VALUES ('dillon-herrington', 'https://www.al.com/news/huntsville/2024/01/jan-6-defendant-from-alabama-known-as-maga-lumberjack-indicted-on-rape-charge-in-limestone-county.html');
INSERT INTO sources (person_id, url) VALUES ('dillon-herrington', 'https://www.alreporter.com/2024/01/04/alabama-man-known-for-jan-6-insurrection-role-indicted-on-rape-charge/');
INSERT INTO sources (person_id, url) VALUES ('dillon-herrington', 'https://infoweb-newsbank-com.proxy.multcolib.org/apps/news/browse-pub?p=AMNEWS&amp;t=pubname%3ALEDEH-EEDT%21Lede%2Bfrom%2BThe%2BHuntsville%2BTimes%252C%2BThe%2B%2528AL%2529&amp;action=browse');
INSERT OR REPLACE INTO people (id, name, status, level, state, office, crime_description, summary, still_in_office, offense_year, conviction_year, event_date) VALUES ('jake-freeman', 'Jake Freeman', 'charged', 'adjacent', 'NC', 'Police Officer', 'Stalking, Home Invasion', 'Jake Freeman Jake Freeman was a police officer in Las Vegas. He was arrested for aggravated stalking, attempted home invasion, & destruction of property, all against his ex-wife.', NULL, NULL, NULL, NULL);
INSERT INTO crime_types (person_id, crime_type) VALUES ('jake-freeman', 'stalking');
INSERT INTO sources (person_id, url) VALUES ('jake-freeman', 'https://goppredators.wordpress.com/2024/01/20/1239-jake-freeman/');
INSERT INTO sources (person_id, url) VALUES ('jake-freeman', 'https://www.reviewjournal.com/local/local-las-vegas/las-vegas-police-officer-dies-by-suicide-after-arrest-2974912/');
INSERT INTO sources (person_id, url) VALUES ('jake-freeman', 'https://www.fox5vegas.com/2024/01/01/las-vegas-police-officer-arrested-charges-stalking-home-invasion/');
INSERT OR REPLACE INTO people (id, name, status, level, state, office, crime_description, summary, still_in_office, offense_year, conviction_year, event_date) VALUES ('mark-rivera', 'Mark Rivera', 'convicted', 'adjacent', 'IL', 'Pastor', 'Child Molestation', 'Mark Rivera Mark Rivera was a pastor at Christ Our Light Anglican Church, in Big Rock, Illinois when he sexually abused a nine-year-old girl who was a member of his church. The abuse spanned two years, 2018 to 2019 He was originally charged with twenty-nine counts but they were cut down to three and', NULL, NULL, 2018, NULL);
INSERT INTO crime_types (person_id, crime_type) VALUES ('mark-rivera', 'child-molestation');
INSERT INTO sources (person_id, url) VALUES ('mark-rivera', 'https://goppredators.wordpress.com/2024/01/19/1238-mark-rivera/');
INSERT INTO sources (person_id, url) VALUES ('mark-rivera', 'https://chicago.suntimes.com/crime/2023/3/7/23629918/mark-rivera-kane-county-church-leader-sex-assault-abuse-child');
INSERT INTO sources (person_id, url) VALUES ('mark-rivera', 'https://religionnews.com/2023/04/12/mark-rivera-pleads-guilty-to-felony-sexual-assault-sentenced-to-6-more-years/');
INSERT INTO sources (person_id, url) VALUES ('mark-rivera', 'https://ministrywatch.com/in-acna-abuse-case-mother-of-an-alleged-victim-says-she-paid-a-price-for-coming-forward/');
INSERT INTO sources (person_id, url) VALUES ('mark-rivera', 'https://kanecoportal.co.kane.il.us/Portal/Home/Dashboard/29');
INSERT OR REPLACE INTO people (id, name, status, level, state, office, crime_description, summary, still_in_office, offense_year, conviction_year, event_date) VALUES ('steven-smith', 'Steven Smith', 'alleged', 'adjacent', 'AR', 'Pastor', 'Organizational Coverup', 'Steven Smith (AR): Organizational Coverup.', NULL, NULL, NULL, '2024-01-10');
INSERT INTO crime_types (person_id, crime_type) VALUES ('steven-smith', 'enablement');
INSERT INTO crime_types (person_id, crime_type) VALUES ('steven-smith', 'organizational-coverup');
INSERT INTO sources (person_id, url) VALUES ('steven-smith', 'https://goppredators.wordpress.com/2024/01/18/1237-steven-smith/');
INSERT INTO sources (person_id, url) VALUES ('steven-smith', 'https://www.ibclr.org/about-our-pastor');
INSERT INTO sources (person_id, url) VALUES ('steven-smith', 'https://www.arkansasonline.com/news/2023/dec/14/church-official-quit-over-pastors-actions/');
INSERT INTO sources (person_id, url) VALUES ('steven-smith', 'https://churchleaders.com/news/464115-arkansas-sbc-pastor-steven-smith-child-abuse-allegations-church-staffer.html/2');
INSERT INTO sources (person_id, url) VALUES ('steven-smith', 'https://baptistnews.com/article/more-details-emerging-of-little-rock-churchs-abuse-problem/');
INSERT INTO sources (person_id, url) VALUES ('steven-smith', 'https://infoweb-newsbank-com.proxy.multcolib.org/apps/news/browse-pub?p=AMNEWS&amp;t=pubname%3AOOK9-EEDT%21Oklahoman%252C%2BThe%2B%2528Oklahoma%2BCity%252C%2BOK%2529&amp;action=browse');
INSERT OR REPLACE INTO people (id, name, status, level, state, office, crime_description, summary, still_in_office, offense_year, conviction_year, event_date) VALUES ('patrick-stephen-miller', 'Patrick Stephen Miller', 'convicted', 'adjacent', 'AR', 'Pastor', 'Sexual Harassment, Assault', 'Patrick Stephen Miller Patrick Stephen Miller, a former Immanuel Baptist Church youth minister, was originally charged with second-degree sexual assault for allegedly abusing an elementary school child. He pleaded guilty to a misdemeanor harassment in January 2022.', NULL, NULL, NULL, '2023-12-10');
INSERT INTO crime_types (person_id, crime_type) VALUES ('patrick-stephen-miller', 'harassment');
INSERT INTO sources (person_id, url) VALUES ('patrick-stephen-miller', 'https://goppredators.wordpress.com/2024/01/18/1236-patrick-stephen-miller/');
INSERT INTO sources (person_id, url) VALUES ('patrick-stephen-miller', 'https://www.arkansasonline.com/news/2023/dec/10/request-for-sealed-record-is-contested/');
INSERT INTO sources (person_id, url) VALUES ('patrick-stephen-miller', 'https://kfor.com/news/local/former-associate-kids-minister-hired-in-moore-despite-sexual-assault-allegations-in-arkansas/');
INSERT INTO sources (person_id, url) VALUES ('patrick-stephen-miller', 'https://caseinfonew.arcourts.gov/opad/case/60CR-19-196');
INSERT INTO sources (person_id, url) VALUES ('patrick-stephen-miller', 'https://caseinfonew.arcourts.gov/opad/case/LRCR-18-6272');
INSERT INTO sources (person_id, url) VALUES ('patrick-stephen-miller', 'https://infoweb-newsbank-com.proxy.multcolib.org/apps/news/browse-pub?p=AMNEWS&amp;t=pubname%3AADG8-EEDT%21Arkansas%2BDemocrat-Gazette%2B%2528Little%2BRock%252C%2BAR%2529&amp;action=browse');
INSERT OR REPLACE INTO people (id, name, status, level, state, office, crime_description, summary, still_in_office, offense_year, conviction_year, event_date) VALUES ('andrew-n-lackey', 'Andrew N Lackey', 'charged', 'adjacent', 'OK', '', 'Child Sexual Abuse', 'Andrew Nyles Lackey Andrew Nyles Lackey is an instructor at Seward Community College. He is currently suspended since being arrested for allegedly sexually assaulting a child.', NULL, NULL, NULL, '2023-12-21');
INSERT INTO crime_types (person_id, crime_type) VALUES ('andrew-n-lackey', 'assault');
INSERT INTO sources (person_id, url) VALUES ('andrew-n-lackey', 'https://goppredators.wordpress.com/2024/01/18/1235-andrew-lackey/');
INSERT INTO sources (person_id, url) VALUES ('andrew-n-lackey', 'https://www.kwch.com/2023/12/20/seward-county-community-college-instructor-accused-child-sex-crime/');
INSERT INTO sources (person_id, url) VALUES ('andrew-n-lackey', 'https://www.ksn.com/news/crime/seward-county-instructor-arrested-suspended/');
INSERT INTO sources (person_id, url) VALUES ('andrew-n-lackey', 'https://infoweb-newsbank-com.proxy.multcolib.org/apps/news/browse-pub?p=AMNEWS&amp;t=pubname%3AKLAT%21Leader%2Band%2BTimes%252C%2BThe%2B%2528Liberal%252C%2BKS%2529&amp;action=browse');
INSERT OR REPLACE INTO people (id, name, status, level, state, office, crime_description, summary, still_in_office, offense_year, conviction_year, event_date) VALUES ('eric-spofford', 'Eric Spofford', 'convicted', 'federal', 'NH', 'U.S. Congressman', 'Sexual Harassment', 'Eric Spofford Eric Spofford was the founding CEO of Granite Recovery Centers (GRC) an addiction recovery company with several centers and multiple programs to treat addiction and maintain sobriety. He led from his own experience as an addict and built a successful program.', NULL, NULL, NULL, '2023-12-13');
INSERT INTO crime_types (person_id, crime_type) VALUES ('eric-spofford', 'harassment');
INSERT INTO sources (person_id, url) VALUES ('eric-spofford', 'https://goppredators.wordpress.com/2024/01/14/1234-eric-spofford/');
INSERT INTO sources (person_id, url) VALUES ('eric-spofford', 'https://www.nhbr.com/judge-rules-former-business-owner-has-no-viable-basis-to-sue-nhpr/');
INSERT INTO sources (person_id, url) VALUES ('eric-spofford', 'https://www.nytimes.com/2023/06/06/business/media/eric-spofford-new-hampshire-public-radio.html');
INSERT INTO sources (person_id, url) VALUES ('eric-spofford', 'https://www.justice.gov/usao-ma/pr/new-hampshire-man-pleads-guilty-conspiracy-harass-and-intimidate-two-journalists');
INSERT INTO sources (person_id, url) VALUES ('eric-spofford', 'https://indepthnh.org/2023/05/25/nhpr-plans-new-series-on-eric-spofford-newly-filed-brief-in-defamation-lawsuit-reveals/');
INSERT INTO sources (person_id, url) VALUES ('eric-spofford', 'https://www.fec.gov/data/receipts/individual-contributions/?contributor_name=Eric+Spofford&amp;contributor_zip=03079');
INSERT INTO sources (person_id, url) VALUES ('eric-spofford', 'https://www.followthemoney.org/search-results/SearchForm?Search=Eric+Spofford');
INSERT OR REPLACE INTO people (id, name, status, level, state, office, crime_description, summary, still_in_office, offense_year, conviction_year, event_date) VALUES ('calvin-weber', 'Calvin Weber', 'convicted', 'adjacent', 'IA', '', 'Sexual Assault', 'Calvin Weber is a dentist in Glenwood, Iowa. A woman accused him of was convicted of assaulting her when she saw him as a patient.', NULL, NULL, NULL, NULL);
INSERT INTO crime_types (person_id, crime_type) VALUES ('calvin-weber', 'assault');
INSERT INTO sources (person_id, url) VALUES ('calvin-weber', 'https://goppredators.wordpress.com/2024/01/14/1233-calvin-weber/');
INSERT INTO sources (person_id, url) VALUES ('calvin-weber', 'https://westerniowatoday.com/2023/12/20/dr-calvin-weber-found-guilty-of-assault-on-patient/');
INSERT INTO sources (person_id, url) VALUES ('calvin-weber', 'https://nonpareilonline.com/news/local/crime-courts/glenwood-doctor-guilty-of-assault-avoids-jail-time/article_fe18e1d8-a40d-11ee-b3f8-5756ffeb68fd.html');
INSERT OR REPLACE INTO people (id, name, status, level, state, office, crime_description, summary, still_in_office, offense_year, conviction_year, event_date) VALUES ('thomas-wall', 'Thomas Wall', 'convicted', 'adjacent', 'KY', 'Pastor', 'Child Sexual Abuse', 'Thomas Wall Thomas Wall was pastor of the conservative Pentecostal Fellowship Church in Lancaster, Kentucky. He also administered the Christian academy run by the church.', NULL, NULL, NULL, NULL);
INSERT INTO crime_types (person_id, crime_type) VALUES ('thomas-wall', 'assault');
INSERT INTO sources (person_id, url) VALUES ('thomas-wall', 'https://goppredators.wordpress.com/2024/01/13/1232-thomas-wall/');
INSERT INTO sources (person_id, url) VALUES ('thomas-wall', 'https://www.k105.com/2022/02/18/pastor-previously-accused-of-sexually-abusing-relative-newly-indicted-on-over-a-dozen-child-sex-charges/');
INSERT INTO sources (person_id, url) VALUES ('thomas-wall', 'https://www.lex18.com/news/crime/garrard-county-pastor-facing-multiple-sexual-abuse-charges-pleads-not-guilty');
INSERT INTO sources (person_id, url) VALUES ('thomas-wall', 'https://www.lex18.com/news/crime/garrard-county-pastor-pleads-guilty-to-one-count-of-sexual-abuse');
INSERT OR REPLACE INTO people (id, name, status, level, state, office, crime_description, summary, still_in_office, offense_year, conviction_year, event_date) VALUES ('clarice-schillinger', 'Clarice Schillinger', 'charged', 'state', 'PA', 'Political Activist', 'Assault', 'Clarice Schillinger Clarice Schillinger is an unsuccessful candidate for Pennsylvania Lieutenant Governor and a conservative activist. Until her arrest for assault, she was a leader of a "parental rights" group campaigning against woke ideas such as accurate history and equal rights for everybody.', NULL, NULL, NULL, '2023-12-29');
INSERT INTO crime_types (person_id, crime_type) VALUES ('clarice-schillinger', 'other');
INSERT INTO sources (person_id, url) VALUES ('clarice-schillinger', 'https://goppredators.wordpress.com/2024/01/13/1231-clarice-schillinger/');
INSERT INTO sources (person_id, url) VALUES ('clarice-schillinger', 'https://www.thedailybeast.com/parental-rights-mom-clarice-schillinger-accused-of-slugging-kid-at-boozy-teen-party-she-hosted');
INSERT INTO sources (person_id, url) VALUES ('clarice-schillinger', 'https://www.phillyburbs.com/story/news/politics/2023/12/28/clarice-schillinger-conservative-pa-schools-activist-charged-with-assault-bucks-county-pac-lt-gov/72038859007/');
INSERT INTO sources (person_id, url) VALUES ('clarice-schillinger', 'https://infoweb-newsbank-com.proxy.multcolib.org/apps/news/browse-pub?p=AMNEWS&amp;t=pubname%3APBCCT-EEDT%21Bucks%2BCounty%2BCourier%2BTimes%2B%2528Levittown%252C%2BPA%2529&amp;action=browse');
INSERT OR REPLACE INTO people (id, name, status, level, state, office, crime_description, summary, still_in_office, offense_year, conviction_year, event_date) VALUES ('christopher-terranova', 'Christopher Terranova', 'alleged', 'adjacent', 'NY', '', 'Child Sexual Abuse', 'Christopher Terranova (NY): Child Sexual Abuse.', NULL, NULL, NULL, NULL);
INSERT INTO crime_types (person_id, crime_type) VALUES ('christopher-terranova', 'assault');
INSERT INTO sources (person_id, url) VALUES ('christopher-terranova', 'https://goppredators.wordpress.com/2026/03/13/1230-christopher-terranova/');
INSERT OR REPLACE INTO people (id, name, status, level, state, office, crime_description, summary, still_in_office, offense_year, conviction_year, event_date) VALUES ('cameron-cotrill', 'Cameron Cotrill', 'convicted', 'adjacent', 'MS', 'Pastor', 'Child Sexual Abuse Material', 'Cameron "Cam" Cotrill Cameron "Cam" Cotrill was the media minister at Center Pointe Church in Ocean Springs. He is also a software developer.', NULL, NULL, NULL, '2024-04-12');
INSERT INTO crime_types (person_id, crime_type) VALUES ('cameron-cotrill', 'csam');
INSERT INTO crime_types (person_id, crime_type) VALUES ('cameron-cotrill', 'assault');
INSERT INTO sources (person_id, url) VALUES ('cameron-cotrill', 'https://goppredators.wordpress.com/2024/01/13/1229-cameron-cotrill/');
INSERT INTO sources (person_id, url) VALUES ('cameron-cotrill', 'https://www.sunherald.com/news/local/crime/article280514244.html');
INSERT INTO sources (person_id, url) VALUES ('cameron-cotrill', 'https://themessenger.com/news/pastor-family-rally-behind-mississippi-megachurch-media-ministry-head-arrested-with-alleged-9900-child-porn-images');
INSERT INTO sources (person_id, url) VALUES ('cameron-cotrill', 'https://www.yahoo.com/news/ms-coast-media-minister-pleads-152430346.html');
INSERT OR REPLACE INTO people (id, name, status, level, state, office, crime_description, summary, still_in_office, offense_year, conviction_year, event_date) VALUES ('albert-benjamin-wharton', 'Albert Benjamin Wharton', 'charged', 'adjacent', 'VA', 'Pastor', 'Child Sexual Abuse', 'Albert Benjamin Wharton Albert Benjamin Wharton was a pastor at several churches in Virginia, South Carolina, Alabama and Florida. In December 2023, he was arrested in South Carolina and extradited to Virginia where he was charged with twenty-two counts of indecent liberties with a child under age t', NULL, NULL, NULL, '2024-04-22');
INSERT INTO crime_types (person_id, crime_type) VALUES ('albert-benjamin-wharton', 'assault');
INSERT INTO sources (person_id, url) VALUES ('albert-benjamin-wharton', 'https://goppredators.wordpress.com/2024/01/13/1228-ben-wharton/');
INSERT INTO sources (person_id, url) VALUES ('albert-benjamin-wharton', 'https://original.newsbreak.com/@watchful-eye-1588553/3272418872793-pastor-extradited-from-sc-to-va-to-face-30-felonies');
INSERT INTO sources (person_id, url) VALUES ('albert-benjamin-wharton', 'https://www.wric.com/news/local-news/former-virginia-pastor-facing-30-felony-charges-including-indecent-liberties-with-a-child-aggravated-sexual-assault/');
INSERT OR REPLACE INTO people (id, name, status, level, state, office, crime_description, summary, still_in_office, offense_year, conviction_year, event_date) VALUES ('william-gleason', 'William Gleason', 'charged', 'adjacent', 'NJ', '', 'Sexual Assault of a Minor', 'William Gleason William Gleason of Toms River, NJ, was head of the South Toms River Recreation Commission and a former Toms River councilman. He was also a foster parent.', NULL, NULL, NULL, NULL);
INSERT INTO crime_types (person_id, crime_type) VALUES ('william-gleason', 'assault');
INSERT INTO sources (person_id, url) VALUES ('william-gleason', 'https://goppredators.wordpress.com/2024/01/11/1227-william-gleason/');
INSERT INTO sources (person_id, url) VALUES ('william-gleason', 'https://patch.com/new-jersey/tomsriver/former-south-toms-river-official-remains-jailed-sex-assault-charges');
INSERT INTO sources (person_id, url) VALUES ('william-gleason', 'https://www.nj.com/ocean/2023/12/former-nj-councilman-accused-of-sexually-assaulting-child-will-remain-in-jail-officials-say.html');
INSERT OR REPLACE INTO people (id, name, status, level, state, office, crime_description, summary, still_in_office, offense_year, conviction_year, event_date) VALUES ('brock-fredin', 'Brock Fredin', 'convicted', 'adjacent', 'WI', 'Judge', 'Stalking/Harassment', 'Brock Fredin Brock Fredin is a Twitter user in Wisconsin and and avid pro-Trump activist who posts under the name Judicial Protest. It was his tweet of a picture of Sen.', NULL, NULL, NULL, NULL);
INSERT INTO crime_types (person_id, crime_type) VALUES ('brock-fredin', 'harassment');
INSERT INTO crime_types (person_id, crime_type) VALUES ('brock-fredin', 'stalking');
INSERT INTO sources (person_id, url) VALUES ('brock-fredin', 'https://goppredators.wordpress.com/2024/01/11/1226-brock-fredin/');
INSERT INTO sources (person_id, url) VALUES ('brock-fredin', 'https://themessenger.com/politics/the-story-behind-trumps-gag-order-involves-a-man-under-criminal-investigation-for-stalking');
INSERT INTO sources (person_id, url) VALUES ('brock-fredin', 'https://www.courthousenews.com/lets-enjoy-some-normal-crazy/');
INSERT INTO sources (person_id, url) VALUES ('brock-fredin', 'https://www.thedailybeast.com/maga-twitter-troll-sues-law-clerk-trump-hates');
INSERT OR REPLACE INTO people (id, name, status, level, state, office, crime_description, summary, still_in_office, offense_year, conviction_year, event_date) VALUES ('jose-saez-jr', 'Jose Saez Jr', 'charged', 'adjacent', 'NY', 'Pastor', 'Production &amp; Possession of Child Sexual Abuse Material', 'Jose Saez, Jr Jose Saez, Jr. was the pastor at Iglesia Cristiana Alumbrando el Camino in Brentwood, New York, where he allegedly bragged about finding his victims.', NULL, NULL, NULL, '2023-09-28');
INSERT INTO crime_types (person_id, crime_type) VALUES ('jose-saez-jr', 'csam');
INSERT INTO crime_types (person_id, crime_type) VALUES ('jose-saez-jr', 'assault');
INSERT INTO sources (person_id, url) VALUES ('jose-saez-jr', 'https://goppredators.wordpress.com/2024/01/10/1225-jose-saez-jr/');
INSERT INTO sources (person_id, url) VALUES ('jose-saez-jr', 'https://www.fbi.gov/contact-us/field-offices/newyork/news/fbi-new-york-arrests-long-island-pastor-for-production-of-child-pornography');
INSERT INTO sources (person_id, url) VALUES ('jose-saez-jr', 'https://www.longislandpress.com/2023/12/06/pastor-brentwood-charged-abuse-1223/');
INSERT INTO sources (person_id, url) VALUES ('jose-saez-jr', 'https://www.justice.gov/usao-edny/pr/long-island-pastor-charged-sexual-exploitation-children-coercion-and-distribution');
INSERT OR REPLACE INTO people (id, name, status, level, state, office, crime_description, summary, still_in_office, offense_year, conviction_year, event_date) VALUES ('john-sweeney', 'John Sweeney', 'charged', 'federal', 'NY', 'U.S. Congressman', 'Familial Violence', 'John Sweeney John Sweeney is a former Congressman from New York. He served for 8 years, losing to Kirsten Gillibrand in 2006.', NULL, NULL, NULL, NULL);
INSERT INTO crime_types (person_id, crime_type) VALUES ('john-sweeney', 'other');
INSERT INTO sources (person_id, url) VALUES ('john-sweeney', 'https://goppredators.wordpress.com/2024/01/10/1224-john-sweeney/');
INSERT INTO sources (person_id, url) VALUES ('john-sweeney', 'https://web.archive.org/web/20061002040702/http://www.beyonddelay.org/summaries/sweeney.php');
INSERT INTO sources (person_id, url) VALUES ('john-sweeney', 'https://www.timesunion.com/news/article/Stop-me-if-you-ve-heard-this-before-John-Sweeney-15704173.php');
INSERT INTO sources (person_id, url) VALUES ('john-sweeney', 'https://www.democratandchronicle.com/story/news/politics/blogs/political-scene/2009/09/08/report-political-influence-at-state-police/2322855/');
INSERT INTO sources (person_id, url) VALUES ('john-sweeney', 'https://www.albanyweblog.com/2006/11-Nov/11-02-06_Ref_02.html');
INSERT INTO sources (person_id, url) VALUES ('john-sweeney', 'https://www.cbsnews.com/news/sweeneys-wife-claims-abuse/');
INSERT INTO sources (person_id, url) VALUES ('john-sweeney', 'https://www.nydailynews.com/2006/11/04/sweeney-faced-violence-charge-in-98-elex/');
INSERT OR REPLACE INTO people (id, name, status, level, state, office, crime_description, summary, still_in_office, offense_year, conviction_year, event_date) VALUES ('johnathan-andrew-edwards', 'Johnathan Andrew Edwards', 'charged', 'local', 'NC', 'Sheriff', 'Sexual Exploitation of several minors', 'Johnathan Andrew Edwards Johnathan Andrew Edwards was a sheriff''s deputy in Harnett County, North Carolina. He was placed on administrative leave on October 16, 2023, pending an investigation into allegations that he sexually abused several minors.', NULL, NULL, NULL, '2023-10-16');
INSERT INTO crime_types (person_id, crime_type) VALUES ('johnathan-andrew-edwards', 'other');
INSERT INTO sources (person_id, url) VALUES ('johnathan-andrew-edwards', 'https://goppredators.wordpress.com/2024/01/04/1223-johnathan-andrew-edwards/');
INSERT INTO sources (person_id, url) VALUES ('johnathan-andrew-edwards', 'https://www.newsobserver.com/news/local/crime/article282709158.html');
INSERT INTO sources (person_id, url) VALUES ('johnathan-andrew-edwards', 'https://www.mydailyrecord.com/news/crime/former-deputy-accused-of-sexually-exploiting-minors/article_cabf50ee-9380-11ee-879a-fbf4b2734f62.html');
INSERT INTO sources (person_id, url) VALUES ('johnathan-andrew-edwards', 'https://portal-nc.tylertech.cloud/Portal/Home/Dashboard/29');
INSERT OR REPLACE INTO people (id, name, status, level, state, office, crime_description, summary, still_in_office, offense_year, conviction_year, event_date) VALUES ('kristopher-gellenbeck', 'Kristopher Gellenbeck', 'charged', 'adjacent', 'OK', 'Police Officer', 'Child Abuse/Familial Violence', 'Kristopher Gellenbeck Kristopher Gellenbeck is an Oklahoma City police officer who was put on paid administrative leave after he was arrested for allegedly strangling his son. He was charged with Child Abuse, Domestic Assault and Battery in the Presence of a Child, and Interfering with an Emergency', NULL, NULL, NULL, '2024-04-16');
INSERT INTO crime_types (person_id, crime_type) VALUES ('kristopher-gellenbeck', 'other');
INSERT INTO sources (person_id, url) VALUES ('kristopher-gellenbeck', 'https://goppredators.wordpress.com/2024/01/04/1222-kristopher-gellenbeck/');
INSERT INTO sources (person_id, url) VALUES ('kristopher-gellenbeck', 'https://kfor.com/news/local/okc-police-officer-arrested-for-allegedly-strangling-teen-son-has-been-accused-of-domestic-violence-before/');
INSERT INTO sources (person_id, url) VALUES ('kristopher-gellenbeck', 'https://www.oscn.net/dockets/GetCaseInformation.aspx?db=Oklahoma&amp;cmid=3978955');
INSERT INTO sources (person_id, url) VALUES ('kristopher-gellenbeck', 'https://www.oscn.net/dockets/GetCaseInformation.aspx?db=Oklahoma&amp;cmid=4259710');
INSERT OR REPLACE INTO people (id, name, status, level, state, office, crime_description, summary, still_in_office, offense_year, conviction_year, event_date) VALUES ('william-oswald', 'William Oswald', 'convicted', 'adjacent', 'SC', 'Pastor', 'Rape of 2 children', 'William "Bill" Oswald William “Bill” Oswald was a Baptist pastor at Dunn''s Chapel in Congaree, South Carolina. He was convicted in early December, 2023, of sexually assaulting his daughters beginning when they were eight from around 1996 to 2001.', NULL, NULL, 2023, '2023-12-05');
INSERT INTO crime_types (person_id, crime_type) VALUES ('william-oswald', 'rape');
INSERT INTO sources (person_id, url) VALUES ('william-oswald', 'https://goppredators.wordpress.com/2024/01/01/1221-bill-oswald/');
INSERT INTO sources (person_id, url) VALUES ('william-oswald', 'https://www.scsolicitor5.org/news/father-convicted-by-richland-jury-of-sexually-assaulting-daughters/');
INSERT INTO sources (person_id, url) VALUES ('william-oswald', 'https://www.christianpost.com/news/former-pastor-gets-40-years-in-prison-for-abusing-daughters.html');
INSERT INTO sources (person_id, url) VALUES ('william-oswald', 'https://www.swlexledger.com/single-post/former-south-congaree-pastor-receives-40-year-sentence-for-sexual-assault-of-two-minors');
INSERT INTO sources (person_id, url) VALUES ('william-oswald', 'https://publicindex.sccourts.org/Richland/PublicIndex/PISearch.aspx');
INSERT INTO sources (person_id, url) VALUES ('william-oswald', 'https://t.co/JmI7HSzZtJ');
INSERT INTO sources (person_id, url) VALUES ('william-oswald', 'https://infoweb-newsbank-com.proxy.multcolib.org/apps/news/browse-pub?p=AMNEWS&amp;t=pubname%3AKYTV%21NBC%2B-%2B3%2BKYTV%2B%2528Springfield%252C%2BMO%2529&amp;action=browse');
INSERT OR REPLACE INTO people (id, name, status, level, state, office, crime_description, summary, still_in_office, offense_year, conviction_year, event_date) VALUES ('justin-wells', 'Justin Wells', 'alleged', 'adjacent', 'NY', '', 'Sexual Assault', 'Justin Wells Justin Wells was the producer for Tucker Carlson''s FOX News program and, reportedly, his ''right-hand man.'' He was fired along with Carlson in April, 2023, and is producing Carlson''s current shows. He and FOX News have been sued by a former producer, Andrew Delancey, under New York''s law', NULL, NULL, NULL, NULL);
INSERT INTO crime_types (person_id, crime_type) VALUES ('justin-wells', 'assault');
INSERT INTO sources (person_id, url) VALUES ('justin-wells', 'https://goppredators.wordpress.com/2023/12/30/1220-justin-wells/');
INSERT INTO sources (person_id, url) VALUES ('justin-wells', 'https://www.thedailybeast.com/justin-wells-tucker-carlsons-right-hand-man-at-fox-sued-for-sexual-assault');
INSERT INTO sources (person_id, url) VALUES ('justin-wells', 'https://www.nbcnews.com/news/us-news/tucker-carlsons-longtime-producer-accused-2008-sexual-assault-rcna128062');
INSERT INTO sources (person_id, url) VALUES ('justin-wells', 'https://www.washingtonpost.com/style/media/2023/12/04/fox-news-sexual-harassment-tucker-carlson-producer-justin-wells/');
INSERT INTO sources (person_id, url) VALUES ('justin-wells', 'https://pcl.uscourts.gov/pcl/pages/search/results/parties.jsf?sid=07e51abf488e4b1495f66031201e2777');
INSERT OR REPLACE INTO people (id, name, status, level, state, office, crime_description, summary, still_in_office, offense_year, conviction_year, event_date) VALUES ('jeffrey-brienza', 'Jeffrey Brienza', 'convicted', 'adjacent', 'NY', 'Police Officer', 'Rape', 'Jeffrey Brienza was a New York Police Department captain before he was fired after being accused of rape another police officer on his Yankee Stadium detail. She claimed he raped her nearly every day, forcing her to perform oral sex.', NULL, NULL, NULL, '2021-12-23');
INSERT INTO crime_types (person_id, crime_type) VALUES ('jeffrey-brienza', 'rape');
INSERT INTO sources (person_id, url) VALUES ('jeffrey-brienza', 'https://goppredators.wordpress.com/2023/12/30/1219-jeffrey-brienza/');
INSERT INTO sources (person_id, url) VALUES ('jeffrey-brienza', 'https://oip.nypdonline.org/files/915056_11152010_2010066.pdf');
INSERT INTO sources (person_id, url) VALUES ('jeffrey-brienza', 'https://www.nydailynews.com/2023/01/10/nypd-captain-fired-after-lawsuit-accuses-him-of-raping-officer-at-yankee-stadium/');
INSERT INTO sources (person_id, url) VALUES ('jeffrey-brienza', 'https://www.nydailynews.com/2023/12/02/ex-nypd-captain-accused-in-yankee-stadium-sex-assault-suit-was-once-accused-of-stalking-4-year-old-queens-girl/');
INSERT INTO sources (person_id, url) VALUES ('jeffrey-brienza', 'https://www.50-a.org/officer/MVAR');
INSERT INTO sources (person_id, url) VALUES ('jeffrey-brienza', 'https://www.nj.com/yankees/2023/02/affidavit-released-for-nypd-captain-who-spied-on-female-officers-through-a-yankee-stadium-peephole.html');
INSERT INTO sources (person_id, url) VALUES ('jeffrey-brienza', 'https://trellis.law/case/36005/817268-2021e/gillian-roberts-v-city-new-york-captain-jeffrey-brienza');
INSERT OR REPLACE INTO people (id, name, status, level, state, office, crime_description, summary, still_in_office, offense_year, conviction_year, event_date) VALUES ('david-j-turley', 'David J. Turley', 'charged', 'local', 'CO', 'Mayor', 'Sexual Assault of Child', 'David J. Turley was the Mayor of Woodland Park, Colorado when he was accused of sexually assaulting a teen at his home.', NULL, NULL, NULL, NULL);
INSERT INTO crime_types (person_id, crime_type) VALUES ('david-j-turley', 'assault');
INSERT INTO sources (person_id, url) VALUES ('david-j-turley', 'https://goppredators.wordpress.com/2023/12/30/1218-dave-turley/');
INSERT INTO sources (person_id, url) VALUES ('david-j-turley', 'https://coloradocommunitymedia.com/2014/05/23/mayor-dave-turley-arrested/');
INSERT INTO sources (person_id, url) VALUES ('david-j-turley', 'https://www.cbsnews.com/colorado/news/woodland-park-mayor-sex-assault-accusations-include-hot-tub-incident/');
INSERT INTO sources (person_id, url) VALUES ('david-j-turley', 'https://krdo.com/news/2015/05/11/update-former-mayor-takes-plea-deal-in-child-sex-case/');
INSERT OR REPLACE INTO people (id, name, status, level, state, office, crime_description, summary, still_in_office, offense_year, conviction_year, event_date) VALUES ('christian-ziegler', 'Christian Ziegler', 'convicted', 'party-official', 'FL', '', 'Rape', 'Christian Ziegler Christian Ziegler is the Chair of the Florida Republican Party though his salary has been reduced and he has no powers since his suspension on December 18th. On January 8th, they have scheduled a meeting of the full party so they can oust him.', NULL, NULL, NULL, '2023-12-21');
INSERT INTO crime_types (person_id, crime_type) VALUES ('christian-ziegler', 'rape');
INSERT INTO sources (person_id, url) VALUES ('christian-ziegler', 'https://goppredators.wordpress.com/2023/12/29/1217-christian-ziegler/');
INSERT INTO sources (person_id, url) VALUES ('christian-ziegler', 'https://www.axios.com/2023/11/30/christian-ziegler-florida-gop-chair-investigation-sexual-battery');
INSERT INTO sources (person_id, url) VALUES ('christian-ziegler', 'https://www.orlandosentinel.com/2023/12/01/desantis-calls-on-florida-gop-chair-ziegler-to-resign-in-wake-of-battery-allegations/');
INSERT INTO sources (person_id, url) VALUES ('christian-ziegler', 'https://www.nbcnews.com/politics/2024-election/police-wont-charge-ex-florida-gop-chair-sexual-battery-forward-voyeuri-rcna134819');
INSERT INTO sources (person_id, url) VALUES ('christian-ziegler', 'https://infoweb-newsbank-com.proxy.multcolib.org/apps/news/browse-pub?p=AMNEWS&amp;t=pubname%3ASHTB%21Sarasota%2BHerald-Tribune%2B%2528FL%2529&amp;action=browse');
INSERT OR REPLACE INTO people (id, name, status, level, state, office, crime_description, summary, still_in_office, offense_year, conviction_year, event_date) VALUES ('ryan-fournier', 'Ryan Fournier', 'charged', 'adjacent', 'NC', '', 'Battery/ Assault', 'Ryan Fournier was the co-founder of Students for Trump and, in addition, now leads Radical Alert an anti-free speech organization. Fournier was arrested in November for allegedly hitting his girlfriend in the head with his pistol.', NULL, NULL, NULL, NULL);
INSERT INTO crime_types (person_id, crime_type) VALUES ('ryan-fournier', 'other');
INSERT INTO sources (person_id, url) VALUES ('ryan-fournier', 'https://goppredators.wordpress.com/2023/12/29/1216-ryan-fournier/');
INSERT INTO sources (person_id, url) VALUES ('ryan-fournier', 'https://en.wikipedia.org/wiki/Students_for_Trump');
INSERT INTO sources (person_id, url) VALUES ('ryan-fournier', 'https://www.theguardian.com/us-news/2023/nov/29/students-for-trump-domestic-violence-arrest-charge');
INSERT INTO sources (person_id, url) VALUES ('ryan-fournier', 'https://lawandcrime.com/crime/students-for-trump-co-founder-arrested-accused-of-hitting-ex-girlfriend-on-head-with-pistol/');
INSERT INTO sources (person_id, url) VALUES ('ryan-fournier', 'https://portal-nc.tylertech.cloud/app/RegisterOfActions/#/6018B85C891ED545BC197E1BFA4AE0259382B9D62D68C85F040583D6EA8FDC6F9FC0497B084EA489CCDDA3C1910F09463C1DB60BE93DD8F7D904458E1ADC7EA07846175306E8E4A87D6B6182AF1844FF/anon/portalembed');
INSERT OR REPLACE INTO people (id, name, status, level, state, office, crime_description, summary, still_in_office, offense_year, conviction_year, event_date) VALUES ('patrick-walsh', 'Patrick Walsh', 'alleged', 'adjacent', 'FL', '', 'Sexual Battery, Sexual Harassment', 'Patrick Walsh By JoJosh3131 &#8211; Own work, CC BY-SA 4.0, Patrick Walsh is the CEO of Empire Holdings which controls TMPL Clubs , luxurious gyms in New York, Florida, and Puerto Rico. He is also the third largest investor in Truth Social, the infamously white-nationalist social media created to ho', NULL, NULL, NULL, NULL);
INSERT INTO crime_types (person_id, crime_type) VALUES ('patrick-walsh', 'rape');
INSERT INTO crime_types (person_id, crime_type) VALUES ('patrick-walsh', 'assault');
INSERT INTO crime_types (person_id, crime_type) VALUES ('patrick-walsh', 'harassment');
INSERT INTO sources (person_id, url) VALUES ('patrick-walsh', 'https://goppredators.wordpress.com/2023/12/29/1215-patrick-walsh/');
INSERT INTO sources (person_id, url) VALUES ('patrick-walsh', 'https://commons.wikimedia.org/w/index.php?curid=69922494');
INSERT INTO sources (person_id, url) VALUES ('patrick-walsh', 'https://www.reuters.com/technology/who-funded-trumps-truth-social-some-answers-2022-10-28/');
INSERT INTO sources (person_id, url) VALUES ('patrick-walsh', 'https://www.thedailybeast.com/women-sue-patrick-walsh-gym-mogul-who-bankrolled-trumps-truth-social?ref=home?ref=home');
INSERT INTO sources (person_id, url) VALUES ('patrick-walsh', 'https://www.rawstory.com/truth-social-harassment/');
INSERT INTO sources (person_id, url) VALUES ('patrick-walsh', 'https://pcl.uscourts.gov/pcl/pages/search/findParty.jsf');
INSERT OR REPLACE INTO people (id, name, status, level, state, office, crime_description, summary, still_in_office, offense_year, conviction_year, event_date) VALUES ('trammell-crow', 'Trammell Crow', 'alleged', 'adjacent', 'TX', '', 'Financing Sex Trafficking', 'Trammel Crow Trammell Crow is the brother of the Supreme Court donor Harlan Crow, but he''s also a significant donor to Republicans in his own right, giving over $3 million over the years. Two women have accused him of financing a sex trafficking operation in which they were drugged, physically abuse', NULL, NULL, NULL, NULL);
INSERT INTO crime_types (person_id, crime_type) VALUES ('trammell-crow', 'trafficking');
INSERT INTO sources (person_id, url) VALUES ('trammell-crow', 'https://goppredators.wordpress.com/2023/12/19/1214-trammel-crow/');
INSERT INTO sources (person_id, url) VALUES ('trammell-crow', 'https://pcl.uscourts.gov/pcl/pages/search/results/cases.jsf?sid=e7fa4174d7004e8c960d005e6f9d9918#');
INSERT INTO sources (person_id, url) VALUES ('trammell-crow', 'https://ecf.cacd.uscourts.gov/cgi-bin/iqquerymenu.pl?866933');
INSERT INTO sources (person_id, url) VALUES ('trammell-crow', 'https://news.bloomberglaw.com/litigation/texas-philanthropist-trammell-crow-to-face-sex-trafficking-suit');
INSERT INTO sources (person_id, url) VALUES ('trammell-crow', 'https://dallasexpress.com/national/trammell-crow-jr-named-in-human-trafficking-case/');
INSERT INTO sources (person_id, url) VALUES ('trammell-crow', 'https://dockets.justia.com/docket/california/cacdce/2:2022cv07957/866933');
INSERT INTO sources (person_id, url) VALUES ('trammell-crow', 'https://ecf.cacd.uscourts.gov/doc1/031138864880');
INSERT OR REPLACE INTO people (id, name, status, level, state, office, crime_description, summary, still_in_office, offense_year, conviction_year, event_date) VALUES ('reagan-anderson', 'Reagan Anderson', 'charged', 'adjacent', 'SC', 'Teacher', 'Child Molestation', 'Reagan Anderson Reagan Anderson was an elementary school teacher at Holly Hill Academy, a private religious K-12 school in Orangeburg County, South Carolina. In November, she was arrested for sexual battery of a minor student, a high school football player.', NULL, NULL, NULL, '2023-11-17');
INSERT INTO crime_types (person_id, crime_type) VALUES ('reagan-anderson', 'child-molestation');
INSERT INTO sources (person_id, url) VALUES ('reagan-anderson', 'https://goppredators.wordpress.com/2023/12/19/1213-reagan-anderson/');
INSERT INTO sources (person_id, url) VALUES ('reagan-anderson', 'https://abcnews4.com/news/local/former-holly-hill-academy-employee-faces-felony-charges-for-alleged-sexual-relationship-with-a-student-wciv-2023');
INSERT INTO sources (person_id, url) VALUES ('reagan-anderson', 'https://lawandcrime.com/crime/this-predator-has-robbed-him-mom-calls-out-private-school-teacher-charged-with-sexually-battering-her-son-in-pizza-hut-parking-lot/');
INSERT INTO sources (person_id, url) VALUES ('reagan-anderson', 'https://infoweb-newsbank-com.proxy.multcolib.org/apps/news/browse-pub?p=AMNEWS&amp;t=pubname%3ANYPWN%21New%2BYork%2BPost%253A%2BWeb%2BEdition%2BArticles%2B%2528NY%2529&amp;action=browse');
INSERT OR REPLACE INTO people (id, name, status, level, state, office, crime_description, summary, still_in_office, offense_year, conviction_year, event_date) VALUES ('justin-sigmon', 'Justin Sigmon', 'convicted', 'local', 'VA', 'Sheriff Deputy', 'Child Molestation', 'Justin Sigmon Justin Sigmon was a deputy in the Franklin County, Virginia, Sheriff''s Office. When his family went on a cruise another passenger saw him touching a minor inappropriately.', NULL, NULL, NULL, '2023-11-18');
INSERT INTO crime_types (person_id, crime_type) VALUES ('justin-sigmon', 'child-molestation');
INSERT INTO sources (person_id, url) VALUES ('justin-sigmon', 'https://goppredators.wordpress.com/2023/12/14/1212-justin-sigmon/');
INSERT INTO sources (person_id, url) VALUES ('justin-sigmon', 'https://www.wvnstv.com/news/west-virginia-news/fbi-charges-former-franklin-co-sheriffs-office-deputy-with-child-sex-abuse/');
INSERT INTO sources (person_id, url) VALUES ('justin-sigmon', 'https://www.wdbj7.com/2023/11/20/former-franklin-county-sheriffs-office-employee-found-guilty-child-sex-abuse-case/');
INSERT INTO sources (person_id, url) VALUES ('justin-sigmon', 'https://www.sportskeeda.com/pop-culture/news-the-fact-anyone-actually-donated-beyond-disgusting-justin-sigmon-gofundme-sparks-outrage-good-christian-claim');
INSERT INTO sources (person_id, url) VALUES ('justin-sigmon', 'https://infoweb-newsbank-com.proxy.multcolib.org/apps/news/browse-pub?p=AMNEWS&amp;t=pubname%3AROAN-EEDT%21Roanoke%2BTimes%252C%2BThe%2B%2528VA%2529&amp;action=browse');
INSERT OR REPLACE INTO people (id, name, status, level, state, office, crime_description, summary, still_in_office, offense_year, conviction_year, event_date) VALUES ('joseph-ortega', 'Joseph Ortega', 'charged', 'adjacent', 'NV', 'Police Officer', 'Familial Violence', 'Justin Ortega Joseph Ortega is a police officer in Las Vegas, Nevada. In November, 2023, he was arrested and charged with child abuse and domestic violence.', NULL, NULL, NULL, NULL);
INSERT INTO crime_types (person_id, crime_type) VALUES ('joseph-ortega', 'other');
INSERT INTO sources (person_id, url) VALUES ('joseph-ortega', 'https://goppredators.wordpress.com/2023/12/14/1211-joseph-ortega/');
INSERT INTO sources (person_id, url) VALUES ('joseph-ortega', 'https://www.reviewjournal.com/crime/police-officer-slapped-child-in-the-face-left-loaded-gun-unattended-2955041/');
INSERT INTO sources (person_id, url) VALUES ('joseph-ortega', 'https://lasvegassun.com/news/2023/nov/16/metro-officer-charged-with-child-abuse-domestic-vi/');
INSERT OR REPLACE INTO people (id, name, status, level, state, office, crime_description, summary, still_in_office, offense_year, conviction_year, event_date) VALUES ('jeffrey-thomas-singleton', 'Jeffrey Thomas Singleton', 'charged', 'local', 'FL', '', 'Child Sexual Abuse Material, Bestiality', 'Jeffrey Thomas Singleton Jeffrey Thomas Singleton has a long history of work in law enforcement and public service jobs. Most recently, he was Port Richey, Florida''s sole code enforcement officer.', NULL, NULL, NULL, NULL);
INSERT INTO crime_types (person_id, crime_type) VALUES ('jeffrey-thomas-singleton', 'csam');
INSERT INTO crime_types (person_id, crime_type) VALUES ('jeffrey-thomas-singleton', 'assault');
INSERT INTO sources (person_id, url) VALUES ('jeffrey-thomas-singleton', 'https://goppredators.wordpress.com/2023/12/14/1210-jeffrey-thomas-singleton/');
INSERT INTO sources (person_id, url) VALUES ('jeffrey-thomas-singleton', 'https://www.pasconewsonline.com/news/port-richey-code-enforcement-officer-arrested-for-child-porn-and-sex-acts-involving-animals/article_5919edf2-8546-11ee-a79d-97dca2f07e13.html');
INSERT INTO sources (person_id, url) VALUES ('jeffrey-thomas-singleton', 'https://www.suncoastnews.com/news/pinellas/port-richey-code-enforcement-officer-held-on-child-porn-charges/article_6dcbd876-8af2-11ee-beae-bfc9ac621595.html');
INSERT INTO sources (person_id, url) VALUES ('jeffrey-thomas-singleton', 'https://www.civitekflorida.com/ocrs/county/51/');
INSERT OR REPLACE INTO people (id, name, status, level, state, office, crime_description, summary, still_in_office, offense_year, conviction_year, event_date) VALUES ('phillip-fisher-jr', 'Phillip Fisher Jr', 'convicted', 'state', 'PA', 'Pastor', 'Child Molestation', 'Phillip Fisher Jr (PA): Child Molestation.', NULL, NULL, NULL, '2023-11-22');
INSERT INTO crime_types (person_id, crime_type) VALUES ('phillip-fisher-jr', 'child-molestation');
INSERT INTO sources (person_id, url) VALUES ('phillip-fisher-jr', 'https://goppredators.wordpress.com/2023/12/09/1209-phillip-fisher-jr/');
INSERT INTO sources (person_id, url) VALUES ('phillip-fisher-jr', 'https://isp.illinois.gov/Sor/Details/X12A5521');
INSERT INTO sources (person_id, url) VALUES ('phillip-fisher-jr', 'https://www.meganslaw.psp.pa.gov/OffenderDetails/PhysDesc/33761?uid=f9140d3c-e2c2-48b7-abcc-d815cb645d4f');
INSERT INTO sources (person_id, url) VALUES ('phillip-fisher-jr', 'https://www.theguardian.com/us-news/2023/nov/21/moms-for-liberty-sex-offender');
INSERT INTO sources (person_id, url) VALUES ('phillip-fisher-jr', 'https://www.inquirer.com/politics/philadelphia/moms-for-liberty-philadelphia-pastor-sex-offender-20231120.html');
INSERT INTO sources (person_id, url) VALUES ('phillip-fisher-jr', 'https://infoweb-newsbank-com.proxy.multcolib.org/apps/news/browse-pub?p=AMNEWS&amp;t=pubname%3AMCA2M-EEDT%21Morning%2BCall%252C%2BThe%2B%2528Allentown%252C%2BPA%2529&amp;action=browse');
INSERT OR REPLACE INTO people (id, name, status, level, state, office, crime_description, summary, still_in_office, offense_year, conviction_year, event_date) VALUES ('daniel-j-abraham', 'Daniel J Abraham', 'charged', 'adjacent', 'NC', 'Teacher', 'Child Molestation', 'Daniel Jeremy Abraham Daniel Jeremy Abraham was a Bible and Computer Science teacher at Lee Christian School in Sanford, North Carolina. Police received information about misconduct at the school on November 8th and Abraham was arrested November 15th after their investigation.', NULL, NULL, NULL, '2023-11-17');
INSERT INTO crime_types (person_id, crime_type) VALUES ('daniel-j-abraham', 'child-molestation');
INSERT INTO sources (person_id, url) VALUES ('daniel-j-abraham', 'https://goppredators.wordpress.com/2023/12/09/1208-daniel-abraham/');
INSERT INTO sources (person_id, url) VALUES ('daniel-j-abraham', 'https://www.sanfordherald.com/news/lee-christian-teacher-accused-of-molesting-student/article_35450285-3fb6-59d2-baba-dfd5d8a18978.html');
INSERT INTO sources (person_id, url) VALUES ('daniel-j-abraham', 'https://rantnc.com/2023/11/17/lee-christian-teacher-charged-with-sex-crimes-against-student/');
INSERT OR REPLACE INTO people (id, name, status, level, state, office, crime_description, summary, still_in_office, offense_year, conviction_year, event_date) VALUES ('alyson-cranick', 'Alyson Cranick', 'charged', 'adjacent', 'CT', '', 'Child Rape', 'Alyson Cranick Alyson Cranick was an Administrative Assistant at E.O. Smith High School in Mansfield, Connecticut before she was arrested for raping an eleven-year-old boy.', NULL, NULL, NULL, '2023-12-15');
INSERT INTO crime_types (person_id, crime_type) VALUES ('alyson-cranick', 'rape');
INSERT INTO sources (person_id, url) VALUES ('alyson-cranick', 'https://goppredators.wordpress.com/2023/12/07/1207-alyson-cranick/');
INSERT INTO sources (person_id, url) VALUES ('alyson-cranick', 'https://www.courant.com/2023/11/17/former-ct-school-official-charged-with-allegedly-grooming-young-boy-sexually-assaulting-him/');
INSERT INTO sources (person_id, url) VALUES ('alyson-cranick', 'https://www.courant.com/2023/12/01/former-ct-school-employee-charged-with-sexually-assaulting-boy-facing-new-charges-for-contacting-13-year-old-girl/');
INSERT INTO sources (person_id, url) VALUES ('alyson-cranick', 'https://www.insideedition.com/alyson-cranick-rape-student-arrest-connecticut');
INSERT INTO sources (person_id, url) VALUES ('alyson-cranick', 'https://www.jud2.ct.gov/crdockets/parm1.aspx');
INSERT OR REPLACE INTO people (id, name, status, level, state, office, crime_description, summary, still_in_office, offense_year, conviction_year, event_date) VALUES ('david-prince', 'David Prince', 'charged', 'adjacent', 'OK', 'Pastor', 'Child Sexual Abuse Material', 'David Prince David Prince was the Oklahoma State Penitentiary when a review of state employees'' computers discovered he had been accessing Child Sexual Abuse Material on his work computer. He was discussing sexual acts with children.', NULL, NULL, NULL, NULL);
INSERT INTO crime_types (person_id, crime_type) VALUES ('david-prince', 'csam');
INSERT INTO crime_types (person_id, crime_type) VALUES ('david-prince', 'assault');
INSERT INTO sources (person_id, url) VALUES ('david-prince', 'https://goppredators.wordpress.com/2023/12/06/1206-david-prince/');
INSERT INTO sources (person_id, url) VALUES ('david-prince', 'https://www.kjrh.com/news/local-news/mcalester-pastor-charged-with-possession-of-child-sexual-abuse-material');
INSERT INTO sources (person_id, url) VALUES ('david-prince', 'https://www.enidnews.com/news/former-osp-chaplain-arrested-and-charged-following-investigation/article_35fc68a0-873c-5fe8-b9db-4924d42600dd.html');
INSERT INTO sources (person_id, url) VALUES ('david-prince', 'https://www.oscn.net/dockets/GetCaseInformation.aspx?db=pittsburg&amp;number=CF-2023-00337&amp;cmid=39050');
INSERT OR REPLACE INTO people (id, name, status, level, state, office, crime_description, summary, still_in_office, offense_year, conviction_year, event_date) VALUES ('kyle-hilleary', 'Kyle Hilleary', 'charged', 'adjacent', 'MS', 'Pastor', 'Child Exploitation', 'Kyle Michale Hilleary Kyle Michale Hilleary was the pastor of Cedar View Baptist Church in Olive Branch, Mississippi. It is a congregation in the Southern Baptist conference.', NULL, NULL, NULL, NULL);
INSERT INTO crime_types (person_id, crime_type) VALUES ('kyle-hilleary', 'other');
INSERT INTO sources (person_id, url) VALUES ('kyle-hilleary', 'https://goppredators.wordpress.com/2023/12/02/1205-kyle-hilleary/');
INSERT INTO sources (person_id, url) VALUES ('kyle-hilleary', 'https://law.justia.com/codes/mississippi/2020/title-97/chapter-5/section-97-5-33/');
INSERT INTO sources (person_id, url) VALUES ('kyle-hilleary', 'https://darkhorsepressnow.com/former-olive-branch-pastor-teacher-charged-with-child-exploitation/');
INSERT INTO sources (person_id, url) VALUES ('kyle-hilleary', 'https://omsweb.public-safety-cloud.com/jtclientweb/(S(az0zwse51rev0veaiqcdhva4))/jailtracker/index/DeSoto_County_Ms');
INSERT OR REPLACE INTO people (id, name, status, level, state, office, crime_description, summary, still_in_office, offense_year, conviction_year, event_date) VALUES ('wade-lee-schvaneveldt', 'Wade Lee Schvaneveldt', 'convicted', 'local', 'ID', 'School Board Member', 'Child Rape', 'Wade Lee Schvaneveldt Wade Lee Schvaneveldt was a teacher and basketball coach at Soda Points School District #150. He was charged with 20 felony charges after a student he groomed and raped went to the police.', NULL, NULL, NULL, '2023-01-13');
INSERT INTO crime_types (person_id, crime_type) VALUES ('wade-lee-schvaneveldt', 'rape');
INSERT INTO sources (person_id, url) VALUES ('wade-lee-schvaneveldt', 'https://goppredators.wordpress.com/2023/12/01/1204-wade-schvaneveldt/');
INSERT INTO sources (person_id, url) VALUES ('wade-lee-schvaneveldt', 'https://www.idahostatejournal.com/news/crimes_court/former-soda-springs-basketball-coach-gets-eight-years-in-prison-for-raping-former-player/article_76a471be-1537-11ee-b30f-bf9ed2e49668.html');
INSERT INTO sources (person_id, url) VALUES ('wade-lee-schvaneveldt', 'https://www.eastidahonews.com/2023/06/former-soda-springs-teacher-coach-sent-to-prison-for-deviant-behavior/');
INSERT INTO sources (person_id, url) VALUES ('wade-lee-schvaneveldt', 'https://www.eastidahonews.com/2023/09/former-local-coach-already-sentenced-to-prison-pleads-guilty-to-similar-charge-in-ada-county/');
INSERT OR REPLACE INTO people (id, name, status, level, state, office, crime_description, summary, still_in_office, offense_year, conviction_year, event_date) VALUES ('paul-e-schofield', 'Paul E. Schofield', 'convicted', 'adjacent', 'MO', '', 'Child Rape/Producing Child Sexual Abuse Material', 'Paul Emerson Schofield Paul Emerson Schofield was a corrections officer at Jefferson City Correctional Center in Missouri. He and his wife pled guilty to "one count of conspiracy to produce child pornograph and one count of producing child pornography" according to the Department of Justice.', NULL, NULL, NULL, '2023-11-09');
INSERT INTO crime_types (person_id, crime_type) VALUES ('paul-e-schofield', 'csam');
INSERT INTO crime_types (person_id, crime_type) VALUES ('paul-e-schofield', 'rape');
INSERT INTO crime_types (person_id, crime_type) VALUES ('paul-e-schofield', 'assault');
INSERT INTO sources (person_id, url) VALUES ('paul-e-schofield', 'https://goppredators.wordpress.com/2023/12/01/1203-paul-schofield/');
INSERT INTO sources (person_id, url) VALUES ('paul-e-schofield', 'https://www.justice.gov/usao-wdmo/pr/former-jail-corrections-officer-wife-plead-guilty-child-pornography');
INSERT INTO sources (person_id, url) VALUES ('paul-e-schofield', 'https://www.pacermonitor.com/public/case/45495982/USA_v_Schofield_et_al');
INSERT INTO sources (person_id, url) VALUES ('paul-e-schofield', 'https://ecf.mowd.uscourts.gov/cgi-bin/iqquerymenu.pl?165273');
INSERT INTO sources (person_id, url) VALUES ('paul-e-schofield', 'https://www.newstribune.com/news/2022/aug/05/former-doc-officer-and-wife-indicted-on-additional-child-porn-charges/');
INSERT INTO sources (person_id, url) VALUES ('paul-e-schofield', 'https://www.newstribune.com/news/2023/nov/09/couple-plead-guilty-to-federal-child-pornography/');
INSERT OR REPLACE INTO people (id, name, status, level, state, office, crime_description, summary, still_in_office, offense_year, conviction_year, event_date) VALUES ('ted-suhl', 'Ted Suhl', 'convicted', 'adjacent', 'AR', '', 'Organizational Coverup', 'Ted Suhl Ted Suhl is a health services executive who was convicted of bribing a state official to increase his Medicaid payments and sentenced to seven years in prison. His sentence was commuted by President Trump.', NULL, NULL, NULL, '2023-11-08');
INSERT INTO crime_types (person_id, crime_type) VALUES ('ted-suhl', 'enablement');
INSERT INTO crime_types (person_id, crime_type) VALUES ('ted-suhl', 'organizational-coverup');
INSERT INTO sources (person_id, url) VALUES ('ted-suhl', 'https://goppredators.wordpress.com/2023/11/17/1202-ted-suhl/');
INSERT INTO sources (person_id, url) VALUES ('ted-suhl', 'https://apnews.com/article/abuse-arkansas-suhl-lords-ranch-trump-947e6798e7a386a4f0fb04370a9a572a');
INSERT INTO sources (person_id, url) VALUES ('ted-suhl', 'https://www.theguardian.com/us-news/2023/nov/07/arkansas-youth-center-lords-ranch-ted-suhl');
INSERT OR REPLACE INTO people (id, name, status, level, state, office, crime_description, summary, still_in_office, offense_year, conviction_year, event_date) VALUES ('brad-benson', 'Brad Benson', 'charged', 'local', 'TX', 'Sheriff Deputy', 'Child Sexual Abuse Material', 'Brad Benson Brad Benson was a Republican candidate for city council in Granbury, Texas. On the day before Election Day, the sheriff executed a search warrant, found child sexual exploitation material on his phone.', NULL, NULL, NULL, '2023-11-08');
INSERT INTO crime_types (person_id, crime_type) VALUES ('brad-benson', 'csam');
INSERT INTO crime_types (person_id, crime_type) VALUES ('brad-benson', 'assault');
INSERT INTO sources (person_id, url) VALUES ('brad-benson', 'https://goppredators.wordpress.com/2023/11/15/1201-brad-benson/');
INSERT INTO sources (person_id, url) VALUES ('brad-benson', 'https://results.enr.clarityelections.com/TX/Hood/118569/web.317647/#/summary');
INSERT INTO sources (person_id, url) VALUES ('brad-benson', 'https://www.fox4news.com/news/brad-benson-child-pornography-arrest');
INSERT INTO sources (person_id, url) VALUES ('brad-benson', 'https://www.dallasnews.com/news/crime/2023/11/07/granbury-city-council-candidate-arrested-on-child-porn-charges-the-day-before-voting/');
INSERT INTO sources (person_id, url) VALUES ('brad-benson', 'https://infoweb-newsbank-com.proxy.multcolib.org/apps/news/browse-pub?p=AMNEWS&amp;t=pubname%3AFWSI-EEDT%21Fort%2BWorth%2BStar-Telegram%2B%2528TX%2529&amp;action=browse');
INSERT OR REPLACE INTO people (id, name, status, level, state, office, crime_description, summary, still_in_office, offense_year, conviction_year, event_date) VALUES ('matt-fariss', 'Matt Fariss', 'charged', 'adjacent', 'VA', '', 'Assault', 'Matt Fariss Matt Fariss was a Republican delegate to the Virginia Assembly. He was defeated in the November 7, 2023 election.', NULL, NULL, NULL, '2023-11-07');
INSERT INTO crime_types (person_id, crime_type) VALUES ('matt-fariss', 'other');
INSERT INTO sources (person_id, url) VALUES ('matt-fariss', 'https://goppredators.wordpress.com/2023/11/15/1200-matt-fariss/');
INSERT INTO sources (person_id, url) VALUES ('matt-fariss', 'https://wset.com/news/local/delegate-matt-fariss-appears-in-court-hit-and-run-charges-new-details-revealed-felony-misdemeanor-woman-injured-route-501-campbell-county-virginia-august-2023#');
INSERT INTO sources (person_id, url) VALUES ('matt-fariss', 'https://wset.com/news/local/hit-and-run-case-involving-delegate-matt-fariss-headed-to-trial-campbell-county-grand-jury-special-prosecutor-roanoke-city-felony-charges-virginia-september-2023');
INSERT INTO sources (person_id, url) VALUES ('matt-fariss', 'https://apnews.com/article/matt-fariss-arrested-house-of-delegates-felony-drug-charges-b947a38608c6c54024474aff3a4fd4b5');
INSERT INTO sources (person_id, url) VALUES ('matt-fariss', 'https://eapps.courts.state.va.us/ocis/search');
INSERT OR REPLACE INTO people (id, name, status, level, state, office, crime_description, summary, still_in_office, offense_year, conviction_year, event_date) VALUES ('thomas-garrett', 'Thomas Garrett', 'charged', 'adjacent', 'OR', 'Police Officer', 'Familial Violence', 'Thomas E. Garrett Thomas Garrett was a police detective in Milwaukie, Oregon.', NULL, NULL, NULL, '2010-02-17');
INSERT INTO crime_types (person_id, crime_type) VALUES ('thomas-garrett', 'other');
INSERT INTO sources (person_id, url) VALUES ('thomas-garrett', 'https://goppredators.wordpress.com/2023/11/15/1199-thomas-garrett/');
INSERT INTO sources (person_id, url) VALUES ('thomas-garrett', 'https://www.oregonlive.com/clackamascounty/2010/02/milwaukie_detective_accused_of.html');
INSERT INTO sources (person_id, url) VALUES ('thomas-garrett', 'https://katu.com/archive/milwaukie-detective-accused-of-domestic-abuse-11-26-2015');
INSERT OR REPLACE INTO people (id, name, status, level, state, office, crime_description, summary, still_in_office, offense_year, conviction_year, event_date) VALUES ('tom-garrett', 'Tom Garrett', 'alleged', 'adjacent', 'VA', '', 'Familial Violence', 'Thomas Alexander Garrett Jr, Thomas Alexander Garrett Jr. was a Republican representative from the 5th District of Virginia.', NULL, NULL, NULL, '2023-11-04');
INSERT INTO crime_types (person_id, crime_type) VALUES ('tom-garrett', 'other');
INSERT INTO sources (person_id, url) VALUES ('tom-garrett', 'https://goppredators.wordpress.com/2023/11/12/1198-tom-garrett/');
INSERT INTO sources (person_id, url) VALUES ('tom-garrett', 'https://dailyprogress.com/news/local/government-politics/ex-congressman-tom-garrett-accused-of-abuse-in-bitter-divorce-proceedings/article_089acc92-3597-11ee-a6cc-ab651913520c.html');
INSERT INTO sources (person_id, url) VALUES ('tom-garrett', 'https://richmond.com/news/state-and-regional/former-rep-tom-garrett-seeks-redemption-return-in-bid-for-house-of-delegates/article_8642e965-1bb1-5c7d-abf1-f2e1bd131115.html');
INSERT OR REPLACE INTO people (id, name, status, level, state, office, crime_description, summary, still_in_office, offense_year, conviction_year, event_date) VALUES ('david-scott', 'David Scott', 'charged', 'local', 'TX', '', 'Sexual Assault Grand Jury did not indict.', 'David Scott David Scott was the head of Exxon Mobil''s shale oil and gas business. As a senior vice president, he oversaw all Exxon''s shale oil and gas production.', NULL, NULL, NULL, NULL);
INSERT INTO crime_types (person_id, crime_type) VALUES ('david-scott', 'assault');
INSERT INTO sources (person_id, url) VALUES ('david-scott', 'https://goppredators.wordpress.com/2023/11/09/1197-david-scott/');
INSERT INTO sources (person_id, url) VALUES ('david-scott', 'https://www.reuters.com/world/us/head-exxons-shale-oil-business-faces-sexual-assault-charge-texas-2023-10-08/');
INSERT INTO sources (person_id, url) VALUES ('david-scott', 'https://www.dallasnews.com/news/crime/2023/10/11/exxonmobil-senior-executive-arrested-accused-of-sexual-assault-at-hotel-near-houston/');
INSERT INTO sources (person_id, url) VALUES ('david-scott', 'https://www.reuters.com/legal/charges-dropped-against-former-exxon-executive-2024-02-14/');
INSERT OR REPLACE INTO people (id, name, status, level, state, office, crime_description, summary, still_in_office, offense_year, conviction_year, event_date) VALUES ('ashley-crouse', 'Ashley Crouse', 'charged', 'local', 'NC', 'Pastor', 'Child Sexual Abuse Material', 'Ashley Crouse Ashley Crouse was pastor at New Vision Baptist Fellowship Church, in Granite Falls, North Carolina. After his arrest, the church terminated him.', NULL, NULL, NULL, '2023-11-06');
INSERT INTO crime_types (person_id, crime_type) VALUES ('ashley-crouse', 'csam');
INSERT INTO crime_types (person_id, crime_type) VALUES ('ashley-crouse', 'assault');
INSERT INTO sources (person_id, url) VALUES ('ashley-crouse', 'https://goppredators.wordpress.com/2023/11/09/1196-ashley-crouse/');
INSERT INTO sources (person_id, url) VALUES ('ashley-crouse', 'https://www.wsoctv.com/news/local/caldwell-county-pastor-charged-with-sex-crimes-against-children-deputies-say/2NXRB6VE7RAMJFF4AWMPHIUX4I/');
INSERT INTO sources (person_id, url) VALUES ('ashley-crouse', 'https://www.wcnc.com/article/news/crime/caldwell-county-pastor-arrested-child-sex-crimes/275-7b904c27-9405-4656-9bb1-a18cf9d90878');
INSERT OR REPLACE INTO people (id, name, status, level, state, office, crime_description, summary, still_in_office, offense_year, conviction_year, event_date) VALUES ('john-justin-mccall', 'John Justin McCall', 'charged', 'local', 'AL', 'Pastor', 'Soliciting a Minor/Child Sexual Abuse Material', 'John Justin McCall John Justin McCall was a worship leader at Grace River Community Church until he was arrested in October 11, 2023, for trying to solicit a minor online. The pastor said they did a background check and interviewed former employers.', NULL, NULL, NULL, '2023-10-11');
INSERT INTO crime_types (person_id, crime_type) VALUES ('john-justin-mccall', 'csam');
INSERT INTO crime_types (person_id, crime_type) VALUES ('john-justin-mccall', 'assault');
INSERT INTO crime_types (person_id, crime_type) VALUES ('john-justin-mccall', 'solicitation');
INSERT INTO sources (person_id, url) VALUES ('john-justin-mccall', 'https://goppredators.wordpress.com/2023/11/09/1195-john-mccall/');
INSERT INTO sources (person_id, url) VALUES ('john-justin-mccall', 'https://www.al.com/news/2023/10/madison-man-charged-with-electronic-solicitation-of-a-child.html');
INSERT INTO sources (person_id, url) VALUES ('john-justin-mccall', 'https://www.wrbl.com/news/alabama-news/alabama-crime/alabama-man-charged-with-electronic-solicitation-of-a-child-sorna-violation/');
INSERT INTO sources (person_id, url) VALUES ('john-justin-mccall', 'https://www.waff.com/2023/10/26/former-worship-leader-jailed-again-faces-child-pornography-charges/');
INSERT INTO sources (person_id, url) VALUES ('john-justin-mccall', 'https://infoweb-newsbank-com.proxy.multcolib.org/apps/news/browse-pub?p=AMNEWS&amp;t=pubname%3ADDD6-EEDT%21Decatur%2BDaily%252C%2BThe%2B%2528AL%2529&amp;action=browse');
INSERT OR REPLACE INTO people (id, name, status, level, state, office, crime_description, summary, still_in_office, offense_year, conviction_year, event_date) VALUES ('dick-pelley', 'Dick Pelley', 'alleged', 'local', 'TN', 'City Councilmember', 'Sexual Misconduct', 'Adolphus "Dick" Pelley Adolphus "Dick" Pelley has served on the Athens, Tennessee, City Council for twenty years. He was elected in 2002 and survived a 2022 election that replaced two on the council.', NULL, NULL, NULL, '2023-10-06');
INSERT INTO crime_types (person_id, crime_type) VALUES ('dick-pelley', 'other');
INSERT INTO sources (person_id, url) VALUES ('dick-pelley', 'https://goppredators.wordpress.com/2023/11/04/1194-dick-pelley/');
INSERT INTO sources (person_id, url) VALUES ('dick-pelley', 'https://www.timesfreepress.com/news/2023/nov/03/athens-council-members-professional-counseling/?utm_medium=social&amp;utm_source=twitter_TimesFreePress');
INSERT INTO sources (person_id, url) VALUES ('dick-pelley', 'https://apps.health.tn.gov/licensure/Discipline.aspx');
INSERT OR REPLACE INTO people (id, name, status, level, state, office, crime_description, summary, still_in_office, offense_year, conviction_year, event_date) VALUES ('corey-white', 'Corey White', 'convicted', 'adjacent', 'TX', 'Pastor', 'Child Sexual Abuse Material', 'Corey White Corey White was the youth pastor at Redeemer Midland , a church that''s statement of beliefs spends more text on anti-gay rhetoric than on communion, Jesus, and salvation combined. He was arrested for possession of Child Sexual Abuse Material.', NULL, NULL, NULL, NULL);
INSERT INTO crime_types (person_id, crime_type) VALUES ('corey-white', 'csam');
INSERT INTO crime_types (person_id, crime_type) VALUES ('corey-white', 'assault');
INSERT INTO sources (person_id, url) VALUES ('corey-white', 'https://goppredators.wordpress.com/2023/11/04/1193-corey-white/');
INSERT INTO sources (person_id, url) VALUES ('corey-white', 'https://docs.google.com/document/d/1t5YxPapd6qS_h0r15ukiLumc2qclVoHD/preview');
INSERT INTO sources (person_id, url) VALUES ('corey-white', 'https://www.cbs7.com/2023/10/31/former-midland-youth-minister-faces-10-years-prison-child-pornography-charges/?outputType=amp');
INSERT INTO sources (person_id, url) VALUES ('corey-white', 'https://www.mrt.com/news/crime/article/former-midland-youth-pastor-charged-child-18460557.php');
INSERT INTO sources (person_id, url) VALUES ('corey-white', 'https://www.newswest9.com/article/news/crime/former-midland-youth-minister-corey-white-pleads-guilty-to-child-porn-charges/513-4c00f1e4-526c-42ee-b372-93f1227bd099');
INSERT OR REPLACE INTO people (id, name, status, level, state, office, crime_description, summary, still_in_office, offense_year, conviction_year, event_date) VALUES ('robert-w-austin', 'Robert W. Austin', 'charged', 'local', 'FL', '', 'Soliciting a Minor', 'Robert William Austin Robert William Austin, a Florida Department of Corrections chaplain, was caught in an undercover sting. Police created several false identities on social media.', NULL, NULL, NULL, NULL);
INSERT INTO crime_types (person_id, crime_type) VALUES ('robert-w-austin', 'solicitation');
INSERT INTO sources (person_id, url) VALUES ('robert-w-austin', 'https://goppredators.wordpress.com/2023/11/04/1192-robert-austin/');
INSERT INTO sources (person_id, url) VALUES ('robert-w-austin', 'https://www.duvalclerk.com/online-option/court-records');
INSERT INTO sources (person_id, url) VALUES ('robert-w-austin', 'https://www.wfla.com/news/local-news/citrus-county/citrus-county-deputies-arrest-department-of-corrections-chaplain-on-child-sex-charges/');
INSERT INTO sources (person_id, url) VALUES ('robert-w-austin', 'https://news.yahoo.com/department-corrections-chaplain-arrested-child-004134657.html');
INSERT OR REPLACE INTO people (id, name, status, level, state, office, crime_description, summary, still_in_office, offense_year, conviction_year, event_date) VALUES ('newton-crenshaw', 'Newton Crenshaw', 'convicted', 'adjacent', 'CO', '', 'Organizational Cover-Up', 'Newton Crenshaw Newton Crenshaw is the President and CEO of Young Life Ministries , a ministry with nearly a half billion in receipts and over a third of a billion in assets. It has been sued by people alleging they were sexually abused or harassed by Young Life employees and the response has been t', NULL, NULL, NULL, NULL);
INSERT INTO crime_types (person_id, crime_type) VALUES ('newton-crenshaw', 'enablement');
INSERT INTO crime_types (person_id, crime_type) VALUES ('newton-crenshaw', 'organizational-coverup');
INSERT INTO sources (person_id, url) VALUES ('newton-crenshaw', 'https://goppredators.wordpress.com/2023/11/03/1191-newt-crenshaw/');
INSERT INTO sources (person_id, url) VALUES ('newton-crenshaw', 'https://www.guidestar.org/profile/84-0385934');
INSERT INTO sources (person_id, url) VALUES ('newton-crenshaw', 'https://www.courtlistener.com/docket/17302541/1/arellano-v-young-life/');
INSERT INTO sources (person_id, url) VALUES ('newton-crenshaw', 'https://web.archive.org/web/20211006170555/https://www.businessinsider.com/young-life-sexual-misconduct-allegations-2021-10');
INSERT INTO sources (person_id, url) VALUES ('newton-crenshaw', 'https://gazette.com/news/more-young-life-victims-allege-sexual-misconduct-involving-colorado-springs-based-christian-ministry/article_96b435b0-4276-11ec-8464-ab500b142c75.html');
INSERT INTO sources (person_id, url) VALUES ('newton-crenshaw', 'https://www.instagram.com/metooyounglife/');
INSERT INTO sources (person_id, url) VALUES ('newton-crenshaw', 'https://www.instagram.com/p/CUqW0-lrW-X/?utm_source=ig_embed&amp;utm_campaign=loading');
INSERT OR REPLACE INTO people (id, name, status, level, state, office, crime_description, summary, still_in_office, offense_year, conviction_year, event_date) VALUES ('mike-bickle', 'Mike Bickle', 'alleged', 'adjacent', 'MO', '', 'Sexual Misconduct, Sexual Harassment', 'Mike Bickle Mike Bickle is the dominionist founder of the International House of Prayer . An ardent Trump supporter, he said opposing Trump is “a demonic attack coming against the Word of God.” Funnily enough, he did not support Trump ardently enough to donate a dime, which, in my opinion, is a grea', NULL, NULL, NULL, '2023-10-28');
INSERT INTO crime_types (person_id, crime_type) VALUES ('mike-bickle', 'harassment');
INSERT INTO sources (person_id, url) VALUES ('mike-bickle', 'https://goppredators.wordpress.com/2023/11/03/1190-mike-bickle/');
INSERT INTO sources (person_id, url) VALUES ('mike-bickle', 'https://www.rightwingwatch.org/people/mike-bickle/');
INSERT INTO sources (person_id, url) VALUES ('mike-bickle', 'https://www.opensecrets.org/donor-lookup');
INSERT INTO sources (person_id, url) VALUES ('mike-bickle', 'https://julieroys.com/wp-content/uploads/2023/10/Public-Statement-Concerning-Allegations-on-Mike-Bickle_Downloaded.pdf');
INSERT INTO sources (person_id, url) VALUES ('mike-bickle', 'https://www.christianitytoday.com/news/2023/october/mike-bickle-ihopkc-intl-house-of-prayer-abuse-allegations.html');
INSERT INTO sources (person_id, url) VALUES ('mike-bickle', 'https://www.kansascity.com/news/local/article281281808.html');
INSERT INTO sources (person_id, url) VALUES ('mike-bickle', 'https://www.kansascity.com/news/local/article285203117.html');
INSERT OR REPLACE INTO people (id, name, status, level, state, office, crime_description, summary, still_in_office, offense_year, conviction_year, event_date) VALUES ('matthew-thomas-wyatt', 'Matthew Thomas Wyatt', 'charged', 'adjacent', 'NC', 'Pastor', 'Child Molestation/Indecency', 'Matthew Thomas Wyatt Matthew Thomas Wyatt was a frequent guest preacher at Southside Baptist Church in Yadkinville, North Carolina. The pastor confirmed that Wyatt preached there several times but wanted it understood he was not officially a pastor there.', NULL, NULL, NULL, NULL);
INSERT INTO crime_types (person_id, crime_type) VALUES ('matthew-thomas-wyatt', 'child-molestation');
INSERT INTO sources (person_id, url) VALUES ('matthew-thomas-wyatt', 'https://goppredators.wordpress.com/2023/11/02/1189-matthew-wyatt/');
INSERT INTO sources (person_id, url) VALUES ('matthew-thomas-wyatt', 'https://myfox8.com/news/north-carolina/piedmont-triad/yadkinville-man-charged-with-child-sex-crimes-voted-out-of-church/');
INSERT INTO sources (person_id, url) VALUES ('matthew-thomas-wyatt', 'https://www.wxii12.com/article/north-carolina-man-arrested-child-sex-charges-yadkinville/45658742');
INSERT OR REPLACE INTO people (id, name, status, level, state, office, crime_description, summary, still_in_office, offense_year, conviction_year, event_date) VALUES ('tammy-tyner-moran', 'Tammy Tyner Moran', 'charged', 'adjacent', 'NC', '', 'Child Molestation/Rape', 'Tammy Tyner Tammy Tyner AKA Tammy Tyner Moran was the finance officer at Cape Fear Christian Academy in North Carolina. She was charged with six counts of performing sex acts on a students as a substitute parent, six counts of sex acts with a student, two counts of sexual battery, and one count of e', NULL, NULL, NULL, '2023-11-02');
INSERT INTO crime_types (person_id, crime_type) VALUES ('tammy-tyner-moran', 'rape');
INSERT INTO crime_types (person_id, crime_type) VALUES ('tammy-tyner-moran', 'child-molestation');
INSERT INTO sources (person_id, url) VALUES ('tammy-tyner-moran', 'https://goppredators.wordpress.com/2023/11/02/1188-tammy-tyner/');
INSERT INTO sources (person_id, url) VALUES ('tammy-tyner-moran', 'https://www.mydailyrecord.com/news/former-cape-fear-christian-sex-offender-gets-probation/article_061f61fc-737d-11ee-8434-ff89f3ded6ad.html');
INSERT INTO sources (person_id, url) VALUES ('tammy-tyner-moran', 'https://www.wnct.com/on-your-side/crime-tracker/former-school-worker-pleads-guilty-to-sexual-battery-in-2021-harnett-county-case/');
INSERT OR REPLACE INTO people (id, name, status, level, state, office, crime_description, summary, still_in_office, offense_year, conviction_year, event_date) VALUES ('robert-stahn', 'Robert Stahn', 'convicted', 'adjacent', 'ID', '', 'Sexual Battery, Abuse of Position', 'Robert Stahn Robert Stahn founded Wellspring Counseling Center in Idaho Falls, Idaho. One of his specialties is counseling trauma victims, including sexual abuse trauma.', NULL, NULL, NULL, '2023-12-21');
INSERT INTO crime_types (person_id, crime_type) VALUES ('robert-stahn', 'rape');
INSERT INTO crime_types (person_id, crime_type) VALUES ('robert-stahn', 'assault');
INSERT INTO sources (person_id, url) VALUES ('robert-stahn', 'https://goppredators.wordpress.com/2023/11/02/1187-robert-stahn/');
INSERT INTO sources (person_id, url) VALUES ('robert-stahn', 'https://web.archive.org/web/20230207142718/https://www.wellspringcounselingllc.com/about-us/');
INSERT INTO sources (person_id, url) VALUES ('robert-stahn', 'https://www.eastidahonews.com/2023/10/local-therapist-accused-of-sexually-abusing-a-vulnerable-adult-admits-guilt/');
INSERT INTO sources (person_id, url) VALUES ('robert-stahn', 'https://www.postregister.com/news/crime_courts/counseling-center-founder-arrested-reportedly-admits-to-sexual-abuse-of-disabled-women/article_f4b534f4-e3ae-11ed-ae9b-df85457d8280.html');
INSERT INTO sources (person_id, url) VALUES ('robert-stahn', 'https://mycourts.idaho.gov/odysseyportal/');
INSERT OR REPLACE INTO people (id, name, status, level, state, office, crime_description, summary, still_in_office, offense_year, conviction_year, event_date) VALUES ('michael-tobin', 'Michael Tobin', 'convicted', 'adjacent', 'IA', 'Police Officer', 'Sexual Exploitation of a Minor', 'Michael Tobin Michael Tobin was a police officer in Clarksville, Iowa. He was accused of showing sexually explicit images and videos from a criminal case to a minor from September 2021 to February 2022.', NULL, NULL, NULL, '2023-07-07');
INSERT INTO crime_types (person_id, crime_type) VALUES ('michael-tobin', 'csam');
INSERT INTO sources (person_id, url) VALUES ('michael-tobin', 'https://goppredators.wordpress.com/2023/11/02/1186-michael-tobin/');
INSERT INTO sources (person_id, url) VALUES ('michael-tobin', 'https://iowacapitaldispatch.com/2023/06/30/former-iowa-police-officer-accused-of-sex-with-teenagers-while-on-duty-and-at-police-station/');
INSERT INTO sources (person_id, url) VALUES ('michael-tobin', 'https://www.kcci.com/article/michael-tobin-former-clarksville-iowa-police-officer-found-guilty-of-sexual-exploitation-of-a-minor/45573719');
INSERT INTO sources (person_id, url) VALUES ('michael-tobin', 'https://wcfcourier.com/news/local/crime-courts/prosecutor-officer-violated-his-oath-in-sexual-exploitation-investigation/article_541322ca-6858-11ee-aa97-7b30e18254e0.html');
INSERT OR REPLACE INTO people (id, name, status, level, state, office, crime_description, summary, still_in_office, offense_year, conviction_year, event_date) VALUES ('joseph-saggese', 'Joseph Saggese', 'charged', 'local', 'NJ', 'Mayor', 'Familial Violence', 'Joseph Saggese Joseph Saggese is a Republican candidate for Matawan Town Council. In late September, he was arrested and charged with assault and aggravated assault (for attempted strangulation of a domestic violence victim.) The other Republicans who are running for a different city council seat an', NULL, NULL, NULL, NULL);
INSERT INTO crime_types (person_id, crime_type) VALUES ('joseph-saggese', 'other');
INSERT INTO sources (person_id, url) VALUES ('joseph-saggese', 'https://goppredators.wordpress.com/2023/11/01/1185-joe-saggese/');
INSERT INTO sources (person_id, url) VALUES ('joseph-saggese', 'https://nj1015.com/nj-gop-candidate-charged-with-strangling-domestic-violence-victim/?utm_source=tsmclip&amp;utm_medium=referral');
INSERT INTO sources (person_id, url) VALUES ('joseph-saggese', 'https://patch.com/new-jersey/matawan-aberdeen/matawan-town-council-candidate-charged-aggravated-assault');
INSERT INTO sources (person_id, url) VALUES ('joseph-saggese', 'https://www.app.com/story/news/local/monmouth-county-bayshore/matawan/2023/09/27/matawan-nj-gop-candidate-joseph-w-saggese-charged-aggrevated-assault/70985585007/');
INSERT OR REPLACE INTO people (id, name, status, level, state, office, crime_description, summary, still_in_office, offense_year, conviction_year, event_date) VALUES ('michael-queensland', 'Michael Queensland', 'alleged', 'state', 'WI', '', 'Sexual Misconduct, Sexual Harassment', 'Michael Queensland Michael Queensland was Chief Clerk of the Wisconsin Senate. He also had worked for Republican Senator LeMahieu.', NULL, NULL, NULL, '2023-10-19');
INSERT INTO crime_types (person_id, crime_type) VALUES ('michael-queensland', 'harassment');
INSERT INTO sources (person_id, url) VALUES ('michael-queensland', 'https://goppredators.wordpress.com/2023/11/01/1184-michael-queensland/');
INSERT INTO sources (person_id, url) VALUES ('michael-queensland', 'https://www.cbsnews.com/minnesota/news/former-wisconsin-senate-clerk-resigned-amid-sexual-misconduct-investigation-report-shows/');
INSERT INTO sources (person_id, url) VALUES ('michael-queensland', 'https://www.wispolitics.com/2023/investigator-finds-sufficient-evidence-former-senate-chief-clerk-had-nonconsensual-sexual-contact-with-woman-at-conference/');
INSERT INTO sources (person_id, url) VALUES ('michael-queensland', 'https://infoweb-newsbank-com.proxy.multcolib.org/apps/news/browse-pub?p=AMNEWS&amp;t=pubname%3AWIMJS-EEDT%21Milwaukee%2BJournal%2BSentinel%2B%2528WI%2529&amp;action=browse');
INSERT OR REPLACE INTO people (id, name, status, level, state, office, crime_description, summary, still_in_office, offense_year, conviction_year, event_date) VALUES ('anthony-j-dinch', 'Anthony J. Dinch', 'charged', 'local', 'PA', 'Mayor', 'Child Molestation', 'Anthony J. Dinch lost the GOP primary for Mayor, but is now running unopposed for East Washington Borough Council.', NULL, NULL, NULL, NULL);
INSERT INTO crime_types (person_id, crime_type) VALUES ('anthony-j-dinch', 'child-molestation');
INSERT INTO sources (person_id, url) VALUES ('anthony-j-dinch', 'https://goppredators.wordpress.com/2023/10/31/1183-anthony-j-dinch/');
INSERT INTO sources (person_id, url) VALUES ('anthony-j-dinch', 'https://www.wtae.com/article/east-washington-borough-candidate-sexual-assault/45383780');
INSERT INTO sources (person_id, url) VALUES ('anthony-j-dinch', 'https://original.newsbreak.com/@the-pennsylvania-vibe-1756171/3175364563896-borough-council-candidate-in-east-washington-charged-with-child-sex-assault');
INSERT INTO sources (person_id, url) VALUES ('anthony-j-dinch', 'https://observer-reporter.com/news/localnews/gop-candidate-accused-of-molesting-boy-narrowly-loses-east-washington-council-race/article_61944692-8327-11ee-a4f8-3f0125d3288d.html');
INSERT INTO sources (person_id, url) VALUES ('anthony-j-dinch', 'https://ujsportal.pacourts.us/CaseSearch');
INSERT OR REPLACE INTO people (id, name, status, level, state, office, crime_description, summary, still_in_office, offense_year, conviction_year, event_date) VALUES ('matt-innis', 'Matt Innis', 'charged', 'local', 'NE', 'Judge', 'Sexual Assault, Stalking', 'Matt Innis Matt Innis is the Chair of the Lancaster County Reupublican Party of Nebraska . In October, 2023, a judge granted a protection order to his wife who claims Innis had stalked, verbally abused, and sexually assaulted her.', NULL, NULL, NULL, NULL);
INSERT INTO crime_types (person_id, crime_type) VALUES ('matt-innis', 'assault');
INSERT INTO crime_types (person_id, crime_type) VALUES ('matt-innis', 'stalking');
INSERT INTO sources (person_id, url) VALUES ('matt-innis', 'https://goppredators.wordpress.com/2023/10/31/1182-matt-innis/');
INSERT INTO sources (person_id, url) VALUES ('matt-innis', 'https://www.1011now.com/2023/10/03/chair-lancaster-county-gop-accused-abuse-petition-protection-order/');
INSERT INTO sources (person_id, url) VALUES ('matt-innis', 'https://journalstar.com/news/local/crime-courts/lancaster-county-republican-innis-gop/article_bfb9a712-6153-11ee-a632-3bd30028f461.html');
INSERT INTO sources (person_id, url) VALUES ('matt-innis', 'https://nebraskaexaminer.com/2022/08/04/prosecutor-wont-charge-matt-innis-over-gop-convention-scuffle/');
INSERT INTO sources (person_id, url) VALUES ('matt-innis', 'https://nebraska.tv/news/local/wife-of-lancaster-county-republican-party-files-suit-against-husband-claiming-domestic-abuse-matt-innis-lisa-protection-order-manipulation-petition');
INSERT OR REPLACE INTO people (id, name, status, level, state, office, crime_description, summary, still_in_office, offense_year, conviction_year, event_date) VALUES ('justin-b-durham', 'Justin B. Durham', 'convicted', 'local', 'MO', 'Sheriff Deputy', 'Child Sexual Exploitation/ Creation of Child Sexual Abuse Material', 'Justin Bradley Durham Justin Bradley Durham is a former Sheriffs Deputy in Phelps County, Missouri. He was arrested and charged with sexually exploiting two minor girls and recording it, creating and possessing Child Sexual Abuse Material.', NULL, NULL, NULL, '2023-12-04');
INSERT INTO crime_types (person_id, crime_type) VALUES ('justin-b-durham', 'csam');
INSERT INTO crime_types (person_id, crime_type) VALUES ('justin-b-durham', 'assault');
INSERT INTO sources (person_id, url) VALUES ('justin-b-durham', 'https://goppredators.wordpress.com/2023/10/28/1181-justin-durham/');
INSERT INTO sources (person_id, url) VALUES ('justin-b-durham', 'https://www.kttn.com/former-phelps-county-deputy-indicted-on-child-sex-pornography-charges/');
INSERT INTO sources (person_id, url) VALUES ('justin-b-durham', 'https://www.justice.gov/usao-edmo/pr/former-phelps-county-deputy-indicted-child-sex-pornography-charges');
INSERT INTO sources (person_id, url) VALUES ('justin-b-durham', 'https://www.phelpscountyfocus.com/news/article_b7002ff0-45c5-11ee-9879-9f6aedbcdb54.html');
INSERT INTO sources (person_id, url) VALUES ('justin-b-durham', 'https://www.justice.gov/usao-edmo/pr/former-sheriffs-deputy-sentenced-65-years-prison-child-sex-crimes');
INSERT INTO sources (person_id, url) VALUES ('justin-b-durham', 'https://pcl.uscourts.gov/pcl/pages/search/findParty.jsf');
INSERT OR REPLACE INTO people (id, name, status, level, state, office, crime_description, summary, still_in_office, offense_year, conviction_year, event_date) VALUES ('ronald-van-overloop', 'Ronald Van Overloop', 'convicted', 'adjacent', 'MI', 'Pastor', 'Sexual Battery of Minors', 'Ronald Van Overloop Ronald Van Overloop was the pastor at the anti-gay Grace Protestant Reformed Church in Tallmadge Township, Ottawa County, Michigan. He was also an influential leader in the Protestant Reformed Church with his sermons and articles featured in the denomination''s publications and we', NULL, NULL, NULL, '2022-10-10');
INSERT INTO crime_types (person_id, crime_type) VALUES ('ronald-van-overloop', 'rape');
INSERT INTO crime_types (person_id, crime_type) VALUES ('ronald-van-overloop', 'assault');
INSERT INTO sources (person_id, url) VALUES ('ronald-van-overloop', 'https://goppredators.wordpress.com/2023/10/28/1180-ronald-van-overloop/');
INSERT INTO sources (person_id, url) VALUES ('ronald-van-overloop', 'https://www.hollandsentinel.com/story/news/crime/2022/10/10/former-pastor-jailed-for-abusing-teen-girl-at-tallmadge-township-church/69552156007/');
INSERT INTO sources (person_id, url) VALUES ('ronald-van-overloop', 'https://www.woodtv.com/news/ottawa-county/former-pastor-jailed-for-abusing-teen-girl/');
INSERT INTO sources (person_id, url) VALUES ('ronald-van-overloop', 'https://www.beaconlights.org/sermons-category/rev-r-van-overloop/?fwp_rubrics=convention-speech');
INSERT INTO sources (person_id, url) VALUES ('ronald-van-overloop', 'https://www.prca.org/theme/component/preachit/messages/teacher/ronald-van-overloop');
INSERT OR REPLACE INTO people (id, name, status, level, state, office, crime_description, summary, still_in_office, offense_year, conviction_year, event_date) VALUES ('phillip-koons', 'Phillip Koons', 'charged', 'adjacent', 'OK', 'Coach', 'Outrage to Public Decency', 'Phillip Koons Phillip Koons is a Hall of Fame high school football coach in Ringling, OK. He is also listed as the Ringling High School Principal and his wife the school counselor.', NULL, NULL, NULL, NULL);
INSERT INTO crime_types (person_id, crime_type) VALUES ('phillip-koons', 'other');
INSERT INTO sources (person_id, url) VALUES ('phillip-koons', 'https://goppredators.wordpress.com/2023/10/28/1179-phillip-koons/');
INSERT INTO sources (person_id, url) VALUES ('phillip-koons', 'https://www.thedailybeast.com/famed-ringling-high-school-football-coach-phil-koons-charged-in-oklahoma-amid-shocking-abuse-claims?ref=home');
INSERT INTO sources (person_id, url) VALUES ('phillip-koons', 'https://kfor.com/news/local/ringling-high-coach-to-be-reinstated-despite-ongoing-state-investigation/');
INSERT INTO sources (person_id, url) VALUES ('phillip-koons', 'https://www1.odcr.com/detail?court=034-&amp;casekey=034-CM++2300053');
INSERT OR REPLACE INTO people (id, name, status, level, state, office, crime_description, summary, still_in_office, offense_year, conviction_year, event_date) VALUES ('kent-daniel-prestwich', 'Kent Daniel Prestwich', 'charged', 'adjacent', 'UT', '', 'Child Sexual Abuse Material', 'Kent Daniel Prestwich Kent Daniel Prestwich was a nursery leader from Lewiston, Utah, for the LDS church. He was arrested in October 2023 for possession of Child Sexual Abuse Material.', NULL, NULL, NULL, NULL);
INSERT INTO crime_types (person_id, crime_type) VALUES ('kent-daniel-prestwich', 'csam');
INSERT INTO crime_types (person_id, crime_type) VALUES ('kent-daniel-prestwich', 'assault');
INSERT INTO sources (person_id, url) VALUES ('kent-daniel-prestwich', 'https://goppredators.wordpress.com/2023/10/25/1178-kent-prestwich/');
INSERT INTO sources (person_id, url) VALUES ('kent-daniel-prestwich', 'https://floodlit.org/a/a775/');
INSERT INTO sources (person_id, url) VALUES ('kent-daniel-prestwich', 'https://www.cachevalleydaily.com/news/archive/2023/10/11/lewiston-man-arrested-for-allegedly-down-loading-child-porn-for-15-years/');
INSERT INTO sources (person_id, url) VALUES ('kent-daniel-prestwich', 'https://apps.utcourts.gov/XchangeWEB/XchangeWebServlet');
INSERT OR REPLACE INTO people (id, name, status, level, state, office, crime_description, summary, still_in_office, offense_year, conviction_year, event_date) VALUES ('christopher-m-pruitt', 'Christopher M. Pruitt', 'charged', 'adjacent', 'OR', '', 'Child Molestation', 'Christopher M. Pruitt (OR): Child Molestation.', NULL, NULL, NULL, '2023-10-05');
INSERT INTO crime_types (person_id, crime_type) VALUES ('christopher-m-pruitt', 'child-molestation');
INSERT INTO sources (person_id, url) VALUES ('christopher-m-pruitt', 'https://goppredators.wordpress.com/2023/10/24/1177-christopher-pruitt/');
INSERT INTO sources (person_id, url) VALUES ('christopher-m-pruitt', 'https://www.oregonlive.com/crime/2023/10/church-leader-in-portland-area-touched-two-girls-in-his-congregation-inappropriately-police-say.html');
INSERT INTO sources (person_id, url) VALUES ('christopher-m-pruitt', 'https://www.koin.com/news/crime/former-portland-pastor-indicted-on-sex-abuse-charges-police/');
INSERT INTO sources (person_id, url) VALUES ('christopher-m-pruitt', 'https://www.beavertonvalleytimes.com/news/public_safety/beaverton-church-leader-jailed-on-child-sex-abuse-charges/article_835715a4-688b-11ee-a25c-f7cbc212dc4c.html');
INSERT INTO sources (person_id, url) VALUES ('christopher-m-pruitt', 'https://webportal.courts.oregon.gov/portal/');
INSERT OR REPLACE INTO people (id, name, status, level, state, office, crime_description, summary, still_in_office, offense_year, conviction_year, event_date) VALUES ('martin-burns', 'Martin Burns', 'charged', 'adjacent', 'IN', 'Pastor', 'Child Abuse', 'Martin Burns Martin Burns is a pastor of Winamac Nazarene Church in Indiana. He has been charged with two criminal counts of battery after a surveillance video appeared on social media allegedly showing him kneeling on the chest of a 4-year-old boy at a church day care center.', NULL, NULL, NULL, '2023-11-16');
INSERT INTO crime_types (person_id, crime_type) VALUES ('martin-burns', 'other');
INSERT INTO sources (person_id, url) VALUES ('martin-burns', 'https://goppredators.wordpress.com/2023/10/24/1176-martin-burns/');
INSERT INTO sources (person_id, url) VALUES ('martin-burns', 'https://www.nwitimes.com/news/local/crime-courts/martin-burns-battery-daycare-jesse-harper/article_a8d8c7ea-638c-11ee-9149-77de3abfcee9.html');
INSERT INTO sources (person_id, url) VALUES ('martin-burns', 'https://www.in.gov/courts/local/pulaski-county/');
INSERT OR REPLACE INTO people (id, name, status, level, state, office, crime_description, summary, still_in_office, offense_year, conviction_year, event_date) VALUES ('gregory-norton', 'Gregory Norton', 'charged', 'local', 'FL', 'Pastor', 'Child Molestation', 'Gregory Norton Gregory Norton was a former youth pastor at Oak Hill Church: Church of the Nazarene and the Westside church located on Old Middleburg Road. He was arrested in September, 2023 and charged with sexual battery of a child he met through church and another person he met as a nurse at a chi', NULL, NULL, NULL, '2024-01-31');
INSERT INTO crime_types (person_id, crime_type) VALUES ('gregory-norton', 'child-molestation');
INSERT INTO sources (person_id, url) VALUES ('gregory-norton', 'https://goppredators.wordpress.com/2023/10/23/1175-gregory-norton/');
INSERT INTO sources (person_id, url) VALUES ('gregory-norton', 'https://www.firstcoastnews.com/article/news/crime/youth-pastor-accused-of-sex-crimes-greg-norton-dies-in-duval-county-jail-jacksonville-sheriffs-office-custody/77-69756655-abe6-44d8-9eda-106991c47832');
INSERT OR REPLACE INTO people (id, name, status, level, state, office, crime_description, summary, still_in_office, offense_year, conviction_year, event_date) VALUES ('matthew-dessert', 'Matthew Dessert', 'charged', 'local', 'CA', 'Sheriff', 'Sexual Abuse, Child Molestation', 'Matthew Dessert Matthew Dessert was a sheriff''s deputy in Stanislaus County, California. He was charged with continual sexual abuse of a child, lewd & lascivious acts with a minor, penetration with a foreign object of a victim under the age of 18, sexual battery & physical abuse of a child.', NULL, NULL, NULL, '2023-09-28');
INSERT INTO crime_types (person_id, crime_type) VALUES ('matthew-dessert', 'child-molestation');
INSERT INTO crime_types (person_id, crime_type) VALUES ('matthew-dessert', 'assault');
INSERT INTO sources (person_id, url) VALUES ('matthew-dessert', 'https://goppredators.wordpress.com/2023/10/08/1174-matthew-dessert/');
INSERT INTO sources (person_id, url) VALUES ('matthew-dessert', 'https://www.oakdaleleader.com/news/sheriffs-deputy-arrested-in-sex-crimes-investigation/');
INSERT INTO sources (person_id, url) VALUES ('matthew-dessert', 'https://www.modbee.com/news/local/crime/article279799329.html');
INSERT INTO sources (person_id, url) VALUES ('matthew-dessert', 'https://www.turlockjournal.com/news/crime/deputy-arrested-sexual-abuse-minor/');
INSERT OR REPLACE INTO people (id, name, status, level, state, office, crime_description, summary, still_in_office, offense_year, conviction_year, event_date) VALUES ('andrew-lynn-overheul', 'Andrew Lynn Overheul', 'convicted', 'adjacent', 'FL', 'Coach', 'Secret Recording, Child Sexual Abuse Material', 'Andrew Lynn Overheul Andrew Lynn Overheul was the Clay County softball coach. He was arrested after he was caught filming his students.', NULL, NULL, NULL, NULL);
INSERT INTO crime_types (person_id, crime_type) VALUES ('andrew-lynn-overheul', 'csam');
INSERT INTO crime_types (person_id, crime_type) VALUES ('andrew-lynn-overheul', 'assault');
INSERT INTO sources (person_id, url) VALUES ('andrew-lynn-overheul', 'https://goppredators.wordpress.com/2023/10/08/1173-andrew-overheul/');
INSERT INTO sources (person_id, url) VALUES ('andrew-lynn-overheul', 'https://www.justice.gov/usao-mdfl/pr/former-clay-county-softball-coach-sentenced-20-years-producing-and-attempting-produce');
INSERT INTO sources (person_id, url) VALUES ('andrew-lynn-overheul', 'https://pcl.uscourts.gov/pcl/pages/search/results/parties.jsf?sid=bad84c7f863640539fa226dd4346ad67');
INSERT OR REPLACE INTO people (id, name, status, level, state, office, crime_description, summary, still_in_office, offense_year, conviction_year, event_date) VALUES ('tony-bunton', 'Tony Bunton', 'convicted', 'adjacent', 'NC', 'Pastor', 'Child Sexual Abuse Material', 'Tony Bunton Tony Bunton was the pastor at Fairview Baptist Church in Statesville, NC. In August, 2021, he was arrested and charged with possession of Child Sexual Abuse Material.', NULL, NULL, 2023, NULL);
INSERT INTO crime_types (person_id, crime_type) VALUES ('tony-bunton', 'csam');
INSERT INTO crime_types (person_id, crime_type) VALUES ('tony-bunton', 'assault');
INSERT INTO sources (person_id, url) VALUES ('tony-bunton', 'https://goppredators.wordpress.com/2023/10/08/1172-tony-bunton/');
INSERT INTO sources (person_id, url) VALUES ('tony-bunton', 'https://www.wccbcharlotte.com/2021/10/08/statesville-man-facing-30-charges-in-connection-to-child-pornography/');
INSERT INTO sources (person_id, url) VALUES ('tony-bunton', 'https://www.iredellfreenews.com/news-features/2023/iredell-county-pastor-sentenced-to-four-years-in-prison-on-child-pornography-charges/');
INSERT INTO sources (person_id, url) VALUES ('tony-bunton', 'https://webapps.doc.state.nc.us/opi/offendersearch.do?method=view');
INSERT OR REPLACE INTO people (id, name, status, level, state, office, crime_description, summary, still_in_office, offense_year, conviction_year, event_date) VALUES ('joseph-c-roberts', 'Joseph C. Roberts', 'alleged', 'adjacent', 'CA', '', 'Murder', 'Joseph C. Roberts (CA): Murder.', NULL, NULL, NULL, NULL);
INSERT INTO crime_types (person_id, crime_type) VALUES ('joseph-c-roberts', 'murder');
INSERT INTO sources (person_id, url) VALUES ('joseph-c-roberts', 'https://goppredators.wordpress.com/2026/03/13/1171-joseph-c-roberts/');
INSERT OR REPLACE INTO people (id, name, status, level, state, office, crime_description, summary, still_in_office, offense_year, conviction_year, event_date) VALUES ('tom-wright', 'Tom Wright', 'alleged', 'state', 'FL', 'State Senator', 'Lewd Conduct, Assault', 'Sen. Tom Wright Tom Wright is a Florida State Senator representing Volusia and Brevard counties.', NULL, NULL, NULL, NULL);
INSERT INTO crime_types (person_id, crime_type) VALUES ('tom-wright', 'other');
INSERT INTO sources (person_id, url) VALUES ('tom-wright', 'https://goppredators.wordpress.com/2023/10/07/1170-tom-wright/');
INSERT INTO sources (person_id, url) VALUES ('tom-wright', 'https://web.archive.org/web/20230921223745/https://www.news-journalonline.com/story/news/politics/state/2023/09/21/sen-tom-wright-was-previously-barred-from-domestic-violence-shelter/70823259007/');
INSERT INTO sources (person_id, url) VALUES ('tom-wright', 'https://thespacecoastrocket.com/brevard-senator-tom-wright-trespassed-from-domestic-violence-shelter-after-aggressively-touching-woman/');
INSERT OR REPLACE INTO people (id, name, status, level, state, office, crime_description, summary, still_in_office, offense_year, conviction_year, event_date) VALUES ('austin-perkins', 'Austin Perkins', 'alleged', 'adjacent', 'GA', '', 'Child Molestation, Child Sexual Abuse Material', 'Austin Perkins (GA): Child Molestation, Child Sexual Abuse Material.', NULL, NULL, NULL, NULL);
INSERT INTO crime_types (person_id, crime_type) VALUES ('austin-perkins', 'csam');
INSERT INTO crime_types (person_id, crime_type) VALUES ('austin-perkins', 'child-molestation');
INSERT INTO crime_types (person_id, crime_type) VALUES ('austin-perkins', 'assault');
INSERT INTO sources (person_id, url) VALUES ('austin-perkins', 'https://goppredators.wordpress.com/2026/03/13/1169-austin-perkins/');
INSERT OR REPLACE INTO people (id, name, status, level, state, office, crime_description, summary, still_in_office, offense_year, conviction_year, event_date) VALUES ('john-finley', 'John Finley', 'alleged', 'adjacent', 'NY', '', 'Sexual Harassment, Stalking', 'John Finley John Finley was a Fox News executive for twenty years. He produced Fox Nation and was once Sean Hannity''s Executive Producer.', NULL, NULL, NULL, '2023-09-10');
INSERT INTO crime_types (person_id, crime_type) VALUES ('john-finley', 'harassment');
INSERT INTO crime_types (person_id, crime_type) VALUES ('john-finley', 'stalking');
INSERT INTO sources (person_id, url) VALUES ('john-finley', 'https://goppredators.wordpress.com/2023/09/24/1168-john-finley/');
INSERT INTO sources (person_id, url) VALUES ('john-finley', 'https://www.mediaite.com/media/exclusive-top-fox-news-executive-fired-after-woman-alleges-sexual-harassment-and-stalking/');
INSERT INTO sources (person_id, url) VALUES ('john-finley', 'https://www.washingtonpost.com/style/media/2023/09/09/john-finley-fox-news-executive-dismissed/');
INSERT INTO sources (person_id, url) VALUES ('john-finley', 'https://www.adweek.com/tvnewser/longtime-fox-news-executive-john-finley-fired-for-violating-certain-standards-of-business-conduct/538100/');
INSERT INTO sources (person_id, url) VALUES ('john-finley', 'https://infoweb-newsbank-com.proxy.multcolib.org/apps/news/browse-pub?p=AMNEWS&amp;t=pubname%3ATBTF-EEDT%21Tampa%2BBay%2BTimes%2B%2528FL%2529&amp;action=browse');
INSERT OR REPLACE INTO people (id, name, status, level, state, office, crime_description, summary, still_in_office, offense_year, conviction_year, event_date) VALUES ('david-cornelius', 'David Cornelius', 'convicted', 'adjacent', 'IL', 'Teacher', 'Child Sex Abuse', 'David Cornelius David Cornelius was a math, science, and Bible teacher at First Baptist Church in Danville. When allegations of abuse arose, they moved him on to another church without informing anyone of what happened.', NULL, NULL, 2004, NULL);
INSERT INTO crime_types (person_id, crime_type) VALUES ('david-cornelius', 'assault');
INSERT INTO sources (person_id, url) VALUES ('david-cornelius', 'https://goppredators.wordpress.com/2023/09/24/1167-david-cornelius/');
INSERT INTO sources (person_id, url) VALUES ('david-cornelius', 'https://www.blueshirtcoalition.org/get-involved/open-letter');
INSERT INTO sources (person_id, url) VALUES ('david-cornelius', 'https://en.wikipedia.org/wiki/First_Baptist_Christian_School_(Illinois)');
INSERT OR REPLACE INTO people (id, name, status, level, state, office, crime_description, summary, still_in_office, offense_year, conviction_year, event_date) VALUES ('roger-vanraden', 'Roger VanRaden', 'convicted', 'adjacent', 'IL', 'Pastor', 'Child Rape', 'Roger VanRaden Roger VanRaden was the youth pastor at Faith Baptist Church in Champaign, Illinois. He began sexually abusing a student when she was fourteen and continued to abuse her until she turned eighteen and reported the abuse to the police.', NULL, NULL, NULL, NULL);
INSERT INTO crime_types (person_id, crime_type) VALUES ('roger-vanraden', 'rape');
INSERT INTO sources (person_id, url) VALUES ('roger-vanraden', 'https://goppredators.wordpress.com/2023/09/24/1166-roger-vanraden/');
INSERT INTO sources (person_id, url) VALUES ('roger-vanraden', 'https://www.news-gazette.com/news/local/courts-police-fire/former-champaign-youth-pastor-pleads-guilty-to-raping-teen-parishioner/article_bd97fb8c-ed80-5385-81ee-a09aa4d2d8ca.html');
INSERT INTO sources (person_id, url) VALUES ('roger-vanraden', 'https://www.wcia.com/news/local-news/former-pastor-sentenced-to-15-years-in-prison-for-sexually-assaulting-teenager/');
INSERT INTO sources (person_id, url) VALUES ('roger-vanraden', 'https://infoweb-newsbank-com.proxy.multcolib.org/apps/news/browse-pub?p=AMNEWS&amp;t=pubname%3ANGWEC%21News-Gazette%252C%2BThe%253A%2BWeb%2BEdition%2BArticles%2B%2528Champaign-Urbana%252C%2BIL%2529&amp;action=browse');
INSERT OR REPLACE INTO people (id, name, status, level, state, office, crime_description, summary, still_in_office, offense_year, conviction_year, event_date) VALUES ('erick-allen-mosteller', 'Erick Allen Mosteller', 'convicted', 'adjacent', 'UT', '', 'Child Sexual Abuse Material, Child Sex Abuse', 'Erick Allen Mosteller Erick Allen Mosteller is a former Church of Latter Day Saints youth leader and a donor to the "Sound of Freedom" crowdfunded film. In a plea agreement, he pleaded guilty to two counts of possessing Child Sexual Abuse Material.', NULL, NULL, NULL, NULL);
INSERT INTO crime_types (person_id, crime_type) VALUES ('erick-allen-mosteller', 'csam');
INSERT INTO crime_types (person_id, crime_type) VALUES ('erick-allen-mosteller', 'assault');
INSERT INTO sources (person_id, url) VALUES ('erick-allen-mosteller', 'https://goppredators.wordpress.com/2023/09/24/1165-erick-allen-mosteller/');
INSERT INTO sources (person_id, url) VALUES ('erick-allen-mosteller', 'https://www.abc4.com/news/local-news/tim-ballard-supporter-former-lds-youth-leader-sentenced-for-possessing-child-porn/');
INSERT INTO sources (person_id, url) VALUES ('erick-allen-mosteller', 'https://floodlit.org/a/a661/');
INSERT OR REPLACE INTO people (id, name, status, level, state, office, crime_description, summary, still_in_office, offense_year, conviction_year, event_date) VALUES ('dennis-prager', 'Dennis Prager', 'alleged', 'adjacent', 'CA', '', 'Rape Culture', 'Dennis Prager Dennis Prager, as far as anyone knows, has not assaulted anyone, but he spends a lot of time making sexual assault possible and probable. He rushed to the defense of Brett Kavanaugh citing examples of his mother and wife being sexually assaulted and not raising a public stink about it.', NULL, NULL, NULL, NULL);
INSERT INTO crime_types (person_id, crime_type) VALUES ('dennis-prager', 'rape');
INSERT INTO crime_types (person_id, crime_type) VALUES ('dennis-prager', 'harassment');
INSERT INTO sources (person_id, url) VALUES ('dennis-prager', 'https://goppredators.wordpress.com/2023/09/24/1164-dennis-prager/');
INSERT INTO sources (person_id, url) VALUES ('dennis-prager', 'https://www.nationalreview.com/2018/09/brett-kavanaugh-accusations-should-be-ignored/');
INSERT INTO sources (person_id, url) VALUES ('dennis-prager', 'https://townhall.com/columnists/dennisprager/2008/12/23/when_a_woman_isnt_in_the_mood_part_i-n1055719');
INSERT INTO sources (person_id, url) VALUES ('dennis-prager', 'https://washingtonmonthly.com/2018/09/24/conservative-radio-host-tells-women-to-shut-up-and-take-it/');
INSERT INTO sources (person_id, url) VALUES ('dennis-prager', 'https://www.dailykos.com/stories/2008/12/26/677292/-');
INSERT INTO sources (person_id, url) VALUES ('dennis-prager', 'https://www.wonkette.com/p/conservative-nutjob-dennis-prager-sexually-assaults-his-wife-so-whats-the-big-deal');
INSERT INTO sources (person_id, url) VALUES ('dennis-prager', 'https://www.patheos.com/blogs/steelmagnificat/2018/09/6189/');
INSERT OR REPLACE INTO people (id, name, status, level, state, office, crime_description, summary, still_in_office, offense_year, conviction_year, event_date) VALUES ('jeff-jones', 'Jeff Jones', 'charged', 'local', 'WV', '', 'Organizational Cover-Up', 'Jeff Jones is the sheriff in Monroe County, West Virginia. He hired a deputy who has been accused of soliciting nude pictures from a minor.', NULL, NULL, NULL, NULL);
INSERT INTO crime_types (person_id, crime_type) VALUES ('jeff-jones', 'enablement');
INSERT INTO crime_types (person_id, crime_type) VALUES ('jeff-jones', 'organizational-coverup');
INSERT INTO sources (person_id, url) VALUES ('jeff-jones', 'https://goppredators.wordpress.com/2023/09/23/1163-jeff-jones/');
INSERT INTO sources (person_id, url) VALUES ('jeff-jones', 'https://www.wvva.com/2023/09/18/questions-still-remain-after-monroe-county-sheriff-jeff-jones-arrest/');
INSERT INTO sources (person_id, url) VALUES ('jeff-jones', 'https://www.wvnstv.com/news/resolution-drafted-to-remove-monroe-county-sheriff-from-office/');
INSERT OR REPLACE INTO people (id, name, status, level, state, office, crime_description, summary, still_in_office, offense_year, conviction_year, event_date) VALUES ('derek-cornette', 'Derek Cornette', 'alleged', 'local', 'IA', '', 'Sexual Harassment', 'Derek Cornette Derek Cornette was the alderman representing Davenport, Iowa''s Seventh District. Employees complained that he had a habit of sexually harassing female employees.', NULL, NULL, NULL, NULL);
INSERT INTO crime_types (person_id, crime_type) VALUES ('derek-cornette', 'harassment');
INSERT INTO sources (person_id, url) VALUES ('derek-cornette', 'https://goppredators.wordpress.com/2023/09/23/1162-derek-cornette/');
INSERT INTO sources (person_id, url) VALUES ('derek-cornette', 'https://www.wqad.com/article/news/local/alderman-derek-cornette-removed/526-8c95dca8-76dd-4201-8a4a-dd797db9d426');
INSERT INTO sources (person_id, url) VALUES ('derek-cornette', 'https://qctimes.com/news/local/government-politics/derek-cornette-removed-from-office-davenport-city-council/article_7bf34174-4dde-11ee-8653-0f9b7b9033e0.html');
INSERT INTO sources (person_id, url) VALUES ('derek-cornette', 'https://www.wqad.com/article/news/local/derek-cornette-former-7th-ward-alderman-suing-davenport-mayor-and-city-council-removal-allegations-sexual-harassment/526-7e6f684b-d9a8-464b-bcf0-60d027bf86e6');
INSERT INTO sources (person_id, url) VALUES ('derek-cornette', 'https://infoweb-newsbank-com.proxy.multcolib.org/apps/news/browse-pub?p=AMNEWS&amp;t=pubname%3AQCTD%21Quad-City%2BTimes%252C%2BThe%2B%2528IA%2529&amp;action=browse');
INSERT OR REPLACE INTO people (id, name, status, level, state, office, crime_description, summary, still_in_office, offense_year, conviction_year, event_date) VALUES ('nicholas-garrett-corl', 'Nicholas Garrett Corl', 'alleged', 'local', 'CA', 'Pastor', 'Sexual Battery of Child', 'Nicholas Garrett Corl Nicholas Garrett Corl was a Summit Youth pastor at Mountain Avenue and on the faculty of Calvary Christian School. A fellow employee of Mountain Ave Baptist Church reported seeing Corl acting inappropriately with a minor in the church.', NULL, NULL, NULL, NULL);
INSERT INTO crime_types (person_id, crime_type) VALUES ('nicholas-garrett-corl', 'rape');
INSERT INTO crime_types (person_id, crime_type) VALUES ('nicholas-garrett-corl', 'assault');
INSERT INTO sources (person_id, url) VALUES ('nicholas-garrett-corl', 'https://goppredators.wordpress.com/2023/09/23/1161-nicholas-corl/');
INSERT INTO sources (person_id, url) VALUES ('nicholas-garrett-corl', 'https://mynewsla.com/crime/2023/09/14/banning-man-suspected-of-sexually-assaulting-girl-at-church/');
INSERT INTO sources (person_id, url) VALUES ('nicholas-garrett-corl', 'https://patch.com/california/banning-beaumont/youth-pastor-banning-church-accused-lewd-acts-child');
INSERT INTO sources (person_id, url) VALUES ('nicholas-garrett-corl', 'https://jimspub.riversidesheriff.org/cgi-bin/iisquery.acu');
INSERT INTO sources (person_id, url) VALUES ('nicholas-garrett-corl', 'https://public-access.riverside.courts.ca.gov/OpenAccess/SearchByName.asp');
INSERT INTO sources (person_id, url) VALUES ('nicholas-garrett-corl', 'https://kesq.com/news/crime/2024/02/15/banning-christian-school-teacher-who-had-sexual-contact-with-student-sentenced/');
INSERT OR REPLACE INTO people (id, name, status, level, state, office, crime_description, summary, still_in_office, offense_year, conviction_year, event_date) VALUES ('tyler-selby', 'Tyler Selby', 'charged', 'adjacent', 'MS', 'Pastor', 'Production of Child Sexual Abuse Material/Sexual Abuse', 'Tyler Selby Tyler Selby was hired as Music Minister at Robinwood Baptist Church . He was arrested for producing Child Sexual Abuse Material.', NULL, NULL, NULL, '2023-09-15');
INSERT INTO crime_types (person_id, crime_type) VALUES ('tyler-selby', 'csam');
INSERT INTO crime_types (person_id, crime_type) VALUES ('tyler-selby', 'assault');
INSERT INTO sources (person_id, url) VALUES ('tyler-selby', 'https://goppredators.wordpress.com/2023/09/23/1160-tyler-selby/');
INSERT INTO sources (person_id, url) VALUES ('tyler-selby', 'https://robinwoodbaptistchurch.com/announcements');
INSERT INTO sources (person_id, url) VALUES ('tyler-selby', 'https://ecf.mssd.uscourts.gov/cgi-bin/iqquerymenu.pl?122478');
INSERT INTO sources (person_id, url) VALUES ('tyler-selby', 'https://news.yahoo.com/ms-coast-worship-leader-arrested-193314629.html');
INSERT INTO sources (person_id, url) VALUES ('tyler-selby', 'https://www.wxxv25.com/church-worship-leader-charged-with-producing-child-porn/');
INSERT INTO sources (person_id, url) VALUES ('tyler-selby', 'https://www.wxxv25.com/former-worship-leader-intends-to-change-plea-to-guilty-to-child-porn-charges/');
INSERT INTO sources (person_id, url) VALUES ('tyler-selby', 'https://infoweb-newsbank-com.proxy.multcolib.org/apps/news/browse-pub?p=AMNEWS&amp;t=pubname%3ASHB8-EEDT%21Sun%2BHerald%252C%2BThe%2B%2528Biloxi%252C%2BMS%2529&amp;action=browse');
INSERT OR REPLACE INTO people (id, name, status, level, state, office, crime_description, summary, still_in_office, offense_year, conviction_year, event_date) VALUES ('alan-placa', 'Alan Placa', 'alleged', 'adjacent', 'NY', '', 'Organizational Coverup/Sexual Assault', 'Alan Placa Alan Placa was Rudy Giuliani''s fraternity mate and has been his close friend ever since. He has been accused by two men of molesting them.', NULL, NULL, NULL, '2021-05-09');
INSERT INTO crime_types (person_id, crime_type) VALUES ('alan-placa', 'assault');
INSERT INTO crime_types (person_id, crime_type) VALUES ('alan-placa', 'enablement');
INSERT INTO crime_types (person_id, crime_type) VALUES ('alan-placa', 'organizational-coverup');
INSERT INTO sources (person_id, url) VALUES ('alan-placa', 'https://goppredators.wordpress.com/2023/09/22/1159-alan-placa/');
INSERT INTO sources (person_id, url) VALUES ('alan-placa', 'https://www.andersonadvocates.com/accused/father-alan-j-placa/');
INSERT INTO sources (person_id, url) VALUES ('alan-placa', 'https://www.nydailynews.com/2023/08/20/giulianis-buddy-and-justice-denied-rudys-old-friend-alan-placa-a-priest-accused-of-sex-abuse-of-children/');
INSERT INTO sources (person_id, url) VALUES ('alan-placa', 'https://www.bishop-accountability.org/2021/05/sexual-abuse-allegations-against-msgr-alan-placa/');
INSERT INTO sources (person_id, url) VALUES ('alan-placa', 'https://www.andersonadvocates.com/wp-content/uploads/2021/08/Jeff-Anderson-Associates-Report_Alan-Placa-2021-08-09.pdf');
INSERT OR REPLACE INTO people (id, name, status, level, state, office, crime_description, summary, still_in_office, offense_year, conviction_year, event_date) VALUES ('kelly-garrett-ivey', 'Kelly Garrett Ivey', 'charged', 'adjacent', 'GA', 'Pastor', 'Trafficking', 'Kelly Garret Ivey Kelly Garret Ivey was a youth group leader at Rock Springs Church. On an underground web site called Slave Bay, he offered to sell information, location, and movements of a young girl from church in order for her to be kidnapped and trafficked.', NULL, NULL, NULL, NULL);
INSERT INTO crime_types (person_id, crime_type) VALUES ('kelly-garrett-ivey', 'trafficking');
INSERT INTO sources (person_id, url) VALUES ('kelly-garrett-ivey', 'https://goppredators.wordpress.com/2023/09/22/1158-kelly-garret-ivey/');
INSERT INTO sources (person_id, url) VALUES ('kelly-garrett-ivey', 'https://www.joemygod.com/2023/08/cops-youth-pastor-tried-to-sell-virgin-teen-online/');
INSERT INTO sources (person_id, url) VALUES ('kelly-garrett-ivey', 'https://www.atlantanewsfirst.com/2023/08/21/central-ga-man-indicted-trying-sell-16-year-old-girl-dark-web/');
INSERT INTO sources (person_id, url) VALUES ('kelly-garrett-ivey', 'https://www.macon.com/news/local/crime/article278574289.html');
INSERT INTO sources (person_id, url) VALUES ('kelly-garrett-ivey', 'https://julieroys.com/megachurch-cover-up-youth-volunteer-ivey-charged-trying-sell-teen-dark-web/');
INSERT INTO sources (person_id, url) VALUES ('kelly-garrett-ivey', 'https://acrobat.adobe.com/link/track?uri=urn%3Aaaid%3Ascds%3AUS%3A65ccca96-cee6-3e98-a96f-0823b4db10aa');
INSERT OR REPLACE INTO people (id, name, status, level, state, office, crime_description, summary, still_in_office, offense_year, conviction_year, event_date) VALUES ('kevin-ruditsky', 'Kevin Ruditsky', 'convicted', 'adjacent', 'NJ', 'Police Officer', 'Stalking a Child', 'Kevin Ruditsky Kevin Ruditsky was a New Jersey police officer. At National Night Out &#8211; an event designed to foster good relations between police and the communities they serve &#8211; Ruditsky met a sixteen-year-old girl.', NULL, NULL, NULL, '2023-09-03');
INSERT INTO crime_types (person_id, crime_type) VALUES ('kevin-ruditsky', 'stalking');
INSERT INTO sources (person_id, url) VALUES ('kevin-ruditsky', 'https://goppredators.wordpress.com/2023/09/22/1157-kevin-ruditsky/');
INSERT INTO sources (person_id, url) VALUES ('kevin-ruditsky', 'https://natw.org/about/');
INSERT INTO sources (person_id, url) VALUES ('kevin-ruditsky', 'https://patch.com/new-jersey/manalapan/amp/31520309/manalapan-cop-stalked-teen-girl-he-met-at-police-event-prosecutor');
INSERT INTO sources (person_id, url) VALUES ('kevin-ruditsky', 'https://www.nj.com/monmouth/2023/08/nj-cop-sent-explicit-messages-to-teen-he-met-at-community-event-officials-say.html');
INSERT INTO sources (person_id, url) VALUES ('kevin-ruditsky', 'https://t.co/kHVUIlVKOF');
INSERT OR REPLACE INTO people (id, name, status, level, state, office, crime_description, summary, still_in_office, offense_year, conviction_year, event_date) VALUES ('kevin-tomafsky', 'Kevin Tomafsky', 'convicted', 'adjacent', 'NJ', '', 'Child Indecenc', 'Kevin Tomafsky Kevin Tomafsky is a former aide to former New Jersey Gov. Chris Christie.', NULL, NULL, NULL, '2023-09-03');
INSERT INTO crime_types (person_id, crime_type) VALUES ('kevin-tomafsky', 'other');
INSERT INTO sources (person_id, url) VALUES ('kevin-tomafsky', 'https://goppredators.wordpress.com/2023/09/20/1156-kevin-tomafsky/');
INSERT INTO sources (person_id, url) VALUES ('kevin-tomafsky', 'https://newjerseyglobe.com/governor/ex-christie-aide-charged-with-child-sex-crimes/');
INSERT INTO sources (person_id, url) VALUES ('kevin-tomafsky', 'https://newjerseyglobe.com/judiciary/ex-christie-aide-charged-with-child-rape-is-out-of-jail-and-back-at-mothers-house/');
INSERT INTO sources (person_id, url) VALUES ('kevin-tomafsky', 'https://radaronline.com/p/former-chris-christie-aide-arrested-sexually-abusing-6-year-old-child/');
INSERT INTO sources (person_id, url) VALUES ('kevin-tomafsky', 'https://www.thedailybeast.com/ex-chris-christie-aide-kevin-tomafsky-arrested-on-child-sex-and-porn-charges');
INSERT INTO sources (person_id, url) VALUES ('kevin-tomafsky', 'https://newjerseyglobe.com/judiciary/ex-christie-staff-gets-ten-years-in-prison-for-sex-with-six-year-old/');
INSERT OR REPLACE INTO people (id, name, status, level, state, office, crime_description, summary, still_in_office, offense_year, conviction_year, event_date) VALUES ('jeremy-chesser', 'Jeremy Chesser', 'charged', 'adjacent', 'OH', '', 'Child Sexual Abuse Material', 'Jeremy Dean Chesser Jeremy Chesser was a Springfield, Ohio, firefighter. In August, 2023, he was arrested and charged with producing and distributing child sexual abuse material.', NULL, NULL, NULL, '2023-08-07');
INSERT INTO crime_types (person_id, crime_type) VALUES ('jeremy-chesser', 'csam');
INSERT INTO crime_types (person_id, crime_type) VALUES ('jeremy-chesser', 'assault');
INSERT INTO sources (person_id, url) VALUES ('jeremy-chesser', 'https://goppredators.wordpress.com/2023/09/20/1155-jeremy-chesser/');
INSERT INTO sources (person_id, url) VALUES ('jeremy-chesser', 'https://web.archive.org/web/20230901114659/https://www.toledoblade.com/local/police-fire/2023/08/31/maumee-man-jeremy-dean-chesser-charged-with-child-porn-production-possession/stories/20230831099');
INSERT INTO sources (person_id, url) VALUES ('jeremy-chesser', 'https://www.wtol.com/article/news/local/maumee-foster-father-chesser-sexual-abuse-arrest-women-speak-out/512-54e3b6cf-e321-4819-98c5-ae39d28b48bf');
INSERT INTO sources (person_id, url) VALUES ('jeremy-chesser', 'https://www.pacermonitor.com/public/case/50263753/USA_v_Chesser');
INSERT OR REPLACE INTO people (id, name, status, level, state, office, crime_description, summary, still_in_office, offense_year, conviction_year, event_date) VALUES ('ruby-franke', 'Ruby Franke', 'charged', 'adjacent', 'UT', '', 'Child Abuse', 'Ruby Franke Ruby Franke is/was a mommy vlogger who had a YouTube channel with her husband called "8 Passengers." In August, her twelve-year-old son ran to the neighbors'' house begging for food and water. The neighbor immediately called the police because the child was emaciated, had bruises and woun', NULL, NULL, NULL, '2023-09-19');
INSERT INTO crime_types (person_id, crime_type) VALUES ('ruby-franke', 'other');
INSERT INTO sources (person_id, url) VALUES ('ruby-franke', 'https://goppredators.wordpress.com/2023/09/20/1154-ruby-franke/');
INSERT INTO sources (person_id, url) VALUES ('ruby-franke', 'https://www.dexerto.com/entertainment/8-passengers-youtube-channel-under-fire-for-harsh-child-punishment-1374730/');
INSERT INTO sources (person_id, url) VALUES ('ruby-franke', 'https://www.insider.com/8-passengers-youtube-drama-what-happened-franke-family-2020-6');
INSERT INTO sources (person_id, url) VALUES ('ruby-franke', 'https://www.yahoo.com/video/8-passengers-cancel-culture-war-130000641.html');
INSERT INTO sources (person_id, url) VALUES ('ruby-franke', 'https://lawandcrime.com/crime/8-passengers-ruby-franke-bound-emaciated-kids-with-duct-tape-until-one-escaped-from-window-and-reached-help-cops/amp/');
INSERT INTO sources (person_id, url) VALUES ('ruby-franke', 'https://www.nbcnews.com/news/ruby-franke-formally-charged-6-counts-felony-child-abuse-rcna103441');
INSERT OR REPLACE INTO people (id, name, status, level, state, office, crime_description, summary, still_in_office, offense_year, conviction_year, event_date) VALUES ('james-jim-pierson', 'James (Jim) Pierson', 'convicted', 'local', 'TX', 'City Councilmember', 'Child Rape, Child Indecency', 'James (Jim) Pierson James Hugh Pierson was on the City Council of Flower Mound, TX. He served two years before resigning shortly before his arrest for continuous sexual abuse of a child under 14, a first-degree felony, and indecency with a child/sexual contact, a second-degree felony.', NULL, NULL, NULL, '2021-06-08');
INSERT INTO crime_types (person_id, crime_type) VALUES ('james-jim-pierson', 'rape');
INSERT INTO sources (person_id, url) VALUES ('james-jim-pierson', 'https://goppredators.wordpress.com/2023/09/20/1153-jim-pierson/');
INSERT INTO sources (person_id, url) VALUES ('james-jim-pierson', 'https://www.crosstimbersgazette.com/2021/06/04/former-flower-mound-councilman-charged-with-sex-crimes-against-child/');
INSERT INTO sources (person_id, url) VALUES ('james-jim-pierson', 'https://www.star-telegram.com/news/local/community/northeast-tarrant/article251956963.html');
INSERT INTO sources (person_id, url) VALUES ('james-jim-pierson', 'https://www.star-telegram.com/news/local/crime/article277827533.html');
INSERT INTO sources (person_id, url) VALUES ('james-jim-pierson', 'https://publicsite.dps.texas.gov/ConvictionNameSearch/');
INSERT OR REPLACE INTO people (id, name, status, level, state, office, crime_description, summary, still_in_office, offense_year, conviction_year, event_date) VALUES ('steven-bradley-coward', 'Steven Bradley Coward', 'charged', 'state', 'SC', '', 'Domestic Violence', 'Steven Bradley Coward Steven Bradley Coward was a Latta, South Carolina, town councilmember until he was suspended by the governor after being indicted for domestic violence. He first won election to the town council in 2022 even though he had been arrested for domestic violence in September 2020.', NULL, NULL, NULL, NULL);
INSERT INTO crime_types (person_id, crime_type) VALUES ('steven-bradley-coward', 'domestic-violence');
INSERT INTO sources (person_id, url) VALUES ('steven-bradley-coward', 'https://goppredators.wordpress.com/2023/09/20/1152-brad-coward/');
INSERT INTO sources (person_id, url) VALUES ('steven-bradley-coward', 'https://abcnews4.com/news/local/dillon-woman-questions-how-ex-husband-sworn-in-public-office-pending-charge-criminal-domestic-violence-first-degree-10-21-22');
INSERT INTO sources (person_id, url) VALUES ('steven-bradley-coward', 'https://www.wistv.com/2023/08/03/gov-mcmaster-suspends-latta-council-member-after-domestic-violence-indictment/');
INSERT INTO sources (person_id, url) VALUES ('steven-bradley-coward', 'https://publicindex.sccourts.org/Dillon/PublicIndex/CaseDetails.aspx?County=17&amp;CourtAgency=17001&amp;Casenum=2020A1710100471&amp;CaseType=C&amp;HKey=47881081051171134875848899524384758911888758110277975247116120898710957861098210365837784898099111');
INSERT OR REPLACE INTO people (id, name, status, level, state, office, crime_description, summary, still_in_office, offense_year, conviction_year, event_date) VALUES ('robert-jordan', 'Robert Jordan', 'convicted', 'local', 'MO', 'City Councilmember', 'Sexual Assault', 'Robert James Jordan, Jr. Robert James Jordan, Jr.', NULL, NULL, NULL, NULL);
INSERT INTO crime_types (person_id, crime_type) VALUES ('robert-jordan', 'assault');
INSERT INTO sources (person_id, url) VALUES ('robert-jordan', 'https://goppredators.wordpress.com/2023/09/19/1151-robert-jordan/');
INSERT INTO sources (person_id, url) VALUES ('robert-jordan', 'https://khqa.com/news/local/louisiana-city-council-member-arrested-for-sexual-misconduct');
INSERT INTO sources (person_id, url) VALUES ('robert-jordan', 'https://original.newsbreak.com/@p-world-news-network-1608581/3134586677078-louisiana-city-council-member-arrested-understanding-the-allegations-of-misconduct');
INSERT INTO sources (person_id, url) VALUES ('robert-jordan', 'https://louisiana-mo.com/contact/');
INSERT OR REPLACE INTO people (id, name, status, level, state, office, crime_description, summary, still_in_office, offense_year, conviction_year, event_date) VALUES ('kenneth-seidens', 'Kenneth Seidens', 'charged', 'local', 'KS', 'City Councilmember', 'Child Rape, Sexual Battery', 'Kenneth Seidens Kenneth Seidens is a city councilman in Alta Vista, Kansas. He is listed as a council member on the city''s website on September 19, 2023 even though he has been arrested for child sex crimes in early August.', NULL, NULL, NULL, '2023-09-19');
INSERT INTO crime_types (person_id, crime_type) VALUES ('kenneth-seidens', 'rape');
INSERT INTO crime_types (person_id, crime_type) VALUES ('kenneth-seidens', 'assault');
INSERT INTO sources (person_id, url) VALUES ('kenneth-seidens', 'https://goppredators.wordpress.com/2023/09/19/1150-kenneth-seidens/');
INSERT INTO sources (person_id, url) VALUES ('kenneth-seidens', 'https://www.wibw.com/2023/08/08/alta-vista-child-taken-safety-after-man-arrested-sex-crimes/');
INSERT INTO sources (person_id, url) VALUES ('kenneth-seidens', 'https://1350kman.com/2023/08/alta-vista-city-councilman-arrested-for-sex-crimes/');
INSERT INTO sources (person_id, url) VALUES ('kenneth-seidens', 'https://prodportal.kscourts.org/ProdPortal/Home/Dashboard/29');
INSERT OR REPLACE INTO people (id, name, status, level, state, office, crime_description, summary, still_in_office, offense_year, conviction_year, event_date) VALUES ('aaron-mirtsching', 'Aaron Mirtsching', 'convicted', 'adjacent', 'NC', 'Pastor', 'Child Sexual Abuse Material/Child Indecency', 'Aaron Doyle Mirtsching Aaron Doyle Mirtsching was a youth pastor at Thrive Church and a kindergarten teacher at New Dimensions Charter School in North Carolina. In August, 2023, he was arrested for three counts of exploitation of a child through possession of Child Sexual Abuse Material.', NULL, NULL, NULL, '2023-08-28');
INSERT INTO crime_types (person_id, crime_type) VALUES ('aaron-mirtsching', 'csam');
INSERT INTO crime_types (person_id, crime_type) VALUES ('aaron-mirtsching', 'assault');
INSERT INTO sources (person_id, url) VALUES ('aaron-mirtsching', 'https://goppredators.wordpress.com/2023/09/19/1149-aaron-mirtsching/');
INSERT INTO sources (person_id, url) VALUES ('aaron-mirtsching', 'https://local12.com/news/nation-world/kindergarten-teacher-youth-pastor-arrested-twice-child-sex-crimes-aaron-mirtsching-church-sexual-exploitation-minor-abuse-child-pornography-indecent-liberties-burke-county-north-carolina');
INSERT INTO sources (person_id, url) VALUES ('aaron-mirtsching', 'https://www.thepaper.media/stories/former-burke-teacher-faces-child-pornography-charges,10925?');
INSERT INTO sources (person_id, url) VALUES ('aaron-mirtsching', 'https://www.wsoctv.com/news/local/former-youth-pastor-facing-charged-with-third-round-sex-crimes/5F5LCLBGEBHWFAJBXUAA3BTPHI/');
INSERT INTO sources (person_id, url) VALUES ('aaron-mirtsching', 'https://www.wsoctv.com/news/local/former-teacher-youth-pastor-sentenced-sex-crimes/DCDK2U7ZZFDATDUW4EV5XJEDOI/?outputType=amp');
INSERT OR REPLACE INTO people (id, name, status, level, state, office, crime_description, summary, still_in_office, offense_year, conviction_year, event_date) VALUES ('allan-kyle-jones', 'Allan Kyle Jones', 'charged', 'local', 'AL', 'Pastor', 'Child Sexual Abuse Material', 'Allan Kyle Jones Allan Kyle Jones was the pastor at Lifeway Community Church in Loxley, Alabama, since 2015. The Baldwin County Sheriff''s Office said they were tipped off by another law enforcement agency that Jones had downloaded Child Sexual Abuse Material.', NULL, NULL, NULL, NULL);
INSERT INTO crime_types (person_id, crime_type) VALUES ('allan-kyle-jones', 'csam');
INSERT INTO crime_types (person_id, crime_type) VALUES ('allan-kyle-jones', 'assault');
INSERT INTO sources (person_id, url) VALUES ('allan-kyle-jones', 'https://goppredators.wordpress.com/2023/09/19/1148-allan-jones/');
INSERT INTO sources (person_id, url) VALUES ('allan-kyle-jones', 'https://mynbc15.com/news/local/loxley-pastor-arrested-on-child-porn-charge');
INSERT INTO sources (person_id, url) VALUES ('allan-kyle-jones', 'https://www.fox10tv.com/2023/08/30/loxley-pastor-arrested-child-porn-charges/');
INSERT INTO sources (person_id, url) VALUES ('allan-kyle-jones', 'https://www.lagniappemobile.com/news/arrested-pastor-was-entrenched-in-homeschool-community-arts/article_6bb399e2-4903-11ee-9bf4-7f4b1bf2b837.html');
INSERT INTO sources (person_id, url) VALUES ('allan-kyle-jones', 'https://www.lagniappemobile.com/news/southern-baptist-pastor-in-loxley-arrested-on-multiple-child-porn-charges/article_f08c8f20-4778-11ee-8876-5f7427d5e3e7.html');
INSERT OR REPLACE INTO people (id, name, status, level, state, office, crime_description, summary, still_in_office, offense_year, conviction_year, event_date) VALUES ('joshua-hageman', 'Joshua Hageman', 'convicted', 'adjacent', 'KS', 'Police Officer', 'Child Indecency', 'Joshua Hageman Joshua Hageman was a police officer in Wichita, Kansas. In May, 2020, he was charged with inappropriately touching two 15-year-old girls.', NULL, NULL, NULL, '2023-08-28');
INSERT INTO crime_types (person_id, crime_type) VALUES ('joshua-hageman', 'other');
INSERT INTO sources (person_id, url) VALUES ('joshua-hageman', 'https://goppredators.wordpress.com/2023/09/19/1147-joshua-hageman/');
INSERT INTO sources (person_id, url) VALUES ('joshua-hageman', 'https://www.kake.com/story/42175312/wichita-police-officer-charged-with-child-sex-crimes');
INSERT INTO sources (person_id, url) VALUES ('joshua-hageman', 'https://www.kake.com/story/49545582/former-wichita-police-officer-pleads-guilty-to-battery-charges-gets-probation');
INSERT OR REPLACE INTO people (id, name, status, level, state, office, crime_description, summary, still_in_office, offense_year, conviction_year, event_date) VALUES ('miracle-meadows', 'Miracle Meadows', 'convicted', 'adjacent', 'WV', '', 'Custodial Neglect, Child Rape, Child Abuse', 'Miracle Meadows Miracle Meadows was a boarding school for troubled youth in Salem, West Virginia. It was under the aegis of the Seventh Day Adventist Church.', NULL, NULL, NULL, '2023-08-30');
INSERT INTO crime_types (person_id, crime_type) VALUES ('miracle-meadows', 'rape');
INSERT INTO sources (person_id, url) VALUES ('miracle-meadows', 'https://goppredators.wordpress.com/2023/09/18/1146-miracle-meadows/');
INSERT INTO sources (person_id, url) VALUES ('miracle-meadows', 'https://www.insideedition.com/record-100-million-settlement-reached-in-lawsuits-alleging-torture-rape-starvation-at-christian?amp=');
INSERT INTO sources (person_id, url) VALUES ('miracle-meadows', 'https://apnews.com/article/west-virginia-school-sexual-abuse-lawsuit-settlement-703449a43eb04c4e8459aa16a6edcfa2');
INSERT OR REPLACE INTO people (id, name, status, level, state, office, crime_description, summary, still_in_office, offense_year, conviction_year, event_date) VALUES ('jason-kerby', 'Jason Kerby', 'charged', 'adjacent', 'TX', '', 'Child Sexual Abuse Material', 'Jason Kyle Kerby Jason Kerby is a Christian musician who was on the worship team at Beltway Park Worship and at First Baptist before that. He''s competed in Abilene Idol, coming in third place and has several songs on Apple Music.', NULL, NULL, NULL, NULL);
INSERT INTO crime_types (person_id, crime_type) VALUES ('jason-kerby', 'csam');
INSERT INTO crime_types (person_id, crime_type) VALUES ('jason-kerby', 'assault');
INSERT INTO sources (person_id, url) VALUES ('jason-kerby', 'https://goppredators.wordpress.com/2023/09/18/1145-jason-kerby/');
INSERT INTO sources (person_id, url) VALUES ('jason-kerby', 'https://ktxs.com/news/local/abilene-man-is-arrested-by-the-fbi');
INSERT INTO sources (person_id, url) VALUES ('jason-kerby', 'https://www.bigcountryhomepage.com/crime/documents-abilene-musician-accused-of-producing-child-porn-using-hidden-cameras-in-home-bathroom/');
INSERT INTO sources (person_id, url) VALUES ('jason-kerby', 'https://ecf.txnd.uscourts.gov/cgi-bin/iquery.pl?2119372653094-L_1_0-0-381125');
INSERT INTO sources (person_id, url) VALUES ('jason-kerby', 'https://ecf.txnd.uscourts.gov/cgi-bin/iquery.pl?2119372653094-L_1_0-0-381126');
INSERT OR REPLACE INTO people (id, name, status, level, state, office, crime_description, summary, still_in_office, offense_year, conviction_year, event_date) VALUES ('robert-lazzell', 'Robert Lazzell', 'convicted', 'adjacent', 'IL', 'Teacher', 'Child Molestation/Stalking', 'Robert Lazzell Robert Lazzell was a deacon at the First Baptist Church of Danville, IL, and the principal of the associated private school. He began grooming and abusing a fourteen-year-old boy and sexually abused him until he was a senior.', NULL, NULL, NULL, '2023-08-09');
INSERT INTO crime_types (person_id, crime_type) VALUES ('robert-lazzell', 'child-molestation');
INSERT INTO crime_types (person_id, crime_type) VALUES ('robert-lazzell', 'stalking');
INSERT INTO sources (person_id, url) VALUES ('robert-lazzell', 'https://goppredators.wordpress.com/2023/09/17/1144-robert-lazzell/');
INSERT INTO sources (person_id, url) VALUES ('robert-lazzell', 'https://www.wcia.com/news/i-was-14-years-old-sexual-assault-victim-shares-story-after-former-danville-principal-sentenced/');
INSERT INTO sources (person_id, url) VALUES ('robert-lazzell', 'https://vermilioncountyfirst.com/2023/08/01/former-first-baptist-school-principal-robert-lazzell-sentenced-to-12-years-for-criminal-sexual-assault-of-former-student/');
INSERT OR REPLACE INTO people (id, name, status, level, state, office, crime_description, summary, still_in_office, offense_year, conviction_year, event_date) VALUES ('chris-marsh', 'Chris Marsh', 'convicted', 'local', 'SC', '', 'Child Molestation', 'Christopher Garrett Marsh Christopher Garrett Marsh was the Chair of the Florence County District Five Board of Trustees. In 2021, he was arrested and charged with two counts of criminal sexual conduct with a victim under age 11, two counts of criminal sexual conduct with a victim 11 to 14, and two', NULL, NULL, NULL, '2021-03-05');
INSERT INTO crime_types (person_id, crime_type) VALUES ('chris-marsh', 'child-molestation');
INSERT INTO sources (person_id, url) VALUES ('chris-marsh', 'https://goppredators.wordpress.com/2023/09/17/1143-chris-marsh/');
INSERT INTO sources (person_id, url) VALUES ('chris-marsh', 'https://wpde.com/news/local/scum-of-the-earth-former-florence-co-school-board-member-headed-to-prison-for-sexual-conduct-with-child');
INSERT INTO sources (person_id, url) VALUES ('chris-marsh', 'https://www.kiro7.com/news/trending/ex-school-board-chief-accused-child-sex-abuse-sc-victim-was-5-when-abuse-began-deputies-say/OPZ3JHHCENG45CCMKHUOMQXQHY/');
INSERT INTO sources (person_id, url) VALUES ('chris-marsh', 'https://publicindex.sccourts.org/Florence/PublicIndex/PISearch.aspx');
INSERT OR REPLACE INTO people (id, name, status, level, state, office, crime_description, summary, still_in_office, offense_year, conviction_year, event_date) VALUES ('tim-ballard', 'Tim Ballard', 'alleged', 'state', 'UT', '', 'Sexual Misconduct', 'Timothy Ballard Timothy Ballard is the man whose story inspired the film "Sound of Freedom." He founded Operation Underground Railroad (OUR) with an international mission of fighting human trafficking. According to OUR, its staff includes many former law enforcement and intelligence officers who hav', NULL, NULL, NULL, '2023-09-15');
INSERT INTO crime_types (person_id, crime_type) VALUES ('tim-ballard', 'other');
INSERT INTO sources (person_id, url) VALUES ('tim-ballard', 'https://goppredators.wordpress.com/2023/09/17/1142-tim-ballard/');
INSERT INTO sources (person_id, url) VALUES ('tim-ballard', 'https://www.vice.com/en/topic/operation-underground-railroad');
INSERT INTO sources (person_id, url) VALUES ('tim-ballard', 'https://www.vice.com/en/article/k7a3qw/a-famed-anti-sex-trafficking-group-has-a-problem-with-the-truth');
INSERT INTO sources (person_id, url) VALUES ('tim-ballard', 'https://www.vice.com/en/article/m7b3ex/tim-ballard-left-operation-underground-railroad-after-investigation-into-claims-made-by-employees');
INSERT INTO sources (person_id, url) VALUES ('tim-ballard', 'https://www.vice.com/en/article/qj8j3v/operation-underground-railroad-criminal-investigation-human-trafficking-tim-ballard-jim-caviezel-qanon');
INSERT INTO sources (person_id, url) VALUES ('tim-ballard', 'https://americancrimejournal.com/o-u-r-quietly-exposes-tim-ballards-big-lie/');
INSERT INTO sources (person_id, url) VALUES ('tim-ballard', 'https://americancrimejournal.com/acj-investigates/operation-underground-railroad-o-u-r/');
INSERT OR REPLACE INTO people (id, name, status, level, state, office, crime_description, summary, still_in_office, offense_year, conviction_year, event_date) VALUES ('fabian-marta', 'Fabian Marta', 'charged', 'local', 'MO', 'School Board Member', 'Accessory to Child Kidnapping', 'Fabia Marta Fabian Marta is a right-wing school board activist who also was one of the many donors for the crowdfunded "Sound of Freedom." He is accused of assisting a woman who kidnapped her children from their lawful parent, harboring them in an apartment building he owns. He is also closely assoc', NULL, NULL, NULL, '2023-09-07');
INSERT INTO crime_types (person_id, crime_type) VALUES ('fabian-marta', 'other');
INSERT INTO sources (person_id, url) VALUES ('fabian-marta', 'https://goppredators.wordpress.com/2023/09/17/1141-fabian-marta/');
INSERT INTO sources (person_id, url) VALUES ('fabian-marta', 'https://www.myleaderpaper.com/news/rockwood-board-member-removed-from-some-duties/article_7936aac2-2baf-11ed-9c20-4f0313c30109.html');
INSERT INTO sources (person_id, url) VALUES ('fabian-marta', 'https://www.riverfronttimes.com/news/hartmann-st-louis-sugar-daddy-fabian-martas-kidnapping-arrest-draws-attention-40616554');
INSERT INTO sources (person_id, url) VALUES ('fabian-marta', 'https://www.thestatesman.com/world/who-is-fabian-marta-man-behind-sound-of-freedom-charged-with-child-kidnapping-1503208650.html');
INSERT INTO sources (person_id, url) VALUES ('fabian-marta', 'https://www.thedailybeast.com/fabian-marta-financier-of-qanon-esque-child-trafficking-film-is-arrested-for-child-kidnapping');
INSERT INTO sources (person_id, url) VALUES ('fabian-marta', 'https://www.courts.mo.gov/cnet/cases/newHeader.do?inputVO.caseNumber=2322-CR01608&amp;inputVO.courtId=CT22#charges');
INSERT OR REPLACE INTO people (id, name, status, level, state, office, crime_description, summary, still_in_office, offense_year, conviction_year, event_date) VALUES ('justin-r-barron', 'Justin R. Barron', 'charged', 'adjacent', 'TN', '', 'Child Molestation', 'Justin Russell Barron was a firefighter in Lewisburg, Tennessee. In September, 2021, the Tennessee Bureau of Investigation, received a complaint that he sexually assaulted a child.', NULL, NULL, NULL, '2023-08-23');
INSERT INTO crime_types (person_id, crime_type) VALUES ('justin-r-barron', 'child-molestation');
INSERT INTO sources (person_id, url) VALUES ('justin-r-barron', 'https://goppredators.wordpress.com/2023/09/11/1140-justin-r-barron/');
INSERT INTO sources (person_id, url) VALUES ('justin-r-barron', 'https://www.wsmv.com/2023/08/23/tennessee-firefighter-charged-with-raping-child-tbi-says/');
INSERT INTO sources (person_id, url) VALUES ('justin-r-barron', 'https://tbinewsroom.com/2023/08/23/marshall-county-man-charged-with-sexual-battery-rape-of-a-child/');
INSERT INTO sources (person_id, url) VALUES ('justin-r-barron', 'https://t.co/RdTUu6Rpo4');
INSERT OR REPLACE INTO people (id, name, status, level, state, office, crime_description, summary, still_in_office, offense_year, conviction_year, event_date) VALUES ('franklin-joseph-perkins', 'Franklin Joseph Perkins', 'charged', 'adjacent', 'TX', 'Coach', 'Child Sexual Abuse Material', 'Franklin Joseph Perkins Franklin Joseph Perkins is a former Eagle Scout leader, Martial Arts instructor , and gymnastics and cheerleading coach in Alvin, Texas . He was arrested for possession of Child Sexual Abuse Material.', NULL, NULL, NULL, NULL);
INSERT INTO crime_types (person_id, crime_type) VALUES ('franklin-joseph-perkins', 'csam');
INSERT INTO crime_types (person_id, crime_type) VALUES ('franklin-joseph-perkins', 'assault');
INSERT INTO sources (person_id, url) VALUES ('franklin-joseph-perkins', 'https://goppredators.wordpress.com/2023/09/11/1139-joseph-perkins/');
INSERT INTO sources (person_id, url) VALUES ('franklin-joseph-perkins', 'https://www.kswalvin.com/instructors');
INSERT INTO sources (person_id, url) VALUES ('franklin-joseph-perkins', 'https://publicaccess.galvestoncountytx.gov/PublicAccess/Search.aspx?ID=300');
INSERT INTO sources (person_id, url) VALUES ('franklin-joseph-perkins', 'https://www.click2houston.com/news/local/2023/08/24/alvin-area-martial-arts-gymnastics-coach-arrested-on-child-pornography-charges/');
INSERT INTO sources (person_id, url) VALUES ('franklin-joseph-perkins', 'https://www.fox26houston.com/news/galveston-county-crime-alvin-area-coach-charged-after-child-pornography-was-found-in-a-home');
INSERT INTO sources (person_id, url) VALUES ('franklin-joseph-perkins', 'https://publicaccess.galvestoncountytx.gov/PublicAccess/CaseDocuments.aspx');
INSERT OR REPLACE INTO people (id, name, status, level, state, office, crime_description, summary, still_in_office, offense_year, conviction_year, event_date) VALUES ('antonio-capilupi', 'Antonio Capilupi', 'charged', 'adjacent', 'FL', '', 'Child Sexual Abuse Material/Soliciting a Minor', 'Antonio Capilupi was a high school teacher in Martin County, Florida. He solicited explicit pictures from one of the students at the high school since December 2022.', NULL, NULL, NULL, NULL);
INSERT INTO crime_types (person_id, crime_type) VALUES ('antonio-capilupi', 'csam');
INSERT INTO crime_types (person_id, crime_type) VALUES ('antonio-capilupi', 'assault');
INSERT INTO crime_types (person_id, crime_type) VALUES ('antonio-capilupi', 'solicitation');
INSERT INTO sources (person_id, url) VALUES ('antonio-capilupi', 'https://goppredators.wordpress.com/2023/09/11/1138-antonio-capilupi/');
INSERT INTO sources (person_id, url) VALUES ('antonio-capilupi', 'https://www.wpbf.com/article/florida-former-martin-county-teacher-held-on-stuart-1-million-bail/44912968');
INSERT INTO sources (person_id, url) VALUES ('antonio-capilupi', 'https://www.tcpalm.com/story/news/crime/martin-county/2023/08/25/mc-teacher-antonio-capilupi-faces-solicitation-child-porn-charges/70672419007/');
INSERT INTO sources (person_id, url) VALUES ('antonio-capilupi', 'https://court.martinclerk.com/Home.aspx/Search');
INSERT OR REPLACE INTO people (id, name, status, level, state, office, crime_description, summary, still_in_office, offense_year, conviction_year, event_date) VALUES ('alexander-kenoyer', 'Alexander Kenoyer', 'convicted', 'adjacent', 'CO', 'Judge', 'Coercion', 'Alexander Kenoyer Alexander Kenoyer was a police detective in Cripple Creek, Colorado. He was accused of coercing a sex trafficking victim to have sex with him.', NULL, NULL, NULL, '2023-09-04');
INSERT INTO crime_types (person_id, crime_type) VALUES ('alexander-kenoyer', 'other');
INSERT INTO sources (person_id, url) VALUES ('alexander-kenoyer', 'https://goppredators.wordpress.com/2023/09/10/1137-alexander-kenoyer/');
INSERT INTO sources (person_id, url) VALUES ('alexander-kenoyer', 'https://gazette.com/pikespeakcourier/news/cripple-creek-detective-pleads-guilty-in-sex-case/article_3eb46714-0ace-11ee-b875-6bb87433b480.html');
INSERT INTO sources (person_id, url) VALUES ('alexander-kenoyer', 'https://www.fox21news.com/news/crime/victim-breaks-silence-on-sexual-misconduct-case-involving-cripple-creek-detective/');
INSERT OR REPLACE INTO people (id, name, status, level, state, office, crime_description, summary, still_in_office, offense_year, conviction_year, event_date) VALUES ('scott-d-owen', 'Scott D. Owen', 'alleged', 'adjacent', 'UT', '', 'Sexual Assault', 'Scott D. Owen (UT): Sexual Assault.', NULL, NULL, NULL, NULL);
INSERT INTO crime_types (person_id, crime_type) VALUES ('scott-d-owen', 'assault');
INSERT INTO sources (person_id, url) VALUES ('scott-d-owen', 'https://goppredators.wordpress.com/2026/03/13/1136-scott-d-owen/');
INSERT OR REPLACE INTO people (id, name, status, level, state, office, crime_description, summary, still_in_office, offense_year, conviction_year, event_date) VALUES ('amanda-buchanan-justice', 'Amanda Buchanan Justice', 'charged', 'adjacent', 'NC', 'Pastor', 'Child Molestation', 'Amanda Buchanan Justice Amanda Buchanan Justice was a youth pastor at New Life Family Worship Center in King''s Mountain, NC where he husband is pastor. She has been arrested for the sexual assault of a minor.', NULL, NULL, NULL, '2023-08-07');
INSERT INTO crime_types (person_id, crime_type) VALUES ('amanda-buchanan-justice', 'child-molestation');
INSERT INTO sources (person_id, url) VALUES ('amanda-buchanan-justice', 'https://goppredators.wordpress.com/2023/09/10/1135-amanda-justice/');
INSERT INTO sources (person_id, url) VALUES ('amanda-buchanan-justice', 'https://www.yahoo.com/lifestyle/35-old-former-church-youth-222008362.html?guccounter=1');
INSERT INTO sources (person_id, url) VALUES ('amanda-buchanan-justice', 'https://www.shelbystar.com/story/news/2023/08/04/former-kings-mountain-youth-leader-charged-with-child-sexual-offenses/70525114007/');
INSERT OR REPLACE INTO people (id, name, status, level, state, office, crime_description, summary, still_in_office, offense_year, conviction_year, event_date) VALUES ('joshua-harris', 'Joshua Harris', 'convicted', 'local', 'MT', 'Sheriff Deputy', 'Rape, Incest', 'Joshua Harris Joshua Harris was a deputy sheriff in Wibaux County, Montana. In November, 2022, he was arrested and charged with eight counts of incest, two counts of sexual assault, and one count of sexual intercourse without consent.', NULL, NULL, NULL, NULL);
INSERT INTO crime_types (person_id, crime_type) VALUES ('joshua-harris', 'rape');
INSERT INTO crime_types (person_id, crime_type) VALUES ('joshua-harris', 'incest');
INSERT INTO sources (person_id, url) VALUES ('joshua-harris', 'https://goppredators.wordpress.com/2023/09/09/1134-joshua-harris/');
INSERT INTO sources (person_id, url) VALUES ('joshua-harris', 'https://www.falloncountytimes.com/articles/former-wibaux-county-deputy-sheriff-arrested/');
INSERT INTO sources (person_id, url) VALUES ('joshua-harris', 'https://www.rangerreview.com/news/ag-s-office-secures-guilty-plea-from-former-deputy-sheriff-in-child-sexual-abuse-case/article_2764d39a-315d-11ee-b9f7-a7cb19484f3f.html');
INSERT INTO sources (person_id, url) VALUES ('joshua-harris', 'https://courts.mt.gov/Courts/portals');
INSERT OR REPLACE INTO people (id, name, status, level, state, office, crime_description, summary, still_in_office, offense_year, conviction_year, event_date) VALUES ('bob-young', 'Bob Young', 'charged', 'state', 'OH', 'State Representative', 'Familial Violence', 'Bob Young Bob Young is a Republican state representative in Ohio. In July, he was indicted on two misdemeanor charges of domestic violence and another misdemeanor charge of assault.', NULL, NULL, NULL, '2023-10-02');
INSERT INTO crime_types (person_id, crime_type) VALUES ('bob-young', 'other');
INSERT INTO sources (person_id, url) VALUES ('bob-young', 'https://goppredators.wordpress.com/2023/09/09/1133-bob-young/');
INSERT INTO sources (person_id, url) VALUES ('bob-young', 'https://ohiocapitaljournal.com/2023/07/19/i-acted-poorly-ohio-rep-bob-young-indicted-by-grand-jury-on-domestic-violence-charges/');
INSERT INTO sources (person_id, url) VALUES ('bob-young', 'https://www.cleveland.com/crime/2023/08/gop-house-member-from-summit-county-arrested-again-accused-of-violating-protection-order.html');
INSERT INTO sources (person_id, url) VALUES ('bob-young', 'https://www.10tv.com/article/news/local/bob-young-ohio-house-rep-stripped-of-leadership-role-after-arrest/530-e5216756-6a52-47e2-85b9-8aba74816b30');
INSERT INTO sources (person_id, url) VALUES ('bob-young', 'https://www.10tv.com/article/news/local/bob-young-will-resign-after-domestic-violence-arrests-ohio/530-c0ae484e-30db-4f98-ac69-d4a2d5ee1ef6');
INSERT OR REPLACE INTO people (id, name, status, level, state, office, crime_description, summary, still_in_office, offense_year, conviction_year, event_date) VALUES ('kyle-nelson-robinson', 'Kyle Nelson Robinson', 'charged', 'local', 'FL', 'Pastor', 'Child Molestation', 'Kyle Robinson Kyle Nelson Robinson was the pastor of the First Baptist Church of Indialantic. He is a graduate of Liberty University, an reactionary Baptist University.', NULL, NULL, NULL, NULL);
INSERT INTO crime_types (person_id, crime_type) VALUES ('kyle-nelson-robinson', 'child-molestation');
INSERT INTO sources (person_id, url) VALUES ('kyle-nelson-robinson', 'https://goppredators.wordpress.com/2023/09/09/1132-kyle-nelson-robinson/');
INSERT INTO sources (person_id, url) VALUES ('kyle-nelson-robinson', 'https://thespacecoastrocket.com/local-pastor-of-first-baptist-church-of-indialantic-arrested-on-child-molestation-charges/');
INSERT INTO sources (person_id, url) VALUES ('kyle-nelson-robinson', 'https://www.wesh.com/article/indialantic-pastor-arrested/44756140');
INSERT INTO sources (person_id, url) VALUES ('kyle-nelson-robinson', 'https://vmatrix1.brevardclerk.us/beca/name_search.cfm');
INSERT OR REPLACE INTO people (id, name, status, level, state, office, crime_description, summary, still_in_office, offense_year, conviction_year, event_date) VALUES ('dakota-kennemer', 'Dakota Kennemer', 'charged', 'adjacent', 'ID', 'Pastor', 'Sexual Battery', 'Dakota Kennemer Dakota Kennemer was a youth pastor at Grace Baptist Church in Idaho Falls, ID. He is being investigated for an inappropriate relationship with a minor from 2019 to 2022.', NULL, NULL, NULL, NULL);
INSERT INTO crime_types (person_id, crime_type) VALUES ('dakota-kennemer', 'rape');
INSERT INTO crime_types (person_id, crime_type) VALUES ('dakota-kennemer', 'assault');
INSERT INTO sources (person_id, url) VALUES ('dakota-kennemer', 'https://goppredators.wordpress.com/2023/09/09/1131-dakota-kennemer/');
INSERT INTO sources (person_id, url) VALUES ('dakota-kennemer', 'https://www.kmvt.com/2023/08/04/former-twin-falls-youth-pastor-indicted-felony-charges/');
INSERT INTO sources (person_id, url) VALUES ('dakota-kennemer', 'https://www.idahostatejournal.com/news/crimes_court/former-youth-pastor-charged-with-sexual-battery-for-allegedly-fondling-girl/article_74ec6224-2454-11ee-adf4-4bd871e56050.html');
INSERT INTO sources (person_id, url) VALUES ('dakota-kennemer', 'https://mycourts.idaho.gov/odysseyportal/Home/Dashboard/29');
INSERT OR REPLACE INTO people (id, name, status, level, state, office, crime_description, summary, still_in_office, offense_year, conviction_year, event_date) VALUES ('boris-epshteyn', 'Boris Epshteyn', 'convicted', 'adjacent', 'NJ', '', 'Sexual Battery', 'Boris Epshteyn Boris Epshteyn is a Republican Party political strategist who was an advisor for former President Trump''s campaign and continues to advise Trump post-presidency. In 2021, he was arrested for groping two women and was charged with battery and attempted sexual abuse.', NULL, NULL, NULL, '2023-08-12');
INSERT INTO crime_types (person_id, crime_type) VALUES ('boris-epshteyn', 'rape');
INSERT INTO crime_types (person_id, crime_type) VALUES ('boris-epshteyn', 'assault');
INSERT INTO sources (person_id, url) VALUES ('boris-epshteyn', 'https://goppredators.wordpress.com/2023/09/08/1130-boris-epshteyn/');
INSERT INTO sources (person_id, url) VALUES ('boris-epshteyn', 'https://www.nbcnews.com/politics/politics-news/bodycam-footage-shows-2021-arrest-top-trump-adviser-allegedly-groping-rcna99340');
INSERT INTO sources (person_id, url) VALUES ('boris-epshteyn', 'https://radaronline.com/p/trump-advisor-boris-epshteyn-body-cam-footage-of-alleged-assault/');
INSERT INTO sources (person_id, url) VALUES ('boris-epshteyn', 'https://infoweb-newsbank-com.proxy.multcolib.org/apps/news/browse-pub?p=AMNEWS&amp;t=pubname%3AODDN-EEDT%21Dayton%2BDaily%2BNews%2B%2528OH%2529&amp;action=browse');
INSERT OR REPLACE INTO people (id, name, status, level, state, office, crime_description, summary, still_in_office, offense_year, conviction_year, event_date) VALUES ('bob-stine', 'Bob Stine', 'charged', 'adjacent', 'WI', 'Pastor', 'Child Sexual Abuse', 'Bob Stine was the pastor of Midvale Baptist Church in Madison, Wisconsin. He is also a former president of the Minnesota and Wisconsin Baptist Association.', NULL, NULL, NULL, NULL);
INSERT INTO crime_types (person_id, crime_type) VALUES ('bob-stine', 'assault');
INSERT INTO sources (person_id, url) VALUES ('bob-stine', 'https://goppredators.wordpress.com/2023/09/08/1129-bob-stine/');
INSERT INTO sources (person_id, url) VALUES ('bob-stine', 'https://www.channel3000.com/news/she-thought-it-had-been-her-fault-madison-pastor-charged-with-sexually-assaulting-young-girl/article_5d6fddde-3d49-11ee-a71b-f332c6de0680.html');
INSERT INTO sources (person_id, url) VALUES ('bob-stine', 'https://www.wkow.com/news/5k-bail-set-for-former-pastor-accused-of-sexually-assaulting-child/article_ec69ea7a-42c1-11ee-9e50-ab464f44fe73.html');
INSERT INTO sources (person_id, url) VALUES ('bob-stine', 'https://religionnews.com/2023/08/01/former-president-of-baptist-state-convention-under-investigation-for-alleged-abuse/');
INSERT INTO sources (person_id, url) VALUES ('bob-stine', 'https://wcca.wicourts.gov/caseDetail.html?caseNo=2023CF002146&amp;countyNo=13&amp;index=0&amp;mode=details');
INSERT OR REPLACE INTO people (id, name, status, level, state, office, crime_description, summary, still_in_office, offense_year, conviction_year, event_date) VALUES ('tivo-mccrary', 'Tivo McCrary', 'alleged', 'adjacent', 'IL', '', 'Inappropriate Contact with a Minor', 'Tivo McCrary (IL): Inappropriate Contact with a Minor.', NULL, NULL, NULL, NULL);
INSERT INTO crime_types (person_id, crime_type) VALUES ('tivo-mccrary', 'grooming');
INSERT INTO sources (person_id, url) VALUES ('tivo-mccrary', 'https://goppredators.wordpress.com/2026/03/13/1128-tivo-mccrary/');
INSERT OR REPLACE INTO people (id, name, status, level, state, office, crime_description, summary, still_in_office, offense_year, conviction_year, event_date) VALUES ('edward-ed-wonnacott', 'Edward (Ed) Wonnacott', 'charged', 'adjacent', 'AR', '', 'Child Sexual Abuse Material', 'Edward (Ed) Wonnacott was a group leader at Celebrate Recovery Church in Rogers, Arkansas. In August he was arrested for possession of Child Sexual Abuse Material.', NULL, NULL, NULL, '2023-08-22');
INSERT INTO crime_types (person_id, crime_type) VALUES ('edward-ed-wonnacott', 'csam');
INSERT INTO crime_types (person_id, crime_type) VALUES ('edward-ed-wonnacott', 'assault');
INSERT INTO sources (person_id, url) VALUES ('edward-ed-wonnacott', 'https://goppredators.wordpress.com/2023/09/08/1127-ed-wonnacott/');
INSERT INTO sources (person_id, url) VALUES ('edward-ed-wonnacott', 'https://www.nwahomepage.com/news/springdale-man-arrested-on-13-counts-of-child-porn/');
INSERT INTO sources (person_id, url) VALUES ('edward-ed-wonnacott', 'https://www.arkansasonline.com/news/2023/aug/18/five-people-arrested-on-various-charges-in/');
INSERT INTO sources (person_id, url) VALUES ('edward-ed-wonnacott', 'https://t.co/33RdyOrPbS');
INSERT OR REPLACE INTO people (id, name, status, level, state, office, crime_description, summary, still_in_office, offense_year, conviction_year, event_date) VALUES ('jeff-thomas', 'Jeff Thomas', 'convicted', 'state', 'PA', '', 'Sexual Assault', 'Jeff Thomas Jeff Thomas was the Republican District Attorney in Somerset County, Pennsylvania. He was found guilty of strangulation during sexual violence, criminal trespass, unlawful restraint, indecent assault (lack of consent), false imprisonment, and simple assault.', NULL, NULL, NULL, '2023-03-08');
INSERT INTO crime_types (person_id, crime_type) VALUES ('jeff-thomas', 'assault');
INSERT INTO sources (person_id, url) VALUES ('jeff-thomas', 'https://goppredators.wordpress.com/2023/09/08/1126-jeff-thomas/');
INSERT INTO sources (person_id, url) VALUES ('jeff-thomas', 'https://www.wtae.com/article/closing-arguments-begin-in-trial-of-somerset-county-da-jeffrey-thomas/43338288');
INSERT INTO sources (person_id, url) VALUES ('jeff-thomas', 'https://www.attorneygeneral.gov/taking-action/former-somerset-county-da-sentenced-to-state-prison-for-indecent-assault-and-strangulation/');
INSERT OR REPLACE INTO people (id, name, status, level, state, office, crime_description, summary, still_in_office, offense_year, conviction_year, event_date) VALUES ('ryan-kissell', 'Ryan Kissell', 'charged', 'adjacent', 'IA', 'Coach', 'Child Sexual Abuse', 'Ryan Kissell Ryan Kissell was a special education teacher and football coach at Nodaway Valley Community School District in Greenfield, Iowa. He lived in Creston, 22 miles south.', NULL, NULL, NULL, '2023-08-16');
INSERT INTO crime_types (person_id, crime_type) VALUES ('ryan-kissell', 'assault');
INSERT INTO sources (person_id, url) VALUES ('ryan-kissell', 'https://goppredators.wordpress.com/2023/09/07/1125-ryan-kissell/');
INSERT INTO sources (person_id, url) VALUES ('ryan-kissell', 'https://www.desmoinesregister.com/story/news/crime-and-courts/2023/08/16/iowa-high-school-football-coach-ryan-kissell-nodaway-valley-arrested-child-sex-abuse-lascivious-acts/70606706007/');
INSERT INTO sources (person_id, url) VALUES ('ryan-kissell', 'https://www.crestonnews.com/news/local/2023/08/17/coach-charged-with-46-child-sex-abuse-felonies/');
INSERT OR REPLACE INTO people (id, name, status, level, state, office, crime_description, summary, still_in_office, offense_year, conviction_year, event_date) VALUES ('joel-womochil', 'Joel Womochil', 'convicted', 'adjacent', 'KS', '', 'Child Sexual Abuse Material', 'Joel Justice Womochil was the Chief of Police in Burns, Kansas until he resigned a few days before his arrest for possession of Child Sexual Abuse Material. He was charged with thirteen felony counts.', NULL, NULL, NULL, NULL);
INSERT INTO crime_types (person_id, crime_type) VALUES ('joel-womochil', 'csam');
INSERT INTO crime_types (person_id, crime_type) VALUES ('joel-womochil', 'assault');
INSERT INTO sources (person_id, url) VALUES ('joel-womochil', 'https://goppredators.wordpress.com/2023/09/07/1124-joel-womochil/');
INSERT INTO sources (person_id, url) VALUES ('joel-womochil', 'https://amp.kansas.com/news/local/crime/article278337259.html');
INSERT INTO sources (person_id, url) VALUES ('joel-womochil', 'https://www.kwch.com/2023/08/16/former-burns-police-chief-arrested-child-sex-crimes/');
INSERT INTO sources (person_id, url) VALUES ('joel-womochil', 'https://www.thedailybeast.com/tiktok-famous-police-chief-joel-womochil-swapped-incest-vids-on-secret-twitter-account-feds?ref=home');
INSERT INTO sources (person_id, url) VALUES ('joel-womochil', 'https://www.documentcloud.org/documents/24022173-womochil');
INSERT INTO sources (person_id, url) VALUES ('joel-womochil', 'https://www.kansas.com/news/local/crime/article303120899.html');
INSERT OR REPLACE INTO people (id, name, status, level, state, office, crime_description, summary, still_in_office, offense_year, conviction_year, event_date) VALUES ('dan-waddington', 'Dan Waddington', 'charged', 'adjacent', 'UT', 'Police Officer', 'Child Sexual Abuse Material', 'Daniel Waddington Daniel Waddington is a former police officer and a former Department of Homeland Security employee. Until recently, he was a Utah Valley University adjunct professor of Criminal Justice.', NULL, NULL, NULL, '2023-08-03');
INSERT INTO crime_types (person_id, crime_type) VALUES ('dan-waddington', 'csam');
INSERT INTO crime_types (person_id, crime_type) VALUES ('dan-waddington', 'assault');
INSERT INTO sources (person_id, url) VALUES ('dan-waddington', 'https://goppredators.wordpress.com/2023/09/07/1123-daniel-waddington/');
INSERT INTO sources (person_id, url) VALUES ('dan-waddington', 'https://www.abc4.com/news/wasatch-front/former-officer-uvu-professor-of-criminal-justice-arrested-for-child-porn/');
INSERT INTO sources (person_id, url) VALUES ('dan-waddington', 'https://www.ksl.com/article/50706495/utah-man-with-long-law-enforcement-background-charged-for-alleged-voyeuristic-videos-');
INSERT INTO sources (person_id, url) VALUES ('dan-waddington', 'https://www.utcourts.gov/en/court-records-publications/records/xchange.html');
INSERT OR REPLACE INTO people (id, name, status, level, state, office, crime_description, summary, still_in_office, offense_year, conviction_year, event_date) VALUES ('jose-tirado', 'Jose Tirado', 'charged', 'local', 'FL', 'Police Officer', 'Abetting Child Trafficking', 'Jose Tirado''s picture on warrant Jose Tirado was a Seminole County Deputy until they learned he was using his access to investigation information to warn people that were on their way to meet a police officer who pretended to be an underage girl online so they could avoid being caught soliciting a m', NULL, NULL, NULL, '2023-07-30');
INSERT INTO crime_types (person_id, crime_type) VALUES ('jose-tirado', 'trafficking');
INSERT INTO sources (person_id, url) VALUES ('jose-tirado', 'https://goppredators.wordpress.com/2023/09/06/1122-jose-tirado/');
INSERT INTO sources (person_id, url) VALUES ('jose-tirado', 'https://www.yahoo.com/lifestyle/she-fake-dude-seminole-county-214340896.html');
INSERT INTO sources (person_id, url) VALUES ('jose-tirado', 'https://www.seminolesheriff.org/output/mediareports/14221/SCSO%20Detective%20Arrested%20on%2015%20Felony%20Charges.pdf');
INSERT INTO sources (person_id, url) VALUES ('jose-tirado', 'https://courtrecords.seminoleclerk.org/criminal/crim_details.aspx?d=lUKIOhPREWKilL0V6FvSuw%3d%3d');
INSERT OR REPLACE INTO people (id, name, status, level, state, office, crime_description, summary, still_in_office, offense_year, conviction_year, event_date) VALUES ('brian-heck', 'Brian Heck', 'charged', 'local', 'MT', 'School Board Member', 'Trafficking', 'Brian Edward Heck Brian Heck was a school board member in Belgrade, MT. He ran as a parents-rights candidate striving to keep out progressive ideas.', NULL, NULL, NULL, '2023-09-06');
INSERT INTO crime_types (person_id, crime_type) VALUES ('brian-heck', 'trafficking');
INSERT INTO sources (person_id, url) VALUES ('brian-heck', 'https://goppredators.wordpress.com/2023/09/06/1121-brian-heck/');
INSERT INTO sources (person_id, url) VALUES ('brian-heck', 'https://www.belgrade-news.com/townnews/school/brian-heck/article_95e5d16d-db5a-5dab-8e46-d3a08f4f2886.html');
INSERT INTO sources (person_id, url) VALUES ('brian-heck', 'https://dcportal.pubcourts.mt.gov/fullcourtweb/mvc/offenses/129961/564275');
INSERT INTO sources (person_id, url) VALUES ('brian-heck', 'https://nbcmontana.com/news/local/18-arrested-charged-after-human-trafficking-investigation#');
INSERT INTO sources (person_id, url) VALUES ('brian-heck', 'https://www.ktvq.com/news/crime-watch/among-18-arrested-in-bozeman-prostitution-sting-school-trustee-and-football-coach');
INSERT OR REPLACE INTO people (id, name, status, level, state, office, crime_description, summary, still_in_office, offense_year, conviction_year, event_date) VALUES ('lawrence-fourkiller', 'Lawrence Fourkiller', 'charged', 'adjacent', 'OK', 'Teacher', 'Child Sexual Abuse', 'Lawrence Fourkiller Lawrence Fourkiller was a teacher in Stillwell Elementary in Oklahoma. Stillwell is in the territory of the Cherokee nation, thus part of Indian Country , which means he can only be prosecuted by federal or tribal law enforcement, not local or county courts.', NULL, NULL, NULL, NULL);
INSERT INTO crime_types (person_id, crime_type) VALUES ('lawrence-fourkiller', 'assault');
INSERT INTO sources (person_id, url) VALUES ('lawrence-fourkiller', 'https://goppredators.wordpress.com/2023/09/05/1120-lawrence-fourkiller/');
INSERT INTO sources (person_id, url) VALUES ('lawrence-fourkiller', 'https://www.justice.gov/usao-ndok/indian-country#:~:text=In%20the%20Northern%20District%20of%20Oklahoma%2C%20Indian%20Country%20includes%20the,the%20Northern%20District%20of%20Oklahoma.');
INSERT INTO sources (person_id, url) VALUES ('lawrence-fourkiller', 'https://www.stilwelldemocrat.com/news/former-stilwell-teacher-indicted-on-federal-child-sexual-abuse-charges/article_ba54ed4c-1c1e-11ee-9ac7-4bd6fe2a23a4.html');
INSERT INTO sources (person_id, url) VALUES ('lawrence-fourkiller', 'https://tulsaworld.com/news/state-regional/crime-courts/fbi-former-stilwell-teacher-accused-of-sexually-abusing-students/article_864f88a6-1c1c-11ee-944a-8be2eeb0034c.html');
INSERT INTO sources (person_id, url) VALUES ('lawrence-fourkiller', 'https://www.fox23.com/news/stilwell-community-members-react-to-multiple-sex-abuse-charges-of-former-elementary-school-teacher/article_31c22736-1d33-11ee-9c73-13c394928dba.html');
INSERT INTO sources (person_id, url) VALUES ('lawrence-fourkiller', 'https://www.fox23.com/news/local/stilwell-man-believes-he-may-be-one-of-accused-child-abusers-first-victims-over-20/article_a715ee6a-2697-11ee-a42d-2fade1a26426.html');
INSERT OR REPLACE INTO people (id, name, status, level, state, office, crime_description, summary, still_in_office, offense_year, conviction_year, event_date) VALUES ('benjamin-yu', 'Benjamin Yu', 'convicted', 'adjacent', 'CA', 'City Councilmember', 'Child Abuse', 'Benjamin Yu, Republican City Councilman in Lake Forest, California. He was charged with corporal injury on June 27th and false imprisonment on July 7th.', NULL, NULL, NULL, '2023-09-09');
INSERT INTO crime_types (person_id, crime_type) VALUES ('benjamin-yu', 'other');
INSERT INTO sources (person_id, url) VALUES ('benjamin-yu', 'https://goppredators.wordpress.com/2023/09/05/1119-benjamin-yu/');
INSERT INTO sources (person_id, url) VALUES ('benjamin-yu', 'https://www.ocregister.com/2023/07/21/lake-forest-councilmember-benjamin-yu-arrested-on-suspicion-of-domestic-violence/');
INSERT INTO sources (person_id, url) VALUES ('benjamin-yu', 'https://mynewsla.com/crime/2023/07/21/lake-forest-city-councilman-faces-domestic-violence-misdemeanors/');
INSERT INTO sources (person_id, url) VALUES ('benjamin-yu', 'https://www.ocregister.com/2023/07/21/lake-forest-councilmember-benjamin-yu-arrested-on-suspicion-of-domestic-violence/?share=facebook&amp;nb=1');
INSERT OR REPLACE INTO people (id, name, status, level, state, office, crime_description, summary, still_in_office, offense_year, conviction_year, event_date) VALUES ('cole-wagner', 'Cole Wagner', 'charged', 'state', 'AL', '', 'Child Sexual Abuse', 'Cole Wagner Marty DeCole (Cole) Wagner is a former employee of the Alabama Department of Education. He was active in the Young Republicans.', NULL, NULL, NULL, '2023-07-26');
INSERT INTO crime_types (person_id, crime_type) VALUES ('cole-wagner', 'assault');
INSERT INTO sources (person_id, url) VALUES ('cole-wagner', 'https://goppredators.wordpress.com/2023/09/04/1118-cole-wagner/');
INSERT INTO sources (person_id, url) VALUES ('cole-wagner', 'http://southerntorch.com/community/young-republicans-hosting-crawfish-boil-fundraiser-fort-payne-tomorrow/');
INSERT INTO sources (person_id, url) VALUES ('cole-wagner', 'https://www.alreporter.com/2023/07/21/ed-dept-employee-former-chair-of-anti-abortion-group-arrested-for-child-sex-abuse/');
INSERT INTO sources (person_id, url) VALUES ('cole-wagner', 'https://ca.news.yahoo.com/alabama-anti-abortion-advocate-charged-190424945.html');
INSERT OR REPLACE INTO people (id, name, status, level, state, office, crime_description, summary, still_in_office, offense_year, conviction_year, event_date) VALUES ('ferrell-kissiar', 'Ferrell Kissiar', 'convicted', 'adjacent', 'IL', 'Pastor', 'Child Sexual Abuse Material', 'Ferrell Kissiar (IL): Child Sexual Abuse Material.', NULL, NULL, 2023, '2023-08-09');
INSERT INTO crime_types (person_id, crime_type) VALUES ('ferrell-kissiar', 'csam');
INSERT INTO crime_types (person_id, crime_type) VALUES ('ferrell-kissiar', 'assault');
INSERT INTO sources (person_id, url) VALUES ('ferrell-kissiar', 'https://goppredators.wordpress.com/2023/09/04/1117-ferrell-kissiar/');
INSERT INTO sources (person_id, url) VALUES ('ferrell-kissiar', 'https://www.wmix94.com/2023/07/07/former-patoka-pastor-set-to-change-plea-in-child-porn-ring-case/');
INSERT INTO sources (person_id, url) VALUES ('ferrell-kissiar', 'https://www.leaderunion.com/2023/07/24/kissiar-pleads-guilty-sentenced-to-30-years-for-child-porn-ring-felonies/');
INSERT OR REPLACE INTO people (id, name, status, level, state, office, crime_description, summary, still_in_office, offense_year, conviction_year, event_date) VALUES ('ray-uttaro', 'Ray Uttaro', 'charged', 'local', 'VA', '', 'Rape, Child Sexual Abuse', 'Raymond Uttaro Raymond Uttaro worked for Nelson County Sheriff''s Office in Virginia as a jailer and a D.A.R.E. officer.', NULL, NULL, NULL, NULL);
INSERT INTO crime_types (person_id, crime_type) VALUES ('ray-uttaro', 'rape');
INSERT INTO crime_types (person_id, crime_type) VALUES ('ray-uttaro', 'assault');
INSERT INTO sources (person_id, url) VALUES ('ray-uttaro', 'https://goppredators.wordpress.com/2023/09/04/1116-ray-uttaro/');
INSERT INTO sources (person_id, url) VALUES ('ray-uttaro', 'https://wset.com/news/local/nelson-county-man-raymond-uttaro-arrested-on-dozens-of-crimes-including-rape-and-child-sexual-abuse-sheriffs-office-july-2023');
INSERT INTO sources (person_id, url) VALUES ('ray-uttaro', 'https://wina.com/news/064460-nelson-county-man-facing-long-list-of-charges-in-child-sexual-assault-investigation/');
INSERT OR REPLACE INTO people (id, name, status, level, state, office, crime_description, summary, still_in_office, offense_year, conviction_year, event_date) VALUES ('scott-saunders-jr', 'Scott Saunders, Jr', 'convicted', 'local', 'TX', 'Mayor', 'Child Sexual Assault', 'Scott Saunders, Jr (TX): Child Sexual Assault.', NULL, NULL, NULL, '2021-07-01');
INSERT INTO crime_types (person_id, crime_type) VALUES ('scott-saunders-jr', 'assault');
INSERT INTO sources (person_id, url) VALUES ('scott-saunders-jr', 'https://goppredators.wordpress.com/2023/09/03/1115-scott-saunders-jr/');
INSERT INTO sources (person_id, url) VALUES ('scott-saunders-jr', 'https://publicsite.dps.texas.gov/SexOffenderRegistry/Search/Rapsheet?Sid=11127881');
INSERT INTO sources (person_id, url) VALUES ('scott-saunders-jr', 'https://www.fox7austin.com/news/former-smithville-texas-mayor-scott-saunders-jr-sexual-assault-charges');
INSERT INTO sources (person_id, url) VALUES ('scott-saunders-jr', 'https://infoweb-newsbank-com.proxy.multcolib.org/apps/news/document-view?p=AMNEWS&amp;t=state%3ATX%21USA%2B-%2BTexas&amp;sort=YMD_date%3AD&amp;fld-base-0=alltext&amp;maxresults=20&amp;val-base-0=scott%20adj%20saunders&amp;docref=image/v2%3A16F275EA2D996A88%40AWNB-18367D67C6C521B0%402459397-1836E8A9506CA3F9%4079-1836E8A9506CA3F9%40');
INSERT INTO sources (person_id, url) VALUES ('scott-saunders-jr', 'https://infoweb-newsbank-com.proxy.multcolib.org/apps/news/browse-pub?p=AMNEWS&amp;t=pubname%3ATAAS-EEDT%21Austin%2BAmerican-Statesman%2B%2528TX%2529&amp;action=browse');
INSERT OR REPLACE INTO people (id, name, status, level, state, office, crime_description, summary, still_in_office, offense_year, conviction_year, event_date) VALUES ('michael-james-shover', 'Michael James Shover', 'alleged', 'adjacent', 'IA', 'Pastor', 'Enabling', 'Michael James Shover is the pastor at Pella''s Christ the Redeemer Church. He was at the Iowa State Capitol.', NULL, NULL, NULL, NULL);
INSERT INTO crime_types (person_id, crime_type) VALUES ('michael-james-shover', 'enablement');
INSERT INTO sources (person_id, url) VALUES ('michael-james-shover', 'https://goppredators.wordpress.com/2023/09/03/1114-michael-james-shover/');
INSERT INTO sources (person_id, url) VALUES ('michael-james-shover', 'https://littlevillagemag.com/abortion-ban-passes-iowa-legislature-after-seven-hour-debate/');
INSERT INTO sources (person_id, url) VALUES ('michael-james-shover', 'https://www.desmoinesregister.com/videos/news/politics/2023/07/12/pella-pastor-michael-shover-confronts-protesters-iowa-capitol-special-session-abortion-bill-debate/12241453002/');
INSERT OR REPLACE INTO people (id, name, status, level, state, office, crime_description, summary, still_in_office, offense_year, conviction_year, event_date) VALUES ('angela-leigh-stewart', 'Angela Leigh Stewart', 'charged', 'adjacent', 'FL', 'Teacher', 'Sexual Assault Special Needs Student', 'Angela Leigh Stewart Angela Leigh Stewart was a teacher at Lighthouse Christian School. She was arrested for inappropriate sexual conduct with an underage special needs child.', NULL, NULL, NULL, NULL);
INSERT INTO crime_types (person_id, crime_type) VALUES ('angela-leigh-stewart', 'assault');
INSERT INTO sources (person_id, url) VALUES ('angela-leigh-stewart', 'https://goppredators.wordpress.com/2023/09/01/1113-angela-stewart/');
INSERT INTO sources (person_id, url) VALUES ('angela-leigh-stewart', 'https://www.firstcoastnews.com/article/news/crime/nassau-county-teacher-arrested-in-jacksonville-for-alleged-lewd-conduct-with-student/77-ff0b6e04-fbf7-4576-9eca-6367d81d3f96');
INSERT INTO sources (person_id, url) VALUES ('angela-leigh-stewart', 'https://www.advocate.com/crime/christian-schools-arrest-sex-crimes');
INSERT INTO sources (person_id, url) VALUES ('angela-leigh-stewart', 'https://core.duvalclerk.com/CoreCms.aspx?mode=PublicAccess');
INSERT OR REPLACE INTO people (id, name, status, level, state, office, crime_description, summary, still_in_office, offense_year, conviction_year, event_date) VALUES ('stephanie-neipling', 'Stephanie Neipling', 'charged', 'state', 'AR', '', 'Child Rape', 'Stephanie Neipling Stephanie Neipling was the Associate Director of External Relations at the University of Arkansas System. It is a position that had her working closely with minor children in the 4-H program.', NULL, NULL, NULL, '2023-07-18');
INSERT INTO crime_types (person_id, crime_type) VALUES ('stephanie-neipling', 'rape');
INSERT INTO sources (person_id, url) VALUES ('stephanie-neipling', 'https://goppredators.wordpress.com/2023/08/19/1112-stephanie-neipling/');
INSERT INTO sources (person_id, url) VALUES ('stephanie-neipling', 'https://caseinfo.arcourts.gov/cconnect/PROD/public/ck_public_qry_main.cp_main_idx');
INSERT INTO sources (person_id, url) VALUES ('stephanie-neipling', 'https://katv.com/news/local/42-year-old-university-of-arkansas-teacher-arrested-on-a-sexual-assault-charge-arkansas-gov-former-asa-hutchinson-arkansas-state-chamber-of-commerce-stephanie-gueck-neipling-rogers-ark-sex-with-minor-snapchat-social-media-messaging-deputy-director');
INSERT INTO sources (person_id, url) VALUES ('stephanie-neipling', 'https://lawandcrime.com/crime/university-employee-admits-she-sexually-abused-a-juvenile-boy-while-watching-tv-at-a-friends-apartment-police/');
INSERT INTO sources (person_id, url) VALUES ('stephanie-neipling', 'https://www.nwaonline.com/news/2023/jul/18/rogers-woman-arrested-accused-of-having-sex-with/');
INSERT OR REPLACE INTO people (id, name, status, level, state, office, crime_description, summary, still_in_office, offense_year, conviction_year, event_date) VALUES ('terry-rudisill', 'Terry Rudisill', 'charged', 'local', 'NC', 'Pastor', 'Child Sexual Assault', 'Terry Rudisell Terry Rudisill was the pastor at Cornerstone Independent Baptist Church in Lincolnton, NC, He was arrested in July 2023 for two counts of statutory sex offense with a child and three counts of indecent liberties with a child. This was for assaults reported in 2016 when the victim was', NULL, NULL, NULL, NULL);
INSERT INTO crime_types (person_id, crime_type) VALUES ('terry-rudisill', 'assault');
INSERT INTO sources (person_id, url) VALUES ('terry-rudisill', 'https://goppredators.wordpress.com/2023/08/19/1111-terry-rudisill/');
INSERT INTO sources (person_id, url) VALUES ('terry-rudisill', 'https://www.wcnc.com/article/news/local/lincolnton/lincolnton-child-sex-crimes-charges-nc-local/275-6490df7c-7a16-4318-b81c-3c1ce87916ce');
INSERT INTO sources (person_id, url) VALUES ('terry-rudisill', 'https://www.wcnc.com/article/news/crime/lincolnton-man-charged/275-7ecb9b7e-3aef-417e-9b48-dde3085ff80e');
INSERT OR REPLACE INTO people (id, name, status, level, state, office, crime_description, summary, still_in_office, offense_year, conviction_year, event_date) VALUES ('michael-chayton-bullard', 'Michael Chayton Bullard', 'charged', 'adjacent', 'NC', '', 'Child Rape', 'Michael Chayton Bullard Michael Chayton Bullard of Whiteville, NC, was a firefighter at Nakina Fire & Rescue. He is alleged to have raped a 14-year-old girl on July 7, 2023.', NULL, NULL, NULL, '2023-07-07');
INSERT INTO crime_types (person_id, crime_type) VALUES ('michael-chayton-bullard', 'rape');
INSERT INTO sources (person_id, url) VALUES ('michael-chayton-bullard', 'https://goppredators.wordpress.com/2023/08/19/1110-michael-chayton-bullard/');
INSERT INTO sources (person_id, url) VALUES ('michael-chayton-bullard', 'https://www.whiteville-news.com/news-local/crimes/crimes-with-news-2023/sex-offender-2023/july-2023/michael-bullard.htm');
INSERT INTO sources (person_id, url) VALUES ('michael-chayton-bullard', 'https://www.wect.com/2023/07/12/columbus-county-man-charged-with-first-degree-rape-14-year-old/');
INSERT OR REPLACE INTO people (id, name, status, level, state, office, crime_description, summary, still_in_office, offense_year, conviction_year, event_date) VALUES ('scott-erickson', 'Scott Erickson', 'alleged', 'adjacent', 'FL', 'Pastor', 'Child Molestation', 'Scott Erickson Scott Erickson is the pastor of Redemption Church in Arcadia, Florida. He is under investigation for child sexual abuse after two minor children in two separate counties who did not know each other both reported that he groomed and sexually abused them.', NULL, NULL, NULL, NULL);
INSERT INTO crime_types (person_id, crime_type) VALUES ('scott-erickson', 'child-molestation');
INSERT INTO sources (person_id, url) VALUES ('scott-erickson', 'https://goppredators.wordpress.com/2023/07/30/1109-scott-erickson/');
INSERT INTO sources (person_id, url) VALUES ('scott-erickson', 'https://legalherald.com/arcadia-fl-two-victims-accuse-redemption-church-pastor-scott-erickson-of-child-sex-abuse/');
INSERT INTO sources (person_id, url) VALUES ('scott-erickson', 'https://nbc-2.com/news/local/inland-counties/2023/07/14/arcadia-pastor-being-investigated-after-child-molestation-allegations/amp/');
INSERT INTO sources (person_id, url) VALUES ('scott-erickson', 'https://www.mysuncoast.com/2023/07/25/bradenton-man-being-investigated-arcadia-sex-abuse-cases/');
INSERT OR REPLACE INTO people (id, name, status, level, state, office, crime_description, summary, still_in_office, offense_year, conviction_year, event_date) VALUES ('anthony-emanuel', 'Anthony Emanuel', 'charged', 'local', 'GA', 'Mayor', 'Child Molestation', 'Anthony Emanuel Anthony Emanuel was the mayor of Florence, Georgia. While in Florida in June 2023, he is alleged to have molested a four-year-old girl.', NULL, NULL, NULL, '2023-07-13');
INSERT INTO crime_types (person_id, crime_type) VALUES ('anthony-emanuel', 'child-molestation');
INSERT INTO sources (person_id, url) VALUES ('anthony-emanuel', 'https://goppredators.wordpress.com/2023/07/30/1108-anthony-emanuel/');
INSERT INTO sources (person_id, url) VALUES ('anthony-emanuel', 'https://newschannel9.com/news/local/former-trenton-mayor-charged-with-child-molestation-anthony-emanuel-dade-county');
INSERT INTO sources (person_id, url) VALUES ('anthony-emanuel', 'https://www.discoverdade.com/local/former-mayor-of-trenton-arrested/');
INSERT OR REPLACE INTO people (id, name, status, level, state, office, crime_description, summary, still_in_office, offense_year, conviction_year, event_date) VALUES ('donald-lee-flanery', 'Donald Lee Flanery', 'convicted', 'adjacent', 'AR', 'Pastor', 'Child Rape', 'Donald Lee Flanery Donald Lee Flanery was pastor of Family of Christ Church in Maynard. He sexually abused a child for two years starting when she was eleven.', NULL, NULL, NULL, '2004-09-25');
INSERT INTO crime_types (person_id, crime_type) VALUES ('donald-lee-flanery', 'rape');
INSERT INTO sources (person_id, url) VALUES ('donald-lee-flanery', 'https://goppredators.wordpress.com/2023/07/27/1107-donald-lee-flanery/');
INSERT INTO sources (person_id, url) VALUES ('donald-lee-flanery', 'https://caselaw.findlaw.com/court/ar-supreme-court/1477019.html');
INSERT INTO sources (person_id, url) VALUES ('donald-lee-flanery', 'https://www.kait8.com/story/2346678/preacher-found-guilty-of-rape/');
INSERT INTO sources (person_id, url) VALUES ('donald-lee-flanery', 'https://infoweb-newsbank-com.proxy.multcolib.org/apps/news/browse-pub?p=AMNEWS&amp;t=pubname%3AADGL%21Arkansas%2BDemocrat-Gazette%2B%2528Little%2BRock%252C%2BAR%2529&amp;action=browse');
INSERT OR REPLACE INTO people (id, name, status, level, state, office, crime_description, summary, still_in_office, offense_year, conviction_year, event_date) VALUES ('jamie-flanery', 'Jamie Flanery', 'convicted', 'adjacent', 'AR', 'Pastor', 'Child Sexual Assault', 'Jamie Flanery Jamie Flanery, an Arkansas youth pastor, is accused of sexually assaulting a fifteen-year-old girl in 2012. The first time was when she at his house with her fellow students.', NULL, NULL, NULL, NULL);
INSERT INTO crime_types (person_id, crime_type) VALUES ('jamie-flanery', 'assault');
INSERT INTO sources (person_id, url) VALUES ('jamie-flanery', 'https://goppredators.wordpress.com/2023/07/27/1106-jamie-flanery/');
INSERT INTO sources (person_id, url) VALUES ('jamie-flanery', 'https://katv.com/news/local/arkansas-woman-speaks-out-after-arrest-of-man-who-sexually-assaulted-her-katelyn-kenner-jamie-flanery-church-christianity-sexually-explicit-photos-documents-sexual-abuse-crime-pedophilia-church-member-six-years-randolph-county-pocahontas-ark-minor-child');
INSERT INTO sources (person_id, url) VALUES ('jamie-flanery', 'https://www.kait8.com/2023/06/17/randolph-county-man-arrested-sexually-assaulting-teen/');
INSERT INTO sources (person_id, url) VALUES ('jamie-flanery', 'https://images.arcourts.gov/IMAGESimg/CK_Image.Present2?DMS_ID=7926EB151358E8CE15422997461DEFE12E9D8D3391BDB03AE57B53229553ADD07840202548D522A72FFFA7720B8D19C43ABC2BC6E3163BBA8F5E1373594A6368&amp;i_url=https://images.arcourts.gov/IMAGESimg');
INSERT INTO sources (person_id, url) VALUES ('jamie-flanery', 'https://images.arcourts.gov/IMAGESimg/CK_Image.Present2?DMS_ID=37B422E4B564D6785497CDED9137ED3CD5477BFA82DAC9CDA6321B57FF144B6253C18366BF9F502C713F613DFBF2C113C81D3022F1AE0DA774CAB0705916C9E3&amp;i_url=https://images.arcourts.gov/IMAGESimg');
INSERT OR REPLACE INTO people (id, name, status, level, state, office, crime_description, summary, still_in_office, offense_year, conviction_year, event_date) VALUES ('zachary-reynolds', 'Zachary Reynolds', 'charged', 'local', 'NC', 'Teacher', 'Child Indecency', 'Zachary Reynolds Zachary Reynolds was a teacher at Bunn High School. In May 2023, he was arrested by the Franklin County, NC, Sheriff''s office for taking indecent liberties with a student.', NULL, NULL, NULL, NULL);
INSERT INTO crime_types (person_id, crime_type) VALUES ('zachary-reynolds', 'other');
INSERT INTO sources (person_id, url) VALUES ('zachary-reynolds', 'https://goppredators.wordpress.com/2023/07/27/1105-zachary-reynolds/');
INSERT INTO sources (person_id, url) VALUES ('zachary-reynolds', 'https://abc11.com/teacher-arrested-franklin-county-nc-wake/13266287/');
INSERT INTO sources (person_id, url) VALUES ('zachary-reynolds', 'https://ladyliberty1885.com/2023/05/19/franklin-county-public-schools-teacher-charge-with-sex-crime/');
INSERT INTO sources (person_id, url) VALUES ('zachary-reynolds', 'https://www.thefranklintimes.com/search.php?search=zachary+reynolds&amp;location=-1');
INSERT OR REPLACE INTO people (id, name, status, level, state, office, crime_description, summary, still_in_office, offense_year, conviction_year, event_date) VALUES ('christopher-dorworth', 'Christopher Dorworth', 'alleged', 'state', 'FL', 'Lobbyist', 'Child Sexual Abuse, Trafficking', 'Christopher Dorworth Christopher Dorworth is a GOP lobbyist. He was a state legislature in Florida until he lost in 2012.', NULL, NULL, NULL, NULL);
INSERT INTO crime_types (person_id, crime_type) VALUES ('christopher-dorworth', 'assault');
INSERT INTO crime_types (person_id, crime_type) VALUES ('christopher-dorworth', 'trafficking');
INSERT INTO sources (person_id, url) VALUES ('christopher-dorworth', 'https://goppredators.wordpress.com/2023/07/11/1104-christopher-dorworth/');
INSERT INTO sources (person_id, url) VALUES ('christopher-dorworth', 'https://ecf.flmd.uscourts.gov/cgi-bin/DktRpt.pl?996255593082801-L_1_0-1');
INSERT INTO sources (person_id, url) VALUES ('christopher-dorworth', 'https://www.thedailybeast.com/gop-lobbyist-chris-dorworth-in-matt-gaetz-case-accused-of-rape-in-court-docs');
INSERT INTO sources (person_id, url) VALUES ('christopher-dorworth', 'https://floridapolitics.com/archives/419029-chris-dorworth-leaves-ballard-partners/');
INSERT INTO sources (person_id, url) VALUES ('christopher-dorworth', 'https://floridapolitics.com/archives/author/gancarski/');
INSERT INTO sources (person_id, url) VALUES ('christopher-dorworth', 'https://floridapolitics.com/archives/601928-chris-dorworth-sues-joel-greenberg-for-alleging-ties-to-sex-trafficking-scandal/');
INSERT INTO sources (person_id, url) VALUES ('christopher-dorworth', 'https://storage.courtlistener.com/recap/gov.uscourts.flmd.414007/gov.uscourts.flmd.414007.46.0.pdf');
INSERT OR REPLACE INTO people (id, name, status, level, state, office, crime_description, summary, still_in_office, offense_year, conviction_year, event_date) VALUES ('steve-morgan', 'Steve Morgan', 'convicted', 'adjacent', 'TX', 'Pastor', 'Child Rape', 'Steve Morgan Steve Morgan is the lead pastor at Joshua Church in Austin, Texas. He founded The Network , a collaboration of evangelical charismatic churches.', NULL, NULL, 1986, NULL);
INSERT INTO crime_types (person_id, crime_type) VALUES ('steve-morgan', 'rape');
INSERT INTO sources (person_id, url) VALUES ('steve-morgan', 'https://goppredators.wordpress.com/2023/07/11/1103-steve-morgan/');
INSERT INTO sources (person_id, url) VALUES ('steve-morgan', 'https://www.joshua-church.com/our-network');
INSERT INTO sources (person_id, url) VALUES ('steve-morgan', 'https://leavingthenetwork.org/wp-content/uploads/2022/07/Kansas-vs-Steven-D-Morgan-K0053903-redacted.pdf');
INSERT INTO sources (person_id, url) VALUES ('steve-morgan', 'https://www.joshua-church.com/about/church-network');
INSERT INTO sources (person_id, url) VALUES ('steve-morgan', 'https://www.joshua-church.com/about/our-staff');
INSERT INTO sources (person_id, url) VALUES ('steve-morgan', 'https://www.reddit.com/r/leavingthenetwork/');
INSERT OR REPLACE INTO people (id, name, status, level, state, office, crime_description, summary, still_in_office, offense_year, conviction_year, event_date) VALUES ('chi-alpha-and-assemblies-of-god', 'Chi Alpha and Assemblies of God', 'convicted', 'adjacent', 'TX', 'Pastor', 'Organizational Coverip', 'Texas Chi Alpha is an ecumenical campus ministry sponsored by the Assemblies of God. Eli Gautreaux founded a Chi Alpha chapter at Sam Houston University in Texas which spread to other universities, one of which was led by Eli Stewart at Texas A & M.', NULL, NULL, NULL, '2023-05-27');
INSERT INTO crime_types (person_id, crime_type) VALUES ('chi-alpha-and-assemblies-of-god', 'enablement');
INSERT INTO crime_types (person_id, crime_type) VALUES ('chi-alpha-and-assemblies-of-god', 'organizational-coverup');
INSERT INTO sources (person_id, url) VALUES ('chi-alpha-and-assemblies-of-god', 'https://goppredators.wordpress.com/2023/07/11/1102-chi-alpha-and-tx-assemblies-of-god/');
INSERT INTO sources (person_id, url) VALUES ('chi-alpha-and-assemblies-of-god', 'https://julieroys.com/texas-pastor-linked-chi-alpha-sex-abuse-scandal-dismissed-church/');
INSERT INTO sources (person_id, url) VALUES ('chi-alpha-and-assemblies-of-god', 'https://www.christianitytoday.com/news/2023/may/chi-alpha-daniel-savala-sex-offender-abuse-houston-ag.html');
INSERT INTO sources (person_id, url) VALUES ('chi-alpha-and-assemblies-of-god', 'https://www.thebatt.com/news/chi-alpha-organization-took-students-to-church-with-links-to-a-sex-offender/article_793cdc2e-e876-11ed-907b-d33f4dd8cad8.html');
INSERT OR REPLACE INTO people (id, name, status, level, state, office, crime_description, summary, still_in_office, offense_year, conviction_year, event_date) VALUES ('dwight-c-john', 'Dwight C. John', 'charged', 'adjacent', 'AK', '', 'Child Sex Abuse', 'Chris John Dwight Chris John was a member of the governing board of Clover Pass Community Church in Ketchikan where Daniel Savala served in the 90s. This church is part of the Christian and Missionary Alliance .', NULL, NULL, NULL, NULL);
INSERT INTO crime_types (person_id, crime_type) VALUES ('dwight-c-john', 'assault');
INSERT INTO sources (person_id, url) VALUES ('dwight-c-john', 'https://goppredators.wordpress.com/2023/07/11/1101-chris-john/');
INSERT INTO sources (person_id, url) VALUES ('dwight-c-john', 'https://julieroys.com/tag/christian-and-missionary-alliance/');
INSERT INTO sources (person_id, url) VALUES ('dwight-c-john', 'https://www.krbd.org/2023/06/08/ketchikan-church-leader-facing-felony-charges-of-sexual-abuse-of-a-minor/');
INSERT INTO sources (person_id, url) VALUES ('dwight-c-john', 'https://julieroys.com/alaska-church-leader-tied-chi-alpha-sex-abuse-scandal-charged-17-counts-child-sex-abuse/');
INSERT INTO sources (person_id, url) VALUES ('dwight-c-john', 'https://dailydispatch.dps.alaska.gov/Home/Display?dateReceived=6/7/2023%2012:00:00%20AM');
INSERT OR REPLACE INTO people (id, name, status, level, state, office, crime_description, summary, still_in_office, offense_year, conviction_year, event_date) VALUES ('joseph-charles-golinske', 'Joseph Charles Golinske', 'convicted', 'adjacent', 'FL', '', 'Child Indecency', 'Joseph Charles "Oakman" Golinske has been active in the Michigan Proud Boys and other white nationalist organizations. You can find pictures of him at various violent protests and wiht notorious white nationalists such a Nick Fuentes and Enrique Tarrio.', NULL, NULL, NULL, '2023-06-25');
INSERT INTO crime_types (person_id, crime_type) VALUES ('joseph-charles-golinske', 'other');
INSERT INTO sources (person_id, url) VALUES ('joseph-charles-golinske', 'https://goppredators.wordpress.com/2023/07/11/1100-joseph-oakman-golinske/');
INSERT INTO sources (person_id, url) VALUES ('joseph-charles-golinske', 'https://mdocweb.state.mi.us/otis2/otis2profile.aspx?mdocNumber=734776');
INSERT INTO sources (person_id, url) VALUES ('joseph-charles-golinske', 'https://leftcoastrightwatch.org/articles/former-proud-boy-all-star-on-florida-registry-for-child-sexual-abuse-charges/');
INSERT INTO sources (person_id, url) VALUES ('joseph-charles-golinske', 'https://t.co/6rb3JjhFDf');
INSERT OR REPLACE INTO people (id, name, status, level, state, office, crime_description, summary, still_in_office, offense_year, conviction_year, event_date) VALUES ('daniel-savala', 'Daniel Savala', 'convicted', 'adjacent', 'TX', 'Pastor', 'Child Sex Abuse', 'Daniel Savala Daniel Savala was a youth pastor at Clover Pass Community Church in Ketchikan, Alaska, in the late 90s when he sexually abused children at the church. He was sentenced to two years in prison, but all but 90 days was suspended.', NULL, NULL, NULL, '2023-06-03');
INSERT INTO crime_types (person_id, crime_type) VALUES ('daniel-savala', 'assault');
INSERT INTO sources (person_id, url) VALUES ('daniel-savala', 'https://goppredators.wordpress.com/2023/07/11/1099-daniel-savala/');
INSERT INTO sources (person_id, url) VALUES ('daniel-savala', 'https://www.ketchikandailynews.com/news/local/savala-gets-90-days-for-abuse/article_034c80e4-e216-5abd-b741-25049512adaa.html');
INSERT INTO sources (person_id, url) VALUES ('daniel-savala', 'https://xalionsden.com/forum?wtp=post%2Fdaniel-savala-sexual-abuse-and-chi-alphaassemblies-of-god-alleged-coverup-a-chronology-12627106');
INSERT INTO sources (person_id, url) VALUES ('daniel-savala', 'https://ministrywatch.com/leader-of-church-connected-to-chi-alpha-scandal-charged-with-abusing-minor/');
INSERT OR REPLACE INTO people (id, name, status, level, state, office, crime_description, summary, still_in_office, offense_year, conviction_year, event_date) VALUES ('bradley-putnam', 'Bradley Putnam', 'convicted', 'adjacent', 'OR', 'Pastor', 'Child Rape', 'Bradley Putnam was the pastor at Freedom Fellowship in Keizer, Oregon. He was convicted by a jury of sexually abusing a minor who attended his church.', NULL, NULL, NULL, '2022-11-19');
INSERT INTO crime_types (person_id, crime_type) VALUES ('bradley-putnam', 'rape');
INSERT INTO sources (person_id, url) VALUES ('bradley-putnam', 'https://goppredators.wordpress.com/2023/07/10/1098-bradley-putnam/');
INSERT INTO sources (person_id, url) VALUES ('bradley-putnam', 'https://www.courts.oregon.gov/services/online/Pages/records-calendars.aspx');
INSERT INTO sources (person_id, url) VALUES ('bradley-putnam', 'https://www.statesmanjournal.com/story/news/local/keizer/2022/11/18/former-keizer-pastor-sentenced-for-sexual-abuse-of-church-youth/69650935007/');
INSERT INTO sources (person_id, url) VALUES ('bradley-putnam', 'https://www.joemygod.com/2022/11/or-pastor-sentenced-to-27-years-for-child-rape/');
INSERT OR REPLACE INTO people (id, name, status, level, state, office, crime_description, summary, still_in_office, offense_year, conviction_year, event_date) VALUES ('brian-hawkins', 'Brian Hawkins', 'charged', 'local', 'CA', 'City Councilmember', 'Child Abuse', 'Brian Eugene Hawkins Brian Eugene Hawkins is a San Jacinto city councilmember. On July 2, 2023, he was arrested for domestic violence.', NULL, NULL, NULL, '2023-07-02');
INSERT INTO crime_types (person_id, crime_type) VALUES ('brian-hawkins', 'other');
INSERT INTO sources (person_id, url) VALUES ('brian-hawkins', 'https://goppredators.wordpress.com/2023/07/10/1097-brian-hawkins/');
INSERT INTO sources (person_id, url) VALUES ('brian-hawkins', 'https://www.riversidesheriff.org/CivicAlerts.aspx?aid=4634&amp;utm_source=dlvr.it&amp;utm_medium=twitter');
INSERT INTO sources (person_id, url) VALUES ('brian-hawkins', 'https://www.pressenterprise.com/2023/07/03/brian-hawkins-san-jacinto-city-councilmember-arrested-in-assault-case/');
INSERT OR REPLACE INTO people (id, name, status, level, state, office, crime_description, summary, still_in_office, offense_year, conviction_year, event_date) VALUES ('mel-gibson', 'Mel Gibson', 'convicted', 'adjacent', 'CA', '', 'Domestic Violence', 'Mel Gibson Mel Gibson is an actor who has widespread success and has starred in several hugely successful movies. In addition to being famous for his acting, Gibson has an infamously quick temper which he uses as an excuse for his verbal abuse .', NULL, NULL, NULL, '2010-07-09');
INSERT INTO crime_types (person_id, crime_type) VALUES ('mel-gibson', 'domestic-violence');
INSERT INTO sources (person_id, url) VALUES ('mel-gibson', 'https://goppredators.wordpress.com/2023/07/10/1096-mel-gibson/');
INSERT INTO sources (person_id, url) VALUES ('mel-gibson', 'https://www.eonline.com/news/312367/mel-gibson-addresses-rant-on-the-tonight-show-i-ve-got-a-little-bit-of-a-temper');
INSERT INTO sources (person_id, url) VALUES ('mel-gibson', 'https://www.latimes.com/local/la-xpm-2011-mar-12-la-me-mel-gibson-20110312-story.html');
INSERT INTO sources (person_id, url) VALUES ('mel-gibson', 'https://www.usatoday.com/story/life/people/2014/05/16/mel-gibsons-domestic-violence-conviction-vacated/9191125/#:~:text=Gibson%20pleaded%20no%20contest%20in,two%20days%20of%20community%20service.');
INSERT INTO sources (person_id, url) VALUES ('mel-gibson', 'http://www.cnn.com/2010/SHOWBIZ/celebrity.news.gossip/11/17/mel.gibson.dispute/index.html');
INSERT OR REPLACE INTO people (id, name, status, level, state, office, crime_description, summary, still_in_office, offense_year, conviction_year, event_date) VALUES ('first-apostolic-church', 'First Apostolic Church', 'alleged', 'adjacent', 'TN', '', 'Organizational Coverup', 'Maryville Apostolic Church First Apostolic Church of Maryville, Tennessee, is facing heavy criticism for not reporting that Joseph Cade Abbott is believed to have sexually abused a student to the police. The girl''s family has sued the church alleging that they didn''t adequately protect their daughte', NULL, NULL, NULL, '2023-06-04');
INSERT INTO crime_types (person_id, crime_type) VALUES ('first-apostolic-church', 'enablement');
INSERT INTO crime_types (person_id, crime_type) VALUES ('first-apostolic-church', 'organizational-coverup');
INSERT INTO sources (person_id, url) VALUES ('first-apostolic-church', 'https://goppredators.wordpress.com/2023/07/09/1095-first-apostolic-church-of-maryville-tn/');
INSERT INTO sources (person_id, url) VALUES ('first-apostolic-church', 'https://www.knoxnews.com/story/news/local/2023/05/30/maryville-apostolic-church-did-not-tell-police-about-teens-sex-abuse-allegations/69994111007/');
INSERT INTO sources (person_id, url) VALUES ('first-apostolic-church', 'https://ministrywatch.com/women-allege-that-tn-apostolic-pastor-did-not-report-child-abuse-as-mandated/');
INSERT OR REPLACE INTO people (id, name, status, level, state, office, crime_description, summary, still_in_office, offense_year, conviction_year, event_date) VALUES ('faith-academy', 'Faith Academy', 'charged', 'adjacent', 'AL', '', 'Rape Culture', 'Faith Academy is a private Christian K-12 school in Mobile, Alabama. They use the Abeka curriculum which is notorious for its white nationalist approach to history and its promotion of creationism.', NULL, NULL, NULL, '2023-04-04');
INSERT INTO crime_types (person_id, crime_type) VALUES ('faith-academy', 'rape');
INSERT INTO crime_types (person_id, crime_type) VALUES ('faith-academy', 'harassment');
INSERT INTO sources (person_id, url) VALUES ('faith-academy', 'https://goppredators.wordpress.com/2023/07/09/1094-faith-academy/');
INSERT INTO sources (person_id, url) VALUES ('faith-academy', 'https://www.washingtonpost.com/outlook/2020/09/24/some-textbooks-still-parrot-donald-trumps-skewed-version-american-history/');
INSERT INTO sources (person_id, url) VALUES ('faith-academy', 'https://1819news.com/news/item/faith-academy-accused-of-not-allowing-student-in-sex-abuse-case-to-play-softball-without-signing-hold-harmless-agreement');
INSERT INTO sources (person_id, url) VALUES ('faith-academy', 'https://www.lagniappemobile.com/news/father-alleges-faith-academy-attempting-to-intimidate-harass-daughter/article_d73706fc-d7ef-11ed-8816-a33691b4bd49.html');
INSERT INTO sources (person_id, url) VALUES ('faith-academy', 'https://www.fox10tv.com/2023/04/15/attorney-faith-academy-threatens-sanctions-attorneys-student-civil-case-against-school/');
INSERT INTO sources (person_id, url) VALUES ('faith-academy', 'https://www.fox10tv.com/2023/04/20/faith-academy-student-will-remain-softball-team-attorneys-agree-civil-suit/');
INSERT INTO sources (person_id, url) VALUES ('faith-academy', 'https://infoweb-newsbank-com.proxy.multcolib.org/apps/news/browse-pub?p=AMNEWS&amp;t=pubname%3AALALA%21al.com%2B%2528AL%2529&amp;action=browse');
INSERT OR REPLACE INTO people (id, name, status, level, state, office, crime_description, summary, still_in_office, offense_year, conviction_year, event_date) VALUES ('daryl-stagg', 'Daryl Stagg', 'charged', 'local', 'LA', '', 'Child Rape, Crimes Against Nature, Oral Battery, Indecency', 'Daryl Stagg Daryl Stagg Daryl Stagg, a powerful Baptist leader, was the Associational Mission Strategist at Big Creek Baptist Association and CenLa Baptist Association, representing 87 Baptist churches. He was arrested in June 2023, charged with twelve felonies in Grant Parish, Louisiana.', NULL, NULL, NULL, '2023-06-09');
INSERT INTO crime_types (person_id, crime_type) VALUES ('daryl-stagg', 'rape');
INSERT INTO sources (person_id, url) VALUES ('daryl-stagg', 'https://goppredators.wordpress.com/2023/07/09/1093-daryl-stagg/');
INSERT INTO sources (person_id, url) VALUES ('daryl-stagg', 'https://www.baptistmessage.com/sheriffs-assure-daryl-stagg-is-off-the-street/');
INSERT INTO sources (person_id, url) VALUES ('daryl-stagg', 'https://www.wbay.com/2023/06/09/baptist-official-louisiana-arrested-sex-crime-charges/');
INSERT INTO sources (person_id, url) VALUES ('daryl-stagg', 'https://illinoisbaptist.org/former-dom-arrested-on-abuse-charges/');
INSERT INTO sources (person_id, url) VALUES ('daryl-stagg', 'https://legis.la.gov/legis/law.aspx?d=78695');
INSERT OR REPLACE INTO people (id, name, status, level, state, office, crime_description, summary, still_in_office, offense_year, conviction_year, event_date) VALUES ('john-dizon', 'John Dizon', 'charged', 'adjacent', 'NY', 'Police Officer', 'Child Rape', 'John Dizon John Kyle B. Dizon was a SUNY and Newburgh city police officer.', NULL, NULL, NULL, NULL);
INSERT INTO crime_types (person_id, crime_type) VALUES ('john-dizon', 'rape');
INSERT INTO sources (person_id, url) VALUES ('john-dizon', 'https://goppredators.wordpress.com/2023/07/09/1092-john-dizon/');
INSERT INTO sources (person_id, url) VALUES ('john-dizon', 'https://www.timesunion.com/hudsonvalley/news/article/dizon-newburgh-police-fired-charges-18150400.php');
INSERT INTO sources (person_id, url) VALUES ('john-dizon', 'https://cbs6albany.com/news/local/cornwall-man-arrested-for-child-rape-in-albany-county-investigation');
INSERT INTO sources (person_id, url) VALUES ('john-dizon', 'https://www.nyspnews.com/state-police-arrest-cornwall-man-following-an-albany-county-rape-investigation.htm');
INSERT OR REPLACE INTO people (id, name, status, level, state, office, crime_description, summary, still_in_office, offense_year, conviction_year, event_date) VALUES ('matthew-reilly', 'Matthew Reilly', 'charged', 'party-official', 'RI', 'City Councilmember', 'Child Molestation / Soliciting a Minor', 'Matthew Reilly (RI): Child Molestation / Soliciting a Minor.', NULL, NULL, NULL, '2023-06-10');
INSERT INTO crime_types (person_id, crime_type) VALUES ('matthew-reilly', 'child-molestation');
INSERT INTO crime_types (person_id, crime_type) VALUES ('matthew-reilly', 'solicitation');
INSERT INTO sources (person_id, url) VALUES ('matthew-reilly', 'https://goppredators.wordpress.com/2023/07/09/1091-matthew-reilly/');
INSERT INTO sources (person_id, url) VALUES ('matthew-reilly', 'https://www.youtube.com/watch?v=l_aC-QHgKxQ');
INSERT INTO sources (person_id, url) VALUES ('matthew-reilly', 'https://themessenger.com/news/rhode-island-councilman-arrested-with-crackpipe-in-hand-now-charged-with-child-molestation');
INSERT INTO sources (person_id, url) VALUES ('matthew-reilly', 'https://lawandcrime.com/crime/alleged-crack-smoking-city-councilman-who-went-viral-is-now-accused-of-molesting-a-child/');
INSERT INTO sources (person_id, url) VALUES ('matthew-reilly', 'https://publicportal.courts.ri.gov/app/RegisterOfActions/#/1A2A6183145D1E16D6E3C1A725E12AC424A88C2B89C52E019B91EF2D689BBF77/anon/portalembed');
INSERT OR REPLACE INTO people (id, name, status, level, state, office, crime_description, summary, still_in_office, offense_year, conviction_year, event_date) VALUES ('donny-raney', 'Donny Raney', 'charged', 'local', 'FL', 'Pastor', 'Abuse of Authority', 'Donny Raney Donny Raney was a high school pastor and the middle school soccer coach. He was also the pastor of Okeechobee Missionary Baptist Church.', NULL, NULL, NULL, NULL);
INSERT INTO crime_types (person_id, crime_type) VALUES ('donny-raney', 'other');
INSERT INTO sources (person_id, url) VALUES ('donny-raney', 'https://goppredators.wordpress.com/2023/07/08/1090-donny-raney/');
INSERT INTO sources (person_id, url) VALUES ('donny-raney', 'https://cbs12.com/news/local/high-school-pastor-donny-raney-accused-of-romantic-relationship-student-okeechobee-county-high-school-school-board-florida-april-20-2023');
INSERT INTO sources (person_id, url) VALUES ('donny-raney', 'https://www.850wftl.com/high-school-pastor-arrested-for-an-inappropriate-relationship-with-student/');
INSERT INTO sources (person_id, url) VALUES ('donny-raney', 'https://newschannel9.com/omar-ayala-arturo-dominguez-teacher-accused-having-sex-with-teen-deputy-helped-him-get-away-okeechobee-osceola-county-sheriffs-office-florida-6-2-2023');
INSERT OR REPLACE INTO people (id, name, status, level, state, office, crime_description, summary, still_in_office, offense_year, conviction_year, event_date) VALUES ('fabian-basabe', 'Fabian Basabe', 'alleged', 'state', 'FL', 'State Representative', 'Sexual Harassment', 'Fabian Basabe Fabian Basabe is a Republican state representative in Florida. A former reality TV cast member, he ran as someone who was against partisanship and for gay rights.', NULL, NULL, NULL, '2023-05-07');
INSERT INTO crime_types (person_id, crime_type) VALUES ('fabian-basabe', 'harassment');
INSERT INTO sources (person_id, url) VALUES ('fabian-basabe', 'https://goppredators.wordpress.com/2023/07/08/1089-fabian-basabe/');
INSERT INTO sources (person_id, url) VALUES ('fabian-basabe', 'https://www.cbsnews.com/miami/news/state-rep-basabe-under-investigation-for-allegedly-slapping-an-aide/');
INSERT INTO sources (person_id, url) VALUES ('fabian-basabe', 'https://www.cbsnews.com/miami/news/state-representative-fabian-basabe-faces-allegations-of-sexual-harassment/');
INSERT INTO sources (person_id, url) VALUES ('fabian-basabe', 'https://www.miamiherald.com/news/politics-government/state-politics/article276825256.html');
INSERT OR REPLACE INTO people (id, name, status, level, state, office, crime_description, summary, still_in_office, offense_year, conviction_year, event_date) VALUES ('matthew-porter', 'Matthew Porter', 'convicted', 'adjacent', 'FL', 'Pastor', 'Secret Recording', 'Matthew Porter was the youth pastor at Bethel Baptist Church in Bradenton, FL when he was caught secretly recording young Bible study students undressing in his home. He had a house sitter while on a trip to Mexico and the sitter discovered a hidden camera and reported it to police.', NULL, NULL, NULL, '2012-02-02');
INSERT INTO crime_types (person_id, crime_type) VALUES ('matthew-porter', 'other');
INSERT INTO sources (person_id, url) VALUES ('matthew-porter', 'https://goppredators.wordpress.com/2023/07/08/1088-matthew-porter/');
INSERT INTO sources (person_id, url) VALUES ('matthew-porter', 'https://www.heraldtribune.com/story/news/2008/08/22/ex-pastor-given-jail-for-videos/28656404007/');
INSERT INTO sources (person_id, url) VALUES ('matthew-porter', 'https://www.heraldtribune.com/story/news/2011/01/20/ex-bradenton-minister-faces-videotaping-charges/28991374007/');
INSERT INTO sources (person_id, url) VALUES ('matthew-porter', 'https://www.bradenton.com/news/local/crime/article34501830.html');
INSERT OR REPLACE INTO people (id, name, status, level, state, office, crime_description, summary, still_in_office, offense_year, conviction_year, event_date) VALUES ('christopher-fourcade', 'Christopher Fourcade', 'charged', 'adjacent', 'OK', '', 'Child Molestation', 'Christopher Fourcade Secret Santa Christopher Fourcade was Director of Children''s Ministries at at First Christian Church in Norman, Oklahoma. He also was a foster care advocate and fostered several children.', NULL, NULL, NULL, '2022-12-28');
INSERT INTO crime_types (person_id, crime_type) VALUES ('christopher-fourcade', 'child-molestation');
INSERT INTO sources (person_id, url) VALUES ('christopher-fourcade', 'https://goppredators.wordpress.com/2023/07/08/1087-christopher-fourcade/');
INSERT INTO sources (person_id, url) VALUES ('christopher-fourcade', 'https://www.oudaily.com/a_and_e/norman-organization-coordinates-secret-santa-program-for-foster-children/article_ea34f5c4-a615-11e6-a37e-6ba1082fce6d.html');
INSERT INTO sources (person_id, url) VALUES ('christopher-fourcade', 'https://lawandcrime.com/crime/director-of-childrens-ministry-and-foster-parent-told-kids-there-were-demons-in-his-house-but-not-in-his-room-so-they-would-sleep-with-him-police/');
INSERT INTO sources (person_id, url) VALUES ('christopher-fourcade', 'https://kfor.com/news/local/former-childrens-director-and-foster-care-advocate-arrested-for-molestation-child-porn/');
INSERT OR REPLACE INTO people (id, name, status, level, state, office, crime_description, summary, still_in_office, offense_year, conviction_year, event_date) VALUES ('christopher-hundl', 'Christopher Hundl', 'charged', 'adjacent', 'TX', 'Pastor', 'Child Molestation', 'Christopher Hundl Christopher Hundl was the pastor of Mountain Valley Church and the Baylor University chapter of Chi Alpha , an ecumenical global campus ministry sponsored by the Assemblies of God. Baylor University is a Southern Baptist private university in Texas with a multi-denominational stude', NULL, NULL, NULL, '2023-05-26');
INSERT INTO crime_types (person_id, crime_type) VALUES ('christopher-hundl', 'child-molestation');
INSERT INTO sources (person_id, url) VALUES ('christopher-hundl', 'https://goppredators.wordpress.com/2023/07/08/1086-christopher-hundl/');
INSERT INTO sources (person_id, url) VALUES ('christopher-hundl', 'https://about.web.baylor.edu/heritage/history');
INSERT INTO sources (person_id, url) VALUES ('christopher-hundl', 'https://news.web.baylor.edu/contact-media-pr/chi-alpha-statement');
INSERT INTO sources (person_id, url) VALUES ('christopher-hundl', 'https://wacotrib.com/news/local/crime-and-courts/more-details-emerge-on-sex-abuse-scandal-that-snared-waco-campus-minister/article_ccea1980-fc2c-11ed-883a-b75931bb0ec1.html');
INSERT INTO sources (person_id, url) VALUES ('christopher-hundl', 'https://deadstate.org/pastor-at-christian-college-arrested-for-letting-his-spiritual-mentor-sexually-abuse-children/');
INSERT INTO sources (person_id, url) VALUES ('christopher-hundl', 'https://d28lcup14p4e72.cloudfront.net/278504/8159695/University%20XA%20Demand%20Letter.pdf');
INSERT OR REPLACE INTO people (id, name, status, level, state, office, crime_description, summary, still_in_office, offense_year, conviction_year, event_date) VALUES ('shawn-bergstrand', 'Shawn Bergstrand', 'convicted', 'adjacent', 'ND', '', 'Soliciting a Minor / Coercion', 'Shawn Bergstrand Shawn Bergstrand is the founder of the Right-Side-Up "Christian" fashion line, a corporate sponsor of Turning Point USA''s Pastors Summit where they attacked Target and other corporations that featured Pride-Positive clothing. It was part and parcel of the moral panic the right is pu', NULL, NULL, 2014, '2013-07-27');
INSERT INTO crime_types (person_id, crime_type) VALUES ('shawn-bergstrand', 'solicitation');
INSERT INTO sources (person_id, url) VALUES ('shawn-bergstrand', 'https://goppredators.wordpress.com/2023/07/08/1085-shawn-bergstrand/');
INSERT INTO sources (person_id, url) VALUES ('shawn-bergstrand', 'https://sexoffender.nd.gov/offender/details/38cd2039-770c-4146-ae66-303227eecb59');
INSERT INTO sources (person_id, url) VALUES ('shawn-bergstrand', 'https://bismarcktribune.com/news/local/crime-and-courts/bismarck-man-accused-of-arranging-sexual-encounter-with-minor/article_b1a75204-f639-11e2-94ae-0019bb2963f4.html');
INSERT INTO sources (person_id, url) VALUES ('shawn-bergstrand', 'https://www.rollingstone.com/politics/politics-features/charlie-kirk-tpusa-registered-sex-offender-1234743149/');
INSERT OR REPLACE INTO people (id, name, status, level, state, office, crime_description, summary, still_in_office, offense_year, conviction_year, event_date) VALUES ('jared-michael-boyce', 'Jared Michael Boyce', 'convicted', 'adjacent', 'UT', '', 'Child Molestation', 'Jared Michael Boyce Jared Michael Boyce is a member of Patriot Front, the white nationalist organization that split off from Vanguard America, the American Nazi organization, over a dispute about which leader got too much attention at a Texas rally. He is one of the 31 men homophobes who were arrest', NULL, NULL, NULL, '2023-06-07');
INSERT INTO crime_types (person_id, crime_type) VALUES ('jared-michael-boyce', 'child-molestation');
INSERT INTO sources (person_id, url) VALUES ('jared-michael-boyce', 'https://goppredators.wordpress.com/2023/07/07/1084-jared-boyce/');
INSERT INTO sources (person_id, url) VALUES ('jared-michael-boyce', 'https://www.adl.org/resources/backgrounder/patriot-front');
INSERT INTO sources (person_id, url) VALUES ('jared-michael-boyce', 'https://www.krem.com/article/news/crime/coeur-d-alene-patriot-front-what-we-know/293-24e67cfa-84e0-428c-99b7-56f4af9a7da6');
INSERT INTO sources (person_id, url) VALUES ('jared-michael-boyce', 'https://www.thedailybeast.com/pack-your-stuff-and-get-out-of-my-house-says-patriot-front-members-mom?ref=home');
INSERT INTO sources (person_id, url) VALUES ('jared-michael-boyce', 'https://www.abc4.com/news/central-utah/reported-white-supremacist-to-be-sentenced-child-pornography-provo/');
INSERT INTO sources (person_id, url) VALUES ('jared-michael-boyce', 'https://www.qsaltlake.com/news/2023/06/23/utah-white-supremacist-arrested-last-year-disrupting-idaho-pride-event-now-arrested-for-child-abuse-images/');
INSERT OR REPLACE INTO people (id, name, status, level, state, office, crime_description, summary, still_in_office, offense_year, conviction_year, event_date) VALUES ('bart-jetton', 'Bart Jetton', 'convicted', 'local', 'TX', 'Mayor', 'Domestic Violence', 'Bart Jetton Bart Jetton was the mayor of Reno, Texas. He resigned in 2021 after his wife called the police for help during a family dispute.', NULL, NULL, 2022, NULL);
INSERT INTO crime_types (person_id, crime_type) VALUES ('bart-jetton', 'domestic-violence');
INSERT INTO sources (person_id, url) VALUES ('bart-jetton', 'https://goppredators.wordpress.com/2023/07/07/1083-bart-jetton/');
INSERT INTO sources (person_id, url) VALUES ('bart-jetton', 'https://theparisnews.com/article_71b2376e-4d55-11ec-9700-5f1a7260c104.html');
INSERT INTO sources (person_id, url) VALUES ('bart-jetton', 'https://eparisextra.com/featured/criminal-charges-filed-against-reno-mayor-bart-jetton/');
INSERT INTO sources (person_id, url) VALUES ('bart-jetton', 'https://myparistexas.com/city-of-reno-mayor-bart-jetton-resigns/');
INSERT INTO sources (person_id, url) VALUES ('bart-jetton', 'https://theparisnews.com/free/free-ex-reno-mayor-s-probation-revoked-after-harassment-charge/article_4ad4a5bc-12db-11ee-a73f-03c818028f1f.html');
INSERT OR REPLACE INTO people (id, name, status, level, state, office, crime_description, summary, still_in_office, offense_year, conviction_year, event_date) VALUES ('larry-wilcoxson', 'Larry Wilcoxson', 'alleged', 'state', 'FL', 'State Representative', 'Intimidation / Child Molestation', 'Larry Wilcoxson Larry Wilcoxson is a senior advisor to Florida State Rep. Byron Donalds.', NULL, NULL, NULL, '2006-07-25');
INSERT INTO crime_types (person_id, crime_type) VALUES ('larry-wilcoxson', 'child-molestation');
INSERT INTO sources (person_id, url) VALUES ('larry-wilcoxson', 'https://goppredators.wordpress.com/2023/07/07/1082-larry-wilcoxson/');
INSERT INTO sources (person_id, url) VALUES ('larry-wilcoxson', 'https://www.usatoday.com/story/money/2022/03/02/rental-car-hertz-warrant-arrest/9330894002/?gnt-cfr=1');
INSERT INTO sources (person_id, url) VALUES ('larry-wilcoxson', 'https://flcga.org/controversy-surrounds-gop-star-rep-byron-donalds-over-heated-confrontations-and-top-advisors-disturbing-arrest-history/');
INSERT INTO sources (person_id, url) VALUES ('larry-wilcoxson', 'http://swflorida.blogspot.com/2012/04/unbelievable-past-of-hendry-clerk.html');
INSERT OR REPLACE INTO people (id, name, status, level, state, office, crime_description, summary, still_in_office, offense_year, conviction_year, event_date) VALUES ('ron-causby', 'Ron Causby', 'charged', 'party-official', 'OK', '', 'Stalking / Burglary', 'Ron Causby Ron Causby is a rightwing podcaster and part of the "parents'' rights'' movement. He was a leader in the early open schools movement before there was a vaccine.', NULL, NULL, NULL, NULL);
INSERT INTO crime_types (person_id, crime_type) VALUES ('ron-causby', 'stalking');
INSERT INTO sources (person_id, url) VALUES ('ron-causby', 'https://goppredators.wordpress.com/2023/07/06/1081-ron-causby/');
INSERT INTO sources (person_id, url) VALUES ('ron-causby', 'https://www.fox23.com/news/local/popular-gop-influencer-school-advocate-arrested-on-burglary-and-stalking-charges/article_516a1b62-f99c-11ed-8b19-67341768ae28.html');
INSERT INTO sources (person_id, url) VALUES ('ron-causby', 'https://thelostogle.com/2023/05/22/ryan-walters-bff-aka-the-real-ron-ron-arrested-on-stalking-and-burglary-charges');
INSERT OR REPLACE INTO people (id, name, status, level, state, office, crime_description, summary, still_in_office, offense_year, conviction_year, event_date) VALUES ('michael-sperou', 'Michael Sperou', 'convicted', 'adjacent', 'OR', 'Pastor', 'Child Rape', 'Michael Sperou Michael Sperou was the pastor at North Clackamas Bible Community . Most people would call NCBC a church but they reject that term as inadequate to the meaning of their fellowship.', NULL, NULL, NULL, '2015-05-01');
INSERT INTO crime_types (person_id, crime_type) VALUES ('michael-sperou', 'rape');
INSERT INTO sources (person_id, url) VALUES ('michael-sperou', 'https://goppredators.wordpress.com/2023/07/06/1080-michael-sperou/');
INSERT INTO sources (person_id, url) VALUES ('michael-sperou', 'https://www.oregonlive.com/crime/2023/05/third-jury-finds-disgraced-oregon-pastor-guilty-of-sexual-abuse.html?outputType=amp');
INSERT INTO sources (person_id, url) VALUES ('michael-sperou', 'https://www.oregonlive.com/topic/mike%20sperou/');
INSERT INTO sources (person_id, url) VALUES ('michael-sperou', 'https://www.koin.com/news/oregon/former-clackamas-pastor-sentenced-to-160-months-for-sex-abuse/');
INSERT OR REPLACE INTO people (id, name, status, level, state, office, crime_description, summary, still_in_office, offense_year, conviction_year, event_date) VALUES ('reginald-8216-reggie-8217-loper', 'Reginald &#8216;Reggie&#8217; Loper', 'charged', 'local', 'GA', 'County Commissioner', 'Child Molestation', 'Reginald ''Reggie'' Loper Reginald ‘Reggie’ Loper is an Effingham County Commissioner in Georgia. He remains on the Commission despite his May arrest for felony child molestation and misdemeanor sexual battery.', NULL, NULL, NULL, NULL);
INSERT INTO crime_types (person_id, crime_type) VALUES ('reginald-8216-reggie-8217-loper', 'child-molestation');
INSERT INTO sources (person_id, url) VALUES ('reginald-8216-reggie-8217-loper', 'https://goppredators.wordpress.com/2023/07/05/1079-reggie-loper/');
INSERT INTO sources (person_id, url) VALUES ('reginald-8216-reggie-8217-loper', 'https://www.effinghamcounty.org/384/County-Board-of-Commissioners');
INSERT INTO sources (person_id, url) VALUES ('reginald-8216-reggie-8217-loper', 'https://www.wjcl.com/article/effingham-county-reggie-loper-child-molestation/43920373#');
INSERT INTO sources (person_id, url) VALUES ('reginald-8216-reggie-8217-loper', 'https://www.statesboroherald.com/local/effingham-county-commissioner-faces-child-molestation-charge/');
INSERT INTO sources (person_id, url) VALUES ('reginald-8216-reggie-8217-loper', 'https://www.wsbtv.com/news/local/yall-probably-heard-me-ga-commissioner-says-during-arrest-child-molestation-charges/HCYRHM2VOBGMPICY6PENO67F44/');
INSERT INTO sources (person_id, url) VALUES ('reginald-8216-reggie-8217-loper', 'https://gbi.georgia.gov/press-releases/2023-05-17/gbi-arrests-effingham-county-commissioner-child-molestation-investigation');
INSERT OR REPLACE INTO people (id, name, status, level, state, office, crime_description, summary, still_in_office, offense_year, conviction_year, event_date) VALUES ('jana-bradford', 'Jana Bradford', 'convicted', 'adjacent', 'AR', '', 'Organizational Cover-up', 'Jana Bradford claimed a tough-on-crime record in her successful campaign for Prosecuting Attorney in the Ninth Judicial District in Arkansas. That may be true, so long as the criminal is not her uncle, instead she spent years using her influence to help him evade justice again and again.', NULL, NULL, NULL, '2023-05-26');
INSERT INTO crime_types (person_id, crime_type) VALUES ('jana-bradford', 'enablement');
INSERT INTO crime_types (person_id, crime_type) VALUES ('jana-bradford', 'organizational-coverup');
INSERT INTO sources (person_id, url) VALUES ('jana-bradford', 'https://goppredators.wordpress.com/2023/07/04/1078-jana-bradford/');
INSERT INTO sources (person_id, url) VALUES ('jana-bradford', 'https://www.documentcloud.org/documents/23801005-2014-bradford-letter-to-blake-batsom');
INSERT INTO sources (person_id, url) VALUES ('jana-bradford', 'https://www.documentcloud.org/documents/23801004-bradford-letter-to-sebastian-county-prosecutor');
INSERT INTO sources (person_id, url) VALUES ('jana-bradford', 'https://www.arkansasonline.com/news/2023/mar/01/arkansas-prosecuting-attorney-bradford-a-arkansas-/');
INSERT INTO sources (person_id, url) VALUES ('jana-bradford', 'https://www.nbcnews.com/news/us-news/arkansas-prosecutor-barry-walker-avoid-child-abuse-charges-rcna83390');
INSERT OR REPLACE INTO people (id, name, status, level, state, office, crime_description, summary, still_in_office, offense_year, conviction_year, event_date) VALUES ('laverne-paul-fox', 'Laverne Paul Fox', 'convicted', 'adjacent', 'CA', 'Judge', 'Child Molestation', 'Laverne Paul Fox Laverne Paul Fox was the principal of Faith Baptist Academy in Wildomar, California. Thirty years ago, he raped a 15-year-old girl who came forward as an adult.', NULL, NULL, NULL, NULL);
INSERT INTO crime_types (person_id, crime_type) VALUES ('laverne-paul-fox', 'child-molestation');
INSERT INTO sources (person_id, url) VALUES ('laverne-paul-fox', 'https://goppredators.wordpress.com/2023/07/04/1077-laverne-paul-fox/');
INSERT INTO sources (person_id, url) VALUES ('laverne-paul-fox', 'https://www.pressenterprise.com/2021/09/15/former-baptist-school-principal-gets-two-years-in-prison-for-sexually-assaulting-student/');
INSERT INTO sources (person_id, url) VALUES ('laverne-paul-fox', 'https://ktla.com/news/local-news/former-youth-pastor-is-2nd-accused-of-sex-crimes-at-church-in-wildomar/');
INSERT OR REPLACE INTO people (id, name, status, level, state, office, crime_description, summary, still_in_office, offense_year, conviction_year, event_date) VALUES ('kieran-cartharn', 'Kieran Cartharn', 'convicted', 'local', 'OH', 'City Councilmember', 'Gross Sexual Imposition/Domestic Violence', 'Kieran Cartharn Kieran Cartharn ran for City Council in 2017. He was nineteen.', NULL, NULL, NULL, NULL);
INSERT INTO crime_types (person_id, crime_type) VALUES ('kieran-cartharn', 'domestic-violence');
INSERT INTO sources (person_id, url) VALUES ('kieran-cartharn', 'https://goppredators.wordpress.com/2023/07/02/1076-kieran-cartharn/');
INSERT INTO sources (person_id, url) VALUES ('kieran-cartharn', 'https://www.vapingpost.com/2017/10/27/kieran-cartharn-columbus-city-council-candidate-defends-vape-shops/');
INSERT INTO sources (person_id, url) VALUES ('kieran-cartharn', 'https://www.nbc4i.com/news/local-news/former-columbus-city-council-candidate-pleads-guilty-to-impersonating-officer/');
INSERT INTO sources (person_id, url) VALUES ('kieran-cartharn', 'https://rooster.substack.com/p/kieran-cartharn-goes-again');
INSERT INTO sources (person_id, url) VALUES ('kieran-cartharn', 'https://abc6onyourside.com/news/local/former-columbus-city-council-candidate-accused-of-entering-womans-near-campus-home');
INSERT INTO sources (person_id, url) VALUES ('kieran-cartharn', 'https://web.archive.org/web/20230531191437/https://www.thesussireport.com/post/former-city-council-candidate-sent-to-prison-for-sexual-assault');
INSERT OR REPLACE INTO people (id, name, status, level, state, office, crime_description, summary, still_in_office, offense_year, conviction_year, event_date) VALUES ('emma-hancock', 'Emma Hancock', 'charged', 'local', 'OK', 'School Board Member', 'Grooming/Child Molestation', 'Harry Jackson is the GOP-endorsed candidate for Fairfax, Virginia, School Board . He has been arrested three times for assault and battery of his wives.', NULL, NULL, NULL, NULL);
INSERT INTO crime_types (person_id, crime_type) VALUES ('emma-hancock', 'child-molestation');
INSERT INTO crime_types (person_id, crime_type) VALUES ('emma-hancock', 'grooming');
INSERT INTO sources (person_id, url) VALUES ('emma-hancock', 'https://goppredators.wordpress.com/2023/07/02/1075-harry-jackson/');
INSERT INTO sources (person_id, url) VALUES ('emma-hancock', 'https://fairfaxgop.org/training/learn-about-dr-harry-jackson-school-board-candidate-hunter-mill/');
INSERT INTO sources (person_id, url) VALUES ('emma-hancock', 'https://wjla.com/news/crisis-in-the-classrooms/harry-jackson-fairfax-school-board-candidate-was-arrested-three-times-for-assault-and-battery-of-wives-gop-student-with-autism-national-anthem-batterer-intervention-certificate-arlington-county-court-documents');
INSERT INTO sources (person_id, url) VALUES ('emma-hancock', 'https://wjla.com/news/crisis-in-the-classrooms/harry-jackson-fairfax-county-school-board-race-election-2023-gop-republicans-endorse-assault-and-battery-wives-student-with-autism-national-anthem-arlington');
INSERT INTO sources (person_id, url) VALUES ('emma-hancock', 'https://www.wusa9.com/article/news/local/harry-jackson-republican-running-for-fairfax-school-board-spends-hours-conversing-with-far-right-groypers/65-1b8fb3b1-2d96-4300-afd8-b83fdcec79a0');
INSERT OR REPLACE INTO people (id, name, status, level, state, office, crime_description, summary, still_in_office, offense_year, conviction_year, event_date) VALUES ('harry-jackson', 'Harry Jackson', 'charged', 'local', 'VA', 'Mayor', 'Domestic Violence', 'Emma Hancock Emma Hancock was a substitute teacher at Wellston Public Schools. Her father is the Mayor and her husband the Chief of Police.', NULL, NULL, NULL, NULL);
INSERT INTO crime_types (person_id, crime_type) VALUES ('harry-jackson', 'domestic-violence');
INSERT INTO sources (person_id, url) VALUES ('harry-jackson', 'https://goppredators.wordpress.com/2023/07/02/1074-emma-hancock/');
INSERT INTO sources (person_id, url) VALUES ('harry-jackson', 'https://lawandcrime.com/crime/emma-delaney-hancock-affidavit-reveals-more-about-case-against-substitute-teacher/');
INSERT INTO sources (person_id, url) VALUES ('harry-jackson', 'https://www.ibtimes.com/mayors-daughter-charged-sexual-abuse-teenager-during-substitute-teaching-3686542');
INSERT INTO sources (person_id, url) VALUES ('harry-jackson', 'https://www.oscn.net/dockets/GetCaseInformation.aspx?db=lincoln&amp;number=CF-2023-00117&amp;cmid=1566535');
INSERT OR REPLACE INTO people (id, name, status, level, state, office, crime_description, summary, still_in_office, offense_year, conviction_year, event_date) VALUES ('earl-worden', 'Earl Worden', 'convicted', 'adjacent', 'TX', 'Political Activist', 'Rape/Child Sexual Abuse', 'Earl David Worden Earl David Worden was a gun rights activist whom some credited with co-founding Open Carry Texas. He was a valued member and they rallied to support him when he was arrested.', NULL, NULL, 2022, NULL);
INSERT INTO crime_types (person_id, crime_type) VALUES ('earl-worden', 'rape');
INSERT INTO crime_types (person_id, crime_type) VALUES ('earl-worden', 'assault');
INSERT INTO sources (person_id, url) VALUES ('earl-worden', 'https://goppredators.wordpress.com/2023/07/02/1073-earl-worden/');
INSERT INTO sources (person_id, url) VALUES ('earl-worden', 'https://en.wikipedia.org/wiki/First_Amendment_audits');
INSERT INTO sources (person_id, url) VALUES ('earl-worden', 'https://policecrimes.com/david-worden/');
INSERT INTO sources (person_id, url) VALUES ('earl-worden', 'https://search.txcourts.gov/Case.aspx?cn=01-23-00133-CR&amp;coa=coa01');
INSERT INTO sources (person_id, url) VALUES ('earl-worden', 'https://publicsite.dps.texas.gov/SexOffenderRegistry/Search/Rapsheet?Sid=03562739');
INSERT INTO sources (person_id, url) VALUES ('earl-worden', 'https://ktrh.iheart.com/featured/houston-texas-news/content/2022-12-16-you-tube-gets-a-life-sentence/');
INSERT INTO sources (person_id, url) VALUES ('earl-worden', 'https://www.click2houston.com/news/2019/03/02/man-accused-of-sexually-abusing-child-due-in-court-in-houston/');
INSERT OR REPLACE INTO people (id, name, status, level, state, office, crime_description, summary, still_in_office, offense_year, conviction_year, event_date) VALUES ('erickson-lee', 'Erickson Lee', 'charged', 'adjacent', 'NC', 'Police Officer', 'Sexual Battery of Child', 'Erickson Douglas Lee Erickson Douglas Lee was a police officer in Cornelius, South Carolina, and a youth leader at Morningstar Ministries, leading their Young Special Forces . Lee started the program and ran it.', NULL, NULL, NULL, '2023-05-05');
INSERT INTO crime_types (person_id, crime_type) VALUES ('erickson-lee', 'rape');
INSERT INTO crime_types (person_id, crime_type) VALUES ('erickson-lee', 'assault');
INSERT INTO sources (person_id, url) VALUES ('erickson-lee', 'https://goppredators.wordpress.com/2023/07/02/1072-erickson-lee/');
INSERT INTO sources (person_id, url) VALUES ('erickson-lee', 'https://web.archive.org/web/20220121144912/https://www.morningstarfortmill.com/profile/young-special-forces/');
INSERT INTO sources (person_id, url) VALUES ('erickson-lee', 'https://www.wsoctv.com/news/local/warrants-officer-arrested-child-sex-crimes-allegedly-committed-them-church-leader/KMD7SQZAYJEJFMYHZD5ANJYTF4/');
INSERT INTO sources (person_id, url) VALUES ('erickson-lee', 'https://www.wcnc.com/article/news/local/former-cornelius-officer-charged-with-child-sex-crimes-was-church-youth-volunteer-erickson-lee-fort-mill-morningstar-ministries-morningstar-church/275-cb3fa724-d666-44da-9a12-388b141e4345');
INSERT INTO sources (person_id, url) VALUES ('erickson-lee', 'https://publicindex.sccourts.org/York/PublicIndex/PISearch.aspx');
INSERT OR REPLACE INTO people (id, name, status, level, state, office, crime_description, summary, still_in_office, offense_year, conviction_year, event_date) VALUES ('steven-crowder', 'Steven Crowder', 'alleged', 'adjacent', 'TX', '', 'Domestic Abuse, Sexual Harassment', 'Steven Crowder is a political commentator who used to be on Fox News before going out on his own podcast and YouTube channel. He is alleged to be funny, in a kicking-down sort of way.', NULL, NULL, NULL, NULL);
INSERT INTO crime_types (person_id, crime_type) VALUES ('steven-crowder', 'domestic-violence');
INSERT INTO crime_types (person_id, crime_type) VALUES ('steven-crowder', 'harassment');
INSERT INTO sources (person_id, url) VALUES ('steven-crowder', 'https://goppredators.wordpress.com/2023/07/01/1071-steven-crowder/');
INSERT INTO sources (person_id, url) VALUES ('steven-crowder', 'https://themessenger.com/news/steven-crowder-who-called-dads-largely-useless-demands-full-custody-of-twins-report');
INSERT INTO sources (person_id, url) VALUES ('steven-crowder', 'https://www.cnn.com/2023/05/18/opinions/crowder-right-wing-rhetoric-about-divorce-ignores-history-shanley/index.html');
INSERT INTO sources (person_id, url) VALUES ('steven-crowder', 'https://nymag.com/intelligencer/2023/05/steven-crowder-exposed-himself-at-work-ex-staffers-say.html');
INSERT INTO sources (person_id, url) VALUES ('steven-crowder', 'https://ca.news.yahoo.com/f-ing-watch-video-shows-210703836.html');
INSERT INTO sources (person_id, url) VALUES ('steven-crowder', 'https://www.thedailybeast.com/steven-crowder-repeatedly-exposed-genitals-to-employees-ex-staffers-claim');
INSERT OR REPLACE INTO people (id, name, status, level, state, office, crime_description, summary, still_in_office, offense_year, conviction_year, event_date) VALUES ('andrea-speck', 'Andrea Speck', 'charged', 'adjacent', 'PA', '', 'Domestic Violence', 'Andrea Speck Andrea Speck was a candidate in the May 2022 Republican primary in the heavily Republican, sure to win the general, District 81. She ran in the Republican primary for Huntingdon County Commission in 2023 and lost that primary as well.', NULL, NULL, NULL, '2023-07-20');
INSERT INTO crime_types (person_id, crime_type) VALUES ('andrea-speck', 'domestic-violence');
INSERT INTO sources (person_id, url) VALUES ('andrea-speck', 'https://goppredators.wordpress.com/2023/06/29/1070-andrea-speck/');
INSERT INTO sources (person_id, url) VALUES ('andrea-speck', 'https://www.huntingdondailynews.com/news/local/candidate-facing-charges/article_ee343ad9-e2fa-5a2e-90ff-8a9734680769.html');
INSERT INTO sources (person_id, url) VALUES ('andrea-speck', 'https://ujsportal.pacourts.us/Report/CpDocketSheet?docketNumber=CP-31-CR-0000176-2023&amp;dnh=38%2BiRM8%2FHgDEtNpxYFLF9w%3D%3D');
INSERT INTO sources (person_id, url) VALUES ('andrea-speck', 'https://wjactv.com/news/local/psp-huntingdon-commissioner-candidate-charged-in-domestic-dispute');
INSERT OR REPLACE INTO people (id, name, status, level, state, office, crime_description, summary, still_in_office, offense_year, conviction_year, event_date) VALUES ('jim-duran', 'Jim Duran', 'convicted', 'adjacent', 'CA', 'City Councilmember', 'Organizational Cover-up', 'Jim Duran Jim Duran is the District 6 City Councilmember in Ventura, California. He is also the lead pastor at The River Community Church in Ventura.', NULL, NULL, NULL, '2023-04-30');
INSERT INTO crime_types (person_id, crime_type) VALUES ('jim-duran', 'enablement');
INSERT INTO crime_types (person_id, crime_type) VALUES ('jim-duran', 'organizational-coverup');
INSERT INTO sources (person_id, url) VALUES ('jim-duran', 'https://goppredators.wordpress.com/2023/06/29/1069-jim-duran/');
INSERT INTO sources (person_id, url) VALUES ('jim-duran', 'https://www.cityofventura.ca.gov/directory.aspx?EID=461');
INSERT INTO sources (person_id, url) VALUES ('jim-duran', 'https://www.vcstar.com/story/news/local/2023/04/29/ventura-councilman-knew-of-his-sons-abuse-of-teen-girl/70160048007/');
INSERT INTO sources (person_id, url) VALUES ('jim-duran', 'https://www.documentcloud.org/documents/23792374-jane-doe-vs-the-river-community?embed=true&amp;responsive=false&amp;sidebar=false');
INSERT INTO sources (person_id, url) VALUES ('jim-duran', 'https://www.vcstar.com/story/news/courts/2022/06/09/ventura-church-youth-leader-pleads-guilty-sexual-misconduct-james-duran-river-community-church/7562826001/');
INSERT OR REPLACE INTO people (id, name, status, level, state, office, crime_description, summary, still_in_office, offense_year, conviction_year, event_date) VALUES ('percy-wilbur-rock-jr', 'Percy Wilbur Rock Jr', 'convicted', 'local', 'PA', 'School Board Member', 'Child Sexual Abuse Material', 'Percy Wilbur Rock Jr (PA): Child Sexual Abuse Material.', NULL, NULL, 2023, '2023-06-07');
INSERT INTO crime_types (person_id, crime_type) VALUES ('percy-wilbur-rock-jr', 'csam');
INSERT INTO crime_types (person_id, crime_type) VALUES ('percy-wilbur-rock-jr', 'assault');
INSERT INTO sources (person_id, url) VALUES ('percy-wilbur-rock-jr', 'https://goppredators.wordpress.com/2023/06/29/1068-percy-wilbur-rock-jr/');
INSERT INTO sources (person_id, url) VALUES ('percy-wilbur-rock-jr', 'https://tristatealert.com/breaking-man-running-for-greencastle-antrim-school-board-arrested-on-child-porn-charges/');
INSERT INTO sources (person_id, url) VALUES ('percy-wilbur-rock-jr', 'https://www.meganslaw.psp.pa.gov/OffenderDetails/PhysDesc/58370');
INSERT INTO sources (person_id, url) VALUES ('percy-wilbur-rock-jr', 'https://ujsportal.pacourts.us/Report/CpDocketSheet?docketNumber=CP-28-CR-0000566-2023&amp;dnh=DAsXdYKpDWpvkWwcYYLx5A%3D%3D');
INSERT OR REPLACE INTO people (id, name, status, level, state, office, crime_description, summary, still_in_office, offense_year, conviction_year, event_date) VALUES ('stephen-l-mcpherson', 'Stephen L. McPherson', 'convicted', 'adjacent', 'VA', '', 'Child Rape', 'Stephen and Melina McPherson Stephen L. McPherson was the Assistant Dean of Regent University Law School that was founded by the arch-conservative bigot Pat Robertson.', NULL, NULL, NULL, '2009-06-19');
INSERT INTO crime_types (person_id, crime_type) VALUES ('stephen-l-mcpherson', 'rape');
INSERT INTO sources (person_id, url) VALUES ('stephen-l-mcpherson', 'https://goppredators.wordpress.com/2023/06/29/1067-stephen-l-mcpherson/');
INSERT INTO sources (person_id, url) VALUES ('stephen-l-mcpherson', 'https://www.pilotonline.com/2021/02/09/did-the-dean-of-regent-universitys-law-school-help-spur-the-capitol-riot-critics-say-yes/');
INSERT INTO sources (person_id, url) VALUES ('stephen-l-mcpherson', 'https://hopehavenvb.org/our-services/childrens-home/');
INSERT INTO sources (person_id, url) VALUES ('stephen-l-mcpherson', 'http://exchristian.net/2/2008/06/former-regent-assistant-dean-faces.html');
INSERT OR REPLACE INTO people (id, name, status, level, state, office, crime_description, summary, still_in_office, offense_year, conviction_year, event_date) VALUES ('john-brownlow', 'John Brownlow', 'charged', 'adjacent', 'TN', '', 'Soliciting a Minor', 'John Brownlow 2022 Mugshot John Brownlow is the former Chief Financial Office of Westminster Academy, a school that follows the theology of Doug Wilson . He was arrested for stalking a minor online and in person, going so far as to break into his home to spy on his and get unlawful images of him.', NULL, NULL, NULL, NULL);
INSERT INTO crime_types (person_id, crime_type) VALUES ('john-brownlow', 'solicitation');
INSERT INTO sources (person_id, url) VALUES ('john-brownlow', 'https://goppredators.wordpress.com/2023/06/29/1066-john-brownlow/');
INSERT INTO sources (person_id, url) VALUES ('john-brownlow', 'https://law.justia.com/codes/tennessee/2021/title-39/chapter-17/part-10/');
INSERT INTO sources (person_id, url) VALUES ('john-brownlow', 'https://www.fox13memphis.com/news/local-christian-school-former-administrator-allegedly-persuades-teens-into-sexual-activity-court-documents-show/article_ae06d2ca-e510-11ed-a52f-7362410dc1a9.html');
INSERT INTO sources (person_id, url) VALUES ('john-brownlow', 'https://www.actionnews5.com/2023/04/26/church-school-leader-charged-allegedly-groomed-child-years/');
INSERT OR REPLACE INTO people (id, name, status, level, state, office, crime_description, summary, still_in_office, offense_year, conviction_year, event_date) VALUES ('william-lee-lawshe', 'William Lee Lawshe', 'charged', 'local', 'FL', '', 'CSAM Charges Dropped', 'William Lee Lawshe in 2014 William Lee Lawshe was a Florida Fish and Wildlife officer. He was named FWC Officer of the Year and then in 2014 was named the national Officer of the Year by the Association of Fish and Wildlife Agencies after rescuing a man trapped in a swamp for days.', NULL, NULL, NULL, NULL);
INSERT INTO crime_types (person_id, crime_type) VALUES ('william-lee-lawshe', 'csam');
INSERT INTO sources (person_id, url) VALUES ('william-lee-lawshe', 'https://goppredators.wordpress.com/2023/06/29/1065-william-lee-lawshe/');
INSERT INTO sources (person_id, url) VALUES ('william-lee-lawshe', 'https://apps.stjohnsclerk.com/Benchmark/CourtCase.aspx/Details/1160229?digest=ZE3vvK8XdUVQiRnrH4w1AA');
INSERT INTO sources (person_id, url) VALUES ('william-lee-lawshe', 'https://www.newsherald.com/story/sports/outdoors/2014/01/16/1-263048/33944281007/');
INSERT INTO sources (person_id, url) VALUES ('william-lee-lawshe', 'https://www.firstcoastnews.com/article/news/crime/former-fwc-officer-has-charges-dropped-after-2023-child-porn-april-arrest/77-9b32972f-c0bb-487e-adf0-3736d7f4401f');
INSERT INTO sources (person_id, url) VALUES ('william-lee-lawshe', 'https://apps.stjohnsclerk.com/Benchmark/CourtCase.aspx/Details/1123131?digest=1a7MDdf5U7bQOR3PlKRM2A');
INSERT OR REPLACE INTO people (id, name, status, level, state, office, crime_description, summary, still_in_office, offense_year, conviction_year, event_date) VALUES ('adrienne-pe-a-garza', 'Adrienne Peña-Garza', 'alleged', 'party-official', 'TX', '', 'Organizational Cover-up', 'Adrienne Peña-Garza is the Chair of the Hildalgo County GOP in Texas and a fellow at The Club for Growth, the organization that worked assiduously to rid the Republicans of moderates. She is being sued for her alleged role in covering up her brother''s sexual harassment and assault.', NULL, NULL, NULL, '2023-02-22');
INSERT INTO crime_types (person_id, crime_type) VALUES ('adrienne-pe-a-garza', 'enablement');
INSERT INTO crime_types (person_id, crime_type) VALUES ('adrienne-pe-a-garza', 'organizational-coverup');
INSERT INTO sources (person_id, url) VALUES ('adrienne-pe-a-garza', 'https://goppredators.wordpress.com/2023/06/27/1064-adrienne-pena-garza/');
INSERT INTO sources (person_id, url) VALUES ('adrienne-pe-a-garza', 'https://hidalgocountygop.us/our-team/');
INSERT INTO sources (person_id, url) VALUES ('adrienne-pe-a-garza', 'https://myrgv.com/local-news/2022/10/19/civil-suit-alleges-hidalgo-co-gop-chair-aided-and-abetted-brothers-sexual-misconduct/');
INSERT INTO sources (person_id, url) VALUES ('adrienne-pe-a-garza', 'https://www.tpr.org/government-politics/2022-09-16/women-allege-two-decades-of-sexual-harassment-from-former-texas-gop-staffer');
INSERT INTO sources (person_id, url) VALUES ('adrienne-pe-a-garza', 'https://myrgv.com/local-news/2023/02/21/hidalgo-county-gop-chair-wants-out-of-sexual-harassment-lawsuit-against-brother/?utm_source=ourcommunitynow&amp;utm_medium=web');
INSERT OR REPLACE INTO people (id, name, status, level, state, office, crime_description, summary, still_in_office, offense_year, conviction_year, event_date) VALUES ('jacob-desormeaux', 'Jacob Desormeaux', 'charged', 'adjacent', 'LA', 'Police Officer', 'Child Indecency', 'Jacob Desormeaux was a Lafayette, Louisiana, police officer. He was arrested in April, 2023, for allegedly showing a video with sexual content to two minors.', NULL, NULL, NULL, '2023-04-23');
INSERT INTO crime_types (person_id, crime_type) VALUES ('jacob-desormeaux', 'other');
INSERT INTO sources (person_id, url) VALUES ('jacob-desormeaux', 'https://goppredators.wordpress.com/2023/06/27/1063-jacob-desormeaux/');
INSERT INTO sources (person_id, url) VALUES ('jacob-desormeaux', 'https://www.lpclerk.com/online-records');
INSERT INTO sources (person_id, url) VALUES ('jacob-desormeaux', 'https://www.kadn.com/news/lafayette-police-officer-arrested-for-alleged-obscenity-with-children/article_bda4e6c8-e0be-11ed-9533-3302f635da7e.html');
INSERT INTO sources (person_id, url) VALUES ('jacob-desormeaux', 'https://www.klfy.com/local/lafayette-parish/klfy-investigates-arrested-lafayette-police-officer-faced-prior-disciplinary-action/');
INSERT OR REPLACE INTO people (id, name, status, level, state, office, crime_description, summary, still_in_office, offense_year, conviction_year, event_date) VALUES ('daniel-perry', 'Daniel Perry', 'convicted', 'state', 'TX', '', 'Soliciting a Minor', 'Daniel Perry is the murderer whom Texas Governor Greg Abbott has turned into a cause célèbre by vowing to pardon him as soon as he is sentenced. Daniel Perry murdered Garrett Foster.', NULL, NULL, NULL, '2023-05-11');
INSERT INTO crime_types (person_id, crime_type) VALUES ('daniel-perry', 'solicitation');
INSERT INTO sources (person_id, url) VALUES ('daniel-perry', 'https://goppredators.wordpress.com/2023/06/27/1062-daniel-perry/');
INSERT INTO sources (person_id, url) VALUES ('daniel-perry', 'https://apnews.com/article/black-lives-matter-protest-shooting-texas-sentence-04abb51c52d41fa259b2f2ed8ee72f37');
INSERT INTO sources (person_id, url) VALUES ('daniel-perry', 'https://www.texasobserver.org/daniel-perry-pardon-greg-abbott-garrett-foster/');
INSERT INTO sources (person_id, url) VALUES ('daniel-perry', 'https://ordinary-times.com/2023/04/09/daniel-perry-is-a-baffling-waste-of-a-pardon/');
INSERT OR REPLACE INTO people (id, name, status, level, state, office, crime_description, summary, still_in_office, offense_year, conviction_year, event_date) VALUES ('scotty-campbell', 'Scotty Campbell', 'convicted', 'state', 'TN', 'State Representative', 'Sexual Harassment', 'Scotty Campbell was a Tennessee state Representative who voted to expel the Tennessee Three for lack of decorum. He gave a speech criticizing the Three and two weeks later, he was the one who was out, resigning after being found guilty of sexual harassment.', NULL, NULL, NULL, '2023-05-01');
INSERT INTO crime_types (person_id, crime_type) VALUES ('scotty-campbell', 'harassment');
INSERT INTO sources (person_id, url) VALUES ('scotty-campbell', 'https://goppredators.wordpress.com/2023/06/26/1061-scotty-campbell/');
INSERT INTO sources (person_id, url) VALUES ('scotty-campbell', 'https://tennesseelookout.com/2023/04/20/east-tenn-lawmaker-resigns-after-sexual-harassment-finding/');
INSERT INTO sources (person_id, url) VALUES ('scotty-campbell', 'https://www.newschannel5.com/news/newschannel-5-investigates/revealed/revealed-gop-leader-who-voted-to-expel-tennessee-three-found-guilty-of-sexually-harassing-interns');
INSERT OR REPLACE INTO people (id, name, status, level, state, office, crime_description, summary, still_in_office, offense_year, conviction_year, event_date) VALUES ('bernd-niels-dutch-deblouw', 'Bernd Niels “Dutch” Deblouw', 'charged', 'local', 'TX', 'City Councilmember', 'Child Sexual Abuse Material/Voyeurism', 'Bernd Niels “Dutch” Deblouw ran for city council in Longview, Texas, in 2016 and 2022. He lost both times.', NULL, NULL, NULL, '2022-08-15');
INSERT INTO crime_types (person_id, crime_type) VALUES ('bernd-niels-dutch-deblouw', 'csam');
INSERT INTO crime_types (person_id, crime_type) VALUES ('bernd-niels-dutch-deblouw', 'assault');
INSERT INTO crime_types (person_id, crime_type) VALUES ('bernd-niels-dutch-deblouw', 'indecent-exposure');
INSERT INTO sources (person_id, url) VALUES ('bernd-niels-dutch-deblouw', 'https://goppredators.wordpress.com/2023/06/26/1060-bernd-niels-dutch-deblouw/');
INSERT INTO sources (person_id, url) VALUES ('bernd-niels-dutch-deblouw', 'https://alzzstar.wixsite.com/campaign-site');
INSERT INTO sources (person_id, url) VALUES ('bernd-niels-dutch-deblouw', 'https://tylerpaper.com/news/local/man-who-twice-ran-for-longview-city-council-seat-arrested-on-child-pornography-charge/article_823d6d2b-14e4-5ecd-8f25-0f3b11b4dc7d.html');
INSERT INTO sources (person_id, url) VALUES ('bernd-niels-dutch-deblouw', 'https://www.news-journal.com/news/local/former-longview-city-council-candidate-arrested-again/article_1a20ddb0-de28-11ed-8306-937b965cc594.html');
INSERT OR REPLACE INTO people (id, name, status, level, state, office, crime_description, summary, still_in_office, offense_year, conviction_year, event_date) VALUES ('kent-stermon', 'Kent Stermon', 'convicted', 'state', 'FL', '', 'Child Sex Abuse', 'Kent Stermon Kent Stermon was appointed the the Florida Board of Governors by Gov. Ron DeSantis, a man he helped elect and to whom he donated generously.', NULL, NULL, NULL, '2022-12-13');
INSERT INTO crime_types (person_id, crime_type) VALUES ('kent-stermon', 'assault');
INSERT INTO sources (person_id, url) VALUES ('kent-stermon', 'https://goppredators.wordpress.com/2023/06/26/1059-kent-stermon/');
INSERT INTO sources (person_id, url) VALUES ('kent-stermon', 'https://www.firstcoastnews.com/article/news/local/new-reports-show-timeline-of-events-in-death-of-major-gop-donor-kent-stermon-in-jacksonville/77-8802aa45-d877-4bf8-9dcd-0f51ee3cbd0c');
INSERT INTO sources (person_id, url) VALUES ('kent-stermon', 'https://floridapolitics.com/archives/604372-new-allegations-emerge-about-ron-desantis-confidant-kent-stermons-problems-before-his-death/');
INSERT INTO sources (person_id, url) VALUES ('kent-stermon', 'https://www.msn.com/en-us/news/crime/prominent-gop-donor-now-dead-accused-of-using-taylor-swift-tickets-to-coerce-young-woman/ar-AA1hszCy?ocid=socialshare&amp;cvid=c32db93a11664e56a0fba1c65d655498&amp;ei=103#image=1');
INSERT INTO sources (person_id, url) VALUES ('kent-stermon', 'https://floridapolitics.com/archives/author/gancarski/');
INSERT OR REPLACE INTO people (id, name, status, level, state, office, crime_description, summary, still_in_office, offense_year, conviction_year, event_date) VALUES ('christopher-link-jones', 'Christopher Link Jones', 'convicted', 'adjacent', 'SC', '', 'Lewd Acts/Battery on Children', 'Christopher Link Jones used to work for Alex Jones, the conspiracist who was successfully sued by the Sandy Hook families for alleging the entire event was a false flag and the children they lost were crisis actors. He is now working at Dinosaur Adventure Land, a creationist theme park run by Kent H', NULL, NULL, NULL, NULL);
INSERT INTO crime_types (person_id, crime_type) VALUES ('christopher-link-jones', 'other');
INSERT INTO sources (person_id, url) VALUES ('christopher-link-jones', 'https://goppredators.wordpress.com/2023/06/25/1058-christopher-link-jones/');
INSERT INTO sources (person_id, url) VALUES ('christopher-link-jones', 'https://www.postandcourier.com/aikenstandard/news/crime/aiken-man-faces-criminal-sexual-conduct-charges-involving-a-minor/article_43256486-cf07-11ed-b4fc-37611ccb9b29.html');
INSERT INTO sources (person_id, url) VALUES ('christopher-link-jones', 'https://www.thedailybeast.com/friend-of-dinosaur-adventure-land-preacher-kent-hovind-charged-with-child-sex-abuseagain');
INSERT OR REPLACE INTO people (id, name, status, level, state, office, crime_description, summary, still_in_office, offense_year, conviction_year, event_date) VALUES ('ali-alexander', 'Ali Alexander', 'alleged', 'adjacent', 'TX', '', 'Soliciting a Minor', 'Ali Alexander is a far-right extremist in the mold of Roger Stone, willing to promote lies and conspiracies to advance his cause. He was an organizer of "Stop the Steal" the kick-off event for the January 6th coup, all predicated on lies and invented conspiracies.', NULL, NULL, NULL, NULL);
INSERT INTO crime_types (person_id, crime_type) VALUES ('ali-alexander', 'solicitation');
INSERT INTO sources (person_id, url) VALUES ('ali-alexander', 'https://goppredators.wordpress.com/2023/06/25/1057-ali-alexander/');
INSERT INTO sources (person_id, url) VALUES ('ali-alexander', 'https://www.rollingstone.com/politics/politics-news/ali-alexander-apologizes-inappropriate-messages-1234716609/');
INSERT INTO sources (person_id, url) VALUES ('ali-alexander', 'https://www.dailydot.com/debug/colorado-police-active-case-ali-alexander-teen-boys/');
INSERT INTO sources (person_id, url) VALUES ('ali-alexander', 'https://www.thedailybeast.com/stop-the-steal-organizer-ali-alexander-apologizes-after-being-accused-of-asking-teen-boys-for-sexual-pics');
INSERT INTO sources (person_id, url) VALUES ('ali-alexander', 'https://podcasts.apple.com/us/podcast/the-new-abnormal/id1508202790');
INSERT INTO sources (person_id, url) VALUES ('ali-alexander', 'https://open.spotify.com/show/5iFH0T9NXwxpD5PYVNV3NU?si=MsaeoCsDTiKfyMXCTNAeQg');
INSERT INTO sources (person_id, url) VALUES ('ali-alexander', 'https://www.thedailybeast.com/inside-trumpworld-hero-ali-alexanders-teen-sexting-scandal');
INSERT OR REPLACE INTO people (id, name, status, level, state, office, crime_description, summary, still_in_office, offense_year, conviction_year, event_date) VALUES ('mike-moon', 'Mike Moon', 'alleged', 'state', 'MO', 'State Senator', 'Defends Child Marriage', 'Mike Moon is a Missouri Republican state senator who supports and defends child marriage. In 2018, he opposed the bill that raised the marriage age from 15 to 16.', NULL, NULL, NULL, NULL);
INSERT INTO crime_types (person_id, crime_type) VALUES ('mike-moon', 'other');
INSERT INTO sources (person_id, url) VALUES ('mike-moon', 'https://goppredators.wordpress.com/2023/06/25/1056-mike-moon/');
INSERT INTO sources (person_id, url) VALUES ('mike-moon', 'https://www.news-leader.com/story/news/politics/2023/04/12/sen-mike-moon-reiterates-support-for-12-year-olds-right-to-marry-missouri-senate/70107573007/');
INSERT INTO sources (person_id, url) VALUES ('mike-moon', 'https://www.losangelesblade.com/2023/04/12/missouri-senator-defends-child-marriage-after-trans-ban-passes/');
INSERT OR REPLACE INTO people (id, name, status, level, state, office, crime_description, summary, still_in_office, offense_year, conviction_year, event_date) VALUES ('michael-wayne-coleman', 'Michael Wayne Coleman', 'charged', 'adjacent', 'AZ', '', 'Soliciting a Minor', 'Michael Wayne Coleman was a Mormon bishop in Mesa, Arizona. In 2014, he was arrested and charged with soliciting minors for sexual exploitation.', NULL, NULL, NULL, NULL);
INSERT INTO crime_types (person_id, crime_type) VALUES ('michael-wayne-coleman', 'solicitation');
INSERT INTO sources (person_id, url) VALUES ('michael-wayne-coleman', 'https://goppredators.wordpress.com/2023/06/25/1055-michael-coleman/');
INSERT INTO sources (person_id, url) VALUES ('michael-wayne-coleman', 'https://floodlit.org/a/a069/');
INSERT INTO sources (person_id, url) VALUES ('michael-wayne-coleman', 'https://www.usatoday.com/story/news/nation/2014/01/24/mormon-bishop-sex-crime/4829127/');
INSERT INTO sources (person_id, url) VALUES ('michael-wayne-coleman', 'https://ktar.com/story/81717/lds-bishop-arrested-in-mesa-for-online-conduct-with-minor/');
INSERT OR REPLACE INTO people (id, name, status, level, state, office, crime_description, summary, still_in_office, offense_year, conviction_year, event_date) VALUES ('joshua-craft', 'Joshua Craft', 'charged', 'adjacent', 'IN', 'Police Officer', 'Child Sexual Abuse Material', 'Joshua Craft was an unsuccessful Republican candidate for Otter Creek Township trustee in Vigo County, Indiana, just north of Terre Haute. The FBI received a tip from Charter Communications and Google that he was sharing Child Sex Abuse Material (CSAM) and passed it on to the Terre Haute Police Depa', NULL, NULL, NULL, '2023-10-10');
INSERT INTO crime_types (person_id, crime_type) VALUES ('joshua-craft', 'csam');
INSERT INTO crime_types (person_id, crime_type) VALUES ('joshua-craft', 'assault');
INSERT INTO sources (person_id, url) VALUES ('joshua-craft', 'https://goppredators.wordpress.com/2023/06/25/1054-joshua-craft/');
INSERT INTO sources (person_id, url) VALUES ('joshua-craft', 'https://www.wane.com/news/crime/court-docs-terre-haute-man-arrested-after-fbi-child-porn-tip/');
INSERT INTO sources (person_id, url) VALUES ('joshua-craft', 'https://www.wthitv.com/news/th-man-arrested-on-child-pornography-possession-charges/article_3510240e-d99c-11ed-8c69-3300fef04df3.html');
INSERT INTO sources (person_id, url) VALUES ('joshua-craft', 'https://public.courts.in.gov/MyCase#/vw/CaseSummary/eyJ2Ijp7IkNhc2VUb2tlbiI6IjJZcjl6RS1BZE90ZUZQUnM3R1lxVmhfYWRBc1pueWxqYXRlREc2cWdWaEUxIn19');
INSERT OR REPLACE INTO people (id, name, status, level, state, office, crime_description, summary, still_in_office, offense_year, conviction_year, event_date) VALUES ('timothy-keith-owen', 'Timothy Keith Owen', 'charged', 'adjacent', 'OK', 'Police Officer', 'Soliciting a Minor', 'Timothy Keith Owen was a police officer in Edmond, Oklahoma. He retired in 2015, but still did some work for the department as a civilian employee.', NULL, NULL, NULL, NULL);
INSERT INTO crime_types (person_id, crime_type) VALUES ('timothy-keith-owen', 'solicitation');
INSERT INTO sources (person_id, url) VALUES ('timothy-keith-owen', 'https://goppredators.wordpress.com/2023/06/25/1053-timothy-owen/');
INSERT INTO sources (person_id, url) VALUES ('timothy-keith-owen', 'https://nondoc.com/2023/04/14/edmond-pd-employee-timothy-owen-arrested-for-soliciting-sexual-conduct/');
INSERT INTO sources (person_id, url) VALUES ('timothy-keith-owen', 'https://nondoc.com/wp-content/uploads/2023/04/Timothy-Owen-probable-cause-affidavit-2023_Redacted.pdf');
INSERT INTO sources (person_id, url) VALUES ('timothy-keith-owen', 'https://kfor.com/news/local/former-edmond-police-officer-accused-of-inappropriate-relationship-with-14-year-old/');
INSERT INTO sources (person_id, url) VALUES ('timothy-keith-owen', 'https://www.oscn.net/dockets/Search.aspx');
INSERT OR REPLACE INTO people (id, name, status, level, state, office, crime_description, summary, still_in_office, offense_year, conviction_year, event_date) VALUES ('todd-wade-allen', 'Todd Wade Allen', 'convicted', 'adjacent', 'KS', 'Police Officer', 'Serial Rapist', 'Todd Wade Allen was a Hutchinson, Kansas, police officer. He is also a serial rapist.', NULL, NULL, NULL, NULL);
INSERT INTO crime_types (person_id, crime_type) VALUES ('todd-wade-allen', 'other');
INSERT INTO sources (person_id, url) VALUES ('todd-wade-allen', 'https://goppredators.wordpress.com/2023/06/25/1052-todd-wade-allen/');
INSERT INTO sources (person_id, url) VALUES ('todd-wade-allen', 'https://www.hutchnews.com/story/news/crime/2023/04/10/former-hutchinson-police-officer-pleads-guilty-to-sex-crimes-in-court/70096601007/');
INSERT INTO sources (person_id, url) VALUES ('todd-wade-allen', 'https://hutchpost.com/posts/ad67f49d-358d-40ef-96e9-5e481e966518');
INSERT OR REPLACE INTO people (id, name, status, level, state, office, crime_description, summary, still_in_office, offense_year, conviction_year, event_date) VALUES ('paul-zunker', 'Paul Zunker', 'convicted', 'party-official', 'MN', '', 'Child Molestation', 'Paul Zunker was the Carver County GOP Chair in Minnesota. In 2011, he pleaded guilty to sexually molesting a child in his estimation at least once a week.', NULL, NULL, 2011, NULL);
INSERT INTO crime_types (person_id, crime_type) VALUES ('paul-zunker', 'child-molestation');
INSERT INTO sources (person_id, url) VALUES ('paul-zunker', 'https://goppredators.wordpress.com/2023/06/25/1051-paul-zunker/');
INSERT INTO sources (person_id, url) VALUES ('paul-zunker', 'https://paulzunker.org/pauls-story/');
INSERT INTO sources (person_id, url) VALUES ('paul-zunker', 'https://www.bluestemprairie.com/bluestemprairie/2011/09/a-little-more-than-a-hiccup-carver-county-gop-chair-resigns-following-criminal-sex-charges.html');
INSERT INTO sources (person_id, url) VALUES ('paul-zunker', 'https://web.archive.org/web/20130329183233/http://blogs.citypages.com/blotter/2011/09/paul_zunker_carver_county_republican_child_molestation_charges.php');
INSERT INTO sources (person_id, url) VALUES ('paul-zunker', 'https://www.swnewsmedia.com/shakopee_valley_news/news/public_safety/former-carver-carver-gop-chairman-faces-new-sex-assault-charge/article_8f729b34-1de5-51b4-847a-f516e6b5cb51.html');
INSERT INTO sources (person_id, url) VALUES ('paul-zunker', 'https://publicaccess.courts.state.mn.us/CaseSearch');
INSERT OR REPLACE INTO people (id, name, status, level, state, office, crime_description, summary, still_in_office, offense_year, conviction_year, event_date) VALUES ('bryan-slaton', 'Bryan Slaton', 'alleged', 'adjacent', 'TX', 'Pastor', 'Sexual Misconduct', 'Bryan Slaton used to be a Baptist pastor. He also ran for the Republican nomination for the Texas House of Representatives.', NULL, NULL, NULL, '2023-05-07');
INSERT INTO crime_types (person_id, crime_type) VALUES ('bryan-slaton', 'other');
INSERT INTO sources (person_id, url) VALUES ('bryan-slaton', 'https://goppredators.wordpress.com/2023/06/24/1050-bryan-slaton/');
INSERT INTO sources (person_id, url) VALUES ('bryan-slaton', 'https://www.texastribune.org/people/bryan-slaton/');
INSERT INTO sources (person_id, url) VALUES ('bryan-slaton', 'https://www.usatoday.com/story/news/nation/2023/05/08/texas-rep-bryan-slaton-resigns-after-sex-alcohol-misconduct-with-aide/70196879007/');
INSERT INTO sources (person_id, url) VALUES ('bryan-slaton', 'https://www.msnbc.com/the-reidout/reidout-blog/bryan-slaton-sexual-misconduct-texas-rcna83811');
INSERT INTO sources (person_id, url) VALUES ('bryan-slaton', 'https://www.houstonchronicle.com/opinion/editorials/article/bryan-slaton-scandal-abortion-trans-texas-18096529.php');
INSERT OR REPLACE INTO people (id, name, status, level, state, office, crime_description, summary, still_in_office, offense_year, conviction_year, event_date) VALUES ('matthew-durham', 'Matthew Durham', 'charged', 'state', 'SC', '', 'Domestic Violence', 'Matthew Durham was a member of the Oconee County Council in South Carolina. He was arrested by the State Law Enforcement Division after the county sheriff requested they take the case to avoid the appearance of conflict or favoritism.', NULL, NULL, NULL, NULL);
INSERT INTO crime_types (person_id, crime_type) VALUES ('matthew-durham', 'domestic-violence');
INSERT INTO sources (person_id, url) VALUES ('matthew-durham', 'https://goppredators.wordpress.com/2023/06/24/1049-matthew-durham/');
INSERT INTO sources (person_id, url) VALUES ('matthew-durham', 'http://www.ncdsv.org/images/50_Reasons_Women_Dont_Leave.pdf');
INSERT INTO sources (person_id, url) VALUES ('matthew-durham', 'https://governor.sc.gov/sites/governor/files/Documents/Executive-Orders/2023-03-30%20FINAL%20Executive%20Order%20No.%202023-06%20-%20Rescinding%20Suspension%20of%20Member%20of%20Oconee%20Cnty.%20Council.pdf');
INSERT INTO sources (person_id, url) VALUES ('matthew-durham', 'https://www.wyff4.com/article/oconee-county-councilman-arrested-sled-says/39995566');
INSERT INTO sources (person_id, url) VALUES ('matthew-durham', 'https://www.fitsnews.com/2022/05/23/oconee-county-councilman-charged-with-domestic-violence-and-unlawful-neglect-of-a-child/');
INSERT OR REPLACE INTO people (id, name, status, level, state, office, crime_description, summary, still_in_office, offense_year, conviction_year, event_date) VALUES ('john-perry', 'John Perry', 'alleged', 'adjacent', 'TN', 'Pastor', 'Child Molestation', 'Johnny Hunt Johnny Hunt was once the president of the Southern Baptist Conference and pastor a the megachurch First Baptist Church Woodstock. He was forced out after the Guideposts report on sexual abuse in the SBC was released.', NULL, NULL, NULL, '2023-02-11');
INSERT INTO crime_types (person_id, crime_type) VALUES ('john-perry', 'child-molestation');
INSERT INTO sources (person_id, url) VALUES ('john-perry', 'https://goppredators.wordpress.com/2023/06/24/1048-johnny-hunt/');
INSERT INTO sources (person_id, url) VALUES ('john-perry', 'https://www2.cbn.com/news/us/former-southern-baptist-president-johnny-hunt-suspended-megachurch-following-sexual-assault');
INSERT INTO sources (person_id, url) VALUES ('john-perry', 'https://www.al.com/news/birmingham/2022/05/johnny-hunts-name-removed-from-southern-baptist-seminary-after-alleged-sex-assault-of-pastors-wife.html');
INSERT INTO sources (person_id, url) VALUES ('john-perry', 'https://www.christianitytoday.com/news/2023/march/sbc-johnny-hunt-pastor-lawsuit-southern-baptist-abuse.html');
INSERT INTO sources (person_id, url) VALUES ('john-perry', 'https://julieroys.com/johnny-hunt-disgraced-former-sbc-president-back-in-pulpit/');
INSERT OR REPLACE INTO people (id, name, status, level, state, office, crime_description, summary, still_in_office, offense_year, conviction_year, event_date) VALUES ('johnny-hunt', 'Johnny Hunt', 'alleged', 'adjacent', 'GA', '', 'Sexual Assault', 'Johnny Hunt (GA): Sexual Assault.', NULL, NULL, NULL, NULL);
INSERT INTO crime_types (person_id, crime_type) VALUES ('johnny-hunt', 'assault');
INSERT INTO sources (person_id, url) VALUES ('johnny-hunt', 'https://goppredators.wordpress.com/2026/03/13/1047-johnny-hunt/');
INSERT OR REPLACE INTO people (id, name, status, level, state, office, crime_description, summary, still_in_office, offense_year, conviction_year, event_date) VALUES ('wesley-kendall-allen', 'Wesley Kendall Allen', 'convicted', 'adjacent', 'UT', '', 'Child Sex Abuse', 'Wesley Ke ndall Allen worked in law enforcement most of his career. He was a cop in the past and, most recently, worked as a corrections officer at Cache Valley Youth Center.', NULL, NULL, 2023, NULL);
INSERT INTO crime_types (person_id, crime_type) VALUES ('wesley-kendall-allen', 'assault');
INSERT INTO sources (person_id, url) VALUES ('wesley-kendall-allen', 'https://goppredators.wordpress.com/2023/06/23/1046-wesley-kendall-allen/');
INSERT INTO sources (person_id, url) VALUES ('wesley-kendall-allen', 'https://www.cachevalleydaily.com/news/archive/2023/01/27/staff-member-at-cv-youth-center-arrested-for-allegedly-engaging-in-sexual-relationship-with-inmate/');
INSERT INTO sources (person_id, url) VALUES ('wesley-kendall-allen', 'https://ksltv.com/538062/new-victim-reports-rape-by-former-officer-as-he-awaits-sentencing-for-assault/');
INSERT OR REPLACE INTO people (id, name, status, level, state, office, crime_description, summary, still_in_office, offense_year, conviction_year, event_date) VALUES ('jonathan-sauers', 'Jonathan Sauers', 'charged', 'adjacent', 'AL', 'Teacher', 'Child Sex Abuse', 'Jonathan Sauers was a science teacher at Faith Academy, one of those Christian private schools that claims they teach a classical education which does not mean what most people think "a classical education" means. They are part of a "Classical Education Movement" that displaces public education of c', NULL, NULL, NULL, '2023-04-04');
INSERT INTO crime_types (person_id, crime_type) VALUES ('jonathan-sauers', 'assault');
INSERT INTO sources (person_id, url) VALUES ('jonathan-sauers', 'https://goppredators.wordpress.com/2023/06/23/1045-jonathan-sauers/');
INSERT INTO sources (person_id, url) VALUES ('jonathan-sauers', 'https://www.abeka.com/subjectdistinctives.aspx');
INSERT INTO sources (person_id, url) VALUES ('jonathan-sauers', 'https://www.wsaz.com/2023/03/17/teacher-christian-school-alabama-accused-having-sex-with-underage-student/');
INSERT INTO sources (person_id, url) VALUES ('jonathan-sauers', 'https://mynbc15.com/news/local/search-warrant-affidavit-reveals-details-in-faith-academy-teacher-sex-case');
INSERT INTO sources (person_id, url) VALUES ('jonathan-sauers', 'https://www.fox10tv.com/2023/04/20/faith-academy-student-will-remain-softball-team-attorneys-agree-civil-suit/');
INSERT OR REPLACE INTO people (id, name, status, level, state, office, crime_description, summary, still_in_office, offense_year, conviction_year, event_date) VALUES ('austin-haynes', 'Austin Haynes', 'alleged', 'adjacent', 'WV', '', 'Sexual Harassment', 'Austin Haynes was West Virginia state delegate from 2020 to 2022. He was defeated by a Democrat in 2022.', NULL, NULL, NULL, '2023-03-10');
INSERT INTO crime_types (person_id, crime_type) VALUES ('austin-haynes', 'harassment');
INSERT INTO sources (person_id, url) VALUES ('austin-haynes', 'https://goppredators.wordpress.com/2023/06/23/1044-austin-haynes/');
INSERT INTO sources (person_id, url) VALUES ('austin-haynes', 'https://wset.com/news/local/former-wva-lawmaker-accused-of-sending-sexual-inappropriate-messages-in-lawsuit');
INSERT INTO sources (person_id, url) VALUES ('austin-haynes', 'https://www.register-herald.com/news/women-describe-similar-harassment-by-w-va-delegate/article_81c6ee06-5c86-11ed-b52d-8b9c64e434e7.html');
INSERT INTO sources (person_id, url) VALUES ('austin-haynes', 'https://wvrecord.com/stories/640046087-former-delegate-sued-for-using-his-position-to-request-sexual-favors');
INSERT INTO sources (person_id, url) VALUES ('austin-haynes', 'https://wvrecord.com/stories/tag/226-state-court');
INSERT OR REPLACE INTO people (id, name, status, level, state, office, crime_description, summary, still_in_office, offense_year, conviction_year, event_date) VALUES ('jeffery-york', 'Jeffery York', 'charged', 'local', 'CA', 'Pastor', 'Child Sex Abuse', 'Jeffery York was a pastor at New Beginnings Community Church of the Nazarene, in Central California . It is a conservative church.', NULL, NULL, NULL, NULL);
INSERT INTO crime_types (person_id, crime_type) VALUES ('jeffery-york', 'assault');
INSERT INTO sources (person_id, url) VALUES ('jeffery-york', 'https://goppredators.wordpress.com/2023/06/22/1043-jeffery-york/');
INSERT INTO sources (person_id, url) VALUES ('jeffery-york', 'https://keyt.com/news/san-luis-obispo-county/2023/03/29/53-year-old-former-nipomo-youth-pastor-arrested-for-child-molestation-between-2005-2008/');
INSERT INTO sources (person_id, url) VALUES ('jeffery-york', 'https://deadstate.org/christian-youth-pastors-bail-set-at-400k-after-he-was-charged-with-sexually-abusing-a-child-for-3-years/');
INSERT INTO sources (person_id, url) VALUES ('jeffery-york', 'https://www.slosheriff.org/press_releases.php?id=75683821-8e22-4945-a008-3a9054d85411');
INSERT OR REPLACE INTO people (id, name, status, level, state, office, crime_description, summary, still_in_office, offense_year, conviction_year, event_date) VALUES ('nick-johnson', 'Nick Johnson', 'convicted', 'adjacent', 'IN', 'Coach', 'Sexual Battery, Rape', 'Nick Johnson was the track coach at Huntington University, a conservative evangelical school in Huntington, Indiana. The track team excelled and won national championships and other recognition.', NULL, NULL, NULL, '2023-03-29');
INSERT INTO crime_types (person_id, crime_type) VALUES ('nick-johnson', 'rape');
INSERT INTO crime_types (person_id, crime_type) VALUES ('nick-johnson', 'assault');
INSERT INTO sources (person_id, url) VALUES ('nick-johnson', 'https://goppredators.wordpress.com/2023/06/22/1042-nick-johnson/');
INSERT INTO sources (person_id, url) VALUES ('nick-johnson', 'https://www.indystar.com/in-depth/news/investigations/2022/10/04/women-say-huntington-university-running-program-marred-by-sex-drugs/69520439007/');
INSERT INTO sources (person_id, url) VALUES ('nick-johnson', 'https://www.indystar.com/story/news/local/indianapolis/2023/03/27/nick-johnson-huntington-university-coach-fired-sexual-battery-charge/70053417007/');
INSERT INTO sources (person_id, url) VALUES ('nick-johnson', 'https://fism.tv/runners-accuse-former-christian-university-coach-of-sexual-assault/');
INSERT INTO sources (person_id, url) VALUES ('nick-johnson', 'https://www.wishtv.com/news/i-team-8/sex-abuse-unknown-injections-former-athletes-allege-nassaresque-treatment-at-indiana-christian-college/');
INSERT OR REPLACE INTO people (id, name, status, level, state, office, crime_description, summary, still_in_office, offense_year, conviction_year, event_date) VALUES ('fulton-brock', 'Fulton Brock', 'convicted', 'local', 'AZ', '', 'Abuse of Power, Cover-up', 'Fulton Brock was a Maricopa County Supervisor. He is accused of using his influence with former Sherriff Joe Arpaio to protect his wife and daughter who were accused of sexually abusing a young boy for three years.', NULL, NULL, NULL, '2011-12-08');
INSERT INTO crime_types (person_id, crime_type) VALUES ('fulton-brock', 'enablement');
INSERT INTO crime_types (person_id, crime_type) VALUES ('fulton-brock', 'organizational-coverup');
INSERT INTO sources (person_id, url) VALUES ('fulton-brock', 'https://goppredators.wordpress.com/2023/06/21/1041-fulton-brock/');
INSERT INTO sources (person_id, url) VALUES ('fulton-brock', 'https://www.phoenixnewtimes.com/news/brocked-up-supervisor-fulton-brock-attempted-to-cover-up-the-sexual-liaisons-between-his-wife-daughter-and-a-teenage-boy-6450425');
INSERT INTO sources (person_id, url) VALUES ('fulton-brock', 'https://www.eastvalleytribune.com/local/chandler/supervisors-daughter-enters-plea-deal-in-sex-case/article_55e11488-9230-11e0-9f1a-001cc4c002e0.html');
INSERT INTO sources (person_id, url) VALUES ('fulton-brock', 'https://azcapitoltimes.com/news/2010/12/31/daughter-wife-of-az-official-accused-in-sex-case/');
INSERT INTO sources (person_id, url) VALUES ('fulton-brock', 'https://www.ahwatukee.com/news/valley_and_state/article_cdd93d5e-f9c9-578c-be77-14e2ed539514.html');
INSERT OR REPLACE INTO people (id, name, status, level, state, office, crime_description, summary, still_in_office, offense_year, conviction_year, event_date) VALUES ('vance-peronto', 'Vance Peronto', 'convicted', 'adjacent', 'AK', '', 'Attempted Child Sex Abuse', 'Vance Peronto was an Alaska State Trooper until he was arrested for an attempt to sexually abuse a child. It started April 8th, 2018 when he pulled over a sixteen-year-old girl for driving without her headlights on.', NULL, NULL, NULL, '2023-03-26');
INSERT INTO crime_types (person_id, crime_type) VALUES ('vance-peronto', 'assault');
INSERT INTO sources (person_id, url) VALUES ('vance-peronto', 'https://goppredators.wordpress.com/2023/06/20/1040-vance-peronto/');
INSERT INTO sources (person_id, url) VALUES ('vance-peronto', 'https://www.webcenterfairbanks.com/2023/03/25/former-alaska-state-trooper-convicted-attempted-abuse-minor/');
INSERT INTO sources (person_id, url) VALUES ('vance-peronto', 'https://law.alaska.gov/press/releases/2023/DAO/032423-Peronto.html');
INSERT INTO sources (person_id, url) VALUES ('vance-peronto', 'https://www.homernews.com/news/state-trooper-convicted-of-attempted-sexual-abuse-of-a-minor/');
INSERT INTO sources (person_id, url) VALUES ('vance-peronto', 'https://infoweb-newsbank-com.proxy.multcolib.org/apps/news/browse-pub?p=AMNEWS&amp;t=pubname%3AADN6-EEDT%21Anchorage%2BDaily%2BNews%2B%2528AK%2529&amp;action=browse');
INSERT OR REPLACE INTO people (id, name, status, level, state, office, crime_description, summary, still_in_office, offense_year, conviction_year, event_date) VALUES ('jared-woodfill', 'Jared Woodfill', 'alleged', 'party-official', 'TX', '', 'Organizational Cover-Up', 'Jared Woodfill was the Harris County GOP Chair for ten years from 2002 to 2012. He remained politically active and is partially credited with defeating an LGBTQ equal rights ordinance in Houston.', NULL, NULL, NULL, NULL);
INSERT INTO crime_types (person_id, crime_type) VALUES ('jared-woodfill', 'enablement');
INSERT INTO crime_types (person_id, crime_type) VALUES ('jared-woodfill', 'organizational-coverup');
INSERT INTO sources (person_id, url) VALUES ('jared-woodfill', 'https://goppredators.wordpress.com/2023/06/20/1039-jared-woodfill/');
INSERT INTO sources (person_id, url) VALUES ('jared-woodfill', 'https://www.woodfilllaw.com/meet-the-team/jared-woodfill/');
INSERT INTO sources (person_id, url) VALUES ('jared-woodfill', 'https://www.texastribune.org/2015/11/03/houston-anti-discrimination-ordinance-early-voting/');
INSERT INTO sources (person_id, url) VALUES ('jared-woodfill', 'https://www.texastribune.org/2023/03/27/houston-jared-woodfill-gop-paul-pressler-southern-baptist/');
INSERT INTO sources (person_id, url) VALUES ('jared-woodfill', 'https://www.click2houston.com/news/texas/2023/03/27/houston-gop-official-knew-for-years-of-child-sex-abuse-claims-against-southern-baptist-leader-law-partner/');
INSERT INTO sources (person_id, url) VALUES ('jared-woodfill', 'https://search.txcourts.gov/Case.aspx?cn=21-0283&amp;coa=cossup');
INSERT OR REPLACE INTO people (id, name, status, level, state, office, crime_description, summary, still_in_office, offense_year, conviction_year, event_date) VALUES ('leslie-shawn-brock', 'Leslie Shawn Brock', 'convicted', 'local', 'OH', 'City Councilmember', 'Child Sexual Abuse Material', 'Leslie Shawn Brock was appointed to the Lockland City Council in 2019. He served on the finance and safety and the health and welfare committees.', NULL, NULL, NULL, '2022-09-07');
INSERT INTO crime_types (person_id, crime_type) VALUES ('leslie-shawn-brock', 'csam');
INSERT INTO crime_types (person_id, crime_type) VALUES ('leslie-shawn-brock', 'assault');
INSERT INTO sources (person_id, url) VALUES ('leslie-shawn-brock', 'https://goppredators.wordpress.com/2023/06/20/1038-leslie-shawn-brock/');
INSERT INTO sources (person_id, url) VALUES ('leslie-shawn-brock', 'https://www.wcpo.com/news/local-news/hamilton-county/lockland/former-lockland-council-member-takes-plea-deal-on-child-pornography-charges');
INSERT INTO sources (person_id, url) VALUES ('leslie-shawn-brock', 'https://www.cincinnati.com/story/news/crime/2023/03/22/ex-lockland-councilman-sentenced-to-3-years-in-prison-for-child-porn/70038216007/');
INSERT OR REPLACE INTO people (id, name, status, level, state, office, crime_description, summary, still_in_office, offense_year, conviction_year, event_date) VALUES ('joshua-wine', 'Joshua Wine', 'charged', 'adjacent', 'IA', '', 'Child Sex Abuse', 'Joshua Wine was a National Guard recruiter in Iowa. He has a long criminal history going back to 1999, though until he was charged with sexually abusing a child in March 2023, the charges were mostly for drinking, driving, and driving on a suspended license.', NULL, NULL, NULL, NULL);
INSERT INTO crime_types (person_id, crime_type) VALUES ('joshua-wine', 'assault');
INSERT INTO sources (person_id, url) VALUES ('joshua-wine', 'https://goppredators.wordpress.com/2023/06/20/1037-joshua-wine/');
INSERT INTO sources (person_id, url) VALUES ('joshua-wine', 'https://www.iowacourts.state.ia.us/ESAWebApp/TrialSimpFrame');
INSERT INTO sources (person_id, url) VALUES ('joshua-wine', 'https://www.kcci.com/amp/article/iowa-national-guard-recruiter-joshua-wine-sexual-abuse/43413087');
INSERT INTO sources (person_id, url) VALUES ('joshua-wine', 'https://theperrynews.com/west-des-moines-man-arrested-for-alleged-child-molestation/');
INSERT OR REPLACE INTO people (id, name, status, level, state, office, crime_description, summary, still_in_office, offense_year, conviction_year, event_date) VALUES ('charles-wadlington', 'Charles Wadlington', 'charged', 'adjacent', 'TX', '', 'Child Sex Abuse', 'Charles Wadlington is a professor at Abilene Christian University. He remains listed as a member of the faculty as of June 2023 .', NULL, NULL, NULL, NULL);
INSERT INTO crime_types (person_id, crime_type) VALUES ('charles-wadlington', 'assault');
INSERT INTO sources (person_id, url) VALUES ('charles-wadlington', 'https://goppredators.wordpress.com/2023/06/19/1036-charles-wadlington/');
INSERT INTO sources (person_id, url) VALUES ('charles-wadlington', 'https://acu.edu/faculty/charles-wadlington/');
INSERT INTO sources (person_id, url) VALUES ('charles-wadlington', 'https://www.bigcountryhomepage.com/news/abilene-news/abilene-christian-university-professor-arrested-accused-of-sexually-abusing-adopted-children/');
INSERT INTO sources (person_id, url) VALUES ('charles-wadlington', 'https://cw39.com/news/texas/abilene-christian-university-professor-arrested-accused-of-sexually-abusing-adopted-children/');
INSERT INTO sources (person_id, url) VALUES ('charles-wadlington', 'http://publicaccess.taylorcountytexas.org/PublicAccess/CaseDetail.aspx?CaseID=17238083');
INSERT OR REPLACE INTO people (id, name, status, level, state, office, crime_description, summary, still_in_office, offense_year, conviction_year, event_date) VALUES ('william-morrissey', 'William Morrissey', 'charged', 'adjacent', 'NY', 'Police Officer', 'Child Sex Abuse', 'William Morrissey was a school resource officer, a police officer in school, at Auburn High School, in Auburn, NY. In early 2022, he was arrested for sexual abuse and official misconduct.', NULL, NULL, NULL, '2022-03-05');
INSERT INTO crime_types (person_id, crime_type) VALUES ('william-morrissey', 'assault');
INSERT INTO sources (person_id, url) VALUES ('william-morrissey', 'https://goppredators.wordpress.com/2023/06/19/1035-william-morrissey/');
INSERT INTO sources (person_id, url) VALUES ('william-morrissey', 'https://cnycentral.com/news/local/auburn-school-resource-officer-asked-sexual-abuse-victim-to-lie-about-physical-contact');
INSERT INTO sources (person_id, url) VALUES ('william-morrissey', 'https://www.fingerlakesdailynews.com/police-blotter/former-auburn-sro-indicted-on-contempt-charge');
INSERT OR REPLACE INTO people (id, name, status, level, state, office, crime_description, summary, still_in_office, offense_year, conviction_year, event_date) VALUES ('international-churches-of-christ', 'International Churches of Christ', 'alleged', 'adjacent', 'US', '', 'Organizational Cover-Up', 'International Churches of Christ is an association of socially conservative non-denominational churches in 137 countries. They were sued in March 2023 for covering up child sexual abuse for over twenty-five years.', NULL, NULL, NULL, '2023-02-28');
INSERT INTO crime_types (person_id, crime_type) VALUES ('international-churches-of-christ', 'enablement');
INSERT INTO crime_types (person_id, crime_type) VALUES ('international-churches-of-christ', 'organizational-coverup');
INSERT INTO sources (person_id, url) VALUES ('international-churches-of-christ', 'https://goppredators.wordpress.com/2023/06/19/1034-international-churches-of-christ-international-christian-church/');
INSERT INTO sources (person_id, url) VALUES ('international-churches-of-christ', 'https://en.wikipedia.org/wiki/Kip_McKean#International_Christian_Church');
INSERT INTO sources (person_id, url) VALUES ('international-churches-of-christ', 'https://www.documentcloud.org/documents/23689379-lawsuit-1-salud-gonzalez-v-icoc#document/p3/a2212011');
INSERT INTO sources (person_id, url) VALUES ('international-churches-of-christ', 'https://www.documentcloud.org/documents/23689380-lawsuit-3-jane-roe-1-v-icoc#document/p34/a2212983');
INSERT INTO sources (person_id, url) VALUES ('international-churches-of-christ', 'https://www.documentcloud.org/documents/23690734-lawsuit-4-jane-roe-1-v-icoc#document/p39/a2212982');
INSERT INTO sources (person_id, url) VALUES ('international-churches-of-christ', 'https://www.documentcloud.org/documents/23689335-lawsuit-6-jane-roe-8-v-icoc#document/p22/a2212893');
INSERT INTO sources (person_id, url) VALUES ('international-churches-of-christ', 'https://www.dlawgroup.com/international-churches-christ-sued-concealing-child-sexual-abuse/');
INSERT OR REPLACE INTO people (id, name, status, level, state, office, crime_description, summary, still_in_office, offense_year, conviction_year, event_date) VALUES ('gary-buckaloo', 'Gary Buckaloo', 'charged', 'adjacent', 'TX', 'Pastor', 'Child Sex Abuse', 'Gary Buckaloo was a teacher at Buffalo Independent School District and taught Life Sciences. He was also a youth pastor at First Baptist Church in Normangee, in Leon County, Texas.', NULL, NULL, NULL, NULL);
INSERT INTO crime_types (person_id, crime_type) VALUES ('gary-buckaloo', 'assault');
INSERT INTO sources (person_id, url) VALUES ('gary-buckaloo', 'https://goppredators.wordpress.com/2023/06/19/1033-gary-buckaloo/');
INSERT INTO sources (person_id, url) VALUES ('gary-buckaloo', 'https://lawandcrime.com/crime/teacher-and-former-youth-pastor-is-the-latest-member-of-the-clergy-in-a-rural-texas-county-accused-of-numerous-child-sex-crimes-over-the-past-few-weeks/');
INSERT INTO sources (person_id, url) VALUES ('gary-buckaloo', 'https://www.co.leon.tx.us/upload/page/4920/LEON%20CO%20FINAL%20MARCH%2029%202023.pdf');
INSERT OR REPLACE INTO people (id, name, status, level, state, office, crime_description, summary, still_in_office, offense_year, conviction_year, event_date) VALUES ('byron-wiscombe', 'Byron Wiscombe', 'convicted', 'adjacent', 'ID', 'City Councilmember', 'Child Rape', 'Byron Wiscombe was a city councilman in Ammon, Idaho. He won reellection in November 2021, but resigned in December.', NULL, NULL, NULL, '2023-03-15');
INSERT INTO crime_types (person_id, crime_type) VALUES ('byron-wiscombe', 'rape');
INSERT INTO sources (person_id, url) VALUES ('byron-wiscombe', 'https://goppredators.wordpress.com/2023/06/19/1032-byron-wiscombe/');
INSERT INTO sources (person_id, url) VALUES ('byron-wiscombe', 'https://www.postregister.com/news/crime_courts/former-ammon-city-councilman-gets-prison-for-years-of-child-rape/article_e474dd90-c2ae-11ed-a6ab-17a8f0fad8e7.html');
INSERT INTO sources (person_id, url) VALUES ('byron-wiscombe', 'https://www.idahostatejournal.com/news/local/court-records-state-former-city-councilman-sexually-assaulted-teen-victim-for-years/article_9bb46af0-f0c5-5b6d-bda4-9dfbe7317220.html');
INSERT OR REPLACE INTO people (id, name, status, level, state, office, crime_description, summary, still_in_office, offense_year, conviction_year, event_date) VALUES ('david-duffett', 'David Duffett', 'charged', 'adjacent', 'AK', 'Pastor', 'Child Sex Abuse', 'David Duffett was the youth director at Bible Baptist Church in Fairbanks, Alaska for over twenty years. He was listed as the youth director, bus ministries director, and teacher of the Teen Church and Teens N Training programs.', NULL, NULL, NULL, '2023-03-02');
INSERT INTO crime_types (person_id, crime_type) VALUES ('david-duffett', 'assault');
INSERT INTO sources (person_id, url) VALUES ('david-duffett', 'https://goppredators.wordpress.com/2023/06/18/1031-david-duffett/');
INSERT INTO sources (person_id, url) VALUES ('david-duffett', 'https://dailydispatch.dps.alaska.gov/Home/DisplayIncident?incidentNumber=AK22116127');
INSERT INTO sources (person_id, url) VALUES ('david-duffett', 'https://www.newsminer.com/news/local_news/youth-pastor-arraigned-for-felony-sexual-abuse-of-a-minor/article_ccec61e2-a4e6-11ed-a5f9-47782f1d7a2e.html');
INSERT OR REPLACE INTO people (id, name, status, level, state, office, crime_description, summary, still_in_office, offense_year, conviction_year, event_date) VALUES ('brandon-michael-fox', 'Brandon Michael Fox', 'convicted', 'adjacent', 'FL', 'Police Officer', 'Child Sexual Abuse Material', 'Brandon Michael Fox was a police officer in Daytona Beach, Florida, for two years before he was arrested for possession of Child Sexual Abuse Material. He had CSAM on his phone and he participated in a Kik chatroom with others who shared CSAM.', NULL, NULL, NULL, NULL);
INSERT INTO crime_types (person_id, crime_type) VALUES ('brandon-michael-fox', 'csam');
INSERT INTO crime_types (person_id, crime_type) VALUES ('brandon-michael-fox', 'assault');
INSERT INTO sources (person_id, url) VALUES ('brandon-michael-fox', 'https://goppredators.wordpress.com/2023/06/18/1030-brandon-fox/');
INSERT INTO sources (person_id, url) VALUES ('brandon-michael-fox', 'https://www.news-journalonline.com/story/news/courts/2023/03/15/ex-daytona-beach-police-officer-sentenced-to-prison-in-child-porn-case/70011243007/');
INSERT INTO sources (person_id, url) VALUES ('brandon-michael-fox', 'https://www.mynews13.com/fl/orlando/news/2022/04/21/daytona-beach-police-fire-officer-facing-child-porn-charges-');
INSERT INTO sources (person_id, url) VALUES ('brandon-michael-fox', 'https://www.youtube.com/watch?v=XtSOV70CfSo');
INSERT OR REPLACE INTO people (id, name, status, level, state, office, crime_description, summary, still_in_office, offense_year, conviction_year, event_date) VALUES ('donald-mckinney', 'Donald McKinney', 'charged', 'local', 'SC', 'Mayor', 'Child Molestation', 'Donald Edward McKinney was a member of the Pickens City Council in Pickens County, South Carolina since 2014. He also served as Mayor Pro Tem.', NULL, NULL, NULL, '2022-10-09');
INSERT INTO crime_types (person_id, crime_type) VALUES ('donald-mckinney', 'child-molestation');
INSERT INTO sources (person_id, url) VALUES ('donald-mckinney', 'https://goppredators.wordpress.com/2023/06/18/1029-donald-mckinney/');
INSERT INTO sources (person_id, url) VALUES ('donald-mckinney', 'https://publicindex.sccourts.org/Pickens/PublicIndex/PISearch.aspx');
INSERT INTO sources (person_id, url) VALUES ('donald-mckinney', 'https://www.wmbfnews.com/2022/10/07/pickens-city-council-member-accused-sexually-abusing-teen/');
INSERT INTO sources (person_id, url) VALUES ('donald-mckinney', 'https://www.thestate.com/news/local/crime/article266976751.html');
INSERT OR REPLACE INTO people (id, name, status, level, state, office, crime_description, summary, still_in_office, offense_year, conviction_year, event_date) VALUES ('andrew-kloster', 'Andrew Kloster', 'charged', 'adjacent', 'MD', '', 'Rape Culture', 'Andrew Kloster is a raging misogynist, at least that is how he describes himself. During the Trump Administration, he was appointed to the Dept.', NULL, NULL, NULL, '2023-08-14');
INSERT INTO crime_types (person_id, crime_type) VALUES ('andrew-kloster', 'rape');
INSERT INTO crime_types (person_id, crime_type) VALUES ('andrew-kloster', 'harassment');
INSERT INTO sources (person_id, url) VALUES ('andrew-kloster', 'https://goppredators.wordpress.com/2023/06/18/1028-andrew-kloster/');
INSERT INTO sources (person_id, url) VALUES ('andrew-kloster', 'https://volokh.com/2012/12/02/government-out-of-bedrooms-but-into-barnyards/');
INSERT INTO sources (person_id, url) VALUES ('andrew-kloster', 'https://apps2.collincountytx.gov/judicialrecords/case');
INSERT INTO sources (person_id, url) VALUES ('andrew-kloster', 'https://www.thedailybeast.com/matt-gaetzs-new-staffer-identifies-as-a-raging-misogynist');
INSERT INTO sources (person_id, url) VALUES ('andrew-kloster', 'https://collintx.mugshots.zone/kloster-andrew-mugshot-07-15-2022/');
INSERT OR REPLACE INTO people (id, name, status, level, state, office, crime_description, summary, still_in_office, offense_year, conviction_year, event_date) VALUES ('milton-martin-ii', 'Milton Martin II', 'convicted', 'adjacent', 'IL', 'Pastor', 'AChild Rape', 'Milton Martin III was the pastor of the First Pentacostal Church in Chalmette, LA. In March, 2023, he was arrested for raping a child "on multiple occasions" between 2010 and 2013.', NULL, NULL, NULL, NULL);
INSERT INTO crime_types (person_id, crime_type) VALUES ('milton-martin-ii', 'rape');
INSERT INTO sources (person_id, url) VALUES ('milton-martin-ii', 'https://goppredators.wordpress.com/2023/06/18/1027-milton-martin-iii/');
INSERT INTO sources (person_id, url) VALUES ('milton-martin-ii', 'https://www.nola.com/news/crime_police/milton-martin-otto-church-pastor-arrested/article_1e1bd542-bdde-11ed-84ab-af9303b6679f.html');
INSERT INTO sources (person_id, url) VALUES ('milton-martin-ii', 'https://www.wwltv.com/article/news/local/st-bernard/chalmette-pastor-charge-second-victim/289-a3b29e2a-16e4-45ac-a056-5d0a5929e25f');
INSERT INTO sources (person_id, url) VALUES ('milton-martin-ii', 'https://amp.theguardian.com/us-news/2023/oct/26/louisiana-new-orleans-pastor-charged-sexual-abuse-milton-martin');
INSERT INTO sources (person_id, url) VALUES ('milton-martin-ii', 'https://www.nola.com/news/courts/former-chalmette-pastor-convicted-of-indecent-behavior-with-juveniles-ag-says/article_9834ec31-54ea-4cf8-ba15-f99474ae5f4e.html');
INSERT OR REPLACE INTO people (id, name, status, level, state, office, crime_description, summary, still_in_office, offense_year, conviction_year, event_date) VALUES ('emanuel-rivera', 'Emanuel Rivera', 'convicted', 'adjacent', 'NJ', 'Police Officer', 'Abuse of Power, Sexual Assault', 'Emanuel Rivera was a police officer in Vernon, NJ. He is a member of the New Jersey Conservative Party .', NULL, NULL, NULL, '2023-01-12');
INSERT INTO crime_types (person_id, crime_type) VALUES ('emanuel-rivera', 'assault');
INSERT INTO sources (person_id, url) VALUES ('emanuel-rivera', 'https://goppredators.wordpress.com/2023/06/18/1026-emanuel-rivera/');
INSERT INTO sources (person_id, url) VALUES ('emanuel-rivera', 'https://nj1015.com/vernon-police-officer-emanuel-rivera-sexual-advances-while-working/?utm_source=tsmclip&amp;utm_medium=referral');
INSERT INTO sources (person_id, url) VALUES ('emanuel-rivera', 'https://www.nj.com/sussex-county/2023/03/nj-police-officer-admits-he-coerced-women-for-relationships-while-on-duty.html');
INSERT INTO sources (person_id, url) VALUES ('emanuel-rivera', 'https://portal.njcourts.gov/webe41/jocpa_internet/jsp_public/tomodule.joc?prefix=/view&amp;page=/search/validatePub.joc&amp;method=searchJOCPub');
INSERT OR REPLACE INTO people (id, name, status, level, state, office, crime_description, summary, still_in_office, offense_year, conviction_year, event_date) VALUES ('michael-guglielmo', 'Michael Guglielmo', 'convicted', 'local', 'NH', '', 'Child Sexual Battery', 'Michael Guglielmo became politically active to encourage people to enlist in the bone marrow transplant registry as his son Giovanni was born with a rare disease and needed a transplant. His advocacy added 40,000 people to the bone marrow registry.', NULL, NULL, NULL, NULL);
INSERT INTO crime_types (person_id, crime_type) VALUES ('michael-guglielmo', 'rape');
INSERT INTO crime_types (person_id, crime_type) VALUES ('michael-guglielmo', 'assault');
INSERT INTO sources (person_id, url) VALUES ('michael-guglielmo', 'https://goppredators.wordpress.com/2023/06/18/1025-michael-guglielmo/');
INSERT INTO sources (person_id, url) VALUES ('michael-guglielmo', 'https://www.foxnews.com/health/boy-who-inspired-thousands-to-join-bone-marrow-registry-dies');
INSERT INTO sources (person_id, url) VALUES ('michael-guglielmo', 'https://www.unionleader.com/news/education/concord-art-teacher-returns-after-officials-deem-social-media-complaints-unsubstantiated/article_89ab282a-056a-501e-96fa-ec86431daadd.html');
INSERT INTO sources (person_id, url) VALUES ('michael-guglielmo', 'https://tbdailynews.com/convicted-felon-who-spent-20-years-in-jail-for-shooting-at-cops-leads-charge-against-cross-dressing-concord-teacher/');
INSERT INTO sources (person_id, url) VALUES ('michael-guglielmo', 'https://www.foxnews.com/media/dad-dresses-julius-caesar-school-board-meeting-protest-teachers-gender-fluid-attire');
INSERT INTO sources (person_id, url) VALUES ('michael-guglielmo', 'https://www.unionleader.com/news/crime/bone-marrow-advocate-who-lost-son-charged-with-assault-dwi/article_7089669e-a063-5da3-8be8-aaad519fcf7e.html');
INSERT INTO sources (person_id, url) VALUES ('michael-guglielmo', 'https://www.wmur.com/article/man-faces-charges-after-he-allegedly-grabbed-juvenile-in-sexual-manner/5205014');
INSERT OR REPLACE INTO people (id, name, status, level, state, office, crime_description, summary, still_in_office, offense_year, conviction_year, event_date) VALUES ('dennis-wayne-laferty', 'Dennis Wayne Laferty', 'convicted', 'adjacent', 'OH', 'Pastor', 'Child Sexual Abuse', 'Dennis Wayne Laferty has been a United Methodist pastor at six churches in Ohio since 2014. That may seem like a lot but five were part-time so it is not an indication of problem pastors being relocated.', NULL, NULL, NULL, '2023-07-24');
INSERT INTO crime_types (person_id, crime_type) VALUES ('dennis-wayne-laferty', 'assault');
INSERT INTO sources (person_id, url) VALUES ('dennis-wayne-laferty', 'https://goppredators.wordpress.com/2023/06/17/1024-dennis-w-laferty/');
INSERT INTO sources (person_id, url) VALUES ('dennis-wayne-laferty', 'http://www.umdata.org/PastorProfile.aspx?PeopleID=88228');
INSERT INTO sources (person_id, url) VALUES ('dennis-wayne-laferty', 'https://web.geaugacourts.org/eservicesCP/searchresults.page?x=vPyFD19QrJRnvmPrgCFhJJrwr*6zFWw3VbqcqODQKmsKDaigek65RiRLTv65-Tva8D0On3QAAbUVRuD4Qi8*ug');
INSERT INTO sources (person_id, url) VALUES ('dennis-wayne-laferty', 'https://www.geaugamapleleaf.com/news/thompson-pastor-faces-felony-sexual-battery-charges/');
INSERT INTO sources (person_id, url) VALUES ('dennis-wayne-laferty', 'https://www.geaugamapleleaf.com/news/thompson-pastor-pleads-not-guilty-to-felony-sexual-battery-charges/');
INSERT INTO sources (person_id, url) VALUES ('dennis-wayne-laferty', 'https://www.geaugamapleleaf.com/news/former-thompson-pastor-gets-2-years-in-jail-for-sex-crimes/');
INSERT OR REPLACE INTO people (id, name, status, level, state, office, crime_description, summary, still_in_office, offense_year, conviction_year, event_date) VALUES ('jacob-woods', 'Jacob Woods', 'convicted', 'adjacent', 'TN', 'Pastor', 'Grooming, Child Rape', 'Jacob Woods was a youth pastor at Rutherford County Baptist Church in Smyrna, Tennessee. He was arrested in May 2022 and indicted on five counts of statutory rape by an authority figure.', NULL, NULL, NULL, NULL);
INSERT INTO crime_types (person_id, crime_type) VALUES ('jacob-woods', 'rape');
INSERT INTO crime_types (person_id, crime_type) VALUES ('jacob-woods', 'grooming');
INSERT INTO sources (person_id, url) VALUES ('jacob-woods', 'https://goppredators.wordpress.com/2023/06/17/1023-jacob-woods/');
INSERT INTO sources (person_id, url) VALUES ('jacob-woods', 'https://www.wkrn.com/news/local-news/its-disgusting-family-reacts-to-rutherford-county-youth-pastor-sex-charges/');
INSERT INTO sources (person_id, url) VALUES ('jacob-woods', 'https://sor.tbi.tn.gov/details/00653557');
INSERT INTO sources (person_id, url) VALUES ('jacob-woods', 'https://www.wkrn.com/news/local-news/former-benton-county-pastor-coach-pleads-guilty-on-child-sex-charges/?ipid=promo-link2');
INSERT OR REPLACE INTO people (id, name, status, level, state, office, crime_description, summary, still_in_office, offense_year, conviction_year, event_date) VALUES ('charles-sutherland', 'Charles Sutherland', 'charged', 'adjacent', 'MD', '', 'Child Sexual Abuse Material', 'Charles Murray Sutherland was an elementary school librarian at Northview Elementary School in Bowie, Prince George''s County, Maryland. He was arrested in June, 2022, for a hate crime after he vandalized two public libraries, spray painting "groomer" on the buildings.', NULL, NULL, NULL, '2023-10-11');
INSERT INTO crime_types (person_id, crime_type) VALUES ('charles-sutherland', 'csam');
INSERT INTO crime_types (person_id, crime_type) VALUES ('charles-sutherland', 'assault');
INSERT INTO sources (person_id, url) VALUES ('charles-sutherland', 'https://goppredators.wordpress.com/2023/06/17/1022-charles-sutherland/');
INSERT INTO sources (person_id, url) VALUES ('charles-sutherland', 'https://casesearch.courts.state.md.us/casesearch/inquiryDetail.jis?caseId=CT221081X&amp;loc=65&amp;detailLoc=ODYCRIM');
INSERT INTO sources (person_id, url) VALUES ('charles-sutherland', 'https://casesearch.courts.state.md.us/casesearch/inquiryDetail.jis?caseId=C15CR23000429&amp;loc=68&amp;detailLoc=ODYCRIM');
INSERT INTO sources (person_id, url) VALUES ('charles-sutherland', 'https://www.washingtonpost.com/dc-md-va/2023/03/10/library-vandalism-groomer-child-porn-charge/');
INSERT INTO sources (person_id, url) VALUES ('charles-sutherland', 'https://wtop.com/prince-georges-county/2023/03/former-prince-georges-co-schools-librarian-faces-child-porn-charges/');
INSERT INTO sources (person_id, url) VALUES ('charles-sutherland', 'https://www.thedailybeast.com/charles-sutherland-man-accused-of-spray-painting-groomer-on-libraries-caught-with-child-porn-cops-say');
INSERT OR REPLACE INTO people (id, name, status, level, state, office, crime_description, summary, still_in_office, offense_year, conviction_year, event_date) VALUES ('harry-brar', 'Harry Brar', 'charged', 'party-official', 'NY', 'Campaign Official', 'Assault, Child Abuse', 'Harshdeep “Harry” Brar was appointed the deputy director of Nassau County''s Office of Asian American Affairs. He was also, for a time, a campaign manager for George Santos'' Devolder Santos PAC and also employed by RISE NY PAC, a state PAC run by Santos'' sister.', NULL, NULL, NULL, '2023-08-01');
INSERT INTO crime_types (person_id, crime_type) VALUES ('harry-brar', 'other');
INSERT INTO sources (person_id, url) VALUES ('harry-brar', 'https://goppredators.wordpress.com/2023/06/17/1021-harry-brar/');
INSERT INTO sources (person_id, url) VALUES ('harry-brar', 'https://www.fec.gov/data/disbursements/?committee_id=C00721365&amp;two_year_transaction_period=2020&amp;recipient_name=BRAR%2C+HARSHDEEP&amp;data_type=processed');
INSERT INTO sources (person_id, url) VALUES ('harry-brar', 'https://iapps.courts.state.ny.us/webcrim_attorney/Detail?which=case&amp;docketNumber=Fa/7M3wqaMNzbPhKlmEqdw==&amp;courtType=S&amp;countyId=kxHaREjUNpNYA4tQhnCz2g==&amp;docketId=mXIPqmMi8IyNELI5V6NmWw==&amp;docketDseq=wJ2/4du1NximNDMJ8ADcTA==&amp;defendantName=Brar,+Harshdeep&amp;county=NASSAU&amp;court=Nassau+County+Court+-+Criminal+Term&amp;recordType=C&amp;recordNum=KMmKrTgslhP93wnTy4tS0g==');
INSERT INTO sources (person_id, url) VALUES ('harry-brar', 'https://www.newsday.com/long-island/crime/harshdeep-harry-brar-choking-10-year-old-boy-nassau-countys-deputy-director-of-asian-american-affairs-r8ebcpxx');
INSERT INTO sources (person_id, url) VALUES ('harry-brar', 'https://web.archive.org/web/20230117171047/https://www.newsday.com/long-island/crime/harshdeep-harry-brar-choking-10-year-old-boy-nassau-countys-deputy-director-of-asian-american-affairs-r8ebcpxx');
INSERT INTO sources (person_id, url) VALUES ('harry-brar', 'https://www.pdcn.org/CivicAlerts.aspx?AID=10586');
INSERT INTO sources (person_id, url) VALUES ('harry-brar', 'https://talkingpointsmemo.com/muckraker/george-santos-rise-ny-pac-sister');
INSERT OR REPLACE INTO people (id, name, status, level, state, office, crime_description, summary, still_in_office, offense_year, conviction_year, event_date) VALUES ('david-arthur-kendall', 'David Arthur Kendall', 'convicted', 'federal', 'ME', '', 'Child Indecency, Child Molestation', 'David Arthur Kendall is the Director of Advocacy at Parents'' Rights Maine . He is incredibly active and platformed by Maine legislators, the hate group Moms for Liberty, and many anti-trans hate organizations.', NULL, NULL, 1998, '2023-06-08');
INSERT INTO crime_types (person_id, crime_type) VALUES ('david-arthur-kendall', 'child-molestation');
INSERT INTO sources (person_id, url) VALUES ('david-arthur-kendall', 'https://goppredators.wordpress.com/2023/06/17/1020-david-arthur-kendall/');
INSERT INTO sources (person_id, url) VALUES ('david-arthur-kendall', 'https://parentsrightsmaine.org/about/');
INSERT INTO sources (person_id, url) VALUES ('david-arthur-kendall', 'https://threadreaderapp.com/thread/1631634809217843204.html');
INSERT INTO sources (person_id, url) VALUES ('david-arthur-kendall', 'https://t.co/SasKwUuCTl');
INSERT INTO sources (person_id, url) VALUES ('david-arthur-kendall', 'https://thecounty.me/2022/05/20/news/education/school-board-allows-registered-sex-offender-to-speak-at-meeting/');
INSERT INTO sources (person_id, url) VALUES ('david-arthur-kendall', 'https://www.dailydot.com/debug/maine-first-project-platformed-sex-offender-schools/');
INSERT INTO sources (person_id, url) VALUES ('david-arthur-kendall', 'https://sor.informe.org/cgi-bin/sor/step3.pl?id=3776&amp;search=1&amp;last_name=KENDALL&amp;first_name=DAVID&amp;limiter=');
INSERT OR REPLACE INTO people (id, name, status, level, state, office, crime_description, summary, still_in_office, offense_year, conviction_year, event_date) VALUES ('jeffrey-bedwell', 'Jeffrey Bedwell', 'convicted', 'adjacent', 'FL', 'Pastor', 'Child Molestation', 'Jeffrey Bedwell was a pastor at Chets Creek Church in Jacksonville, Florida. He was arrested in 2021, accused of grooming and sexually assaulting a child since she was twelve until she was seventeen.', NULL, NULL, NULL, NULL);
INSERT INTO crime_types (person_id, crime_type) VALUES ('jeffrey-bedwell', 'child-molestation');
INSERT INTO sources (person_id, url) VALUES ('jeffrey-bedwell', 'https://goppredators.wordpress.com/2023/06/17/1019-jeffrey-bedwell/');
INSERT INTO sources (person_id, url) VALUES ('jeffrey-bedwell', 'https://www.firstcoastnews.com/amp/article/news/crime/jacksonville-pastor-plea-deal-in-sex-crimes-case/77-5edc1200-aeaa-4722-8552-9f365932b08d');
INSERT INTO sources (person_id, url) VALUES ('jeffrey-bedwell', 'https://www.jacksonville.com/story/news/crime/2021/07/16/former-pastor-chets-creek-church-arrested-molestation-charges/7991864002/');
INSERT OR REPLACE INTO people (id, name, status, level, state, office, crime_description, summary, still_in_office, offense_year, conviction_year, event_date) VALUES ('frank-pavone', 'Frank Pavone', 'alleged', 'adjacent', 'FL', '', 'Sexual Harassment, Sexual Battery', 'Frank Pavone founded Priests for Life, an anti-abortion group, and chaired Catholics for Trump. The Vatican laicized or defrocked him without appeal for blasphemous communications on social media and disobedience of his bishop.', NULL, NULL, NULL, NULL);
INSERT INTO crime_types (person_id, crime_type) VALUES ('frank-pavone', 'rape');
INSERT INTO crime_types (person_id, crime_type) VALUES ('frank-pavone', 'assault');
INSERT INTO crime_types (person_id, crime_type) VALUES ('frank-pavone', 'harassment');
INSERT INTO sources (person_id, url) VALUES ('frank-pavone', 'https://goppredators.wordpress.com/2023/06/17/1018-frank-pavone/');
INSERT INTO sources (person_id, url) VALUES ('frank-pavone', 'https://www.nbcnews.com/news/us-news/anti-abortion-priest-frank-pavone-defrocked-blasphemous-posts-rcna62364');
INSERT INTO sources (person_id, url) VALUES ('frank-pavone', 'https://www.pillarcatholic.com/p/pavone-was-accused-of-misconduct-before-laicization');
INSERT INTO sources (person_id, url) VALUES ('frank-pavone', 'https://www.pillarcatholic.com/p/pavone-faces-multiple-misconduct-allegations');
INSERT INTO sources (person_id, url) VALUES ('frank-pavone', 'https://www.americamagazine.org/faith/2023/02/23/frank-pavone-priests-life-abuse-prolife-244792');
INSERT INTO sources (person_id, url) VALUES ('frank-pavone', 'https://www.thedailybeast.com/trumps-ex-adviser-frank-pavone-of-priests-for-life-rocked-by-sex-scandal');
INSERT OR REPLACE INTO people (id, name, status, level, state, office, crime_description, summary, still_in_office, offense_year, conviction_year, event_date) VALUES ('anastasia-dawson', 'Anastasia Dawson', 'convicted', 'adjacent', 'MO', '', 'Child Sexual Abuse', 'Anastasia Dawson was a ward youth leader at an LDS church in Hamilton, Missouri. In February, 2023, she was charged with seven felony sexual abuse crimes involving a sixteen-year-old minor.', NULL, NULL, NULL, '2023-06-21');
INSERT INTO crime_types (person_id, crime_type) VALUES ('anastasia-dawson', 'assault');
INSERT INTO sources (person_id, url) VALUES ('anastasia-dawson', 'https://goppredators.wordpress.com/2023/06/17/1017-anastasia-dawson/');
INSERT INTO sources (person_id, url) VALUES ('anastasia-dawson', 'https://www.courts.mo.gov/cnet/cases/newHeader.do?inputVO.caseNumber=23DV-CR00047-01&amp;inputVO.courtId=SMPDB0005_CT43#header');
INSERT INTO sources (person_id, url) VALUES ('anastasia-dawson', 'https://www.courts.mo.gov/casenet/cases/searchDockets.do?inputVO.caseNumber=23DV-CR00047-01&amp;inputVO.courtId=SMPDB0005_CT43');
INSERT INTO sources (person_id, url) VALUES ('anastasia-dawson', 'https://www.kttn.com/hamilton-woman-facing-multiple-felony-charges-after-having-sexual-contact-with-16-year-old-girl/');
INSERT INTO sources (person_id, url) VALUES ('anastasia-dawson', 'https://archive.today/newest/https://www.kttn.com/hamilton-woman-facing-multiple-felony-charges-after-having-sexual-contact-with-16-year-old-girl/');
INSERT INTO sources (person_id, url) VALUES ('anastasia-dawson', 'https://www.northwestmoinfo.com/local-news/church-youth-leader-from-hamilton-charged-with-child-sex-crimes/');
INSERT OR REPLACE INTO people (id, name, status, level, state, office, crime_description, summary, still_in_office, offense_year, conviction_year, event_date) VALUES ('chad-rider', 'Chad Rider', 'convicted', 'adjacent', 'TX', 'Pastor', 'Producing Child Sexual Abuse Material', 'Chad Rider was a youth pastor at the Denison Church of the Nazarene. Together with David Pettigew , he was convicted of producing child sexual exploitation material.', NULL, NULL, NULL, '2023-02-22');
INSERT INTO crime_types (person_id, crime_type) VALUES ('chad-rider', 'csam');
INSERT INTO crime_types (person_id, crime_type) VALUES ('chad-rider', 'assault');
INSERT INTO sources (person_id, url) VALUES ('chad-rider', 'https://goppredators.wordpress.com/2023/06/15/1016-chad-rider/');
INSERT INTO sources (person_id, url) VALUES ('chad-rider', 'https://www.kxii.com/2023/02/17/former-denison-youth-pastor-given-maximum-sentence-child-porn-production/');
INSERT INTO sources (person_id, url) VALUES ('chad-rider', 'https://www.justice.gov/usao-edtx/pr/denison-youth-pastor-sentenced-child-exploitation-violations');
INSERT OR REPLACE INTO people (id, name, status, level, state, office, crime_description, summary, still_in_office, offense_year, conviction_year, event_date) VALUES ('matthew-reiber', 'Matthew Reiber', 'charged', 'adjacent', 'OK', 'Pastor', 'Child Molestation', 'Matthew Reiber was the pastor of the far-right New Life Church in Chickasa, Oklahoma. He was arrested in February 2023 and charged with three counts of lewd acts on a child.', NULL, NULL, NULL, '2023-02-22');
INSERT INTO crime_types (person_id, crime_type) VALUES ('matthew-reiber', 'child-molestation');
INSERT INTO sources (person_id, url) VALUES ('matthew-reiber', 'https://goppredators.wordpress.com/2023/06/15/1015-matthew-reiber/');
INSERT INTO sources (person_id, url) VALUES ('matthew-reiber', 'https://ktul.com/news/local/chickasha-pastor-accused-of-molesting-a-7-year-old-girl-matthew-reiber-grady-county-jail-new-life-christian-church-oklahoma-lewd-and-indecent-acts-to-a-minor-sexual-assault');
INSERT INTO sources (person_id, url) VALUES ('matthew-reiber', 'https://www.chickashanews.com/news/pastor-resigns-following-lewd-acts-with-minor-charges/article_1993d550-b3c6-11ed-88ca-6be2b0e13e2c.html');
INSERT INTO sources (person_id, url) VALUES ('matthew-reiber', 'https://www.oscn.net/dockets/GetCaseInformation.aspx?db=grady&amp;number=CF-2023-00041&amp;cmid=24543');
INSERT OR REPLACE INTO people (id, name, status, level, state, office, crime_description, summary, still_in_office, offense_year, conviction_year, event_date) VALUES ('stephen-arthur-morris', 'Stephen Arthur Morris', 'convicted', 'adjacent', 'NC', 'Pastor', 'Child Sexual Assault/Incest', 'Stephen Arthur Morris was the pastor of Oliver''s Grove Baptist Church , a Southern Baptist conservative church. In July 2019, he was arrested and charged with raping a thirteen-year-old girl who attended his church.', NULL, NULL, NULL, NULL);
INSERT INTO crime_types (person_id, crime_type) VALUES ('stephen-arthur-morris', 'assault');
INSERT INTO crime_types (person_id, crime_type) VALUES ('stephen-arthur-morris', 'incest');
INSERT INTO sources (person_id, url) VALUES ('stephen-arthur-morris', 'https://goppredators.wordpress.com/2023/06/15/1014-stephen-arthur-morris/');
INSERT INTO sources (person_id, url) VALUES ('stephen-arthur-morris', 'https://oliversgrovebc.org/Beliefs/');
INSERT INTO sources (person_id, url) VALUES ('stephen-arthur-morris', 'https://abc11.com/johnston-county-pastor-rape-charges/5384877/');
INSERT INTO sources (person_id, url) VALUES ('stephen-arthur-morris', 'https://abc11.com/stephen-morris-four-oaks-nc-olivers-grove-baptist-church/6204200/');
INSERT INTO sources (person_id, url) VALUES ('stephen-arthur-morris', 'https://jocoreport.com/former-pastor-sentenced-to-prison/');
INSERT INTO sources (person_id, url) VALUES ('stephen-arthur-morris', 'https://jocoreport.com/convicted-sex-offender-former-pastor-facing-new-charges/');
INSERT OR REPLACE INTO people (id, name, status, level, state, office, crime_description, summary, still_in_office, offense_year, conviction_year, event_date) VALUES ('daniel-w-merrick', 'Daniel W. Merrick', 'charged', 'adjacent', 'PA', 'Pastor', 'Child Sexual Abuse Material', 'Daniel W. Merrick is a former Messianic Christian pastor, a Christian musician , and author of several books .', NULL, NULL, NULL, '2023-02-25');
INSERT INTO crime_types (person_id, crime_type) VALUES ('daniel-w-merrick', 'csam');
INSERT INTO crime_types (person_id, crime_type) VALUES ('daniel-w-merrick', 'assault');
INSERT INTO sources (person_id, url) VALUES ('daniel-w-merrick', 'https://goppredators.wordpress.com/2023/06/14/1013-daniel-w-merrick/');
INSERT INTO sources (person_id, url) VALUES ('daniel-w-merrick', 'https://www.youtube.com/@DanielMerrickPhD/featured');
INSERT INTO sources (person_id, url) VALUES ('daniel-w-merrick', 'https://ujsportal.pacourts.us/Report/CpCourtSummary?docketNumber=CP-42-CR-0000257-2023&amp;dnh=cStbVTw054c32Ey7Rto%2FTA%3D%3D');
INSERT INTO sources (person_id, url) VALUES ('daniel-w-merrick', 'https://ujsportal.pacourts.us/CaseSearch');
INSERT INTO sources (person_id, url) VALUES ('daniel-w-merrick', 'https://www.oleantimesherald.com/news/mckean-county-man-jailed-on-over-880-felony-counts-of-child-porn/article_2d918a13-917b-58f9-a054-cb0bd8ac999d.html');
INSERT INTO sources (person_id, url) VALUES ('daniel-w-merrick', 'https://www.tiogapublishing.com/potter_leader_enterprise/news/crime/smethport-man-charged-with-child-pornography/article_58bdfafa-b6a3-11ed-920a-4776880e4d30.html');
INSERT INTO sources (person_id, url) VALUES ('daniel-w-merrick', 'https://www.bradfordera.com/news/child-porn-charges-against-merrick-bound-to-court-monday/article_4525f963-c1dd-5a93-b420-7df2b358a045.html');
INSERT OR REPLACE INTO people (id, name, status, level, state, office, crime_description, summary, still_in_office, offense_year, conviction_year, event_date) VALUES ('clark-travis', 'Clark Travis', 'charged', 'local', 'TX', '', 'Child Sexual Assault', 'Clark Travis was a pastoral leader at two churches, the Centerville Apostolic Church and Apostolic Life United Pentecostal Church in Buffalo, TX. In February, 2023, he was arrested along with his older brother.', NULL, NULL, NULL, NULL);
INSERT INTO crime_types (person_id, crime_type) VALUES ('clark-travis', 'assault');
INSERT INTO sources (person_id, url) VALUES ('clark-travis', 'https://goppredators.wordpress.com/2023/06/12/1012-clark-travis/');
INSERT INTO sources (person_id, url) VALUES ('clark-travis', 'https://www.joemygod.com/2023/02/texas-pastors-brothers-arrested-on-child-sex-charges/');
INSERT OR REPLACE INTO people (id, name, status, level, state, office, crime_description, summary, still_in_office, offense_year, conviction_year, event_date) VALUES ('matthew-t-travis', 'Matthew T. Travis', 'charged', 'local', 'TX', 'Pastor', 'Child Sexual Assault', 'Matthew T. Travis has been accused of using his position as pastor of Apostolic Life United Pentecostal Church in Buffalo, TX, to exploit children.', NULL, NULL, NULL, '2023-09-25');
INSERT INTO crime_types (person_id, crime_type) VALUES ('matthew-t-travis', 'assault');
INSERT INTO sources (person_id, url) VALUES ('matthew-t-travis', 'https://goppredators.wordpress.com/2023/06/12/1011-matthew-t-travis/');
INSERT INTO sources (person_id, url) VALUES ('matthew-t-travis', 'https://www.kagstv.com/article/news/crime/leon-county-arrests-feb-22-2023/499-442447b3-2dd0-4a10-873d-a4be9ae908de');
INSERT INTO sources (person_id, url) VALUES ('matthew-t-travis', 'https://vinelink.vineapps.com/search/persons;limit=20;offset=0;showPhotos=false;isPartialSearch=false;siteRefId=TXSWVINE;personFirstName=Matthew;personLastName=Travis;stateServed=TX');
INSERT OR REPLACE INTO people (id, name, status, level, state, office, crime_description, summary, still_in_office, offense_year, conviction_year, event_date) VALUES ('ted-j-tomaszewski', 'Ted J. Tomaszewski', 'charged', 'local', 'NJ', 'Mayor', 'Sexual Assault of Minor', 'Ted J. Tomaszewski was the mayor of Mansfield, Maryland from 2010 to 2014.', NULL, NULL, NULL, '2023-01-19');
INSERT INTO crime_types (person_id, crime_type) VALUES ('ted-j-tomaszewski', 'assault');
INSERT INTO sources (person_id, url) VALUES ('ted-j-tomaszewski', 'https://goppredators.wordpress.com/2023/06/03/1010-ted-j-tomaszewski/');
INSERT INTO sources (person_id, url) VALUES ('ted-j-tomaszewski', 'https://www.wcpo-nj.us/press-releases/Ted%20J.%20Tomaszewski.pdf');
INSERT INTO sources (person_id, url) VALUES ('ted-j-tomaszewski', 'https://dailyvoice.com/new-jersey/warren-hunterdon/police-fire/ex-mayor-of-warren-county-town-sexually-assaulted-teen-prosecutor/854416/');
INSERT INTO sources (person_id, url) VALUES ('ted-j-tomaszewski', 'https://www.lehighvalleylive.com/news/2023/01/former-mayor-in-jail-for-sex-acts-with-15-year-old-warren-co-prosecutor-says.html');
INSERT INTO sources (person_id, url) VALUES ('ted-j-tomaszewski', 'https://infoweb-newsbank-com.proxy.multcolib.org/apps/news/browse-pub?p=AMNEWS&amp;t=pubname%3APAET-EEDT%21Express-Times%252C%2BThe%2B%2528Easton%252C%2BPA%2529&amp;action=browse');
INSERT OR REPLACE INTO people (id, name, status, level, state, office, crime_description, summary, still_in_office, offense_year, conviction_year, event_date) VALUES ('fred-gammon', 'Fred Gammon', 'convicted', 'adjacent', 'OK', 'Pastor', 'Child Sexual Abuse', 'Fred Gammon (OK): Child Sexual Abuse.', NULL, NULL, NULL, '2023-02-28');
INSERT INTO crime_types (person_id, crime_type) VALUES ('fred-gammon', 'assault');
INSERT INTO sources (person_id, url) VALUES ('fred-gammon', 'https://goppredators.wordpress.com/2023/06/03/1009-fred-gammon/');
INSERT INTO sources (person_id, url) VALUES ('fred-gammon', 'https://www.christianpost.com/news/pastor-charged-for-allegedly-texting-minor-about-smelling-underwear.html');
INSERT INTO sources (person_id, url) VALUES ('fred-gammon', 'https://kggfradio.com/local-news/675844');
INSERT INTO sources (person_id, url) VALUES ('fred-gammon', 'https://www.fourstateshomepage.com/news/northeast-oklahoma/b-a-c-a-makes-appearance-at-court-hearing-for-wyandotte-pastor-accused-of-sexual-child-abuse/');
INSERT INTO sources (person_id, url) VALUES ('fred-gammon', 'https://www.oscn.net/dockets/GetCaseInformation.aspx?db=ottawa&amp;number=CF-2023-00048&amp;cmid=12574');
INSERT INTO sources (person_id, url) VALUES ('fred-gammon', 'https://infoweb-newsbank-com.proxy.multcolib.org/apps/news/browse-pub?p=AMNEWS&amp;t=pubname%3AMNRB%21Miami%2BNews-Record%2B%2528OK%2529&amp;action=browse');
INSERT OR REPLACE INTO people (id, name, status, level, state, office, crime_description, summary, still_in_office, offense_year, conviction_year, event_date) VALUES ('daniel-gilbert-franklin', 'Daniel Gilbert Franklin', 'charged', 'adjacent', 'FL', 'Coach', 'Secret Recording of Minors', 'Daniel Gilbert Franklin was a high school track coat at North Haven Bay high school when he was arrested for secretly taping a fourteen-year-old girl as she changed clothes in his home. He admitted to making a secret recording and having done so several times.', NULL, NULL, NULL, NULL);
INSERT INTO crime_types (person_id, crime_type) VALUES ('daniel-gilbert-franklin', 'other');
INSERT INTO sources (person_id, url) VALUES ('daniel-gilbert-franklin', 'https://goppredators.wordpress.com/2023/06/03/1008-daniel-franklin/');
INSERT INTO sources (person_id, url) VALUES ('daniel-gilbert-franklin', 'https://www.mypanhandle.com/news/local-news/high-school-coach-accused-of-secretly-recording-teen/');
INSERT INTO sources (person_id, url) VALUES ('daniel-gilbert-franklin', 'https://www.wjhg.com/2023/02/07/former-lynn-haven-coach-charged-after-videotaping-teen/');
INSERT INTO sources (person_id, url) VALUES ('daniel-gilbert-franklin', 'https://court.baycoclerk.com/BenchmarkWeb2/CourtCase.aspx/Details/3134396?digest=wVlXBR7DSNP%2Bv4uB%2BD2Low');
INSERT OR REPLACE INTO people (id, name, status, level, state, office, crime_description, summary, still_in_office, offense_year, conviction_year, event_date) VALUES ('jonathan-high', 'Jonathan High', 'convicted', 'adjacent', 'FL', '', 'Secret Recording of Minors', 'Jonathan High was a deacon at Antioch Revival Church in Perry, Florida, until his arrest for secretly recording two boys, ten and eleven, engaging in sex acts in the church bathroom. He was caught when Verizon reported a tip, in August 2021, that a cloud storage accounts seemed to have uploaded chil', NULL, NULL, 2023, '2023-02-16');
INSERT INTO crime_types (person_id, crime_type) VALUES ('jonathan-high', 'other');
INSERT INTO sources (person_id, url) VALUES ('jonathan-high', 'https://goppredators.wordpress.com/2023/06/03/1007-jonathan-high/');
INSERT INTO sources (person_id, url) VALUES ('jonathan-high', 'https://www.justice.gov/usao-ndfl/pr/steinhatchee-church-deacon-convicted-production-child-pornography');
INSERT INTO sources (person_id, url) VALUES ('jonathan-high', 'https://lawandcrime.com/crime/florida-deacon-convicted-of-producing-child-porn-inside-church-bathroom-sentenced-to-over-2-decades-in-prison/');
INSERT OR REPLACE INTO people (id, name, status, level, state, office, crime_description, summary, still_in_office, offense_year, conviction_year, event_date) VALUES ('phillip-briggs', 'Phillip Briggs', 'charged', 'local', 'OH', 'Mayor', 'Secret Recording of Minors', 'Phillip Briggs was the mayor of Spencerville, Ohio, until he resigned after his arrest for secretly recording two girls while they were undressing. He is alleged to have done this five times during May and June, 2021.', NULL, NULL, NULL, '2023-03-05');
INSERT INTO crime_types (person_id, crime_type) VALUES ('phillip-briggs', 'other');
INSERT INTO sources (person_id, url) VALUES ('phillip-briggs', 'https://goppredators.wordpress.com/2023/06/03/1006-phillip-briggs/');
INSERT INTO sources (person_id, url) VALUES ('phillip-briggs', 'https://www.hometownstations.com/news/an-allen-county-grand-jury-indicts-the-former-spencerville-mayor-on-5-counts/article_2ee734dc-c6b4-11ed-996c-e35cf2b4fe3f.html');
INSERT INTO sources (person_id, url) VALUES ('phillip-briggs', 'https://thecourier.com/news/441401/spencerville-mayor-arrested-on-pandering-charge/');
INSERT INTO sources (person_id, url) VALUES ('phillip-briggs', 'https://courtvweb.allencountyohio.com/eservices/searchresults.page?x=0OSwcYl5CJflndmFj6YtfY6x0ALNXagJTzyLf7yD0vLGrP4FUqX19ftZnPEjaOA-DAvvikQDxWr74cJKVHOj*A');
INSERT INTO sources (person_id, url) VALUES ('phillip-briggs', 'https://thecourier.com/author.aspx?authorId=6');
INSERT INTO sources (person_id, url) VALUES ('phillip-briggs', 'https://infoweb-newsbank-com.proxy.multcolib.org/apps/news/browse-pub?p=AMNEWS&amp;t=pubname%3ASTBO%21Sentinel-Tribune%252C%2BThe%2B%2528Bowling%2BGreen%252C%2BOH%2529&amp;action=browse');
INSERT OR REPLACE INTO people (id, name, status, level, state, office, crime_description, summary, still_in_office, offense_year, conviction_year, event_date) VALUES ('jaron-rosien', 'Jaron Rosien', 'charged', 'state', 'IA', 'Mayor', 'Sexual Assault', 'Jaron Rosien is Mayor of Washington, Iowa. He ran in the Republican primary for his Iowa state house district.', NULL, NULL, NULL, '2023-03-24');
INSERT INTO crime_types (person_id, crime_type) VALUES ('jaron-rosien', 'assault');
INSERT INTO sources (person_id, url) VALUES ('jaron-rosien', 'https://goppredators.wordpress.com/2023/06/01/1005-jaron-rosien/');
INSERT INTO sources (person_id, url) VALUES ('jaron-rosien', 'https://www.press-citizen.com/story/news/2023/01/25/washington-iowa-mayor-jaron-rosien-charged-sexual-assault-bar-patron/69838334007/');
INSERT INTO sources (person_id, url) VALUES ('jaron-rosien', 'https://dps.iowa.gov/felony-sex-abuse-charge-filed-against-city-washington-mayor');
INSERT OR REPLACE INTO people (id, name, status, level, state, office, crime_description, summary, still_in_office, offense_year, conviction_year, event_date) VALUES ('george-santos', 'George Santos', 'alleged', 'adjacent', 'NY', '', 'Sexual Harassment/Soliciting a Minor', 'George Santos (NY): Sexual Harassment/Soliciting a Minor.', NULL, NULL, NULL, NULL);
INSERT INTO crime_types (person_id, crime_type) VALUES ('george-santos', 'solicitation');
INSERT INTO crime_types (person_id, crime_type) VALUES ('george-santos', 'harassment');
INSERT INTO sources (person_id, url) VALUES ('george-santos', 'https://goppredators.wordpress.com/2026/03/13/1004-george-santos/');
INSERT OR REPLACE INTO people (id, name, status, level, state, office, crime_description, summary, still_in_office, offense_year, conviction_year, event_date) VALUES ('daryl-johnson', 'Daryl Johnson', 'alleged', 'adjacent', 'IA', '', 'Nonconsensual Recording', 'Daryl Johnson (IA): Nonconsensual Recording.', NULL, NULL, NULL, NULL);
INSERT INTO crime_types (person_id, crime_type) VALUES ('daryl-johnson', 'other');
INSERT INTO sources (person_id, url) VALUES ('daryl-johnson', 'https://goppredators.wordpress.com/2026/03/13/1003-daryl-johnson/');
INSERT OR REPLACE INTO people (id, name, status, level, state, office, crime_description, summary, still_in_office, offense_year, conviction_year, event_date) VALUES ('troy-hinchey', 'Troy Hinchey', 'charged', 'local', 'VA', '', 'Sexual Battery', 'Troy Hinchey was a Washington County deputy in Virginia. He was indicted in January 2023 for misdemeanor sexual battery committed while on the job.', NULL, NULL, NULL, NULL);
INSERT INTO crime_types (person_id, crime_type) VALUES ('troy-hinchey', 'rape');
INSERT INTO crime_types (person_id, crime_type) VALUES ('troy-hinchey', 'assault');
INSERT INTO sources (person_id, url) VALUES ('troy-hinchey', 'https://goppredators.wordpress.com/2023/05/31/1002-troy-hinchey/');
INSERT INTO sources (person_id, url) VALUES ('troy-hinchey', 'http://www.supertalk929.com/2023/01/27/former-washington-county-virginia-officer-indicted-for-sexual-battery/');
INSERT INTO sources (person_id, url) VALUES ('troy-hinchey', 'https://wset.com/former-washington-county-virginia-sheriffs-office-deputy-charged-with-sexual-battery-troy-hinchey');
INSERT OR REPLACE INTO people (id, name, status, level, state, office, crime_description, summary, still_in_office, offense_year, conviction_year, event_date) VALUES ('joshua-grover', 'Joshua Grover', 'convicted', 'adjacent', 'IL', 'Police Officer', 'Child Sexual Abuse Material', 'Joshua Grover is a former detective for the Rockford, Illinois, Police department. In 2021, he was arrested by the Department of Homeland Security for possession of child sexual abuse material (CSAM.) The victim was under thirteen.', NULL, NULL, 2022, '2022-08-12');
INSERT INTO crime_types (person_id, crime_type) VALUES ('joshua-grover', 'csam');
INSERT INTO crime_types (person_id, crime_type) VALUES ('joshua-grover', 'assault');
INSERT INTO sources (person_id, url) VALUES ('joshua-grover', 'https://goppredators.wordpress.com/2023/05/31/1001-joshua-grover/');
INSERT INTO sources (person_id, url) VALUES ('joshua-grover', 'https://www.wifr.com/2023/01/28/ex-rockford-detective-gets-6-months-child-pornography-charges/?outputType=amp');
INSERT INTO sources (person_id, url) VALUES ('joshua-grover', 'https://www.rrstar.com/story/news/2021/09/23/rockford-cop-arrested-child-porn-multiple-counts/5833358001/');
INSERT INTO sources (person_id, url) VALUES ('joshua-grover', 'https://www.rrstar.com/story/news/crime/2022/08/10/former-rockford-police-detective-pleads-guilty-to-child-porn-charges/65399268007/');
INSERT OR REPLACE INTO people (id, name, status, level, state, office, crime_description, summary, still_in_office, offense_year, conviction_year, event_date) VALUES ('tony-ernest-bunton', 'Tony Ernest Bunton', 'charged', 'adjacent', 'NC', 'Pastor', 'Child Molestation', 'Tony Ernest Bunton was a pastor in Statesville, NC when he was arrested in September 2021 for possession of child sexual abuse material. After he was released on bond, he was arrested again in October for possession of even more CSAM, some with infants.', NULL, NULL, NULL, '2021-10-10');
INSERT INTO crime_types (person_id, crime_type) VALUES ('tony-ernest-bunton', 'child-molestation');
INSERT INTO sources (person_id, url) VALUES ('tony-ernest-bunton', 'https://goppredators.wordpress.com/2023/05/30/1000-tony-ernest-bunton/');
INSERT INTO sources (person_id, url) VALUES ('tony-ernest-bunton', 'https://statesville.com/news/local/statesville-pastor-arrested-for-second-time-on-child-pornography-charges/article_6a867b1e-2797-11ec-950a-9781c46c3a0b.html');
INSERT INTO sources (person_id, url) VALUES ('tony-ernest-bunton', 'https://independenttribune.com/news/state-and-regional/statesville-pastor-arrested-on-30-additional-child-pornography-charges/article_3dc96fdc-6c66-5696-a462-ce08f0a199a0.html');
INSERT OR REPLACE INTO people (id, name, status, level, state, office, crime_description, summary, still_in_office, offense_year, conviction_year, event_date) VALUES ('scott-christner', 'Scott Christner', 'convicted', 'adjacent', 'IN', 'Pastor', 'Child Molestation', 'Scott Christner was a youth pastor at First Baptist Church in Goshen, Indian. He led a group of pre-teen boys called The Olympians.', NULL, NULL, NULL, '2022-01-08');
INSERT INTO crime_types (person_id, crime_type) VALUES ('scott-christner', 'child-molestation');
INSERT INTO sources (person_id, url) VALUES ('scott-christner', 'https://goppredators.wordpress.com/2023/05/30/999-scott-christner/');
INSERT INTO sources (person_id, url) VALUES ('scott-christner', 'https://www.wndu.com/2022/01/05/former-goshen-youth-pastor-sentenced-20-years-child-molestation-sexual-misconduct/');
INSERT INTO sources (person_id, url) VALUES ('scott-christner', 'https://www.elkharttruth.com/hometown/goshen/church-youth-leader-receives-41-year-sentence-for-molestations/article_c3e2655a-1bef-53e0-b6ed-21d8b970e638.html');
INSERT OR REPLACE INTO people (id, name, status, level, state, office, crime_description, summary, still_in_office, offense_year, conviction_year, event_date) VALUES ('adam-james-maass', 'Adam James Maass', 'charged', 'adjacent', 'AR', '', 'Sexual Assault', 'Adam James Maass is an endocrinologist though his Arkansas medical license was suspended after he was arrested and charged with sexually assaulting his patients. After one woman reported him to police, alleging that Maass touched her breast without her permission.', NULL, NULL, NULL, '2023-09-11');
INSERT INTO crime_types (person_id, crime_type) VALUES ('adam-james-maass', 'assault');
INSERT INTO sources (person_id, url) VALUES ('adam-james-maass', 'https://goppredators.wordpress.com/2023/05/30/998-adam-james-maass/');
INSERT INTO sources (person_id, url) VALUES ('adam-james-maass', 'https://caseinfo.arcourts.gov/cconnect/PROD/public/ck_public_qry_doct.cp_dktrpt_frames?backto=D&amp;case_id=72CR-22-1383&amp;begin_date=&amp;end_date=');
INSERT INTO sources (person_id, url) VALUES ('adam-james-maass', 'https://www.fox16.com/crime/benton-county-files-two-more-sexual-assault-charges-on-dr-maass/');
INSERT INTO sources (person_id, url) VALUES ('adam-james-maass', 'https://katv.com/news/local/arkansas-doctor-pleads-not-guilty-to-sexual-assault-charges-for-a-second-time-benton-washington-county-dr-adam-maass-endocrinologist-cave-springs-criminal-information-sheet-affidavit-probable-cause-woman-breast-consent-state-medical-board-review-4029-new');
INSERT INTO sources (person_id, url) VALUES ('adam-james-maass', 'https://infoweb-newsbank-com.proxy.multcolib.org/apps/news/browse-pub?p=AMNEWS&amp;t=pubname%3ANADG-EEDT%21Northwest%2BArkansas%2BDemocrat-Gazette%2B%2528AR%2529&amp;action=browse');
INSERT OR REPLACE INTO people (id, name, status, level, state, office, crime_description, summary, still_in_office, offense_year, conviction_year, event_date) VALUES ('erich-a-bennett', 'Erich A. Bennett', 'charged', 'adjacent', 'NJ', 'Police Officer', 'Stalking, Harassment', 'Erich A. Bennett was a police officer in Sea Bright, New Jersey.', NULL, NULL, NULL, '2023-02-07');
INSERT INTO crime_types (person_id, crime_type) VALUES ('erich-a-bennett', 'harassment');
INSERT INTO crime_types (person_id, crime_type) VALUES ('erich-a-bennett', 'stalking');
INSERT INTO sources (person_id, url) VALUES ('erich-a-bennett', 'https://goppredators.wordpress.com/2023/05/30/997-erich-a-bennett/');
INSERT INTO sources (person_id, url) VALUES ('erich-a-bennett', 'https://www.nj.com/monmouth/2023/01/nj-cop-used-police-databases-to-stalk-ex-girlfriend-investigators-say.html?outputType=amp');
INSERT INTO sources (person_id, url) VALUES ('erich-a-bennett', 'https://dailyvoice.com/new-jersey/monmouth/police-fire/police-officer-stalked-ex-girlfriend-vandalized-her-home-monmouth-prosecutor/855304/');
INSERT INTO sources (person_id, url) VALUES ('erich-a-bennett', 'https://www.app.com/story/news/local/courts/2023/02/07/sea-bright-nj-police-misconduct-cop-deemed-dangerous-ordered-jailed/69863904007/');
INSERT OR REPLACE INTO people (id, name, status, level, state, office, crime_description, summary, still_in_office, offense_year, conviction_year, event_date) VALUES ('david-stone', 'David Stone', 'convicted', 'local', 'VA', 'Police Officer', 'Child Sexual Abuse Material', 'David Stone was a Richmond, Virginia, police officer. He was arrested in January 2023 and charged with fifty child sexual abuse material charges.', NULL, NULL, NULL, '2023-01-30');
INSERT INTO crime_types (person_id, crime_type) VALUES ('david-stone', 'csam');
INSERT INTO crime_types (person_id, crime_type) VALUES ('david-stone', 'assault');
INSERT INTO sources (person_id, url) VALUES ('david-stone', 'https://goppredators.wordpress.com/2023/05/30/996-david-stone/');
INSERT INTO sources (person_id, url) VALUES ('david-stone', 'https://www.nbc12.com/2023/01/27/richmond-police-officer-charged-with-possession-child-pornography/');
INSERT INTO sources (person_id, url) VALUES ('david-stone', 'https://www.wtvr.com/news/local-news/david-stone-plea-may-1-2023');
INSERT OR REPLACE INTO people (id, name, status, level, state, office, crime_description, summary, still_in_office, offense_year, conviction_year, event_date) VALUES ('richard-e-jacklin', 'Richard E. Jacklin', 'convicted', 'adjacent', 'IL', '', 'Sexual Assault', 'Richard E. Jacklin was an Illinois Catholic priest at St.', NULL, NULL, 2022, '2023-02-14');
INSERT INTO crime_types (person_id, crime_type) VALUES ('richard-e-jacklin', 'assault');
INSERT INTO sources (person_id, url) VALUES ('richard-e-jacklin', 'https://goppredators.wordpress.com/2023/05/29/995-richard-e-jacklin/');
INSERT INTO sources (person_id, url) VALUES ('richard-e-jacklin', 'https://www.yumpu.com/user/smip.org');
INSERT INTO sources (person_id, url) VALUES ('richard-e-jacklin', 'https://www.daily-journal.com/news/crime/jacklin-found-guilty-of-sexually-assaulting-shapiro-resident/article_d767880e-40fa-11ed-b1aa-8f1f78aadd53.html');
INSERT INTO sources (person_id, url) VALUES ('richard-e-jacklin', 'https://www.daily-journal.com/news/crime/jacklin-sentenced-to-18-years-in-sexual-assault-conviction/article_7074974a-9db1-11ed-8fff-7fce2c235490.html');
INSERT OR REPLACE INTO people (id, name, status, level, state, office, crime_description, summary, still_in_office, offense_year, conviction_year, event_date) VALUES ('thomas-gilman-hartman', 'Thomas Gilman Hartman', 'alleged', 'adjacent', 'AR', '', 'Sexual Abuse, Extortion', 'Thomas Gilman Hartman is the founder of Wings of Peace Ministry Northwest Arkansas, a transitional living facility that provides a Christianity-based treatment program for addiction. A man who was in the program accused Hartman of sexually assaulting him.', NULL, NULL, NULL, NULL);
INSERT INTO crime_types (person_id, crime_type) VALUES ('thomas-gilman-hartman', 'assault');
INSERT INTO sources (person_id, url) VALUES ('thomas-gilman-hartman', 'https://goppredators.wordpress.com/2023/05/29/994-thomas-gilman-hartman/');
INSERT INTO sources (person_id, url) VALUES ('thomas-gilman-hartman', 'https://www.arkansasonline.com/news/2023/jan/29/founder-of-transitional-living-facility-in/');
INSERT INTO sources (person_id, url) VALUES ('thomas-gilman-hartman', 'https://www.4029tv.com/amp/article/thomas-gilman-hartman-pastor-accused/42691019');
INSERT OR REPLACE INTO people (id, name, status, level, state, office, crime_description, summary, still_in_office, offense_year, conviction_year, event_date) VALUES ('gareth-reece-goode', 'Gareth Reece Goode', 'charged', 'adjacent', 'TX', '', 'Child Sexual Abuse', 'Gareth Reece Goode was a music school owner and the Praise and Music Director at his fundamentalist church in Boerne, Texas. Their school uses the anti-science Abeka curriculum and they promote homophobia and misogyny.', NULL, NULL, NULL, NULL);
INSERT INTO crime_types (person_id, crime_type) VALUES ('gareth-reece-goode', 'assault');
INSERT INTO sources (person_id, url) VALUES ('gareth-reece-goode', 'https://goppredators.wordpress.com/2023/05/29/993-gareth-reece-goode/');
INSERT INTO sources (person_id, url) VALUES ('gareth-reece-goode', 'https://en.wikipedia.org/wiki/Abeka');
INSERT INTO sources (person_id, url) VALUES ('gareth-reece-goode', 'https://www.ksat.com/news/local/2023/01/26/boerne-area-music-school-owner-tutor-arrested-on-child-sex-crime-charges-records-show/');
INSERT INTO sources (person_id, url) VALUES ('gareth-reece-goode', 'https://www.expressnews.com/hill-country/article/boerne-teacher-sex-assault-child-17746997.php');
INSERT OR REPLACE INTO people (id, name, status, level, state, office, crime_description, summary, still_in_office, offense_year, conviction_year, event_date) VALUES ('adam-jeremy-lewis', 'Adam Jeremy Lewis', 'charged', 'adjacent', 'AL', 'Coach', 'Child Sexual Abuse Material', 'Adam Jeremy Lewis was the Youth Director at Rock Mountain Lakes Baptist as well as a middle schhemool teacher and wrestling coach. In January 2023, he was arrested and charged with possession child sexual abuse material.', NULL, NULL, NULL, '2023-01-26');
INSERT INTO crime_types (person_id, crime_type) VALUES ('adam-jeremy-lewis', 'csam');
INSERT INTO crime_types (person_id, crime_type) VALUES ('adam-jeremy-lewis', 'assault');
INSERT INTO sources (person_id, url) VALUES ('adam-jeremy-lewis', 'https://goppredators.wordpress.com/2023/05/29/992-adam-jeremy-lewis/');
INSERT INTO sources (person_id, url) VALUES ('adam-jeremy-lewis', 'https://pa.alacourt.com/default.aspx?loc=alacourt.gov');
INSERT INTO sources (person_id, url) VALUES ('adam-jeremy-lewis', 'https://www.al.com/news/birmingham/2023/01/pelham-middle-school-teacher-and-wrestling-coach-arrested-on-child-porn-charge.html');
INSERT INTO sources (person_id, url) VALUES ('adam-jeremy-lewis', 'https://ministrywatch.com/youth-director-who-worked-as-teacher-and-coach-arrested-for-child-pornography-possession/');
INSERT OR REPLACE INTO people (id, name, status, level, state, office, crime_description, summary, still_in_office, offense_year, conviction_year, event_date) VALUES ('gerald-fairbanks', 'Gerald Fairbanks', 'charged', 'local', 'ID', '', 'Child Sexual Abuse', 'Gerald Fairbanks was an Ada County Deputy for twenty years until he retired in 2011. Boise is in Ada County.', NULL, NULL, NULL, '2023-01-19');
INSERT INTO crime_types (person_id, crime_type) VALUES ('gerald-fairbanks', 'assault');
INSERT INTO sources (person_id, url) VALUES ('gerald-fairbanks', 'https://goppredators.wordpress.com/2023/05/29/991-gerald-fairbanks/');
INSERT INTO sources (person_id, url) VALUES ('gerald-fairbanks', 'https://www.idahopress.com/news/local/former-ada-county-sheriffs-office-deputy-facing-multiple-child-sex-abuse-charges/article_85fd55ac-9690-11ed-847b-030135457237.html');
INSERT INTO sources (person_id, url) VALUES ('gerald-fairbanks', 'https://www.ktvb.com/article/news/crime/former-ada-county-sheriffs-office-deputy-facing-multiple-child-sex-abuse-charges-idaho/277-f7709e2e-4b31-456a-8c1b-63c653bcc883');
INSERT OR REPLACE INTO people (id, name, status, level, state, office, crime_description, summary, still_in_office, offense_year, conviction_year, event_date) VALUES ('rocky-hayes', 'Rocky Hayes', 'alleged', 'adjacent', 'SD', '', 'Child Sexual Abuse Material', 'Rocky Hayes was the Chair of the Jones County Republican Party. He also has three businesses in marketing and design, photography, and managing a rental property.', NULL, NULL, NULL, '2023-01-29');
INSERT INTO crime_types (person_id, crime_type) VALUES ('rocky-hayes', 'csam');
INSERT INTO crime_types (person_id, crime_type) VALUES ('rocky-hayes', 'assault');
INSERT INTO sources (person_id, url) VALUES ('rocky-hayes', 'https://goppredators.wordpress.com/2023/05/28/990-rocky-hayes/');
INSERT INTO sources (person_id, url) VALUES ('rocky-hayes', 'https://www.keloland.com/news/local-news/child-porn-cyber-tip-leads-to-arrest-of-sioux-falls-man/');
INSERT INTO sources (person_id, url) VALUES ('rocky-hayes', 'https://www.thedailybeast.com/former-south-dakota-gop-chairman-rocky-hayes-faces-child-pornography-charges');
INSERT INTO sources (person_id, url) VALUES ('rocky-hayes', 'https://www.siouxfallslive.com/news/sioux-falls/former-gop-official-pleads-no-contest-to-possessing-child-porn-videos');
INSERT OR REPLACE INTO people (id, name, status, level, state, office, crime_description, summary, still_in_office, offense_year, conviction_year, event_date) VALUES ('alexander-nicholson', 'Alexander Nicholson', 'convicted', 'local', 'NY', 'Sheriff', 'Child Sexual Abuse', 'Alexander Nicholson was a Sheriff''s Deputy in Onandaga County, New York. In 2011, he was sentenced two two years in state prison in a plea deal that allowed him to plead guilty to one count of abusing his authority as a law enforcement officer to engage in a sexual encounter with a 14-year-old boy.', NULL, NULL, 2011, NULL);
INSERT INTO crime_types (person_id, crime_type) VALUES ('alexander-nicholson', 'assault');
INSERT INTO sources (person_id, url) VALUES ('alexander-nicholson', 'https://goppredators.wordpress.com/2023/05/28/989-alexander-nicholson/');
INSERT INTO sources (person_id, url) VALUES ('alexander-nicholson', 'https://sports.yahoo.com/watertown-man-former-onondaga-county-045900666.html');
INSERT INTO sources (person_id, url) VALUES ('alexander-nicholson', 'https://cnycentral.com/news/local/former-onondaga-county-sheriffs-deputy-commits-suicide-after-child-sexual-abuse-arrest');
INSERT OR REPLACE INTO people (id, name, status, level, state, office, crime_description, summary, still_in_office, offense_year, conviction_year, event_date) VALUES ('deric-wallace-peacock', 'Deric Wallace Peacock', 'convicted', 'adjacent', 'VA', 'Pastor', 'Child Sexual Abuse Material', 'Deric Wallace Peacock was a youth pastor at South Hopewell Church of God. He was suspended in 2014 after being convicted of a procuring sex acts by computer of an individual believed to be under the age of 15.', NULL, NULL, 2014, '2014-06-06');
INSERT INTO crime_types (person_id, crime_type) VALUES ('deric-wallace-peacock', 'csam');
INSERT INTO crime_types (person_id, crime_type) VALUES ('deric-wallace-peacock', 'assault');
INSERT INTO sources (person_id, url) VALUES ('deric-wallace-peacock', 'https://goppredators.wordpress.com/2023/05/28/988-deric-wallace-peacock/');
INSERT INTO sources (person_id, url) VALUES ('deric-wallace-peacock', 'https://dailyvoice.com/virginia/arlington/news/former-youth-pastor-out-on-probation-in-va-for-sex-offenses-gets-20-years-for-child-porn/854995/');
INSERT INTO sources (person_id, url) VALUES ('deric-wallace-peacock', 'https://www.justice.gov/usao-edva/pr/man-pleads-guilty-distribution-child-pornography-while-probation-prior-sex-offense');
INSERT OR REPLACE INTO people (id, name, status, level, state, office, crime_description, summary, still_in_office, offense_year, conviction_year, event_date) VALUES ('jason-kennedy', 'Jason Kennedy', 'charged', 'adjacent', 'TN', '', 'Child Sexual Abuse', 'Jason Kennedy was the principal of Liberty Christian Academy in Athens, Tennessee. In August 2022, he was charged with sexual assault by an authority figure and solicitation of a minor.', NULL, NULL, NULL, '2023-01-22');
INSERT INTO crime_types (person_id, crime_type) VALUES ('jason-kennedy', 'assault');
INSERT INTO sources (person_id, url) VALUES ('jason-kennedy', 'https://goppredators.wordpress.com/2023/05/28/987-jason-kennedy/');
INSERT INTO sources (person_id, url) VALUES ('jason-kennedy', 'https://www.kiro7.com/news/trending/principal-secretary-tennessee-private-school-accused-sexual-assault/7Z6YIQ6C6ZHR5A3OYWCC5ZL6DI/');
INSERT INTO sources (person_id, url) VALUES ('jason-kennedy', 'https://lawandcrime.com/crime/christian-school-principal-faces-slew-of-new-child-sex-charges-after-more-alleged-victims-found/');
INSERT INTO sources (person_id, url) VALUES ('jason-kennedy', 'https://www.foxnews.com/us/tennessee-christian-school-principal-indicted-11-new-child-sex-charges-after-2022-arrest');
INSERT OR REPLACE INTO people (id, name, status, level, state, office, crime_description, summary, still_in_office, offense_year, conviction_year, event_date) VALUES ('christopher-schroder', 'Christopher Schroder', 'convicted', 'adjacent', 'OH', 'Police Officer', 'Rape Culture, Enabling', 'Christopher Schroder was a Cincinnati police officer. In January 2023, he pleaded guilty to five misdemeanor counts of dereliction of duty.', NULL, NULL, NULL, '2023-01-21');
INSERT INTO crime_types (person_id, crime_type) VALUES ('christopher-schroder', 'rape');
INSERT INTO crime_types (person_id, crime_type) VALUES ('christopher-schroder', 'enablement');
INSERT INTO crime_types (person_id, crime_type) VALUES ('christopher-schroder', 'harassment');
INSERT INTO sources (person_id, url) VALUES ('christopher-schroder', 'https://goppredators.wordpress.com/2023/05/28/986-christopher-schroder/');
INSERT INTO sources (person_id, url) VALUES ('christopher-schroder', 'https://www.wcpo.com/news/local-news/i-team/ex-cincinnati-officer-pleads-guilty-to-dereliction-of-duty-for-failing-to-properly-investigate-sex-crimes');
INSERT INTO sources (person_id, url) VALUES ('christopher-schroder', 'https://www.fox19.com/2023/01/18/no-jail-time-cincinnati-police-officer-who-pleads-guilty-mishanding-sex-assault-cases/');
INSERT OR REPLACE INTO people (id, name, status, level, state, office, crime_description, summary, still_in_office, offense_year, conviction_year, event_date) VALUES ('john-blanchard', 'John Blanchard', 'charged', 'adjacent', 'VA', 'Pastor', 'Soliciting a Minor', 'John Blanchard is the pastor of Rock Church in Virginia Beach , Virginia. He is an ardent Trump supporter who editorialized on behalf of Trump .', NULL, NULL, NULL, '2023-03-23');
INSERT INTO crime_types (person_id, crime_type) VALUES ('john-blanchard', 'solicitation');
INSERT INTO sources (person_id, url) VALUES ('john-blanchard', 'https://goppredators.wordpress.com/2023/05/28/985-john-blanchard/');
INSERT INTO sources (person_id, url) VALUES ('john-blanchard', 'https://www.charismanews.com/politics/58018-donald-trump-cyrus-or-caesar');
INSERT INTO sources (person_id, url) VALUES ('john-blanchard', 'https://www.13newsnow.com/article/news/crime/chesterfield-county-new-info-john-blanchard-case-special-prosecutor/291-7c1d4385-6651-4de1-81bf-edd69a842a7c');
INSERT INTO sources (person_id, url) VALUES ('john-blanchard', 'https://www.wric.com/news/taking-action/chesterfield-judge-sets-deadline-in-solicitation-case-against-virginia-beach-pastor/');
INSERT OR REPLACE INTO people (id, name, status, level, state, office, crime_description, summary, still_in_office, offense_year, conviction_year, event_date) VALUES ('dustin-spillers', 'Dustin Spillers', 'charged', 'adjacent', 'GA', 'Pastor', 'Child Molestation', 'Dustin Spillers was the PTA president as well as the youth pastor at the conservative Abba''s House church. He was involved in youth programs at two churches.', NULL, NULL, NULL, NULL);
INSERT INTO crime_types (person_id, crime_type) VALUES ('dustin-spillers', 'child-molestation');
INSERT INTO sources (person_id, url) VALUES ('dustin-spillers', 'https://goppredators.wordpress.com/2023/05/28/984-dustin-spillers/');
INSERT INTO sources (person_id, url) VALUES ('dustin-spillers', 'https://theheartofabba.com/2016/12/01/ready-fire-aim/');
INSERT INTO sources (person_id, url) VALUES ('dustin-spillers', 'https://www.local3news.com/former-pta-president-with-ties-to-local-churches-charged-for-child-molestation-and-sexual-battery/article_5a003d3a-96e9-11ed-973a-eb51e8e5cb81.html');
INSERT INTO sources (person_id, url) VALUES ('dustin-spillers', 'https://foxchattanooga.com/news/local/former-volunteer-youth-pastor-at-abbas-house-in-hixson-charged-with-child-molestation-aggravated-sexual-battery-troup-county-la-grange-dustin-spillers');
INSERT OR REPLACE INTO people (id, name, status, level, state, office, crime_description, summary, still_in_office, offense_year, conviction_year, event_date) VALUES ('brian-stout', 'Brian Stout', 'alleged', 'state', 'OR', '', 'Sexual Assault', 'Brian Stout is a Republican Representative in the Oregon House. He ran for District 31 in 2018 and 2020 but lost to Democrat Brad Witt.', NULL, NULL, NULL, NULL);
INSERT INTO crime_types (person_id, crime_type) VALUES ('brian-stout', 'assault');
INSERT INTO sources (person_id, url) VALUES ('brian-stout', 'https://goppredators.wordpress.com/2023/05/28/983-brian-stout/');
INSERT INTO sources (person_id, url) VALUES ('brian-stout', 'https://www.wweek.com/news/state/2022/12/02/judge-grants-restraining-order-against-state-rep-elect-brian-stout-after-allegations-of-sexual-assault/');
INSERT INTO sources (person_id, url) VALUES ('brian-stout', 'https://www.wweek.com/news/state/2023/01/16/rep-brian-stout-removed-from-house-committees-as-sexual-abuse-protection-order-against-him-remains-in-place/');
INSERT INTO sources (person_id, url) VALUES ('brian-stout', 'https://www.koin.com/news/oregon/columbia-county-judge-says-stout-was-not-credible-in-restraining-order-hearing/');
INSERT OR REPLACE INTO people (id, name, status, level, state, office, crime_description, summary, still_in_office, offense_year, conviction_year, event_date) VALUES ('michael-patterson', 'Michael Patterson', 'convicted', 'local', 'CO', '', 'Sexual Misconduct, Sexual Contact without Consent', 'Michael Patterson was the City Manager of Florence, Colorado. He was arrested in November 2021 for four counts, including two counts of stalking-emotional distress, a Class 5 felony; sexual contact-no consent, a Class 1 misdemeanor; and providing alcohol to a minor, also a Class 1 misdemeanor.', NULL, NULL, 2023, '2022-10-20');
INSERT INTO crime_types (person_id, crime_type) VALUES ('michael-patterson', 'other');
INSERT INTO sources (person_id, url) VALUES ('michael-patterson', 'https://goppredators.wordpress.com/2023/05/28/982-michael-patterson/');
INSERT INTO sources (person_id, url) VALUES ('michael-patterson', 'https://www.koaa.com/news/covering-colorado/florence-hosts-special-election-to-replace-city-council-after-mass-resignation');
INSERT INTO sources (person_id, url) VALUES ('michael-patterson', 'https://www.denverpost.com/2021/11/16/breaking-news-former-florence-city-manager-mike-patterson-arrested-at-denver-international-airport/');
INSERT INTO sources (person_id, url) VALUES ('michael-patterson', 'https://www.fox21news.com/news/crime/no-jail-time-for-florence-city-manager-accused-of-sexual-assault/');
INSERT INTO sources (person_id, url) VALUES ('michael-patterson', 'https://krdo.com/news/local-news/top-stories/2023/01/12/former-florence-city-manager-at-center-of-sexual-harassment-scandal-sentenced-to-2-years-of-supervised-probation/');
INSERT INTO sources (person_id, url) VALUES ('michael-patterson', 'https://www.oregonlive.com/news/2008/12/former_redmond_city_manager_se.html');
INSERT INTO sources (person_id, url) VALUES ('michael-patterson', 'https://krdo.b-cdn.net/2022/02/RYVnz8pj-HILLVFLORENCE.pdf');
INSERT OR REPLACE INTO people (id, name, status, level, state, office, crime_description, summary, still_in_office, offense_year, conviction_year, event_date) VALUES ('aaron-mitchell', 'Aaron Mitchell', 'charged', 'adjacent', 'AZ', '', 'Child Sexual Assault', 'Aaron Mitchell was a Customs and Border Protection officer in Arizona when he was arrested in April 2022 for kidnapping and sexually assaulting a fifteen-year-old girl. According to the police, Mitchell approached a girl walking to school.', NULL, NULL, NULL, NULL);
INSERT INTO crime_types (person_id, crime_type) VALUES ('aaron-mitchell', 'assault');
INSERT INTO sources (person_id, url) VALUES ('aaron-mitchell', 'https://goppredators.wordpress.com/2023/05/28/981-aaron-mitchell/');
INSERT INTO sources (person_id, url) VALUES ('aaron-mitchell', 'https://www.nbcnews.com/news/us-news/former-cbp-agent-accused-sexually-assaulting-minor-was-caught-video-th-rcna60222');
INSERT INTO sources (person_id, url) VALUES ('aaron-mitchell', 'https://www.justice.gov/opa/pr/former-customs-and-border-protection-agent-indicted-federal-civil-rights-violation-sexually');
INSERT INTO sources (person_id, url) VALUES ('aaron-mitchell', 'https://www.justice.gov/crt/case-document/file/1551906/download');
INSERT OR REPLACE INTO people (id, name, status, level, state, office, crime_description, summary, still_in_office, offense_year, conviction_year, event_date) VALUES ('scott-yotka', 'Scott Yotka', 'convicted', 'local', 'FL', '', 'Child Sexual Abuse, CSAM Production', 'Scott Yotka was a Jacksonville, Florida, Sheriff''s Police Emergency Communications Officer when he arrested for producing and distributing child sexual abuse material. Of course that means he sexually abused children.', NULL, NULL, NULL, '2021-09-22');
INSERT INTO crime_types (person_id, crime_type) VALUES ('scott-yotka', 'csam');
INSERT INTO crime_types (person_id, crime_type) VALUES ('scott-yotka', 'assault');
INSERT INTO sources (person_id, url) VALUES ('scott-yotka', 'https://goppredators.wordpress.com/2023/05/28/980-scott-yotka/');
INSERT INTO sources (person_id, url) VALUES ('scott-yotka', 'https://www.justice.gov/usao-mdfl/pr/former-jacksonville-sheriff-s-office-emergency-dispatcher-sentenced-60-years-federal');
INSERT INTO sources (person_id, url) VALUES ('scott-yotka', 'https://www.courtlistener.com/docket/67414749/20/united-states-v-scott-yotka/');
INSERT OR REPLACE INTO people (id, name, status, level, state, office, crime_description, summary, still_in_office, offense_year, conviction_year, event_date) VALUES ('rafael-cuevas', 'Rafael Cuevas', 'convicted', 'adjacent', 'FL', 'Pastor', 'Child Molestation, Rape', 'Rafael Cuevas was the pastor of Temple of Prayer Assembly of God church, a church his father built with his own hands. In 2021, he was arrested and charged with sexually abusing a child under the age of twelve from 2017 to 2020.', NULL, NULL, NULL, '2021-04-18');
INSERT INTO crime_types (person_id, crime_type) VALUES ('rafael-cuevas', 'rape');
INSERT INTO crime_types (person_id, crime_type) VALUES ('rafael-cuevas', 'child-molestation');
INSERT INTO sources (person_id, url) VALUES ('rafael-cuevas', 'https://goppredators.wordpress.com/2023/05/28/979-rafael-cuevas/');
INSERT INTO sources (person_id, url) VALUES ('rafael-cuevas', 'https://www.firstcoastnews.com/article/news/crime/jacksonville-pastor-sentenced-for-sex-crimes-with-minor/77-cb99e078-0079-4e2f-ab13-d0e64828e732');
INSERT INTO sources (person_id, url) VALUES ('rafael-cuevas', 'https://brucegerencser.net/2023/01/black-collar-crime-evangelical-pastor-rafael-cuevas-sentenced-to-twenty-years-in-prison-for-rape/');
INSERT INTO sources (person_id, url) VALUES ('rafael-cuevas', 'https://brucegerencser.net/author/neymanite-2-2-2-2-2-2-2-2-2-2-2-2-2-2-2-2-2-2-2--2/');
INSERT OR REPLACE INTO people (id, name, status, level, state, office, crime_description, summary, still_in_office, offense_year, conviction_year, event_date) VALUES ('joseph-kade-abbott', 'Joseph Kade Abbott', 'convicted', 'adjacent', 'TN', 'Teacher', 'Sexual Battery of Child', 'Joseph Kade Abbott was a teacher at the Apostolic Christian Academy in Maryville, Tennessee. Apostolic Christian Academy is a private Christian school.', NULL, NULL, NULL, '2023-07-07');
INSERT INTO crime_types (person_id, crime_type) VALUES ('joseph-kade-abbott', 'rape');
INSERT INTO crime_types (person_id, crime_type) VALUES ('joseph-kade-abbott', 'assault');
INSERT INTO sources (person_id, url) VALUES ('joseph-kade-abbott', 'https://goppredators.wordpress.com/2023/05/28/978-joseph-kade-abbott/');
INSERT INTO sources (person_id, url) VALUES ('joseph-kade-abbott', 'https://acamaryville.org/wp-content/uploads/2023/05/Updated-Handbook-2023-2024_no-daycare.pdf');
INSERT INTO sources (person_id, url) VALUES ('joseph-kade-abbott', 'https://www.knoxnews.com/story/news/crime/2023/01/12/former-teacher-maryville-apostolic-christian-academy-accused-sexual-abuse/69796642007/');
INSERT INTO sources (person_id, url) VALUES ('joseph-kade-abbott', 'https://www.knoxnews.com/story/news/crime/2023/03/17/former-maryville-apostolic-teacher-facing-new-sexual-abuse-charges/69955085007/');
INSERT INTO sources (person_id, url) VALUES ('joseph-kade-abbott', 'https://www.knoxnews.com/story/news/crime/2024/03/19/former-maryville-apostolic-teacher-joseph-kade-abbott-to-plead-guilty-to-sexual-abuse-charges/73014809007/');
INSERT INTO sources (person_id, url) VALUES ('joseph-kade-abbott', 'https://www.knoxnews.com/story/news/crime/2024/10/30/maryville-apostolic-teacher-sentenced-to-prison-in-student-sex-assault/73640634007/');
INSERT OR REPLACE INTO people (id, name, status, level, state, office, crime_description, summary, still_in_office, offense_year, conviction_year, event_date) VALUES ('garrett-biggerstaff', 'Garrett Biggerstaff', 'convicted', 'local', 'IL', 'Pastor', 'Grooming', 'Garrett Biggerstaff Garrett Biggerstaff was the pastor of Pleasant Grove Missionary Baptist Church in Fairfield and a Trump supporter. He is also charged with grooming children.', NULL, NULL, NULL, '2023-06-06');
INSERT INTO crime_types (person_id, crime_type) VALUES ('garrett-biggerstaff', 'grooming');
INSERT INTO sources (person_id, url) VALUES ('garrett-biggerstaff', 'https://goppredators.wordpress.com/2023/05/28/977-garrett-biggerstaff/');
INSERT INTO sources (person_id, url) VALUES ('garrett-biggerstaff', 'https://www.kfvs12.com/2023/01/05/man-arrested-jefferson-county-grooming-children/');
INSERT INTO sources (person_id, url) VALUES ('garrett-biggerstaff', 'https://www.morningsentinel.com/news/mt_vernon/trial-dates-set-in-biggerstaff-grooming-case/article_63182522-c150-5108-96fe-8dbed7990991.html');
INSERT INTO sources (person_id, url) VALUES ('garrett-biggerstaff', 'https://www.wmix94.com/2023/09/11/former-pastor-athletic-director-pleads-guilty-in-child-grooming-case/');
INSERT INTO sources (person_id, url) VALUES ('garrett-biggerstaff', 'https://www.morningsentinel.com/news/mt_vernon/biggerstaff-sentenced-to-three-years-in-grooming-case/article_a3a3d55d-d74d-5d2f-8cf2-fdfa20c87214.html');
INSERT OR REPLACE INTO people (id, name, status, level, state, office, crime_description, summary, still_in_office, offense_year, conviction_year, event_date) VALUES ('john-rose', 'John Rose', 'alleged', 'federal', 'TN', 'U.S. Congressman', 'Grooming', 'John Rose is a Tennessee Congressman who has, so far as is known, not broken any laws, however, since he decided to join in the persecution of LGBTIQA people and call them groomers, it is only fair to consider his grooming of his own wife. He opposed the confirmation of Ketanji Brown Jackson, critic', NULL, NULL, NULL, '2011-01-02');
INSERT INTO crime_types (person_id, crime_type) VALUES ('john-rose', 'grooming');
INSERT INTO sources (person_id, url) VALUES ('john-rose', 'https://goppredators.wordpress.com/2023/05/27/976-john-rose/');
INSERT INTO sources (person_id, url) VALUES ('john-rose', 'https://prospect.org/politics/how-republican-rep-john-rose-found-his-wife/');
INSERT INTO sources (person_id, url) VALUES ('john-rose', 'https://thenetline.com/john-rose-wife/');
INSERT INTO sources (person_id, url) VALUES ('john-rose', 'https://www.lgbtqnation.com/2022/04/gop-congressman-married-teen-girl-accused-ketanji-jackson-lenient-pedophiles/?');
INSERT OR REPLACE INTO people (id, name, status, level, state, office, crime_description, summary, still_in_office, offense_year, conviction_year, event_date) VALUES ('barry-s-edwards', 'Barry S. Edwards', 'alleged', 'adjacent', 'FL', '', 'Sexual Abuse, Coercion', 'Barry S. Edwards was a Florida State University professor when he organized a fundraiser for Giuliani''s presidential run.', NULL, NULL, NULL, '2007-09-01');
INSERT INTO crime_types (person_id, crime_type) VALUES ('barry-s-edwards', 'assault');
INSERT INTO sources (person_id, url) VALUES ('barry-s-edwards', 'https://goppredators.wordpress.com/2023/05/27/975-barry-s-edwards/');
INSERT INTO sources (person_id, url) VALUES ('barry-s-edwards', 'https://www.huffpost.com/entry/giuliani-event-aide-quits_n_62755');
INSERT INTO sources (person_id, url) VALUES ('barry-s-edwards', 'https://floridapolitics.com/archives/313558-the-redemption-of-barry-edwards/');
INSERT INTO sources (person_id, url) VALUES ('barry-s-edwards', 'https://miamiherald.typepad.com/nakedpolitics/files/Extortion.pdf');
INSERT OR REPLACE INTO people (id, name, status, level, state, office, crime_description, summary, still_in_office, offense_year, conviction_year, event_date) VALUES ('matt-schlapp', 'Matt Schlapp', 'alleged', 'adjacent', 'KS', '', 'Sexual Battery', 'Matt Schlapp is the Chair of the American Conservative Union that hosts the CPAC conference. He also chairs the political action committee.', NULL, NULL, NULL, '2023-04-11');
INSERT INTO crime_types (person_id, crime_type) VALUES ('matt-schlapp', 'rape');
INSERT INTO crime_types (person_id, crime_type) VALUES ('matt-schlapp', 'assault');
INSERT INTO sources (person_id, url) VALUES ('matt-schlapp', 'https://goppredators.wordpress.com/2023/05/27/974-matt-schlapp/');
INSERT INTO sources (person_id, url) VALUES ('matt-schlapp', 'https://www.cnn.com/2023/01/17/politics/matt-schlapp-sexual-battery-mercedes-schlapp-defamation-lawsuit/index.html');
INSERT INTO sources (person_id, url) VALUES ('matt-schlapp', 'https://www.washingtonpost.com/politics/2023/02/28/matt-schlapp-cpac-assault-claim-leadership/');
INSERT INTO sources (person_id, url) VALUES ('matt-schlapp', 'https://www.losangelesblade.com/2023/01/12/texts-corroborate-sexual-assault-allegations-against-matt-schlapp/');
INSERT OR REPLACE INTO people (id, name, status, level, state, office, crime_description, summary, still_in_office, offense_year, conviction_year, event_date) VALUES ('rudy-giuliani', 'Rudy Giuliani', 'alleged', 'state', 'NY', 'Mayor', 'Sexual Abuse, Harassment', 'Rudy Giuliani Rudy Giuliani has been an Associate Attorney General, US Attorney, New York City Mayor, he ran for U.S. Senate and was a presidential candidate for the Republican party.', NULL, NULL, NULL, NULL);
INSERT INTO crime_types (person_id, crime_type) VALUES ('rudy-giuliani', 'assault');
INSERT INTO crime_types (person_id, crime_type) VALUES ('rudy-giuliani', 'harassment');
INSERT INTO sources (person_id, url) VALUES ('rudy-giuliani', 'https://goppredators.wordpress.com/2023/05/27/973-rudy-giuliani/');
INSERT INTO sources (person_id, url) VALUES ('rudy-giuliani', 'https://www.youtube.com/watch?v=yhGAwMxAOpM');
INSERT INTO sources (person_id, url) VALUES ('rudy-giuliani', 'https://www.bbc.com/news/world-us-canada-65606131');
INSERT INTO sources (person_id, url) VALUES ('rudy-giuliani', 'https://www.thedailybeast.com/noelle-dunphy-files-sexual-harassment-claim-against-rudy-giuliani?ref=home');
INSERT INTO sources (person_id, url) VALUES ('rudy-giuliani', 'https://en.wikipedia.org/wiki/Rudy_Giuliani');
INSERT INTO sources (person_id, url) VALUES ('rudy-giuliani', 'https://www.documentcloud.org/documents/23813714-650033_2023_noelle_dunphy_v_rudolph_w_giuliani_et_al_complaint_10');
INSERT INTO sources (person_id, url) VALUES ('rudy-giuliani', 'https://www.theguardian.com/us-news/2023/sep/20/rudy-giuliani-grope-cassidy-hutchinson-claim-january-6-trump-aide');
INSERT OR REPLACE INTO people (id, name, status, level, state, office, crime_description, summary, still_in_office, offense_year, conviction_year, event_date) VALUES ('tristan-tate', 'Tristan Tate', 'convicted', 'adjacent', 'DC', 'Media/Influencer', 'Rape, Trafficking', 'Tristan Tate, along with his more well-known brother Andrew Tate, is a kickboxer turned social media influencer who pushes rightwing extremism. A dual citizen of the United Kingdom and the United States.', NULL, NULL, NULL, '2023-04-11');
INSERT INTO crime_types (person_id, crime_type) VALUES ('tristan-tate', 'rape');
INSERT INTO crime_types (person_id, crime_type) VALUES ('tristan-tate', 'trafficking');
INSERT INTO sources (person_id, url) VALUES ('tristan-tate', 'https://goppredators.wordpress.com/2023/05/26/972-tristan-tate/');
INSERT INTO sources (person_id, url) VALUES ('tristan-tate', 'https://www.sportskeeda.com/esports/news-who-tristan-tate-exploring-life-andrew-tate-s-brother-duo-get-arrested-romania');
INSERT INTO sources (person_id, url) VALUES ('tristan-tate', 'https://www.buzzfeednews.com/article/mateirosca/andrew-tate-romania-sex-trafficking');
INSERT INTO sources (person_id, url) VALUES ('tristan-tate', 'https://www.cnn.com/2022/12/30/europe/andrew-tate-detained-romania-human-trafficking-intl-hnk/index.html');
INSERT INTO sources (person_id, url) VALUES ('tristan-tate', 'https://www.reuters.com/world/europe/romania-court-extends-detention-andrew-tate-pending-trafficking-probe-2023-03-22/');
INSERT OR REPLACE INTO people (id, name, status, level, state, office, crime_description, summary, still_in_office, offense_year, conviction_year, event_date) VALUES ('michael-brisky', 'Michael Brisky', 'alleged', 'state', 'NY', '', 'Sexual Harassment', 'Michael Brisky was a Republican election commissioner in Cattaraugus County, New York. Now he is the Majority Leader of the Cattaraugus County Legislature.', NULL, NULL, NULL, '2019-05-09');
INSERT INTO crime_types (person_id, crime_type) VALUES ('michael-brisky', 'harassment');
INSERT INTO sources (person_id, url) VALUES ('michael-brisky', 'https://goppredators.wordpress.com/2023/05/26/971-michael-brisky/');
INSERT INTO sources (person_id, url) VALUES ('michael-brisky', 'https://www.oleantimesherald.com/olean/cattaraugus-county-lawmakers-refer-misconduct-probe-of-two-former-officials-to-state-attorney-general/article_ca322b70-c00e-5d7b-9b4e-d86304047595.html');
INSERT INTO sources (person_id, url) VALUES ('michael-brisky', 'https://www.bradfordera.com/news/ny-lawmakers-refer-probe-of-two-to-state-ag/article_48bd8bfd-368e-52df-82b4-5dff68e59af6.html');
INSERT OR REPLACE INTO people (id, name, status, level, state, office, crime_description, summary, still_in_office, offense_year, conviction_year, event_date) VALUES ('dean-alan-smith', 'Dean Alan Smith', 'charged', 'adjacent', 'MT', 'Pastor', 'Child Molestation', 'Dean Alan Smith was the pastor at Morning Star Baptist Church on the Northern Cheyenne Reservation in Montana. In December 2022, he was arrested for the sexual abuse of four girls, three of them under age twelve between 2017 and 2019.', NULL, NULL, NULL, '2022-12-21');
INSERT INTO crime_types (person_id, crime_type) VALUES ('dean-alan-smith', 'child-molestation');
INSERT INTO sources (person_id, url) VALUES ('dean-alan-smith', 'https://goppredators.wordpress.com/2023/05/26/970-dean-alan-smith/');
INSERT INTO sources (person_id, url) VALUES ('dean-alan-smith', 'https://www.ktvq.com/news/crime-watch/lame-deer-pastor-charged-with-sexual-abuse-of-children');
INSERT INTO sources (person_id, url) VALUES ('dean-alan-smith', 'https://www.nativesunnews.today/articles/montana-pastor-on-northern-cheyenne-reservation-charged-with-sexually-abusing-four-girls/');
INSERT INTO sources (person_id, url) VALUES ('dean-alan-smith', 'https://www.justice.gov/usao-mt/pr/lame-deer-pastor-arraigned-sexual-abuse-charges');
INSERT OR REPLACE INTO people (id, name, status, level, state, office, crime_description, summary, still_in_office, offense_year, conviction_year, event_date) VALUES ('robert-morris', 'Robert Morris', 'convicted', 'adjacent', 'VA', '', 'Child Sexual Abuse Material', 'Robert Morris was the Assistant Dean of Wave Leadership College , a Christian college for pastors that closed in 2022. WLC was so conservative it partnered with Choices Pregnancy Center, a fake clinic.', NULL, NULL, NULL, '2022-12-18');
INSERT INTO crime_types (person_id, crime_type) VALUES ('robert-morris', 'csam');
INSERT INTO crime_types (person_id, crime_type) VALUES ('robert-morris', 'assault');
INSERT INTO sources (person_id, url) VALUES ('robert-morris', 'https://goppredators.wordpress.com/2023/05/26/969-robert-morris/');
INSERT INTO sources (person_id, url) VALUES ('robert-morris', 'https://dailyvoice.com/virginia/loudoun/news/infant-porn-lands-va-college-dean-former-us-navy-member-in-prison-feds/852174/');
INSERT INTO sources (person_id, url) VALUES ('robert-morris', 'https://www.justice.gov/usao-edva/pr/assistant-dean-students-local-college-sentenced-child-pornography');
INSERT INTO sources (person_id, url) VALUES ('robert-morris', 'https://ministrywatch.com/man-associated-with-former-wave-leadership-college-worker-sentenced-to-6-years-for-distributing-child-pornography/');
INSERT INTO sources (person_id, url) VALUES ('robert-morris', 'https://www.wric.com/news/crime/assistant-dean-of-virginia-christian-college-sentenced-to-6-years-on-child-pornography-charges/');
INSERT INTO sources (person_id, url) VALUES ('robert-morris', 'https://www.wavy.com/news/local-news/virginia-beach/man-arrested-after-police-find-over-500-files-of-child-porn-at-virginia-beach-home/?ipid=promo-link-block1');
INSERT INTO sources (person_id, url) VALUES ('robert-morris', 'https://www.wric.com/news/local-news/henrico-county/henrico-murder-suspect-arrested-after-barricading-himself-with-child-in-apartment-for-4-hours/?ipid=promo-link-block2');
INSERT OR REPLACE INTO people (id, name, status, level, state, office, crime_description, summary, still_in_office, offense_year, conviction_year, event_date) VALUES ('richard-dickie-braswell', 'Richard “Dickie” Braswell', 'convicted', 'local', 'NC', '', 'Child Indecency', 'Richard “Dickie” Braswell is on the Board of Commissioners for Johnston County, North Carolina, though unlike all the other commissioners, there is no "Learn more about the Commissioner" link for him. That may be because he has been indicted for indecent liberties with a child.', NULL, NULL, NULL, '2022-07-01');
INSERT INTO crime_types (person_id, crime_type) VALUES ('richard-dickie-braswell', 'other');
INSERT INTO sources (person_id, url) VALUES ('richard-dickie-braswell', 'https://goppredators.wordpress.com/2023/05/24/968-richard-dickie-braswell/');
INSERT INTO sources (person_id, url) VALUES ('richard-dickie-braswell', 'https://portal-nc.tylertech.cloud/app/RegisterOfActions/#/07DAB4EDF9CC63BC75D7183C340B341613B9C9A7C5103C01E93D740EED5E951F/anon/portalembed');
INSERT INTO sources (person_id, url) VALUES ('richard-dickie-braswell', 'https://restorationnewsmedia.com/articles/wilsontimes/johnston-commissioner-charged-after-inappropriate-interaction-with-teen/');
INSERT INTO sources (person_id, url) VALUES ('richard-dickie-braswell', 'https://jocoreport.com/johnston-county-commissioner-indicted-on-indecent-liberties-charge/');
INSERT INTO sources (person_id, url) VALUES ('richard-dickie-braswell', 'https://www.wral.com/story/johnston-county-commissioner-sentenced-to-prison-for-sex-crimes/21661973/');
INSERT INTO sources (person_id, url) VALUES ('richard-dickie-braswell', 'https://www.newsobserver.com/news/local/article314403271.html');
INSERT OR REPLACE INTO people (id, name, status, level, state, office, crime_description, summary, still_in_office, offense_year, conviction_year, event_date) VALUES ('nick-provenzano', 'Nick Provenzano', 'charged', 'federal', 'IL', 'U.S. Congressman', 'Child Indecency', 'Nick Provenzano was Deputy District Director for Illinois Republican Congressman Randy Hultgren until he was fired after being arrested for criminal sexual assault with a minor, a 17-year-old boy whom he met on Grindr. The boy said he told Hultgren he was seventeen, but Hultgren claimed the boy said', NULL, NULL, NULL, '2018-03-22');
INSERT INTO crime_types (person_id, crime_type) VALUES ('nick-provenzano', 'other');
INSERT INTO sources (person_id, url) VALUES ('nick-provenzano', 'https://goppredators.wordpress.com/2023/05/24/967-nick-provenzano/');
INSERT INTO sources (person_id, url) VALUES ('nick-provenzano', 'https://www.politico.com/story/2018/03/19/hultgren-aide-fired-471883');
INSERT INTO sources (person_id, url) VALUES ('nick-provenzano', 'https://patch.com/illinois/crystallake/hultgren-fires-top-aide-after-sexual-encounter-teen-boy');
INSERT OR REPLACE INTO people (id, name, status, level, state, office, crime_description, summary, still_in_office, offense_year, conviction_year, event_date) VALUES ('mark-aaron-griffin', 'Mark Aaron Griffin', 'charged', 'local', 'TX', 'School Board Member', 'Rape', 'Mark Aaron Griffin was a Messianic Rabbi in Saginaw, Texas. Messianic Judaism is a syncretic form of evangelical Christianity that incorporates some elements of Judaism.', NULL, NULL, NULL, '2021-04-06');
INSERT INTO crime_types (person_id, crime_type) VALUES ('mark-aaron-griffin', 'rape');
INSERT INTO sources (person_id, url) VALUES ('mark-aaron-griffin', 'https://goppredators.wordpress.com/2023/05/22/966-mark-aaron-griffin/');
INSERT INTO sources (person_id, url) VALUES ('mark-aaron-griffin', 'https://forward.com/fast-forward/528188/texas-school-board-that-banned-anne-frank-book-invited-messianic-%D7%B3rabbi-charged-with-sexual-assault-to-open-meeting-with-prayer/?utm_source=Iterable&amp;utm_medium');
INSERT INTO sources (person_id, url) VALUES ('mark-aaron-griffin', 'https://www.nbcdfw.com/news/local/north-texas-rabbi-accused-of-sexual-assault-in-synagogue/2597431/');
INSERT INTO sources (person_id, url) VALUES ('mark-aaron-griffin', 'https://www.star-telegram.com/news/local/crime/article250451561.html');
INSERT INTO sources (person_id, url) VALUES ('mark-aaron-griffin', 'https://www.jpost.com/diaspora/antisemitism/article-724825');
INSERT OR REPLACE INTO people (id, name, status, level, state, office, crime_description, summary, still_in_office, offense_year, conviction_year, event_date) VALUES ('christopher-haenel', 'Christopher Haenel', 'convicted', 'local', 'CO', 'Sheriff Deputy', 'Child Sexual Abuse Material', 'Christopher Haenel was a deputy sheriff in Adams County. In 2022, he pleaded guilty to accessing child sexual abuse material.', NULL, NULL, 2022, '2022-11-15');
INSERT INTO crime_types (person_id, crime_type) VALUES ('christopher-haenel', 'csam');
INSERT INTO crime_types (person_id, crime_type) VALUES ('christopher-haenel', 'assault');
INSERT INTO sources (person_id, url) VALUES ('christopher-haenel', 'https://goppredators.wordpress.com/2023/05/22/965-christopher-haenel/');
INSERT INTO sources (person_id, url) VALUES ('christopher-haenel', 'https://www.cbsnews.com/colorado/news/former-adams-county-deputy-sentenced-child-pornography-christopher-mark-haenel/');
INSERT INTO sources (person_id, url) VALUES ('christopher-haenel', 'https://www.denverpost.com/2022/11/14/adams-county-sheriffs-deputy-prison-child-pornography/');
INSERT INTO sources (person_id, url) VALUES ('christopher-haenel', 'https://www.cbsnews.com/colorado/');
INSERT OR REPLACE INTO people (id, name, status, level, state, office, crime_description, summary, still_in_office, offense_year, conviction_year, event_date) VALUES ('gordon-grabau', 'Gordon Grabau', 'convicted', 'local', 'IA', '', 'Child Sexual Abuse Material', 'Gordon Grabau was a Special Deputy Sheriff in Linn County, Iowa. In July, 2022, he was arrested for possession of child sexual abuse material.', NULL, NULL, 2023, '2022-10-19');
INSERT INTO crime_types (person_id, crime_type) VALUES ('gordon-grabau', 'csam');
INSERT INTO crime_types (person_id, crime_type) VALUES ('gordon-grabau', 'assault');
INSERT INTO sources (person_id, url) VALUES ('gordon-grabau', 'https://goppredators.wordpress.com/2023/05/22/964-gordon-grabau/');
INSERT INTO sources (person_id, url) VALUES ('gordon-grabau', 'https://www.kcrg.com/2022/07/07/former-linn-county-special-deputy-sheriff-arrested-federal-child-pornography-charge/');
INSERT INTO sources (person_id, url) VALUES ('gordon-grabau', 'https://www.justice.gov/usao-ndia/pr/marion-man-pleads-guilty-receiving-child-pornography');
INSERT INTO sources (person_id, url) VALUES ('gordon-grabau', 'https://www.thegazette.com/crime-courts/former-linn-county-reserve-deputy-sheriff-sentenced-to-12-years-for-child-porn/');
INSERT OR REPLACE INTO people (id, name, status, level, state, office, crime_description, summary, still_in_office, offense_year, conviction_year, event_date) VALUES ('richard-j-corkery', 'Richard J. Corkery', 'convicted', 'local', 'PA', 'Mayor', 'Child Sexual Abuse Material', 'Richard J. Corkery was the Republican mayor of Coaldale, Pennsylvania.', NULL, NULL, NULL, '2011-07-15');
INSERT INTO crime_types (person_id, crime_type) VALUES ('richard-j-corkery', 'csam');
INSERT INTO crime_types (person_id, crime_type) VALUES ('richard-j-corkery', 'assault');
INSERT INTO sources (person_id, url) VALUES ('richard-j-corkery', 'https://goppredators.wordpress.com/2023/05/22/963-richard-j-corkery/');
INSERT INTO sources (person_id, url) VALUES ('richard-j-corkery', 'https://www.tnonline.com/20181025/former-coaldale-mayor-back-in-jail-for-violating-probation/');
INSERT INTO sources (person_id, url) VALUES ('richard-j-corkery', 'https://www.republicanherald.com/news/ex-coaldale-mayor-corkery-convicted-of-27-child-porn-charges/article_e43452a1-e3f4-5c66-8d89-06e1bee90ed9.html');
INSERT OR REPLACE INTO people (id, name, status, level, state, office, crime_description, summary, still_in_office, offense_year, conviction_year, event_date) VALUES ('john-michael-mann', 'John Michael Mann', 'convicted', 'state', 'OR', 'Judge', 'Child Sexual Abuse Material', 'John Michael Mann was the Oregon Chief Administrative Law Judge who supervised the sixty judges who would decide cases between citizens and regulatory agencies. He was charged with encouraging child sex abuse which is what Oregon charges people who receive or possess child sexual abuse material.', NULL, NULL, 2023, '2022-05-09');
INSERT INTO crime_types (person_id, crime_type) VALUES ('john-michael-mann', 'csam');
INSERT INTO crime_types (person_id, crime_type) VALUES ('john-michael-mann', 'assault');
INSERT INTO sources (person_id, url) VALUES ('john-michael-mann', 'https://goppredators.wordpress.com/2023/05/22/962-john-michael-mann/');
INSERT INTO sources (person_id, url) VALUES ('john-michael-mann', 'https://apnews.com/article/oregon-child-pornography-crime-arrests-sexual-abuse-617da0481e245cb33e14a9cb7035b05e');
INSERT INTO sources (person_id, url) VALUES ('john-michael-mann', 'https://www.oregonlive.com/washingtoncounty/2022/05/state-judge-facing-child-pornography-allegations-to-be-released-while-awaiting-trial.html');
INSERT INTO sources (person_id, url) VALUES ('john-michael-mann', 'https://stephanievolin.medium.com/oregon-former-judge-john-mann-sentenced-to-imprisonment-for-child-porn-2c79624e6408');
INSERT OR REPLACE INTO people (id, name, status, level, state, office, crime_description, summary, still_in_office, offense_year, conviction_year, event_date) VALUES ('william-ray-pruitt', 'William Ray Pruitt', 'charged', 'state', 'FL', '', 'Sexual Battery, Child Molestation, Stalking', 'William Ray Pruitt was the police chief of Center Hill, Florida, for about 18 months in the late 90s. It was controversial .', NULL, NULL, NULL, '2022-12-15');
INSERT INTO crime_types (person_id, crime_type) VALUES ('william-ray-pruitt', 'rape');
INSERT INTO crime_types (person_id, crime_type) VALUES ('william-ray-pruitt', 'child-molestation');
INSERT INTO crime_types (person_id, crime_type) VALUES ('william-ray-pruitt', 'assault');
INSERT INTO crime_types (person_id, crime_type) VALUES ('william-ray-pruitt', 'stalking');
INSERT INTO sources (person_id, url) VALUES ('william-ray-pruitt', 'https://goppredators.wordpress.com/2023/05/22/961-william-ray-pruitt/');
INSERT INTO sources (person_id, url) VALUES ('william-ray-pruitt', 'https://www.thevillagesdailysun.com/news/local/pruitt-s-tenure-as-center-hill-police-chief-marked-by-controversy/article_974ff705-4979-59dc-b462-c424b3d2140a.html');
INSERT INTO sources (person_id, url) VALUES ('william-ray-pruitt', 'https://lawandcrime.com/crime/ex-police-chief-accused-of-raping-14-year-old-at-gunpoint-now-faces-aggravated-stalking-charge-against-same-victim/');
INSERT INTO sources (person_id, url) VALUES ('william-ray-pruitt', 'https://www.wesh.com/article/former-central-florida-police-chief-stalked-teenaged-girl/42535750');
INSERT OR REPLACE INTO people (id, name, status, level, state, office, crime_description, summary, still_in_office, offense_year, conviction_year, event_date) VALUES ('george-alexander-diaz-menges', 'George Alexander Diaz Menges', 'charged', 'adjacent', 'FL', '', 'Sexual Battery, Kidnapping', 'George Alexander Diaz Menges was a campaign worker for Manual Asensio, who dropped out just before the for Congressional District Three Republican primary. He was arrested in December 2022 and charged with four counts of sexual battery, two counts of aggravated battery, eight counts of battery and a', NULL, NULL, NULL, '2022-12-06');
INSERT INTO crime_types (person_id, crime_type) VALUES ('george-alexander-diaz-menges', 'rape');
INSERT INTO crime_types (person_id, crime_type) VALUES ('george-alexander-diaz-menges', 'assault');
INSERT INTO sources (person_id, url) VALUES ('george-alexander-diaz-menges', 'https://goppredators.wordpress.com/2023/05/22/960-george-alexander-diaz-menges/');
INSERT INTO sources (person_id, url) VALUES ('george-alexander-diaz-menges', 'https://www.gainesville.com/story/news/crime/2022/12/05/former-campaign-worker-for-gop-candidate-charged-with-sexual-battery/69702876007/');
INSERT INTO sources (person_id, url) VALUES ('george-alexander-diaz-menges', 'https://alachuachronicle.com/gainesville-man-arrested-on-multiple-rape-battery-and-kidnapping-charges/');
INSERT OR REPLACE INTO people (id, name, status, level, state, office, crime_description, summary, still_in_office, offense_year, conviction_year, event_date) VALUES ('santiago-jimmy-morales-jr', 'Santiago “Jimmy” Morales Jr.', 'charged', 'adjacent', 'TX', '', 'Child Molestation', 'Santiago “Jimmy” Morales Jr. worked at San Marcos Baptist Academy, a boarding school for Baptist children.', NULL, NULL, NULL, '2004-01-31');
INSERT INTO crime_types (person_id, crime_type) VALUES ('santiago-jimmy-morales-jr', 'child-molestation');
INSERT INTO sources (person_id, url) VALUES ('santiago-jimmy-morales-jr', 'https://goppredators.wordpress.com/2023/05/22/959-santiago-jimmy-morales-jr/');
INSERT INTO sources (person_id, url) VALUES ('santiago-jimmy-morales-jr', 'https://baptistnews.com/article/academy-employee-charged-with-molesting-student/');
INSERT INTO sources (person_id, url) VALUES ('santiago-jimmy-morales-jr', 'https://www.baptiststandard.com/archives/2004-archives/former-san-marcos-baptist-academy-staffer-charged-with-molesting-17-year-old-student22304/');
INSERT OR REPLACE INTO people (id, name, status, level, state, office, crime_description, summary, still_in_office, offense_year, conviction_year, event_date) VALUES ('bradley-wayne-dixon', 'Bradley Wayne Dixon', 'convicted', 'adjacent', 'TX', '', 'Child Molestation', 'Bradley Wayne Dixon was the dorm director at San Marcos Baptist Academy. In 2019, he was convicted of sexually abusing students.', NULL, NULL, 2000, '2001-08-01');
INSERT INTO crime_types (person_id, crime_type) VALUES ('bradley-wayne-dixon', 'child-molestation');
INSERT INTO sources (person_id, url) VALUES ('bradley-wayne-dixon', 'https://goppredators.wordpress.com/2023/05/22/958-bradley-wayne-dixon/');
INSERT INTO sources (person_id, url) VALUES ('bradley-wayne-dixon', 'https://www.chron.com/news/nation-world/article/Dorm-director-found-guilty-of-assaulting-students-13552070.php');
INSERT INTO sources (person_id, url) VALUES ('bradley-wayne-dixon', 'https://law.justia.com/cases/texas/third-court-of-appeals/2002/11204.html');
INSERT OR REPLACE INTO people (id, name, status, level, state, office, crime_description, summary, still_in_office, offense_year, conviction_year, event_date) VALUES ('shane-flournoy', 'Shane Flournoy', 'convicted', 'adjacent', 'TX', 'Pastor', 'Child Molestation', 'Shane Flournoy was a dorm supervisor at the Texas School for the Deaf. He was arrested for sexually abusing a 15-year-old student.', NULL, NULL, NULL, '2008-05-13');
INSERT INTO crime_types (person_id, crime_type) VALUES ('shane-flournoy', 'child-molestation');
INSERT INTO sources (person_id, url) VALUES ('shane-flournoy', 'https://goppredators.wordpress.com/2023/05/22/957-shane-flournoy/');
INSERT INTO sources (person_id, url) VALUES ('shane-flournoy', 'https://www.chron.com/news/article/Texas-School-for-the-Deaf-worker-arrested-on-sex-8467097.php');
INSERT INTO sources (person_id, url) VALUES ('shane-flournoy', 'https://www.bishop-accountability.org/news2008/05_06/2008_05_13_MyFoxAustin_FormerTSD.htm');
INSERT OR REPLACE INTO people (id, name, status, level, state, office, crime_description, summary, still_in_office, offense_year, conviction_year, event_date) VALUES ('jerry-dale-carver', 'Jerry Dale Carver', 'convicted', 'adjacent', 'TX', 'Pastor', 'Child Molestation', 'Jerry Dale Carver was the minister of education at an Austin, Texas, Baptist church. In 2006, he was arrested for sexually assaulting a 15-year-old child.', NULL, NULL, NULL, '2006-08-02');
INSERT INTO crime_types (person_id, crime_type) VALUES ('jerry-dale-carver', 'child-molestation');
INSERT INTO sources (person_id, url) VALUES ('jerry-dale-carver', 'https://goppredators.wordpress.com/2023/05/22/956-jerry-dale-carver/');
INSERT INTO sources (person_id, url) VALUES ('jerry-dale-carver', 'https://www.bishop-accountability.org/news2006/07_08/2006_08_01_News8_ChurchEmployee.htm');
INSERT INTO sources (person_id, url) VALUES ('jerry-dale-carver', 'https://www.myplainview.com/news/article/Church-minister-charged-with-assaulting-teenager-8621883.php');
INSERT INTO sources (person_id, url) VALUES ('jerry-dale-carver', 'https://goodfaithmedia.org/second-former-minister-from-austin-southern-baptist-church-convicted-of-molestation-cms-12049/');
INSERT OR REPLACE INTO people (id, name, status, level, state, office, crime_description, summary, still_in_office, offense_year, conviction_year, event_date) VALUES ('ruben-a-garcia', 'Ruben A. Garcia', 'convicted', 'adjacent', 'TX', 'Pastor', 'Sexual Assault/Soliciting a Minor', 'Ruben A. Garcia was an associate pastor at Betania Baptist Church in Austin, Texas.', NULL, NULL, NULL, '2017-06-13');
INSERT INTO crime_types (person_id, crime_type) VALUES ('ruben-a-garcia', 'assault');
INSERT INTO crime_types (person_id, crime_type) VALUES ('ruben-a-garcia', 'solicitation');
INSERT INTO sources (person_id, url) VALUES ('ruben-a-garcia', 'https://goppredators.wordpress.com/2023/05/22/955-ruben-a-garcia/');
INSERT INTO sources (person_id, url) VALUES ('ruben-a-garcia', 'https://en.wikipedia.org/wiki/Deferred_adjudication');
INSERT INTO sources (person_id, url) VALUES ('ruben-a-garcia', 'https://www.kxan.com/news/associate-pastor-of-east-austin-church-charged-with-sexual-assault-of-child/');
INSERT INTO sources (person_id, url) VALUES ('ruben-a-garcia', 'https://www.kvue.com/article/news/local/austin-pastor-takes-plea-deal-in-child-sex-assault-case-avoids-prison/269-597622258');
INSERT OR REPLACE INTO people (id, name, status, level, state, office, crime_description, summary, still_in_office, offense_year, conviction_year, event_date) VALUES ('lawrence-hopkins', 'Lawrence Hopkins', 'charged', 'adjacent', 'TX', 'Police Officer', 'Online Solicitation of Minor', 'Lawrence Hopkins was a pastor in Baytown, Texas. Before that he was a youth pastor.', NULL, NULL, NULL, NULL);
INSERT INTO crime_types (person_id, crime_type) VALUES ('lawrence-hopkins', 'solicitation');
INSERT INTO sources (person_id, url) VALUES ('lawrence-hopkins', 'https://goppredators.wordpress.com/2023/05/16/954-lawrence-hopkins/');
INSERT INTO sources (person_id, url) VALUES ('lawrence-hopkins', 'https://abc13.com/baytown-pastor-arrested-clayton-lawrence-hopkins-rollingbrook-fellowship-online-solicitation-minor/12028065/');
INSERT INTO sources (person_id, url) VALUES ('lawrence-hopkins', 'https://ministrywatch.com/former-houston-pastor-arrested-for-online-solicitation-of-a-minor/');
INSERT OR REPLACE INTO people (id, name, status, level, state, office, crime_description, summary, still_in_office, offense_year, conviction_year, event_date) VALUES ('david-pettigrew', 'David Pettigrew', 'convicted', 'adjacent', 'TX', 'Pastor', 'Child Sexual Abuse Material Production', 'David Pettigrew was a pastor and educator who abused the trust of parents and parishioners to get access to their children whom he secretly filmed to create child sex abuse material. He was sentenced to thirty years.', NULL, NULL, NULL, '2021-08-25');
INSERT INTO crime_types (person_id, crime_type) VALUES ('david-pettigrew', 'csam');
INSERT INTO crime_types (person_id, crime_type) VALUES ('david-pettigrew', 'assault');
INSERT INTO sources (person_id, url) VALUES ('david-pettigrew', 'https://goppredators.wordpress.com/2023/05/16/953-david-pettigrew/');
INSERT INTO sources (person_id, url) VALUES ('david-pettigrew', 'https://www.justice.gov/usao-edtx/pr/grayson-county-pastor-sentenced-30-years-federal-prison-child-pornography-violations');
INSERT INTO sources (person_id, url) VALUES ('david-pettigrew', 'https://www.cbsnews.com/texas/news/f-pastor-david-pettigrew-gets-30-years-child-pornography-violations/');
INSERT OR REPLACE INTO people (id, name, status, level, state, office, crime_description, summary, still_in_office, offense_year, conviction_year, event_date) VALUES ('william-c-robinson', 'William C. Robinson', 'charged', 'adjacent', 'TX', 'Pastor', 'Child Sexual Assault', 'William C. Robinson was a pastor working for Chi Alpha Campus Ministries in Corpus Christi.', NULL, NULL, NULL, NULL);
INSERT INTO crime_types (person_id, crime_type) VALUES ('william-c-robinson', 'assault');
INSERT INTO sources (person_id, url) VALUES ('william-c-robinson', 'https://goppredators.wordpress.com/2023/05/16/952-william-c-robinson/');
INSERT INTO sources (person_id, url) VALUES ('william-c-robinson', 'https://www.kristv.com/pastor-arrested-on-allegations-of-continuous-sexual-assault-of-a-minor');
INSERT INTO sources (person_id, url) VALUES ('william-c-robinson', 'https://www.joemygod.com/2022/07/texas-pastor-charged-with-sex-abuse-of-nine-year-old/');
INSERT INTO sources (person_id, url) VALUES ('william-c-robinson', 'https://portal-txnueces.tylertech.cloud/Portal/Home/WorkspaceMode?p=0');
INSERT OR REPLACE INTO people (id, name, status, level, state, office, crime_description, summary, still_in_office, offense_year, conviction_year, event_date) VALUES ('robert-shiflet', 'Robert Shiflet', 'convicted', 'adjacent', 'TX', 'Pastor', 'Child Sex Trafficking', 'Robert Shiflet was a youth pastor in Denton, Texas, and in Little Rock, Arkansas. He took groups of kids on camping trips, crossing state lines.', NULL, NULL, NULL, NULL);
INSERT INTO crime_types (person_id, crime_type) VALUES ('robert-shiflet', 'trafficking');
INSERT INTO sources (person_id, url) VALUES ('robert-shiflet', 'https://goppredators.wordpress.com/2023/05/16/951-robert-shiflet/');
INSERT INTO sources (person_id, url) VALUES ('robert-shiflet', 'https://dentonrc.com/news/ex-denton-youth-pastor-gets-less-than-minimum-sentence-due-to-miscalculation/article_0c11c259-6c4a-5b74-81ca-b9ef24e7a568.html');
INSERT INTO sources (person_id, url) VALUES ('robert-shiflet', 'https://www.arkansasonline.com/news/2021/jun/23/judge-dismayed-by-deal-gives-33-months-in-sex/');
INSERT OR REPLACE INTO people (id, name, status, level, state, office, crime_description, summary, still_in_office, offense_year, conviction_year, event_date) VALUES ('conner-jesse-penny', 'Conner Jesse Penny', 'alleged', 'adjacent', 'TX', 'Pastor', 'Child Sexual Assault', 'Conner ''Jesse'' Penny was the youth pastor at Inspiration Church in Mesquite, Texas. Before that he worked as an aide in after-school program run by the Mesquite school district and as an aide at an elementary school.', NULL, NULL, NULL, NULL);
INSERT INTO crime_types (person_id, crime_type) VALUES ('conner-jesse-penny', 'assault');
INSERT INTO sources (person_id, url) VALUES ('conner-jesse-penny', 'https://goppredators.wordpress.com/2023/05/16/950-conner-jesse-penny/');
INSERT INTO sources (person_id, url) VALUES ('conner-jesse-penny', 'https://ministrywatch.com/texas-youth-pastor-former-teachers-aide-confesses-to-sexual-abuse-of-children/');
INSERT INTO sources (person_id, url) VALUES ('conner-jesse-penny', 'https://www.dallasnews.com/news/crime/2022/04/12/youth-pastor-facing-child-sexual-assault-charges-was-employed-by-mesquite-isd/');
INSERT INTO sources (person_id, url) VALUES ('conner-jesse-penny', 'https://www.fox4news.com/news/mesquite-youth-pastor-former-teachers-aide-accused-of-sexually-assaulting-several-children');
INSERT INTO sources (person_id, url) VALUES ('conner-jesse-penny', 'https://www.dallascounty.org/criminalBackgroundSearch/searchByName');
INSERT OR REPLACE INTO people (id, name, status, level, state, office, crime_description, summary, still_in_office, offense_year, conviction_year, event_date) VALUES ('gary-don-welch', 'Gary Don Welch', 'convicted', 'adjacent', 'TX', 'Pastor', 'Child Sexual Assault', 'Gary Don Welch was a Baptist youth pastor at Northside Baptist Church in Corsicana, Texas. In 2012, he was arrested when a sixteen-year-old girl reported that he sexually assaulted her.', NULL, NULL, NULL, NULL);
INSERT INTO crime_types (person_id, crime_type) VALUES ('gary-don-welch', 'assault');
INSERT INTO sources (person_id, url) VALUES ('gary-don-welch', 'https://goppredators.wordpress.com/2023/05/16/949-gary-don-welch/');
INSERT INTO sources (person_id, url) VALUES ('gary-don-welch', 'https://www.wfaa.com/article/news/crime/corsicana-youth-minister-arrested-for-alleged-sexual-assualt/287-410301737');
INSERT INTO sources (person_id, url) VALUES ('gary-don-welch', 'https://www.corsicanadailysun.com/news/local_news/welch-pleas-gets-55-years/article_648c9a01-fbd3-5af3-a7f0-58864a0763e9.html');
INSERT OR REPLACE INTO people (id, name, status, level, state, office, crime_description, summary, still_in_office, offense_year, conviction_year, event_date) VALUES ('curtis-jene-smith', 'Curtis Jene Smith', 'convicted', 'adjacent', 'TX', '', 'Child Molestation', 'Curtis Jene Smith was the choir director and lead youth Bible study at Waco Baptist Church in 2005, when he molested as twelve-year-old boy. The church put him in this position even though he had a 1991 conviction for molesting two children and another conviction in 2002 for failing to register as a', NULL, NULL, NULL, NULL);
INSERT INTO crime_types (person_id, crime_type) VALUES ('curtis-jene-smith', 'child-molestation');
INSERT INTO sources (person_id, url) VALUES ('curtis-jene-smith', 'https://goppredators.wordpress.com/2023/05/14/948-curtis-jene-smith/');
INSERT INTO sources (person_id, url) VALUES ('curtis-jene-smith', 'https://justiceguardians.legalexaminer.com/legal/curtis-jene-smith-named-in-southern-baptist-convention-list-of-abusers/');
INSERT INTO sources (person_id, url) VALUES ('curtis-jene-smith', 'https://publicsite.dps.texas.gov/SexOffenderRegistry/Search/Rapsheet?Sid=04305632');
INSERT INTO sources (person_id, url) VALUES ('curtis-jene-smith', 'http://stopbaptistpredators.org/article/curtis_jene_smith.html');
INSERT OR REPLACE INTO people (id, name, status, level, state, office, crime_description, summary, still_in_office, offense_year, conviction_year, event_date) VALUES ('benjamin-nelson', 'Benjamin Nelson', 'convicted', 'adjacent', 'TX', 'Pastor', 'Child Molestation/Soliciting a Minor', 'Benjamin Nelson was the pastor of a small Baptist Church in Peoria, in Hill County, Texas. He was also a student at Baylor University, a private Baptist university.', NULL, NULL, NULL, '2022-05-29');
INSERT INTO crime_types (person_id, crime_type) VALUES ('benjamin-nelson', 'child-molestation');
INSERT INTO crime_types (person_id, crime_type) VALUES ('benjamin-nelson', 'solicitation');
INSERT INTO sources (person_id, url) VALUES ('benjamin-nelson', 'https://goppredators.wordpress.com/2023/05/13/947-benjamin-nelson/');
INSERT INTO sources (person_id, url) VALUES ('benjamin-nelson', 'https://www.kcentv.com/article/news/local/local-pastor-sentenced-to-20-years-for-sexual-assault-of-teen/500-515366885');
INSERT INTO sources (person_id, url) VALUES ('benjamin-nelson', 'https://brucegerencser.net/2017/03/black-collar-crime-baptist-pastor-benjamin-nelson-charged-sexual-assault-13-year-old/');
INSERT INTO sources (person_id, url) VALUES ('benjamin-nelson', 'https://brucegerencser.net/author/neymanite-2-2-2-2-2-2-2-2-2-2-2-2-2-2-2-2-2-2-2--2/');
INSERT OR REPLACE INTO people (id, name, status, level, state, office, crime_description, summary, still_in_office, offense_year, conviction_year, event_date) VALUES ('william-frank-brown', 'William Frank Brown', 'charged', 'adjacent', 'TX', 'Pastor', 'Child Molestation', 'William Frank Brown was the pastor at the Bellmead First Baptist Church in Waco, Texas. Before that he was the pastor of Panther Creek New Beginnings Baptist Church in Chandlerville, Illinois.', NULL, NULL, NULL, '2009-06-18');
INSERT INTO crime_types (person_id, crime_type) VALUES ('william-frank-brown', 'child-molestation');
INSERT INTO sources (person_id, url) VALUES ('william-frank-brown', 'https://goppredators.wordpress.com/2023/05/13/946-frank-brown/');
INSERT INTO sources (person_id, url) VALUES ('william-frank-brown', 'https://baptistnews.com/article/former-pastor-in-texas-illinois-gets-50-years-for-sexual-assault/');
INSERT INTO sources (person_id, url) VALUES ('william-frank-brown', 'https://web.archive.org/web/20160922224431/http://www.kxxv.com/Global/story.asp?S=11427114');
INSERT OR REPLACE INTO people (id, name, status, level, state, office, crime_description, summary, still_in_office, offense_year, conviction_year, event_date) VALUES ('sergio-david-bezerra', 'Sergio David Bezerra', 'convicted', 'adjacent', 'TX', 'Teacher', 'Child Molestation', 'Sergio David Bezerra was a piano teacher at Waco Baptist Academy in Texas. In 2014, he was charged with sexually abusing two nine-year-old students going back to 2007.', NULL, NULL, NULL, '2014-12-18');
INSERT INTO crime_types (person_id, crime_type) VALUES ('sergio-david-bezerra', 'child-molestation');
INSERT INTO sources (person_id, url) VALUES ('sergio-david-bezerra', 'https://goppredators.wordpress.com/2023/05/12/945-sergio-david-bezerra/');
INSERT INTO sources (person_id, url) VALUES ('sergio-david-bezerra', 'https://www.mysanantonio.com/news/local/article/Former-Texas-teacher-sentenced-to-80-years-for-5962976.php');
INSERT INTO sources (person_id, url) VALUES ('sergio-david-bezerra', 'https://caselaw.findlaw.com/court/tx-court-of-appeals/1723263.html');
INSERT INTO sources (person_id, url) VALUES ('sergio-david-bezerra', 'https://casetext.com/case/bezerra-v-lumpkin');
INSERT INTO sources (person_id, url) VALUES ('sergio-david-bezerra', 'https://www.bishop-accountability.org/news2014/11_12/2014_12_11_Messer_AllegedVictims.htm');
INSERT OR REPLACE INTO people (id, name, status, level, state, office, crime_description, summary, still_in_office, offense_year, conviction_year, event_date) VALUES ('brian-pounds', 'Brian Pounds', 'convicted', 'adjacent', 'TX', 'Pastor', 'Child Sexual Assault', 'Brian Pounds was a minister at First Assembly of God in Vernon, Texas. He was arrested in 2021 after the mother of a fifteen-year-old girl took her to the police where she reported that Pounds had been providing her with meth and sexually abusing her, including choking her one time.', NULL, NULL, 2021, '2021-12-11');
INSERT INTO crime_types (person_id, crime_type) VALUES ('brian-pounds', 'assault');
INSERT INTO sources (person_id, url) VALUES ('brian-pounds', 'https://goppredators.wordpress.com/2023/05/12/944-brian-pounds/');
INSERT INTO sources (person_id, url) VALUES ('brian-pounds', 'https://www.texomashomepage.com/uncategorized/brian-pounds-redacted-affidavit/');
INSERT INTO sources (person_id, url) VALUES ('brian-pounds', 'https://www.star-telegram.com/news/nation-world/national/article252907653.html');
INSERT INTO sources (person_id, url) VALUES ('brian-pounds', 'https://www.vernonrecord.com/2021/08/11/another-child-victim-comes-forward-accusing-ag-pastor-of-abuse/');
INSERT OR REPLACE INTO people (id, name, status, level, state, office, crime_description, summary, still_in_office, offense_year, conviction_year, event_date) VALUES ('aaron-duane-shipman', 'Aaron Duane Shipman', 'charged', 'adjacent', 'TX', 'Pastor', 'Child Sexual Assault', 'Aaron Duane Shipman was the pastor of Bible Baptist Church in Odessa, Texas. In January, 2022, he was arrested for sexual assault of a minor.', NULL, NULL, NULL, '2022-01-21');
INSERT INTO crime_types (person_id, crime_type) VALUES ('aaron-duane-shipman', 'assault');
INSERT INTO sources (person_id, url) VALUES ('aaron-duane-shipman', 'https://goppredators.wordpress.com/2023/05/12/943-aaron-duane-shipman/');
INSERT INTO sources (person_id, url) VALUES ('aaron-duane-shipman', 'https://lawandcrime.com/crime/texas-pastor-arrested-accused-of-sexually-assaulting-teen-girl-multiple-times-over-two-year-period/');
INSERT INTO sources (person_id, url) VALUES ('aaron-duane-shipman', 'https://legalherald.com/odessa-tx-aaron-shipman-former-head-pastor-at-bible-baptist-church-arrested-for-sexual-assault/');
INSERT OR REPLACE INTO people (id, name, status, level, state, office, crime_description, summary, still_in_office, offense_year, conviction_year, event_date) VALUES ('conrad-estrada-valdez', 'Conrad Estrada Valdez', 'convicted', 'adjacent', 'TX', 'Pastor', 'Child Sexual Assault', 'Conrad Estrada Valdez was the pastor of Restoration Outreach Church in Houston, Texas. Around 2005, a fifteen-year-old girl sought him out for counseling after she was sexually assaulted.', NULL, NULL, NULL, NULL);
INSERT INTO crime_types (person_id, crime_type) VALUES ('conrad-estrada-valdez', 'assault');
INSERT INTO sources (person_id, url) VALUES ('conrad-estrada-valdez', 'https://goppredators.wordpress.com/2023/05/12/942-conrad-estrada-valdez/');
INSERT INTO sources (person_id, url) VALUES ('conrad-estrada-valdez', 'https://www.chron.com/news/houston-texas/article/Pastor-accused-of-preying-upon-Houston-teen-who-14294076.php');
INSERT INTO sources (person_id, url) VALUES ('conrad-estrada-valdez', 'https://abc13.com/pastor-sentenced-for-sexual-assault-of-a-child-conrad-estrada-valdez-prison-sentence-the-restoration-outreach-christian-church/11433676/');
INSERT OR REPLACE INTO people (id, name, status, level, state, office, crime_description, summary, still_in_office, offense_year, conviction_year, event_date) VALUES ('jonathan-ryan-ensey', 'Jonathan Ryan Ensey', 'convicted', 'adjacent', 'TX', 'Pastor', 'Soliciting a Minor, Indecency with Child', 'Jonathan Ryan Ensey was music director and worship leader at Living Way Church where his father was pastor. He pursued a sexual relationship with a child he met when she was nine.', NULL, NULL, NULL, '2022-03-27');
INSERT INTO crime_types (person_id, crime_type) VALUES ('jonathan-ryan-ensey', 'solicitation');
INSERT INTO sources (person_id, url) VALUES ('jonathan-ryan-ensey', 'https://goppredators.wordpress.com/2023/05/12/941-jonathan-ensey/');
INSERT INTO sources (person_id, url) VALUES ('jonathan-ryan-ensey', 'https://www.claire-robertson.com/post/upci-pressured-to-revoke-license-of-texas-pastor-who-failed-to-report-grooming-molestation');
INSERT INTO sources (person_id, url) VALUES ('jonathan-ryan-ensey', 'https://www.yourconroenews.com/neighborhood/moco/news/article/Conroe-worship-leader-gets-12-years-in-church-17028700.php');
INSERT INTO sources (person_id, url) VALUES ('jonathan-ryan-ensey', 'https://bluebonnetnews.com/2022/03/25/prison-for-church-leader-who-seduced-child-from-pulpit/');
INSERT INTO sources (person_id, url) VALUES ('jonathan-ryan-ensey', 'https://www.change.org/p/revoke-randy-ensys-pastoral-license');
INSERT INTO sources (person_id, url) VALUES ('jonathan-ryan-ensey', 'https://ministrywatch.com/texas-worship-leader-son-of-churchs-pastor-sentenced-for-child-solicitation/');
INSERT INTO sources (person_id, url) VALUES ('jonathan-ryan-ensey', 'https://www.yourconroenews.com/author/jose-r.-gonzalez/');
INSERT OR REPLACE INTO people (id, name, status, level, state, office, crime_description, summary, still_in_office, offense_year, conviction_year, event_date) VALUES ('samuel-rappylee-bateman', 'Samuel Rappylee Bateman', 'charged', 'adjacent', 'AZ', '', 'Incest, Sexual Abuse, Trafficking', 'Samuel Rappylee Bateman leads a Fundamentalist Mormon cult that practices polygamy. He has twenty wives, including a nine-year-old wife.', NULL, NULL, NULL, '2022-12-08');
INSERT INTO crime_types (person_id, crime_type) VALUES ('samuel-rappylee-bateman', 'assault');
INSERT INTO crime_types (person_id, crime_type) VALUES ('samuel-rappylee-bateman', 'trafficking');
INSERT INTO crime_types (person_id, crime_type) VALUES ('samuel-rappylee-bateman', 'incest');
INSERT INTO sources (person_id, url) VALUES ('samuel-rappylee-bateman', 'https://goppredators.wordpress.com/2023/05/11/940-samuel-rappylee-bateman/');
INSERT INTO sources (person_id, url) VALUES ('samuel-rappylee-bateman', 'https://www.azcentral.com/story/news/local/arizona/2022/12/08/fbi-releases-details-of-samuel-bateman-case-polygamist-leader/69706306007/');
INSERT INTO sources (person_id, url) VALUES ('samuel-rappylee-bateman', 'https://www.thedailybeast.com/polygamist-cult-leader-samuel-bateman-now-charged-with-child-sex-abuse?ref=home');
INSERT OR REPLACE INTO people (id, name, status, level, state, office, crime_description, summary, still_in_office, offense_year, conviction_year, event_date) VALUES ('brian-stout', 'Brian Stout', 'alleged', 'state', 'OR', 'State Representative', 'Sexual Assault, Menacing', 'Brian Stout is a Republican state representative in Oregon. A woman who was active in the Columbia County Republican Party alleged that Stout aggressively pursued her sexually with her consent to kissing and touching each other.', NULL, NULL, NULL, '2023-05-10');
INSERT INTO crime_types (person_id, crime_type) VALUES ('brian-stout', 'assault');
INSERT INTO sources (person_id, url) VALUES ('brian-stout', 'https://goppredators.wordpress.com/2023/05/11/939-brian-stout/');
INSERT INTO sources (person_id, url) VALUES ('brian-stout', 'https://www.wweek.com/news/state/2022/12/02/judge-grants-restraining-order-against-state-rep-elect-brian-stout-after-allegations-of-sexual-assault/');
INSERT INTO sources (person_id, url) VALUES ('brian-stout', 'https://www.wweek.com/news/2023/01/14/rep-brian-stout-says-accuser-hoped-to-get-him-dismissed-from-oregon-house-and-install-rival/');
INSERT INTO sources (person_id, url) VALUES ('brian-stout', 'https://www.oregonlive.com/politics/2023/05/oregon-house-speaker-calls-on-rep-brian-stout-to-resign-after-judge-upholds-sex-abuse-protective-order.html');
INSERT OR REPLACE INTO people (id, name, status, level, state, office, crime_description, summary, still_in_office, offense_year, conviction_year, event_date) VALUES ('jeffrey-dwain-taylor', 'Jeffrey Dwain Taylor', 'convicted', 'adjacent', 'MO', 'Pastor', 'Child Sexual Assault', 'Jeff Taylor was a youth pastor at First Baptist Church in Stafford. A nineteen-year-old girl admitted to her employer that she had been sexually abused by Taylor since she was eleven.', NULL, NULL, NULL, '2020-10-11');
INSERT INTO crime_types (person_id, crime_type) VALUES ('jeffrey-dwain-taylor', 'assault');
INSERT INTO sources (person_id, url) VALUES ('jeffrey-dwain-taylor', 'https://goppredators.wordpress.com/2023/05/11/938-jeffrey-dwain-taylor/');
INSERT INTO sources (person_id, url) VALUES ('jeffrey-dwain-taylor', 'https://www.ozarksfirst.com/crime/former-youth-pastor-sentenced-to-9-years-for-statutory-sodomy-rape/');
INSERT INTO sources (person_id, url) VALUES ('jeffrey-dwain-taylor', 'https://www.news-leader.com/story/news/crime/2020/10/11/former-strafford-youth-pastor-charged-sex-crimes-against-child/5937351002/');
INSERT OR REPLACE INTO people (id, name, status, level, state, office, crime_description, summary, still_in_office, offense_year, conviction_year, event_date) VALUES ('benjamin-damron', 'Benjamin Damron', 'charged', 'adjacent', 'NC', 'Pastor', 'Child Molestation', 'Benjamin Damron was a youth pastor at different churches in the Charlotte-Mecklenburg, a position he used to get close to young boys whom he sexually abused. He was arrested in November 2022.', NULL, NULL, NULL, '2022-11-19');
INSERT INTO crime_types (person_id, crime_type) VALUES ('benjamin-damron', 'child-molestation');
INSERT INTO sources (person_id, url) VALUES ('benjamin-damron', 'https://goppredators.wordpress.com/2023/05/11/937-benjamin-damron/');
INSERT INTO sources (person_id, url) VALUES ('benjamin-damron', 'https://www.wsoctv.com/news/local/cmpd-youth-leader-charged-with-sex-crimes-involving-kids-he-met-churches/JW6ACKIS7RB2PP233MB7KEVXAQ/');
INSERT INTO sources (person_id, url) VALUES ('benjamin-damron', 'https://www.wsoctv.com/news/local/mom-warned-church-about-youth-leader-who-was-later-arrested-sex-crimes/YFSKGXTSYBEBBJPHNP4UIP5BFQ/');
INSERT INTO sources (person_id, url) VALUES ('benjamin-damron', 'https://mecksheriffweb.mecklenburgcountync.gov/Inmate/Details?pid=0000501858&amp;jid=22-033251&amp;activeOnly=False&amp;firstName=Benjamin&amp;lastName=Damron&amp;prisType=ALL&amp;maxrows=48&amp;page=1');
INSERT OR REPLACE INTO people (id, name, status, level, state, office, crime_description, summary, still_in_office, offense_year, conviction_year, event_date) VALUES ('joseph-brody', 'Joseph Brody', 'charged', 'adjacent', 'VA', 'Police Officer', 'Advocates mass murder of women', 'Joseph Brody was the volunteer coordinator on Glenn Youngkin''s gubernatorial campaign. This is after he assaulted a police officer during the Insurrection according to the FBI.', NULL, NULL, NULL, '2022-09-29');
INSERT INTO crime_types (person_id, crime_type) VALUES ('joseph-brody', 'murder');
INSERT INTO sources (person_id, url) VALUES ('joseph-brody', 'https://goppredators.wordpress.com/2023/05/11/936-joseph-brody/');
INSERT INTO sources (person_id, url) VALUES ('joseph-brody', 'https://www.nytimes.com/2022/10/06/us/politics/joseph-brody-jan-6-youngkin.html');
INSERT INTO sources (person_id, url) VALUES ('joseph-brody', 'https://www.lipstickalley.com/threads/january-6th-insurrectionist-nazi-who-wants-to-kill-and-assault-women-was-paid-to-campaign-for-moderate-republican-glenn-youngkin.5042490/');
INSERT INTO sources (person_id, url) VALUES ('joseph-brody', 'https://t.co/fUnbCRCJhP');
INSERT INTO sources (person_id, url) VALUES ('joseph-brody', 'https://t.co/yWFl69vNO3');
INSERT OR REPLACE INTO people (id, name, status, level, state, office, crime_description, summary, still_in_office, offense_year, conviction_year, event_date) VALUES ('kevin-etherington', 'Kevin Etherington', 'charged', 'adjacent', 'OK', '', 'Child Sexual Abuse Material', 'Kevin Etherington was the Assistant District Attorney of Logan and Payne Counties in Oklahoma. In November, 2022, he was arrested and charged with possessing child sexual abuse material (CSAM.) Google notified the National Center for Missing and Exploited Children that there was CSAM on a Google Dri', NULL, NULL, NULL, '2023-05-05');
INSERT INTO crime_types (person_id, crime_type) VALUES ('kevin-etherington', 'csam');
INSERT INTO crime_types (person_id, crime_type) VALUES ('kevin-etherington', 'assault');
INSERT INTO sources (person_id, url) VALUES ('kevin-etherington', 'https://goppredators.wordpress.com/2023/05/11/935-kevin-etherington/');
INSERT INTO sources (person_id, url) VALUES ('kevin-etherington', 'https://news.yahoo.com/know-works-etherington-arrest-interview-035900042.html?fr=sycsrp_catchall');
INSERT INTO sources (person_id, url) VALUES ('kevin-etherington', 'https://www.koco.com/article/oklahoma-kevin-etherington-arrested-child-pornography/42115923');
INSERT INTO sources (person_id, url) VALUES ('kevin-etherington', 'https://casetext.com/case/state-ex-rel-okla-bar-assn-v-etherington');
INSERT INTO sources (person_id, url) VALUES ('kevin-etherington', 'https://www.stwnewspress.com/news/former-first-assistant-district-attorney-receives-peeping-tom-felony-charge/article_fb777020-ead1-11ed-8a7c-9b00bef8eb62.html');
INSERT OR REPLACE INTO people (id, name, status, level, state, office, crime_description, summary, still_in_office, offense_year, conviction_year, event_date) VALUES ('bill-gothard', 'Bill Gothard', 'alleged', 'adjacent', 'IL', '', 'Sexual Assault, Harassment, Child Molestation', 'Bill Gothard founded the Institute in Basic Life Principles which some people call a conservative Christian cult. It has very strict gender roles that circumscribe women''s lives, forbidding higher education, choosing their spouse, ordering what clothing they wear, and prohibiting cutting their hair.', NULL, NULL, NULL, '2016-03-03');
INSERT INTO crime_types (person_id, crime_type) VALUES ('bill-gothard', 'child-molestation');
INSERT INTO crime_types (person_id, crime_type) VALUES ('bill-gothard', 'assault');
INSERT INTO crime_types (person_id, crime_type) VALUES ('bill-gothard', 'harassment');
INSERT INTO sources (person_id, url) VALUES ('bill-gothard', 'https://goppredators.wordpress.com/2023/05/11/934-bill-gothard/');
INSERT INTO sources (person_id, url) VALUES ('bill-gothard', 'https://en.wikipedia.org/wiki/Institute_in_Basic_Life_Principles');
INSERT INTO sources (person_id, url) VALUES ('bill-gothard', 'https://www.washingtonpost.com/news/acts-of-faith/wp/2016/01/06/new-charges-allege-religious-leader-who-has-ties-to-the-duggars-sexually-abused-women/?variant=d846d44221ecba95');
INSERT INTO sources (person_id, url) VALUES ('bill-gothard', 'https://ministrywatch.com/former-plaintiffs-in-bill-gothard-abuse-lawsuit-hit-back-at-institute-in-basic-life-principles-statement-to-nbc-news/');
INSERT INTO sources (person_id, url) VALUES ('bill-gothard', 'https://www.nydailynews.com/news/national/women-detail-sex-abuse-allegations-bill-gothard-article-1.2536758');
INSERT OR REPLACE INTO people (id, name, status, level, state, office, crime_description, summary, still_in_office, offense_year, conviction_year, event_date) VALUES ('wendel-nix', 'Wendel Nix', 'charged', 'adjacent', 'NM', 'Pastor', 'Child Molestation', 'Wendel Nix was the youth pastor at Aztec Bible Baptist Church. He was arrested in 2007 on charges that he raped a fourteen-year-old girl.', NULL, NULL, NULL, NULL);
INSERT INTO crime_types (person_id, crime_type) VALUES ('wendel-nix', 'child-molestation');
INSERT INTO sources (person_id, url) VALUES ('wendel-nix', 'https://goppredators.wordpress.com/2023/05/11/933-wendel-nix/');
INSERT INTO sources (person_id, url) VALUES ('wendel-nix', 'https://www.abqjournal.com/18746/830am-part-time-youth-pastor-arrested.html');
INSERT INTO sources (person_id, url) VALUES ('wendel-nix', 'https://www.abqjournal.com/18800/1110am-new-rape-charges-face-church-bus-driver.html');
INSERT INTO sources (person_id, url) VALUES ('wendel-nix', 'http://stopbaptistpredators.org/article07/wendel_nix.html');
INSERT OR REPLACE INTO people (id, name, status, level, state, office, crime_description, summary, still_in_office, offense_year, conviction_year, event_date) VALUES ('malo-8220-victor-8221-monteiro', 'Malo &#8220;Victor&#8221; Monteiro', 'convicted', 'adjacent', 'CA', 'Pastor', 'Child Molestation', 'Malo “Victor” Monteiro was youth pastor at Faith Baptist Church in Wildomar, California, and assistant pastor at Menifee Baptist Church in Menifee, California. He was arrested in 2018 on suspicion of molesting children over an eighteen-year period and charged with seven felony counts: intent to comm', NULL, NULL, NULL, '2018-11-16');
INSERT INTO crime_types (person_id, crime_type) VALUES ('malo-8220-victor-8221-monteiro', 'child-molestation');
INSERT INTO sources (person_id, url) VALUES ('malo-8220-victor-8221-monteiro', 'https://goppredators.wordpress.com/2023/05/11/932-malo-victor-monteiro/');
INSERT INTO sources (person_id, url) VALUES ('malo-8220-victor-8221-monteiro', 'https://www.pressenterprise.com/2018/07/28/wildomar-pastor-from-colton-accused-of-sexually-assaulting-children-for-20-years/');
INSERT INTO sources (person_id, url) VALUES ('malo-8220-victor-8221-monteiro', 'https://www.pressenterprise.com/2018/08/10/wildomars-faith-baptist-church-perpetuated-culture-of-secrecy-allowing-sex-abuse-for-decades-alleged-victims-claim/');
INSERT INTO sources (person_id, url) VALUES ('malo-8220-victor-8221-monteiro', 'https://myvalleynews.com/blog/2021/01/08/faith-baptist-sexual-abuse-victim-disappointed-by-early-release-of-her-abuser/');
INSERT INTO sources (person_id, url) VALUES ('malo-8220-victor-8221-monteiro', 'https://www.pressenterprise.com/2018/08/10/wildomars-faith-baptist-church-perpetuated-culture-of-secrecy-allowing-sex-abuse-for-decades-alleged-victims-claim/?share=facebook&amp;nb=1');
INSERT INTO sources (person_id, url) VALUES ('malo-8220-victor-8221-monteiro', 'https://www.pressenterprise.com/2018/07/28/wildomar-pastor-from-colton-accused-of-sexually-assaulting-children-for-20-years/?share=facebook&amp;nb=1');
INSERT OR REPLACE INTO people (id, name, status, level, state, office, crime_description, summary, still_in_office, offense_year, conviction_year, event_date) VALUES ('alexander-roesly', 'Alexander Roesly', 'convicted', 'adjacent', 'IN', 'Pastor', 'Soliciting a Minor', 'Alexander Roesly was the youth pastor at Praise Chapel of Church God in Union City, Indiana. He sent messages to thirteen and fifteen-year-old girls asking if they wanted to be "friends with benefits." The fifteen-year-old attended his church.', NULL, NULL, NULL, '2017-07-22');
INSERT INTO crime_types (person_id, crime_type) VALUES ('alexander-roesly', 'solicitation');
INSERT INTO sources (person_id, url) VALUES ('alexander-roesly', 'https://goppredators.wordpress.com/2023/05/10/931-alexander-roesly/');
INSERT INTO sources (person_id, url) VALUES ('alexander-roesly', 'https://www.wishtv.com/news/youth-pastor-arrested-for-child-solicitation-in-randolph-county/');
INSERT INTO sources (person_id, url) VALUES ('alexander-roesly', 'https://www.wrtv.com/news/crime/pd-youth-pastor-sent-sexual-snap-chat-to-teens');
INSERT OR REPLACE INTO people (id, name, status, level, state, office, crime_description, summary, still_in_office, offense_year, conviction_year, event_date) VALUES ('shawn-fitzgerald', 'Shawn Fitzgerald', 'convicted', 'adjacent', 'FL', 'Coach', 'Child Sexual Abuse Material', 'Shawn Fitzgerald was the youth director at First United Methodist Church. He also was a high school teacher and soccer coach.', NULL, NULL, 2023, '2023-09-08');
INSERT INTO crime_types (person_id, crime_type) VALUES ('shawn-fitzgerald', 'csam');
INSERT INTO crime_types (person_id, crime_type) VALUES ('shawn-fitzgerald', 'assault');
INSERT INTO sources (person_id, url) VALUES ('shawn-fitzgerald', 'https://goppredators.wordpress.com/2023/05/10/930-shawn-fitzgerald/');
INSERT INTO sources (person_id, url) VALUES ('shawn-fitzgerald', 'https://pro.polkcountyclerk.net/PRO/PublicSearch/Details/T5pP0-0-R140-0-27-27-QKA9lGbHyGyRJjyun57i6s27-27-XJIGrdU7Rg%3d');
INSERT INTO sources (person_id, url) VALUES ('shawn-fitzgerald', 'https://nbc-2.com/news/crime/2020/11/22/florida-teacher-arrested-400-counts-child-pornography/');
INSERT INTO sources (person_id, url) VALUES ('shawn-fitzgerald', 'https://www.thedailybeast.com/florida-youth-pastor-shawn-fitzgerald-charged-with-408-counts-of-child-porn');
INSERT INTO sources (person_id, url) VALUES ('shawn-fitzgerald', 'https://lawandcrime.com/crime/teacher-sentenced-for-possessing-more-than-700-sexual-abuse-pictures-and-video-of-children-as-young-as-infants/');
INSERT OR REPLACE INTO people (id, name, status, level, state, office, crime_description, summary, still_in_office, offense_year, conviction_year, event_date) VALUES ('nicholas-kelley', 'Nicholas Kelley', 'convicted', 'adjacent', 'GA', 'Pastor', 'Child Molestation', 'Nicholas Kelley was a youth pastor at New Bridges Church, in Lawrenceville, Georgia. He sexually abused a fourteen=year=old girl.', NULL, NULL, NULL, '2016-12-29');
INSERT INTO crime_types (person_id, crime_type) VALUES ('nicholas-kelley', 'child-molestation');
INSERT INTO sources (person_id, url) VALUES ('nicholas-kelley', 'https://goppredators.wordpress.com/2023/05/10/929-nicholas-kelley/');
INSERT INTO sources (person_id, url) VALUES ('nicholas-kelley', 'https://www.11alive.com/article/news/crime/youth-pastor-admits-to-inappropriate-physical-interactions-with-14-year-old-girl/85-379637889');
INSERT INTO sources (person_id, url) VALUES ('nicholas-kelley', 'https://www.gwinnettdailypost.com/local/new-bridges-church-youth-pastor-arrested-charged-for-relationship-with-14-year-old/article_68e2846e-5737-55b1-8844-8a8be7024b20.html');
INSERT INTO sources (person_id, url) VALUES ('nicholas-kelley', 'https://researchga.tylerhost.net/CourtRecordsSearch/#!/case/39e563b9e104593c9915f1551f57402d');
INSERT INTO sources (person_id, url) VALUES ('nicholas-kelley', 'https://www.gwinnettdailypost.com/users/profile/Cailin%20O%27Brien');
INSERT OR REPLACE INTO people (id, name, status, level, state, office, crime_description, summary, still_in_office, offense_year, conviction_year, event_date) VALUES ('jeffrey-winston-forrest', 'Jeffrey Winston Forrest', 'convicted', 'adjacent', 'TX', 'Pastor', 'Child Molestation', 'Jeffrey Winston Forrest was a youth pastor at Pioneer Baptist Church in Abilene, Texas. In 1998, there were allegations against him for sexual abuse.', NULL, NULL, 2021, NULL);
INSERT INTO crime_types (person_id, crime_type) VALUES ('jeffrey-winston-forrest', 'child-molestation');
INSERT INTO sources (person_id, url) VALUES ('jeffrey-winston-forrest', 'https://goppredators.wordpress.com/2023/05/10/928-jeffrey-winston-forrest/');
INSERT INTO sources (person_id, url) VALUES ('jeffrey-winston-forrest', 'https://www.reporternews.com/story/news/crime/2021/04/15/jeffrey-jeff-forrest-trial-child-sexual-abuse-charges-goes-jury/7241661002/');
INSERT INTO sources (person_id, url) VALUES ('jeffrey-winston-forrest', 'https://thecinemaholic.com/where-is-serial-child-abuser-jeffrey-forrest-now/');
INSERT INTO sources (person_id, url) VALUES ('jeffrey-winston-forrest', 'https://www.reporternews.com/story/news/crime/2021/04/16/former-pastor-jeffrey-forrest-abilene-guilty-sexual-assault-child-sentencing-punishment-phase-trial/7253533002/');
INSERT OR REPLACE INTO people (id, name, status, level, state, office, crime_description, summary, still_in_office, offense_year, conviction_year, event_date) VALUES ('jon-courson', 'Jon Courson', 'alleged', 'adjacent', 'OR', 'Pastor', 'Sexual Misconduct', 'Jon Courson was the pastor of Applegate Christian Fellowship. He abused his position to pursue a relationship with an employee and parishioner who subsequently left her job and her church.', NULL, NULL, NULL, '2021-09-03');
INSERT INTO crime_types (person_id, crime_type) VALUES ('jon-courson', 'other');
INSERT INTO sources (person_id, url) VALUES ('jon-courson', 'https://goppredators.wordpress.com/2023/05/10/927-jon-courson/');
INSERT INTO sources (person_id, url) VALUES ('jon-courson', 'https://julieroys.com/jon-courson-alleged-sexual-misconduct-applegate/');
INSERT INTO sources (person_id, url) VALUES ('jon-courson', 'https://www.phoenixpreacher.com/the-ongoing-saga-of-applegate-and-the-courson-dynasty/');
INSERT INTO sources (person_id, url) VALUES ('jon-courson', 'https://www.phoenixpreacher.com/textbook-manipulation-from-the-pulpit-by-jon-courson/');
INSERT INTO sources (person_id, url) VALUES ('jon-courson', 'https://t.co/WFDTasTyS8');
INSERT OR REPLACE INTO people (id, name, status, level, state, office, crime_description, summary, still_in_office, offense_year, conviction_year, event_date) VALUES ('ben-courson', 'Ben Courson', 'alleged', 'adjacent', 'OR', 'Pastor', 'Sexual Misconduct', 'Ben Courson is a megachurch pastor who resigned from his church when it was revealed that he abused his position as pastor to pursue sexual relationships with women. One woman accused him of aggressively seeking a sexual relationship, forcibly kissing and touching her but she fought him off and got', NULL, NULL, NULL, NULL);
INSERT INTO crime_types (person_id, crime_type) VALUES ('ben-courson', 'other');
INSERT INTO sources (person_id, url) VALUES ('ben-courson', 'https://goppredators.wordpress.com/2023/05/08/926-ben-courson/');
INSERT INTO sources (person_id, url) VALUES ('ben-courson', 'https://julieroys.com/oregon-pastor-ben-courson-alleged-sexual-misconduct/');
INSERT INTO sources (person_id, url) VALUES ('ben-courson', 'https://protestia.com/2022/04/13/young-megachurch-pastor-restored-to-ministry-months-after-stepping-down-for-sexual-misconduct/');
INSERT INTO sources (person_id, url) VALUES ('ben-courson', 'https://www.instagram.com/tv/CSLKTq1FJNF/?utm_source=ig_embed&amp;utm_campaign=loading');
INSERT OR REPLACE INTO people (id, name, status, level, state, office, crime_description, summary, still_in_office, offense_year, conviction_year, event_date) VALUES ('donald-courtney-biggs', 'Donald Courtney Biggs', 'convicted', 'adjacent', 'OR', 'Pastor', 'Nonconsensual Images, Improper Communication', 'Donald Courtney Biggs was youth pastor at Mountain Church in Medford, Oregon. He was arrested for burglary and invasion of a woman''s privacy.', NULL, NULL, NULL, '2018-02-09');
INSERT INTO crime_types (person_id, crime_type) VALUES ('donald-courtney-biggs', 'other');
INSERT INTO sources (person_id, url) VALUES ('donald-courtney-biggs', 'https://goppredators.wordpress.com/2023/05/08/925-donald-courtney-biggs/');
INSERT INTO sources (person_id, url) VALUES ('donald-courtney-biggs', 'https://www.justice.gov/usao-or/pr/former-medford-youth-pastor-sentenced-more-15-years-federal-prison-secretly-videotaping');
INSERT OR REPLACE INTO people (id, name, status, level, state, office, crime_description, summary, still_in_office, offense_year, conviction_year, event_date) VALUES ('ronnie-lee-barron', 'Ronnie Lee Barron', 'convicted', 'adjacent', 'SC', 'Pastor', 'Child Sexual Abuse Material', 'Ronnie Lee Barron was the youth pastor at Loris Presbyterian Church, in Loris, South Carolina. He was also volunteer baseball coach at the high school.', NULL, NULL, NULL, '2021-12-30');
INSERT INTO crime_types (person_id, crime_type) VALUES ('ronnie-lee-barron', 'csam');
INSERT INTO crime_types (person_id, crime_type) VALUES ('ronnie-lee-barron', 'assault');
INSERT INTO sources (person_id, url) VALUES ('ronnie-lee-barron', 'https://goppredators.wordpress.com/2023/05/08/924-ronnie-lee-barron/');
INSERT INTO sources (person_id, url) VALUES ('ronnie-lee-barron', 'https://www.myhorrynews.com/news/crime/loris-church-youth-pastor-charged-with-sex-crimes-against-a-minor/article_a6363e0c-5cf2-11ec-b172-572848e6b1e5.html');
INSERT INTO sources (person_id, url) VALUES ('ronnie-lee-barron', 'https://www.myhorrynews.com/news/crime/former-loris-baseball-coach-gets-probation-for-sexual-exploitation-of-a-minor/article_54ce328c-edab-11ec-8fe7-afb75ee10096.html');
INSERT OR REPLACE INTO people (id, name, status, level, state, office, crime_description, summary, still_in_office, offense_year, conviction_year, event_date) VALUES ('joshua-burton-henley', 'Joshua Burton Henley', 'convicted', 'adjacent', 'TN', 'Pastor', 'Child Molestation', 'Joshua Burton Henley was youth pastor at Holladay Church of Christ in Tennessee and coached the girls’ basketball team at Holladay Elementary from 2017 until 2021. He then moved to Indiana, working at Washington Avenue Church of Christ in Evansville, Indiana.', NULL, NULL, NULL, '2021-06-24');
INSERT INTO crime_types (person_id, crime_type) VALUES ('joshua-burton-henley', 'child-molestation');
INSERT INTO sources (person_id, url) VALUES ('joshua-burton-henley', 'https://goppredators.wordpress.com/2023/05/08/923-joshua-burton-henley/');
INSERT INTO sources (person_id, url) VALUES ('joshua-burton-henley', 'https://www.justice.gov/usao-wdtn/pr/former-benton-county-coach-and-youth-pastor-sentenced-45-years-exploiting-children');
INSERT INTO sources (person_id, url) VALUES ('joshua-burton-henley', 'https://www.tristatehomepage.com/news/crime/former-pastor-and-coach-pleads-guilty-to-child-exploitation/amp/');
INSERT OR REPLACE INTO people (id, name, status, level, state, office, crime_description, summary, still_in_office, offense_year, conviction_year, event_date) VALUES ('robert-fenton', 'Robert Fenton', 'charged', 'state', 'PA', 'Pastor', 'Grooming, Child Molestation', 'Robert Fenton was the youth pastor at Abide In the Vine church in Owego, New York, when he told a couple he was drawn to their daughter and wanted to marry her. Her family lived in Bradford County, Pennsylvania, just over the state line from Owego.', NULL, NULL, NULL, '2022-04-26');
INSERT INTO crime_types (person_id, crime_type) VALUES ('robert-fenton', 'child-molestation');
INSERT INTO crime_types (person_id, crime_type) VALUES ('robert-fenton', 'grooming');
INSERT INTO sources (person_id, url) VALUES ('robert-fenton', 'https://goppredators.wordpress.com/2023/05/08/922-robert-fenton/');
INSERT INTO sources (person_id, url) VALUES ('robert-fenton', 'https://onlysky.media/hemant-mehta/youth-pastor-who-was-betrothed-to-14-year-old-girl-charged-with-sexual-abuse/');
INSERT INTO sources (person_id, url) VALUES ('robert-fenton', 'https://christiannewsnow.com/youth-pastor-betrothed-to-14-year-old-girl-with-parents-and-church-leaders-blessing-charged-with-sexual-abuse/');
INSERT INTO sources (person_id, url) VALUES ('robert-fenton', 'https://www.attorneygeneral.gov/wp-content/uploads/2022/04/2022-04-25-FENTON-CC.pdf');
INSERT OR REPLACE INTO people (id, name, status, level, state, office, crime_description, summary, still_in_office, offense_year, conviction_year, event_date) VALUES ('dustin-colony-herrera', 'Dustin Colony-Herrera', 'charged', 'adjacent', 'CA', 'Pastor', 'Child Rape, Molestation', 'Dustin Colony-Herrera was the youth pastor at Yucaipa Christian Church in San Bernadino County, California back in 2004 when the first allegations of child sexual abuse were made. Meanwhile, he lived over the county line in Riverside County where some of the abuse is said to have occurred.', NULL, NULL, NULL, '2019-04-16');
INSERT INTO crime_types (person_id, crime_type) VALUES ('dustin-colony-herrera', 'rape');
INSERT INTO sources (person_id, url) VALUES ('dustin-colony-herrera', 'https://goppredators.wordpress.com/2023/05/08/921-dustin-colony-herrera/');
INSERT INTO sources (person_id, url) VALUES ('dustin-colony-herrera', 'https://www.pressenterprise.com/2018/07/30/ex-youth-leader-at-yucaipa-church-accused-of-molesting-8-children-in-calimesa/');
INSERT INTO sources (person_id, url) VALUES ('dustin-colony-herrera', 'https://www.desertsun.com/story/news/crime_courts/2019/04/11/california-pastor-dustin-herrera-evaded-child-sex-abuse-charges-across-county-lines-oregon/3438152002/');
INSERT INTO sources (person_id, url) VALUES ('dustin-colony-herrera', 'https://www.pressenterprise.com/2018/07/30/ex-youth-leader-at-yucaipa-church-accused-of-molesting-8-children-in-calimesa/?share=facebook&amp;nb=1');
INSERT OR REPLACE INTO people (id, name, status, level, state, office, crime_description, summary, still_in_office, offense_year, conviction_year, event_date) VALUES ('peter-bass', 'Peter Bass', 'convicted', 'adjacent', 'OR', 'Pastor', 'Child Rape, Molestation', 'Peter Bass was youth pastor at Brooks Assembly of God. Brooks is an unincorporated community north of Salem, Oregon.', NULL, NULL, NULL, '2015-05-05');
INSERT INTO crime_types (person_id, crime_type) VALUES ('peter-bass', 'rape');
INSERT INTO sources (person_id, url) VALUES ('peter-bass', 'https://goppredators.wordpress.com/2023/05/07/920-peter-bass/');
INSERT INTO sources (person_id, url) VALUES ('peter-bass', 'https://www.oregonlive.com/pacific-northwest-news/2015/05/former_youth_pastor_sentenced.html');
INSERT INTO sources (person_id, url) VALUES ('peter-bass', 'https://www.statesmanjournal.com/story/news/2015/05/04/brooks-youth-pastor-sentenced-years-prison/26893243/');
INSERT OR REPLACE INTO people (id, name, status, level, state, office, crime_description, summary, still_in_office, offense_year, conviction_year, event_date) VALUES ('kenneth-baker', 'Kenneth Baker', 'convicted', 'adjacent', 'OR', 'Pastor', 'Grooming, Child Molestation', 'Kenneth Baker was the youth pastor at the First Baptist Church of Ashland, Oregon. He was accused of sexually abusing a child he knew through the church from 2006 and 2011.', NULL, NULL, NULL, '2016-12-06');
INSERT INTO crime_types (person_id, crime_type) VALUES ('kenneth-baker', 'child-molestation');
INSERT INTO crime_types (person_id, crime_type) VALUES ('kenneth-baker', 'grooming');
INSERT INTO sources (person_id, url) VALUES ('kenneth-baker', 'https://goppredators.wordpress.com/2023/05/07/919-kenneth-baker/');
INSERT INTO sources (person_id, url) VALUES ('kenneth-baker', 'https://nbc16.com/news/local/former-ashland-youth-pastor-arrested-faces-sex-charges');
INSERT INTO sources (person_id, url) VALUES ('kenneth-baker', 'https://mailtribune.com/news/crime-courts-emergencies/former-pastor-gets-prison-for-abuse/');
INSERT INTO sources (person_id, url) VALUES ('kenneth-baker', 'https://infoweb-newsbank-com.proxy.multcolib.org/apps/news/browse-pub?p=AMNEWS&amp;t=pubname%3AOAP8%21Associated%2BPress%2BState%2BWire%253A%2BOregon%2B%2528OR%2529&amp;action=browse');
INSERT OR REPLACE INTO people (id, name, status, level, state, office, crime_description, summary, still_in_office, offense_year, conviction_year, event_date) VALUES ('sean-m-higgins', 'Sean M. Higgins', 'convicted', 'adjacent', 'NJ', 'Pastor', 'Cyber-harassment, Child Endangerment, Coercion', 'Sean M. Higgins was the youth pastor and music leader at Harbor Baptist Church in Hainesport, New Jersey.', NULL, NULL, NULL, '2022-08-23');
INSERT INTO crime_types (person_id, crime_type) VALUES ('sean-m-higgins', 'harassment');
INSERT INTO sources (person_id, url) VALUES ('sean-m-higgins', 'https://goppredators.wordpress.com/2023/05/07/918-sean-m-higgins/');
INSERT INTO sources (person_id, url) VALUES ('sean-m-higgins', 'https://6abc.com/new-jersey-youth-pastor-online-sexual-exploitation-sean-higgins-harbor-baptist-church/12144153/');
INSERT INTO sources (person_id, url) VALUES ('sean-m-higgins', 'https://www.nj.com/burlington/2023/01/youth-pastor-agrees-to-27-year-sentence-for-blackmailing-boys-into-performing-sex-acts-online.html');
INSERT OR REPLACE INTO people (id, name, status, level, state, office, crime_description, summary, still_in_office, offense_year, conviction_year, event_date) VALUES ('michael-d-attoma', 'Michael D’Attoma', 'alleged', 'adjacent', 'SC', 'Pastor', 'Grooming, Child Molestation', 'Michael D’Attoma was named in a lawsuit alleging he sexually abused Jane Doe 1 and Jane Doe 2. The lawsuit also names Southern Baptist Convention (SBC), the South Carolina Baptist Convention, and the Northside Baptist Church because, incredibly, D''Attoma continued as pastor at the Northside Baptist', NULL, NULL, NULL, NULL);
INSERT INTO crime_types (person_id, crime_type) VALUES ('michael-d-attoma', 'child-molestation');
INSERT INTO crime_types (person_id, crime_type) VALUES ('michael-d-attoma', 'grooming');
INSERT INTO sources (person_id, url) VALUES ('michael-d-attoma', 'https://goppredators.wordpress.com/2023/05/07/917-michael-dattoma/');
INSERT INTO sources (person_id, url) VALUES ('michael-d-attoma', 'https://www.mcgowanhood.com/2022/06/16/mcgowan-hood-felder-phillips-files-sexual-abuse-lawsuit-against-sbc/');
INSERT INTO sources (person_id, url) VALUES ('michael-d-attoma', 'https://www.baptistpress.com/resource-library/news/former-sc-youth-pastor-named-in-sexual-abuse-lawsuit%EF%BF%BC/');
INSERT INTO sources (person_id, url) VALUES ('michael-d-attoma', 'https://julieroys.com/survivor-advocates-shocked-by-allegations-their-son-dattoma-pastor-abused-teens/');
INSERT INTO sources (person_id, url) VALUES ('michael-d-attoma', 'https://julieroys.com/sbc-youth-pastor-kept-ministering-six-years-reports-alleged-abuse/');
INSERT OR REPLACE INTO people (id, name, status, level, state, office, crime_description, summary, still_in_office, offense_year, conviction_year, event_date) VALUES ('sean-patrick-masopust', 'Sean Patrick Masopust', 'convicted', 'adjacent', 'MN', 'Pastor', 'Child Molestation', 'Sean Patrick Masopust was a youth pastor at Northridge Church, an Evangelical church in Owatanna, Minnesota where his father-in-law was pastor. He pleaded guilty to fourth-degree criminal sexual conduct with a minor.', NULL, NULL, 2023, '2022-02-14');
INSERT INTO crime_types (person_id, crime_type) VALUES ('sean-patrick-masopust', 'child-molestation');
INSERT INTO sources (person_id, url) VALUES ('sean-patrick-masopust', 'https://goppredators.wordpress.com/2023/05/07/916-sean-patrick-masopust/');
INSERT INTO sources (person_id, url) VALUES ('sean-patrick-masopust', 'https://www.southernminn.com/owatonna_peoples_press/news/former-youth-pastor-pleads-guilty-to-felony-sex-crime/article_f5601f56-48b6-11ed-9a68-2b54bc55fee8.html');
INSERT INTO sources (person_id, url) VALUES ('sean-patrick-masopust', 'https://steeledodgenews.com/breaking-news-update-former-pastor-fired-3-years-after-alleged-abuse');
INSERT OR REPLACE INTO people (id, name, status, level, state, office, crime_description, summary, still_in_office, offense_year, conviction_year, event_date) VALUES ('thomas-james-brackett', 'Thomas James Brackett', 'charged', 'adjacent', 'MD', 'Pastor', 'Child Molestation', 'Thomas James Brackett was a youth pastor at Tabernacle Christian Church in Baltimore County, Maryland, back in the Eighties. That is when he is alleged to have sexually abused two minors in his pastoral care.', NULL, NULL, NULL, '2022-10-22');
INSERT INTO crime_types (person_id, crime_type) VALUES ('thomas-james-brackett', 'child-molestation');
INSERT INTO sources (person_id, url) VALUES ('thomas-james-brackett', 'https://goppredators.wordpress.com/2023/05/07/915-thomas-james-brackett/');
INSERT INTO sources (person_id, url) VALUES ('thomas-james-brackett', 'https://dailyvoice.com/maryland/baltimore/police-fire/baltimore-youth-pastor-arrested-in-south-carolina-for-child-sex-abuse-in-1980s-authorities/847263/');
INSERT INTO sources (person_id, url) VALUES ('thomas-james-brackett', 'https://gabnewsonline.com/warrants-detail-alleged-crimes-against-minors-that-resulted-in-the-arrest-o-p6677-170.htm');
INSERT INTO sources (person_id, url) VALUES ('thomas-james-brackett', 'https://casesearch.courts.state.md.us/casesearch/inquiryDetail.jis?caseId=C03CR23001296&amp;loc=55&amp;detailLoc=ODYCRIM');
INSERT INTO sources (person_id, url) VALUES ('thomas-james-brackett', 'https://casesearch.courts.state.md.us/casesearch/inquiryDetail.jis?caseId=C03CR23001302&amp;loc=55&amp;detailLoc=ODYCRIM');
INSERT INTO sources (person_id, url) VALUES ('thomas-james-brackett', 'https://casesearch.courts.state.md.us/casesearch/inquiryDetail.jis?caseId=C03CR22005622&amp;loc=55&amp;detailLoc=ODYCRIM');
INSERT OR REPLACE INTO people (id, name, status, level, state, office, crime_description, summary, still_in_office, offense_year, conviction_year, event_date) VALUES ('michael-paul-keech', 'Michael Paul Keech', 'charged', 'adjacent', 'SC', 'Pastor', 'Child Molestation', 'Michael Paul Keech was a youth pastor at Saluda River Baptist Church in West Columbia, South Carolina. He began working there in 2019 and was fired in 2021 when a new pastor took over.', NULL, NULL, NULL, '2022-10-24');
INSERT INTO crime_types (person_id, crime_type) VALUES ('michael-paul-keech', 'child-molestation');
INSERT INTO sources (person_id, url) VALUES ('michael-paul-keech', 'https://goppredators.wordpress.com/2023/05/06/914-michael-paul-keech/');
INSERT INTO sources (person_id, url) VALUES ('michael-paul-keech', 'https://www.lexingtonchronicle.com/stories/former-west-columbia-youth-pastor-accused-of-sexually-abusing-teen-boy,30529');
INSERT INTO sources (person_id, url) VALUES ('michael-paul-keech', 'https://www.baptistpress.com/resource-library/news/former-south-carolina-youth-pastor-charged-with-criminal-sexual-conduct-of-minor/');
INSERT OR REPLACE INTO people (id, name, status, level, state, office, crime_description, summary, still_in_office, offense_year, conviction_year, event_date) VALUES ('trent-ivey', 'Trent Ivey', 'charged', 'local', 'TN', 'Pastor', 'Sexual Battery of Minors', 'Trent Ivey was a Southern Baptist youth pastor at Vestal Baptist Church in South Knox, Tennessee. He was arrested in 2021 for sexual battery with a 16 and 18-year-old girl.', NULL, NULL, NULL, '2023-05-03');
INSERT INTO crime_types (person_id, crime_type) VALUES ('trent-ivey', 'rape');
INSERT INTO crime_types (person_id, crime_type) VALUES ('trent-ivey', 'assault');
INSERT INTO sources (person_id, url) VALUES ('trent-ivey', 'https://goppredators.wordpress.com/2023/05/06/913-trent-ivey/');
INSERT INTO sources (person_id, url) VALUES ('trent-ivey', 'https://www.wvlt.tv/2022/09/16/knox-county-youth-pastor-arrested-sexual-battery/');
INSERT INTO sources (person_id, url) VALUES ('trent-ivey', 'https://t.co/Tebcs0Bzyr');
INSERT OR REPLACE INTO people (id, name, status, level, state, office, crime_description, summary, still_in_office, offense_year, conviction_year, event_date) VALUES ('ryan-scott-walsh', 'Ryan Scott Walsh', 'convicted', 'adjacent', 'FL', 'Pastor', 'Soliciting a Minor, Sexual Battery', 'Ryan Scott Walsh was a youth pastor at Gulf Breeze Methodist Church in Florida. Parents of a 13-year-old girl found inappropriate texts on her phone.', NULL, NULL, 2022, '2020-02-11');
INSERT INTO crime_types (person_id, crime_type) VALUES ('ryan-scott-walsh', 'rape');
INSERT INTO crime_types (person_id, crime_type) VALUES ('ryan-scott-walsh', 'assault');
INSERT INTO crime_types (person_id, crime_type) VALUES ('ryan-scott-walsh', 'solicitation');
INSERT INTO sources (person_id, url) VALUES ('ryan-scott-walsh', 'https://goppredators.wordpress.com/2023/05/06/912-ryan-scott-walsh/');
INSERT INTO sources (person_id, url) VALUES ('ryan-scott-walsh', 'https://www.pnj.com/story/news/crime/2020/02/10/gulf-breeze-youth-director-charged-lewd-and-lascivious-behavior/4714639002/');
INSERT INTO sources (person_id, url) VALUES ('ryan-scott-walsh', 'https://weartv.com/news/local/former-gulf-breeze-church-youth-director-sentenced-to-nearly-15-years-prison');
INSERT INTO sources (person_id, url) VALUES ('ryan-scott-walsh', 'https://onlysky.media/hemant-mehta/methodist-lawsuit-youth-pastor-sexual-assault-ryan-walsh/');
INSERT OR REPLACE INTO people (id, name, status, level, state, office, crime_description, summary, still_in_office, offense_year, conviction_year, event_date) VALUES ('timothy-jason-jeltema', 'Timothy Jason Jeltema', 'convicted', 'adjacent', 'TX', 'Pastor', 'Soliciting a Minor', 'Timothy Jason Jeltema was a youth pastor at Champion Forest Baptist Church in near Houston, Texas. He was arrested in 2018 about a month after the church fired him.', NULL, NULL, NULL, '2018-06-20');
INSERT INTO crime_types (person_id, crime_type) VALUES ('timothy-jason-jeltema', 'solicitation');
INSERT INTO sources (person_id, url) VALUES ('timothy-jason-jeltema', 'https://goppredators.wordpress.com/2023/05/06/911-timothy-jeltema/');
INSERT INTO sources (person_id, url) VALUES ('timothy-jason-jeltema', 'https://abc13.com/church-worker-plead-guilty-online-solicitation-nude-photos-champion-forest-baptist/12479043/');
INSERT INTO sources (person_id, url) VALUES ('timothy-jason-jeltema', 'https://www.baptistpress.com/resource-library/news/former-texas-student-minister-gets-five-years-in-guilty-sex-abuse-plea/');
INSERT OR REPLACE INTO people (id, name, status, level, state, office, crime_description, summary, still_in_office, offense_year, conviction_year, event_date) VALUES ('jonathan-myers', 'Jonathan Myers', 'charged', 'adjacent', 'IN', 'Pastor', 'Grooming, Child Molestation', 'Jonathan Mark Myers was a youth pastor and principal of a parochial school associated with the same church in Edinburgh, Indiana. As principal, he pursued an inappropriate relationship with a young girl.', NULL, NULL, NULL, NULL);
INSERT INTO crime_types (person_id, crime_type) VALUES ('jonathan-myers', 'child-molestation');
INSERT INTO crime_types (person_id, crime_type) VALUES ('jonathan-myers', 'grooming');
INSERT INTO sources (person_id, url) VALUES ('jonathan-myers', 'https://goppredators.wordpress.com/2023/05/06/910-jonathan-myers/');
INSERT INTO sources (person_id, url) VALUES ('jonathan-myers', 'https://fox59.com/news/court-docs-youth-pastor-groomed-teenager-took-her-away-from-home/');
INSERT INTO sources (person_id, url) VALUES ('jonathan-myers', 'https://www.thecouriertimes.com/former-youth-pastor-accused-of-sex-crimes-against-a-child/article_d7342d90-9d26-5cc9-bcff-edc712f8b672.html');
INSERT INTO sources (person_id, url) VALUES ('jonathan-myers', 'https://public.courts.in.gov/mycase/#/vw/CaseSummary/eyJ2Ijp7IkNhc2VUb2tlbiI6IjlBbUhpeUNLTzBkNkJpdy1JcmtqV2psOFJWVDFtM0xkUEZwSzNFUGNWdlExIn19');
INSERT OR REPLACE INTO people (id, name, status, level, state, office, crime_description, summary, still_in_office, offense_year, conviction_year, event_date) VALUES ('kyle-broussard', 'Kyle Broussard', 'convicted', 'adjacent', 'WA', '', 'Rape', 'Kyle Broussard is a member of Patriot Prayer. He was convicted of rape in 2021, but in March 2023, that conviction was reversed because the trial court excluded his roommate''s testimony that he was usually home, though uncertain if he was home the night of the alleged rape.', NULL, NULL, 2023, '2019-06-21');
INSERT INTO crime_types (person_id, crime_type) VALUES ('kyle-broussard', 'rape');
INSERT INTO sources (person_id, url) VALUES ('kyle-broussard', 'https://goppredators.wordpress.com/2023/05/06/909-kyle-broussard/');
INSERT INTO sources (person_id, url) VALUES ('kyle-broussard', 'https://psuvanguard.com/brawlt-right-antifa-squares-off-against-skinhead-proud-boy-rally/');
INSERT INTO sources (person_id, url) VALUES ('kyle-broussard', 'https://www.seattleweekly.com/news/freedom-hate-and-a-campus-divided/');
INSERT INTO sources (person_id, url) VALUES ('kyle-broussard', 'https://www.courts.wa.gov/opinions/pdf/830562.pdf');
INSERT INTO sources (person_id, url) VALUES ('kyle-broussard', 'https://t.co/h1DPezdORO');
INSERT INTO sources (person_id, url) VALUES ('kyle-broussard', 'https://t.co/w0BCax2jxW');
INSERT INTO sources (person_id, url) VALUES ('kyle-broussard', 'https://t.co/wPHwXCOyBP');
INSERT OR REPLACE INTO people (id, name, status, level, state, office, crime_description, summary, still_in_office, offense_year, conviction_year, event_date) VALUES ('robert-lee-west', 'Robert Lee West', 'convicted', 'adjacent', 'OR', '', 'Rape', 'Robert Lee West is a member of Patriot Prayer . He ran into trouble in Portland by doxxing police and city officials, filming their homes, and even threatening to film their children.', NULL, NULL, 1984, '2019-05-04');
INSERT INTO crime_types (person_id, crime_type) VALUES ('robert-lee-west', 'rape');
INSERT INTO sources (person_id, url) VALUES ('robert-lee-west', 'https://goppredators.wordpress.com/2023/05/06/908-robert-lee-west/');
INSERT INTO sources (person_id, url) VALUES ('robert-lee-west', 'https://cisac.fsi.stanford.edu/mappingmilitants/profiles/patriot-prayer');
INSERT INTO sources (person_id, url) VALUES ('robert-lee-west', 'https://web.archive.org/web/20190816214102/http://www.sexoffendersarchive.com/offender/view/1321273');
INSERT INTO sources (person_id, url) VALUES ('robert-lee-west', 'https://www.koin.com/news/pair-accused-of-trespassing-ppb-multnomah-da/');
INSERT INTO sources (person_id, url) VALUES ('robert-lee-west', 'https://t.co/cUU1RtrKja');
INSERT OR REPLACE INTO people (id, name, status, level, state, office, crime_description, summary, still_in_office, offense_year, conviction_year, event_date) VALUES ('alexander-hillel-treisman', 'Alexander Hillel Treisman', 'charged', 'adjacent', 'WA', '', 'Child Sex Abuse Material', 'Alexander Hillel Treisman planned to assassinate Joe Biden just one month before the 2020 election. He also talked of doing a mass shooting.', NULL, NULL, NULL, '2021-03-06');
INSERT INTO crime_types (person_id, crime_type) VALUES ('alexander-hillel-treisman', 'csam');
INSERT INTO crime_types (person_id, crime_type) VALUES ('alexander-hillel-treisman', 'assault');
INSERT INTO sources (person_id, url) VALUES ('alexander-hillel-treisman', 'https://goppredators.wordpress.com/2023/05/06/907-alexander-hillel-treisman/');
INSERT INTO sources (person_id, url) VALUES ('alexander-hillel-treisman', 'https://abc7ny.com/alexander-hillel-treisman-joe-biden-man-arrested-in-kannapolis-washington-for-plot-to-kill/7269379/');
INSERT INTO sources (person_id, url) VALUES ('alexander-hillel-treisman', 'https://www.huffingtonpost.co.uk/entry/alexander-hillel-treisman-kill-joe-biden_uk_5f92d916c5b6481d48fca151');
INSERT INTO sources (person_id, url) VALUES ('alexander-hillel-treisman', 'https://www.wbtv.com/2020/10/22/man-arrested-kannapolis-with-van-full-guns-explosives-researched-killing-joe-biden/');
INSERT INTO sources (person_id, url) VALUES ('alexander-hillel-treisman', 'https://drive.google.com/file/d/1tGtDbfhIpr6t6Nd1Fzj0eE3SbfQNlUGz/view');
INSERT OR REPLACE INTO people (id, name, status, level, state, office, crime_description, summary, still_in_office, offense_year, conviction_year, event_date) VALUES ('kevin-strom', 'Kevin Strom', 'convicted', 'adjacent', 'VA', '', 'Child Sex Abuse Material', 'Kevin Strom was a white nationalist and neo-Nazi who led National Vanguard , a short-lived splitter organization from the National Alliance. He was convicted of possessing child sex abuse material and sentenced to 23 months.', NULL, NULL, NULL, '2002-11-10');
INSERT INTO crime_types (person_id, crime_type) VALUES ('kevin-strom', 'csam');
INSERT INTO crime_types (person_id, crime_type) VALUES ('kevin-strom', 'assault');
INSERT INTO sources (person_id, url) VALUES ('kevin-strom', 'https://goppredators.wordpress.com/2023/05/06/906-kevin-strom/');
INSERT INTO sources (person_id, url) VALUES ('kevin-strom', 'https://extremismterms.adl.org/glossary/national-vanguard');
INSERT INTO sources (person_id, url) VALUES ('kevin-strom', 'https://web.archive.org/web/20170113200849/https://dailyprogress.com/news/white-nationalist-sentenced-in-child-porn-case/article_bf4ea3af-4f38-52c5-b8ae-92da98a824c5.html');
INSERT INTO sources (person_id, url) VALUES ('kevin-strom', 'https://www.c-ville.com/Strom_sentenced_for_child_porn/');
INSERT OR REPLACE INTO people (id, name, status, level, state, office, crime_description, summary, still_in_office, offense_year, conviction_year, event_date) VALUES ('jesse-shenk', 'Jesse Shenk', 'charged', 'local', 'CA', '', 'Soliciting a Minor', 'Jesse Shenk was a member of Goyim Defense League, an anti-Semitic hate group that most recently received attention for projecting "Kanye was right" on the field after a football game. They distribute anti-Semitic memes, posters, and other messaging.', NULL, NULL, NULL, NULL);
INSERT INTO crime_types (person_id, crime_type) VALUES ('jesse-shenk', 'solicitation');
INSERT INTO sources (person_id, url) VALUES ('jesse-shenk', 'https://goppredators.wordpress.com/2023/05/06/905-jesse-shenk/');
INSERT INTO sources (person_id, url) VALUES ('jesse-shenk', 'https://krcrtv.com/north-coast-news/eureka-local-news/2-arrested-in-del-norte-sheriffs-operation-targeting-online-child-sex-predators');
INSERT INTO sources (person_id, url) VALUES ('jesse-shenk', 'https://www.adl.org/resources/backgrounder/goyim-defense-league');
INSERT INTO sources (person_id, url) VALUES ('jesse-shenk', 'https://www.meganslaw.ca.gov/Search.aspx#');
INSERT OR REPLACE INTO people (id, name, status, level, state, office, crime_description, summary, still_in_office, offense_year, conviction_year, event_date) VALUES ('jarl-rockhill', 'Jarl Rockhill', 'alleged', 'adjacent', 'OR', '', 'Child Sex Abuse Material/Molestation', 'Jarl Rockhill (OR): Child Sex Abuse Material/Molestation.', NULL, NULL, NULL, NULL);
INSERT INTO crime_types (person_id, crime_type) VALUES ('jarl-rockhill', 'csam');
INSERT INTO crime_types (person_id, crime_type) VALUES ('jarl-rockhill', 'assault');
INSERT INTO sources (person_id, url) VALUES ('jarl-rockhill', 'https://goppredators.wordpress.com/2026/03/13/904-jarl-rockhill/');
INSERT OR REPLACE INTO people (id, name, status, level, state, office, crime_description, summary, still_in_office, offense_year, conviction_year, event_date) VALUES ('stephen-parshall', 'Stephen Parshall', 'convicted', 'adjacent', 'NV', '', 'Child Sex Abuse Material/Molestation', 'Stephen Parshall is one of the Boogaloo Bois and was part of a plot to create terror during the George Floyd and anti-lockdown protests. His stepdaughter alleged she was sexually abused by Parshall and one of his associates.', NULL, NULL, NULL, '2023-03-22');
INSERT INTO crime_types (person_id, crime_type) VALUES ('stephen-parshall', 'csam');
INSERT INTO crime_types (person_id, crime_type) VALUES ('stephen-parshall', 'assault');
INSERT INTO sources (person_id, url) VALUES ('stephen-parshall', 'https://goppredators.wordpress.com/2023/05/05/903-stephen-parshall/');
INSERT INTO sources (person_id, url) VALUES ('stephen-parshall', 'https://news3lv.com/news/local/arrest-report-3-accused-of-terror-charges-in-las-vegas-had-weapons-booby-traps#');
INSERT INTO sources (person_id, url) VALUES ('stephen-parshall', 'https://www.justice.gov/usao-nv/pr/las-vegas-man-pleads-guilty-child-sexual-exploitation');
INSERT INTO sources (person_id, url) VALUES ('stephen-parshall', 'https://news3lv.com/news/local/man-accused-in-las-vegas-boogaloo-boys-plot-pleads-guilty-to-child-sex-crimes-stephen-parshall-us-attorney-federal-charges-protests-fbi-southern-nevada');
INSERT INTO sources (person_id, url) VALUES ('stephen-parshall', 'https://www.reviewjournal.com/crime/courts/man-tied-to-boogaloo-movement-sentenced-for-child-sexual-exploitation-2743813/');
INSERT OR REPLACE INTO people (id, name, status, level, state, office, crime_description, summary, still_in_office, offense_year, conviction_year, event_date) VALUES ('john-cameron-denton', 'John Cameron Denton', 'alleged', 'adjacent', 'TX', '', 'Stephen Parshall', 'John Cameron Denton was the leader of Atomwaffen, the neo-Nazi terrorist group. He was also accused of sharing pornography during his trial for a swatting conspiracy that set 134 swatting events on journalists, a university, a church, a mosque, and members of marginalized groups.', NULL, NULL, NULL, '2020-03-15');
INSERT INTO crime_types (person_id, crime_type) VALUES ('john-cameron-denton', 'other');
INSERT INTO sources (person_id, url) VALUES ('john-cameron-denton', 'https://goppredators.wordpress.com/2023/05/05/902-john-cameron-denton/');
INSERT INTO sources (person_id, url) VALUES ('john-cameron-denton', 'https://www.washingtonpost.com/local/public-safety/alleged-former-atomwaffen-division-leader-shared-child-pornography-prosecutors-allege-in-va-court/2020/03/13/ea6ced0c-6544-11ea-acca-80c22bbee96f_story.html');
INSERT INTO sources (person_id, url) VALUES ('john-cameron-denton', 'https://www.vice.com/en/article/k7qagy/jailed-ex-atomwaffen-division-leader-needs-some-lord-of-the-rings');
INSERT INTO sources (person_id, url) VALUES ('john-cameron-denton', 'https://cisac.fsi.stanford.edu/mappingmilitants/profiles/atomwaffen-division');
INSERT OR REPLACE INTO people (id, name, status, level, state, office, crime_description, summary, still_in_office, offense_year, conviction_year, event_date) VALUES ('james-mason', 'James Mason', 'charged', 'adjacent', 'OH', '', 'Child Sex Abuse Material/Molestation', 'James Mason is a neo-Nazi, a member of Atomwaffen. He''s an ideological leader of the American Nazis, arguing that mass action and organizing will never bring them to power and advocating for terrorism to destabilize the government instead.', NULL, NULL, NULL, '1992-04-22');
INSERT INTO crime_types (person_id, crime_type) VALUES ('james-mason', 'csam');
INSERT INTO crime_types (person_id, crime_type) VALUES ('james-mason', 'assault');
INSERT INTO sources (person_id, url) VALUES ('james-mason', 'https://goppredators.wordpress.com/2023/05/05/901-james-mason/');
INSERT INTO sources (person_id, url) VALUES ('james-mason', 'https://www.splcenter.org/fighting-hate/extremist-files/individual/james-mason');
INSERT INTO sources (person_id, url) VALUES ('james-mason', 'https://bridge.georgetown.edu/research/factsheet-james-mason/');
INSERT OR REPLACE INTO people (id, name, status, level, state, office, crime_description, summary, still_in_office, offense_year, conviction_year, event_date) VALUES ('nathan-larson', 'Nathan Larson', 'convicted', 'adjacent', 'VA', '', 'Grooming, Kidnapping', 'Nathan Larson was a white supremacist and pedophile advocate. He ran for office as an independent.', NULL, NULL, NULL, NULL);
INSERT INTO crime_types (person_id, crime_type) VALUES ('nathan-larson', 'grooming');
INSERT INTO sources (person_id, url) VALUES ('nathan-larson', 'https://goppredators.wordpress.com/2023/05/05/900-nathan-larson/');
INSERT INTO sources (person_id, url) VALUES ('nathan-larson', 'https://www.washingtonpost.com/news/local/wp/2018/06/01/hes-pro-incest-pedophilia-and-rape-hes-also-running-for-congress-from-his-parents-house/');
INSERT INTO sources (person_id, url) VALUES ('nathan-larson', 'https://www.sacbee.com/news/california/article267442257.html');
INSERT OR REPLACE INTO people (id, name, status, level, state, office, crime_description, summary, still_in_office, offense_year, conviction_year, event_date) VALUES ('james-comer', 'James Comer', 'alleged', 'adjacent', 'KY', '', 'Domestic Violence', 'James Comer is the Chair of the House Oversight and Accountability Committee who has made the committee into a conspiracy-mill. However, he has been credibly accused by an ex-girlfriend of being physically abusive and of getting her pregnant and taking her for an abortion.', NULL, NULL, NULL, '2015-05-06');
INSERT INTO crime_types (person_id, crime_type) VALUES ('james-comer', 'domestic-violence');
INSERT INTO sources (person_id, url) VALUES ('james-comer', 'https://goppredators.wordpress.com/2023/05/05/899-james-comer/');
INSERT INTO sources (person_id, url) VALUES ('james-comer', 'https://rollcall.com/2023/01/31/house-democrats-cry-foul-elimination-civil-rights-panel/');
INSERT INTO sources (person_id, url) VALUES ('james-comer', 'https://www.courier-journal.com/story/news/politics/elections/kentucky/2015/05/08/claims-comer-backed-nd-roommate/27001701/');
INSERT INTO sources (person_id, url) VALUES ('james-comer', 'https://jezebel.com/james-comer-abuse-allegation-letter-1850278644');
INSERT INTO sources (person_id, url) VALUES ('james-comer', 'https://www.tumblr.com/youwantbloodyouvegotit/146593145803/allegation-of-james-comers-domestic-violence-the');
INSERT OR REPLACE INTO people (id, name, status, level, state, office, crime_description, summary, still_in_office, offense_year, conviction_year, event_date) VALUES ('michael-scott-langton', 'Michael Scott Langton', 'alleged', 'adjacent', 'WA', 'Police Officer', 'Solicited Child Molestation', 'Michael Scott Langton was a police officer in Ferndale, Washington. After the Insurrection, he tried to join the Oath Keepers.', NULL, NULL, NULL, '2022-08-24');
INSERT INTO crime_types (person_id, crime_type) VALUES ('michael-scott-langton', 'child-molestation');
INSERT INTO crime_types (person_id, crime_type) VALUES ('michael-scott-langton', 'solicitation');
INSERT INTO sources (person_id, url) VALUES ('michael-scott-langton', 'https://goppredators.wordpress.com/2023/05/05/898-michael-scott-langton/');
INSERT INTO sources (person_id, url) VALUES ('michael-scott-langton', 'https://www.bellinghamherald.com/news/local/crime/article263979811.html');
INSERT INTO sources (person_id, url) VALUES ('michael-scott-langton', 'https://www.thenorthernlight.com/stories/ferndale-cop-walks-from-underage-sex-solicitation-charge,23811');
INSERT OR REPLACE INTO people (id, name, status, level, state, office, crime_description, summary, still_in_office, offense_year, conviction_year, event_date) VALUES ('warren-jeffs', 'Warren Jeffs', 'alleged', 'adjacent', 'TX', '', 'Rape, Child Molesttion', 'Warren Jeffs is the leader of a reactionary Mormon cult that defies the official church by continuing to practice polygamy. He raped multiple children, fathered children by children, and married several children.', NULL, NULL, NULL, NULL);
INSERT INTO crime_types (person_id, crime_type) VALUES ('warren-jeffs', 'rape');
INSERT INTO crime_types (person_id, crime_type) VALUES ('warren-jeffs', 'child-molestation');
INSERT INTO sources (person_id, url) VALUES ('warren-jeffs', 'https://goppredators.wordpress.com/2023/05/05/897-warren-jeffs/');
INSERT INTO sources (person_id, url) VALUES ('warren-jeffs', 'https://abcnews.go.com/US/warren-jeffs-guilty-child-rape/story?id=14228198');
INSERT INTO sources (person_id, url) VALUES ('warren-jeffs', 'https://www.cnet.com/culture/entertainment/keep-sweet-pray-and-obey-what-happened-to-warren-jeffs-and-the-flds/');
INSERT OR REPLACE INTO people (id, name, status, level, state, office, crime_description, summary, still_in_office, offense_year, conviction_year, event_date) VALUES ('august-kreis', 'August Kreis', 'convicted', 'adjacent', 'SC', '', 'Child Molestation', 'August Kreis was a leader of the Aryan Nation. He was convicted in 2015 of sexually assaulting three underage girls and giving them obscene materials.', NULL, NULL, 2015, NULL);
INSERT INTO crime_types (person_id, crime_type) VALUES ('august-kreis', 'child-molestation');
INSERT INTO sources (person_id, url) VALUES ('august-kreis', 'https://goppredators.wordpress.com/2023/05/05/896-august-kreis/');
INSERT INTO sources (person_id, url) VALUES ('august-kreis', 'https://www.wistv.com/story/30458204/ex-aryan-nation-leader-sentenced-on-sexual-assault-charge/');
INSERT INTO sources (person_id, url) VALUES ('august-kreis', 'https://myfox8.com/news/former-white-supremacy-leader-charged-with-sexual-assault/');
INSERT INTO sources (person_id, url) VALUES ('august-kreis', 'https://www.splcenter.org/fighting-hate/extremist-files/individual/august-kreis');
INSERT OR REPLACE INTO people (id, name, status, level, state, office, crime_description, summary, still_in_office, offense_year, conviction_year, event_date) VALUES ('jonathan-charles-koch', 'Jonathan Charles Koch', 'convicted', 'adjacent', 'IA', '', 'Child Sex Abuse Material', 'Jonathan Charles Koch is a white supremacist who was identified as the person who put up "It''s OK to be white" stickers on a pedestrian mall near MERGE, a co-working place. He is also a convicted sex offender.', NULL, NULL, NULL, NULL);
INSERT INTO crime_types (person_id, crime_type) VALUES ('jonathan-charles-koch', 'csam');
INSERT INTO crime_types (person_id, crime_type) VALUES ('jonathan-charles-koch', 'assault');
INSERT INTO sources (person_id, url) VALUES ('jonathan-charles-koch', 'https://goppredators.wordpress.com/2023/05/05/895-jonathan-charles-koch/');
INSERT INTO sources (person_id, url) VALUES ('jonathan-charles-koch', 'https://littlevillagemag.com/ped-mall-sticker-man-id/');
INSERT INTO sources (person_id, url) VALUES ('jonathan-charles-koch', 'https://law.justia.com/cases/federal/appellate-courts/ca8/10-1789/101789p-2011-02-25.html');
INSERT OR REPLACE INTO people (id, name, status, level, state, office, crime_description, summary, still_in_office, offense_year, conviction_year, event_date) VALUES ('michael-alan-jones', 'Michael Alan Jones', 'convicted', 'adjacent', 'NC', '', 'Child Molestation', 'Michael Alan Jones is an insurrectionist and joined the Proud Boys on January 6th. He is also a member of the Patriot Front.', NULL, NULL, 2019, '2022-07-26');
INSERT INTO crime_types (person_id, crime_type) VALUES ('michael-alan-jones', 'child-molestation');
INSERT INTO sources (person_id, url) VALUES ('michael-alan-jones', 'https://goppredators.wordpress.com/2023/05/04/894-michael-alan-jones/');
INSERT INTO sources (person_id, url) VALUES ('michael-alan-jones', 'https://myfox8.com/news/alamance-county-deputies-charge-man-with-three-counts-of-statutory-sex-offense/');
INSERT INTO sources (person_id, url) VALUES ('michael-alan-jones', 'https://www.rawstory.com/he-stormed-the-capitol-with-the-proud-boys-and-organized-comms-for-patriot-front-but-it-took-a-traffic-stop-to-expose-michael-jones/');
INSERT INTO sources (person_id, url) VALUES ('michael-alan-jones', 'https://t.co/1n8PmmCXBW');
INSERT OR REPLACE INTO people (id, name, status, level, state, office, crime_description, summary, still_in_office, offense_year, conviction_year, event_date) VALUES ('andrew-hazelton', 'Andrew Hazelton', 'convicted', 'adjacent', 'ME', '', 'Child Sex Abuse Material', 'Andrew Hazelton is a neo-Nazi, a January 6th insurrectionists, and a member of the National Socialist Club . He is also the son of a local Westford, ME, politician In 2021, his employer called the police concerned that he might shoot up his workplace as the employer was planning to fire him.', NULL, NULL, NULL, '2021-05-06');
INSERT INTO crime_types (person_id, crime_type) VALUES ('andrew-hazelton', 'csam');
INSERT INTO crime_types (person_id, crime_type) VALUES ('andrew-hazelton', 'assault');
INSERT INTO sources (person_id, url) VALUES ('andrew-hazelton', 'https://goppredators.wordpress.com/2023/05/04/893-andrew-hazelton/');
INSERT INTO sources (person_id, url) VALUES ('andrew-hazelton', 'https://www.adl.org/resources/backgrounders/nationalist-social-club-nsc');
INSERT INTO sources (person_id, url) VALUES ('andrew-hazelton', 'https://www.lowellsun.com/2021/05/07/andrew-hazelton-reputed-neonazi-and-son-of-westford-select-board-member-scott-hazelton-arrested-on-child-porn-charges/');
INSERT INTO sources (person_id, url) VALUES ('andrew-hazelton', 'https://www.pressherald.com/2022/01/28/portland-man-sentenced-to-5-years-in-child-porn-case/');
INSERT INTO sources (person_id, url) VALUES ('andrew-hazelton', 'https://newenglandwhitesupremacists.com/andrew-hazelton/');
INSERT INTO sources (person_id, url) VALUES ('andrew-hazelton', 'https://www.lowellsun.com/2021/05/07/andrew-hazelton-reputed-neonazi-and-son-of-westford-select-board-member-scott-hazelton-arrested-on-child-porn-charges/?share=twitter&amp;nb=1');
INSERT OR REPLACE INTO people (id, name, status, level, state, office, crime_description, summary, still_in_office, offense_year, conviction_year, event_date) VALUES ('michael-scott-geiger', 'Michael Scott Geiger', 'charged', 'adjacent', 'OK', '', 'Kidnapping, Rape, Murder', 'Michael Scott Geiger is a white nationalist, a member of Aryan Brotherhood and a child predator who kidnapped, raped, and murdered a two-year-old child in Enid, Oklahoma. Law & Crime: Prosecutors Seek Death Penalty for Aryan Brotherhood Member Accused of Raping 2-Year-Old and Throwing Her into Motel', NULL, NULL, NULL, '2022-04-29');
INSERT INTO crime_types (person_id, crime_type) VALUES ('michael-scott-geiger', 'rape');
INSERT INTO crime_types (person_id, crime_type) VALUES ('michael-scott-geiger', 'murder');
INSERT INTO sources (person_id, url) VALUES ('michael-scott-geiger', 'https://goppredators.wordpress.com/2023/05/04/892-michael-scott-geiger/');
INSERT INTO sources (person_id, url) VALUES ('michael-scott-geiger', 'https://lawandcrime.com/crime/prosecutors-seek-death-penalty-for-aryan-brotherhood-member-accused-of-raping-2-year-old-and-throwing-her-into-motel-pool-to-die/');
INSERT INTO sources (person_id, url) VALUES ('michael-scott-geiger', 'https://www.enidnews.com/news/man-charged-in-sexual-assault-death-of-toddler-appears-in-court/article_98e2b446-384e-11ed-a2f6-f7f3dd314d26.html');
INSERT OR REPLACE INTO people (id, name, status, level, state, office, crime_description, summary, still_in_office, offense_year, conviction_year, event_date) VALUES ('peter-mitchell-gaughenbaugh', 'Peter Mitchell Gaughenbaugh', 'alleged', 'adjacent', 'FL', '', 'Child Sex Abuse Material', 'Peter Mitchell Gaughenbaugh was a member of the National Alliance, one of the largest white supremacist organizations in the U.S. He joined the Hammerskins, a racist skinhead group.', NULL, NULL, NULL, NULL);
INSERT INTO crime_types (person_id, crime_type) VALUES ('peter-mitchell-gaughenbaugh', 'csam');
INSERT INTO crime_types (person_id, crime_type) VALUES ('peter-mitchell-gaughenbaugh', 'assault');
INSERT INTO sources (person_id, url) VALUES ('peter-mitchell-gaughenbaugh', 'https://goppredators.wordpress.com/2023/05/04/891-peter-gaughenbaugh/');
INSERT INTO sources (person_id, url) VALUES ('peter-mitchell-gaughenbaugh', 'https://web.archive.org/web/20191108063512/https://offender.fdle.state.fl.us/offender/sops/flyer.jsf?personId=48838');
INSERT INTO sources (person_id, url) VALUES ('peter-mitchell-gaughenbaugh', 'https://www.floridatrend.com/print/article/10682');
INSERT INTO sources (person_id, url) VALUES ('peter-mitchell-gaughenbaugh', 'https://itsgoingdown.org/this-week-in-fascism-35-groypers-come-home-to-roost/');
INSERT OR REPLACE INTO people (id, name, status, level, state, office, crime_description, summary, still_in_office, offense_year, conviction_year, event_date) VALUES ('matthew-fairfield', 'Matthew Fairfield', 'convicted', 'adjacent', 'OH', '', 'Child Sex Abuse Material', 'Matthew Fairfield was a member of the Oath Keepers. He was arrested in the course of a mortgage fraud investigation.', NULL, NULL, NULL, '2011-05-16');
INSERT INTO crime_types (person_id, crime_type) VALUES ('matthew-fairfield', 'csam');
INSERT INTO crime_types (person_id, crime_type) VALUES ('matthew-fairfield', 'assault');
INSERT INTO sources (person_id, url) VALUES ('matthew-fairfield', 'https://goppredators.wordpress.com/2023/05/04/890-matthew-fairfield/');
INSERT INTO sources (person_id, url) VALUES ('matthew-fairfield', 'https://www.akronlegalnews.com/editorial/10997');
INSERT INTO sources (person_id, url) VALUES ('matthew-fairfield', 'https://www.cleveland.com/sunpostherald/2011/09/north_olmsted_man_jailed_for_e.html');
INSERT INTO sources (person_id, url) VALUES ('matthew-fairfield', 'https://www.adl.org/resources/backgrounder/oath-keepers');
INSERT OR REPLACE INTO people (id, name, status, level, state, office, crime_description, summary, still_in_office, offense_year, conviction_year, event_date) VALUES ('david-depape', 'David DePape', 'alleged', 'adjacent', 'CA', '', 'Child Molestation', 'David DePape is more widely known as the man who attacked Paul Pelosi with a hammer after breaking into the Pelosi home looking for Nancy. However, his stepdaughter came forward claiming he is a monster who abused her and her brothers physically and sexually.', NULL, NULL, NULL, '2022-10-30');
INSERT INTO crime_types (person_id, crime_type) VALUES ('david-depape', 'child-molestation');
INSERT INTO sources (person_id, url) VALUES ('david-depape', 'https://goppredators.wordpress.com/2023/05/04/889-david-depape/');
INSERT INTO sources (person_id, url) VALUES ('david-depape', 'https://meaww.com/inti-gonzalez-reveals-paul-pelosis-attacker-sexually-abused-her-and-her-brothers');
INSERT INTO sources (person_id, url) VALUES ('david-depape', 'https://www.foxnews.com/us/paul-pelosi-attacker-david-depape-daughter-describes-him-abusive-father-tried-be-good-person');
INSERT OR REPLACE INTO people (id, name, status, level, state, office, crime_description, summary, still_in_office, offense_year, conviction_year, event_date) VALUES ('frank-collin', 'Frank Collin', 'convicted', 'state', 'IL', '', 'Child Molestation', 'Francis Joseph (Frank) Collin founded the National Socialist Party of America. He also molested young boys and took pictures.', NULL, NULL, NULL, '1980-03-15');
INSERT INTO crime_types (person_id, crime_type) VALUES ('frank-collin', 'child-molestation');
INSERT INTO sources (person_id, url) VALUES ('frank-collin', 'https://goppredators.wordpress.com/2023/05/04/888-francis-frank-collin/');
INSERT INTO sources (person_id, url) VALUES ('frank-collin', 'https://www.foxnews.com/politics/nazis-and-anti-semites-slip-through-gop-primaries-causing-headaches-for-party');
INSERT INTO sources (person_id, url) VALUES ('frank-collin', 'https://en.wikipedia.org/wiki/Frank_Collin');
INSERT INTO sources (person_id, url) VALUES ('frank-collin', 'https://www.nytimes.com/1977/07/22/archives/troubles-multiply-for-nazi-leader-in-chicago-suburb.html');
INSERT OR REPLACE INTO people (id, name, status, level, state, office, crime_description, summary, still_in_office, offense_year, conviction_year, event_date) VALUES ('robert-george-bierer', 'Robert George Bierer', 'convicted', 'adjacent', 'MO', '', 'Child Sex Abuse Material', 'Robert George Bierer has been identified as a member of the Proud Boys and the 3% by anti-fascists or Antifa. He is also convicted of possessing child sexual abuse material.', NULL, NULL, NULL, NULL);
INSERT INTO crime_types (person_id, crime_type) VALUES ('robert-george-bierer', 'csam');
INSERT INTO crime_types (person_id, crime_type) VALUES ('robert-george-bierer', 'assault');
INSERT INTO sources (person_id, url) VALUES ('robert-george-bierer', 'https://goppredators.wordpress.com/2023/05/04/887-robert-george-bierer/');
INSERT INTO sources (person_id, url) VALUES ('robert-george-bierer', 'https://antifainternational.tumblr.com/post/170045856829/our-updated-list-of-racists-bigots-far-right');
INSERT INTO sources (person_id, url) VALUES ('robert-george-bierer', 'https://www.homefacts.com/offender-detail/MO75938537/Robert-George-Bierer-3rd.html');
INSERT OR REPLACE INTO people (id, name, status, level, state, office, crime_description, summary, still_in_office, offense_year, conviction_year, event_date) VALUES ('patricia-kent', 'Patricia Kent', 'alleged', 'local', 'UT', 'Teacher', 'Grooming, Sexual Misconduct', 'Patricia Kent was a teacher and ran a write-in campaign for county clerk/auditor in Washington County, Utah. Her message was pushing the Big Lie and promising accountable elections.', NULL, NULL, NULL, '1998-01-16');
INSERT INTO crime_types (person_id, crime_type) VALUES ('patricia-kent', 'grooming');
INSERT INTO sources (person_id, url) VALUES ('patricia-kent', 'https://goppredators.wordpress.com/2023/05/04/886-patricia-kent/');
INSERT INTO sources (person_id, url) VALUES ('patricia-kent', 'https://www.kent4clerk.com/about-me');
INSERT INTO sources (person_id, url) VALUES ('patricia-kent', 'https://web.archive.org/web/20221123194536/https://www.sltrib.com/news/politics/2022/11/20/founder-group-that-fought-drag/');
INSERT INTO sources (person_id, url) VALUES ('patricia-kent', 'https://www.deseret.com/1998/1/18/19358323/certificate-revoked-for-former-teacher');
INSERT OR REPLACE INTO people (id, name, status, level, state, office, crime_description, summary, still_in_office, offense_year, conviction_year, event_date) VALUES ('matthew-g-barszcz', 'Matthew G. Barszcz', 'convicted', 'adjacent', 'ID', '', 'Child Sexual Abuse Material', 'Matthew G. Barszcz (ID): Child Sexual Abuse Material.', NULL, NULL, NULL, NULL);
INSERT INTO crime_types (person_id, crime_type) VALUES ('matthew-g-barszcz', 'csam');
INSERT INTO crime_types (person_id, crime_type) VALUES ('matthew-g-barszcz', 'assault');
INSERT INTO sources (person_id, url) VALUES ('matthew-g-barszcz', 'https://goppredators.wordpress.com/2023/05/04/885-matthew-g-barszcz/');
INSERT INTO sources (person_id, url) VALUES ('matthew-g-barszcz', 'https://www.krem.com/article/news/crime/coeur-dalene-man-faces-20-years-prison-child-pornography/293-9611d6f8-268c-4e72-bb3a-2f064acaf0f3');
INSERT INTO sources (person_id, url) VALUES ('matthew-g-barszcz', 'https://cdapress.com/news/2021/jun/22/trial-date-set-child-porn-case/');
INSERT OR REPLACE INTO people (id, name, status, level, state, office, crime_description, summary, still_in_office, offense_year, conviction_year, event_date) VALUES ('joshua-barnard', 'Joshua Barnard', 'charged', 'local', 'SC', '', 'Sexual Exploitation of a Minor', 'Joshua Barnard is one of the Boogaloo Bois, an extreme anti-government group advocating for civil war without a clear ideology other than being pro-gun and pro-violence. Barnard was arrested for suspicion of breaking into a motor vehicle, looting, larceny, aggravated breach of peace, and instigating', NULL, NULL, NULL, '2020-06-13');
INSERT INTO crime_types (person_id, crime_type) VALUES ('joshua-barnard', 'csam');
INSERT INTO sources (person_id, url) VALUES ('joshua-barnard', 'https://goppredators.wordpress.com/2023/05/03/884-joshua-barnard/');
INSERT INTO sources (person_id, url) VALUES ('joshua-barnard', 'https://www.informant.news/p/the-boogaloo-cases');
INSERT INTO sources (person_id, url) VALUES ('joshua-barnard', 'https://www.rcsd.net/tag/extremists/');
INSERT INTO sources (person_id, url) VALUES ('joshua-barnard', 'https://www.wistv.com/2020/06/12/man-identified-boogaloo-member-arrested-child-sex-crime-more-protest-agitators-wanted/');
INSERT OR REPLACE INTO people (id, name, status, level, state, office, crime_description, summary, still_in_office, offense_year, conviction_year, event_date) VALUES ('david-ray-barker', 'David Ray Barker', 'convicted', 'adjacent', 'TX', '', 'Child Indecency', 'David Ray Barker is a white nationalist and affiliated with the Texas Patriot Network , a violent, radical group . In 2001, he was convicted in two separate cases of indecency with a child by contact .', NULL, NULL, 2001, NULL);
INSERT INTO crime_types (person_id, crime_type) VALUES ('david-ray-barker', 'other');
INSERT INTO sources (person_id, url) VALUES ('david-ray-barker', 'https://goppredators.wordpress.com/2023/05/03/883-david-ray-barker/');
INSERT INTO sources (person_id, url) VALUES ('david-ray-barker', 'https://itsgoingdown.org/leaked-audio-reveals-militias-plans-to-attack-houston-protesters/');
INSERT INTO sources (person_id, url) VALUES ('david-ray-barker', 'https://www.thedailybeast.com/those-motherfkers-are-dead-meat-far-right-militia-threatens-muslims-on-leaked-audio');
INSERT INTO sources (person_id, url) VALUES ('david-ray-barker', 'https://statutes.capitol.texas.gov/docs/pe/htm/pe.21.htm');
INSERT OR REPLACE INTO people (id, name, status, level, state, office, crime_description, summary, still_in_office, offense_year, conviction_year, event_date) VALUES ('steve-wukmer', 'Steve Wukmer', 'charged', 'local', 'AL', 'Pastor', 'Child Sexual Abuse Material', 'Steve Wukmer was on the staff at Agape Christian Boarding School, infamous for allegations of abuse, neglect, and trafficking. He was also a children''s minister in Ohio.', NULL, NULL, NULL, '2022-11-22');
INSERT INTO crime_types (person_id, crime_type) VALUES ('steve-wukmer', 'csam');
INSERT INTO crime_types (person_id, crime_type) VALUES ('steve-wukmer', 'assault');
INSERT INTO sources (person_id, url) VALUES ('steve-wukmer', 'https://goppredators.wordpress.com/2023/05/03/882-steve-wukmer/');
INSERT INTO sources (person_id, url) VALUES ('steve-wukmer', 'https://www.ozarksfirst.com/news/kolr-10-investigates/former-missouri-boarding-school-teacher-arrested-on-215-child-porn-charges-in-alabama/');
INSERT INTO sources (person_id, url) VALUES ('steve-wukmer', 'https://www.waaytv.com/news/former-dekalb-county-childrens-minister-indicted-on-200-child-pornography-charges/article_9eb11f12-b91c-11ed-909d-1f4cfacaeadd.html');
INSERT INTO sources (person_id, url) VALUES ('steve-wukmer', 'https://www.dekalbcountysheriff.org/roster_view.php?booking_num=60565');
INSERT OR REPLACE INTO people (id, name, status, level, state, office, crime_description, summary, still_in_office, offense_year, conviction_year, event_date) VALUES ('jeffrey-williams', 'Jeffrey Williams', 'convicted', 'adjacent', 'CO', 'Pastor', 'Inappropriate communications', 'Jeffrey Williams Jeffrey Williams was a Salvation Army youth pastor in Fountain, Colorado. He was arrested in October, 2022, for sending sexually explicit inappropriate material to a minor.', NULL, NULL, 2023, '2023-10-12');
INSERT INTO crime_types (person_id, crime_type) VALUES ('jeffrey-williams', 'grooming');
INSERT INTO sources (person_id, url) VALUES ('jeffrey-williams', 'https://goppredators.wordpress.com/2023/05/02/881-jeffery-williams/');
INSERT INTO sources (person_id, url) VALUES ('jeffrey-williams', 'https://krdo.com/news/2022/11/10/fountain-police-arrest-former-youth-pastor-on-unlawful-sexual-communication-charge/');
INSERT INTO sources (person_id, url) VALUES ('jeffrey-williams', 'https://www.fox21news.com/news/youth-pastor-sent-sexual-material-to-minor-police-say/');
INSERT INTO sources (person_id, url) VALUES ('jeffrey-williams', 'https://www.kktv.com/2023/10/18/former-pikes-peak-region-youth-pastor-convicted-sexually-exploiting-child/');
INSERT OR REPLACE INTO people (id, name, status, level, state, office, crime_description, summary, still_in_office, offense_year, conviction_year, event_date) VALUES ('david-lynn-richards', 'David Lynn Richards', 'convicted', 'adjacent', 'TX', 'Pastor', 'Rape, Incest', 'David Lynn Richards was the pastor of My Father''s House in Lenoir City, Tennessee. When his adopted daughter was sixteen years old, she told her guidance counselor that her father put her hand down his pants.', NULL, NULL, NULL, '2019-02-12');
INSERT INTO crime_types (person_id, crime_type) VALUES ('david-lynn-richards', 'rape');
INSERT INTO crime_types (person_id, crime_type) VALUES ('david-lynn-richards', 'incest');
INSERT INTO sources (person_id, url) VALUES ('david-lynn-richards', 'https://goppredators.wordpress.com/2023/05/02/880-david-lynn-richards/');
INSERT INTO sources (person_id, url) VALUES ('david-lynn-richards', 'https://meaww.com/ex-tennessee-pastor-repeatedly-raped-adopted-daughter-sentenced-12-years-in-prison');
INSERT INTO sources (person_id, url) VALUES ('david-lynn-richards', 'https://www.knoxnews.com/story/news/crime/2019/05/18/knox-judge-steve-sword-criticism-david-lynn-richards/3706527002/');
INSERT INTO sources (person_id, url) VALUES ('david-lynn-richards', 'https://www.knoxnews.com/story/news/crime/2022/10/26/former-lenoir-city-pastor-loses-bid-to-overturn-rape-conviction/69586048007/');
INSERT OR REPLACE INTO people (id, name, status, level, state, office, crime_description, summary, still_in_office, offense_year, conviction_year, event_date) VALUES ('bud-marty-may', 'Bud Marty May', 'charged', 'adjacent', 'SD', '', 'Rape', 'Bud ‘Marty’ May, who lost the race for South Dakota House District 27 to his mother, was arrested a week after the 2022 election and charged with rape. It happened in a bar bathroom.', NULL, NULL, NULL, '2022-11-15');
INSERT INTO crime_types (person_id, crime_type) VALUES ('bud-marty-may', 'rape');
INSERT INTO sources (person_id, url) VALUES ('bud-marty-may', 'https://goppredators.wordpress.com/2023/05/02/879-bud-marty-may/');
INSERT INTO sources (person_id, url) VALUES ('bud-marty-may', 'https://dakotafreepress.com/2022/11/14/district-27-house-candidate-bud-may-arrested-for-rape-five-days-after-losing-election/');
INSERT OR REPLACE INTO people (id, name, status, level, state, office, crime_description, summary, still_in_office, offense_year, conviction_year, event_date) VALUES ('david-lloyd-walther', 'David Lloyd Walther', 'convicted', 'adjacent', 'TX', 'Pastor', 'Child Sexual Abuse Material', 'David Lloyd Walter David Lloyd Walther was the pastor of Faith Baptist Church, an anti-gay church in Round Rock, Texas. He also was arrested and faces federal charges for distribution, receipt, transportation and possession of child sexual abuse material.', NULL, NULL, NULL, '2023-06-27');
INSERT INTO crime_types (person_id, crime_type) VALUES ('david-lloyd-walther', 'csam');
INSERT INTO crime_types (person_id, crime_type) VALUES ('david-lloyd-walther', 'assault');
INSERT INTO sources (person_id, url) VALUES ('david-lloyd-walther', 'https://goppredators.wordpress.com/2023/05/02/878-david-lloyd-walther/');
INSERT INTO sources (person_id, url) VALUES ('david-lloyd-walther', 'https://www.justice.gov/usao-wdtx/pr/fbi-arrests-round-rock-pastor-child-pornography');
INSERT INTO sources (person_id, url) VALUES ('david-lloyd-walther', 'https://www.star-telegram.com/news/state/texas/article268740422.html');
INSERT INTO sources (person_id, url) VALUES ('david-lloyd-walther', 'https://lawandcrime.com/crime/texas-pastor-caught-with-bdsm-and-bestiality-themed-child-pornography-voluntarily-admitted-he-has-an-addiction-feds-say/');
INSERT INTO sources (person_id, url) VALUES ('david-lloyd-walther', 'https://www.nbcnews.com/news/crime-courts/texas-pastor-pleads-guilty-possession-child-sex-abuse-images-rcna92329');
INSERT OR REPLACE INTO people (id, name, status, level, state, office, crime_description, summary, still_in_office, offense_year, conviction_year, event_date) VALUES ('leticia-mccormack', 'Leticia McCormack', 'charged', 'local', 'CA', '', 'Child Abuse, Murder, Torture', 'Leticia McCormack was an elder and, soon-to-be-ordained at The Rock Church, an anti-gay archconservative FourSquare Evangelical church in San Diego. She and her parents were charged with child abuse and the murder of her adopted daughter.', NULL, NULL, NULL, '2022-11-11');
INSERT INTO crime_types (person_id, crime_type) VALUES ('leticia-mccormack', 'murder');
INSERT INTO sources (person_id, url) VALUES ('leticia-mccormack', 'https://goppredators.wordpress.com/2023/05/02/877-leticia-mccormack/');
INSERT INTO sources (person_id, url) VALUES ('leticia-mccormack', 'https://www.sdsheriff.gov/Home/Components/News/News/1613/16');
INSERT INTO sources (person_id, url) VALUES ('leticia-mccormack', 'https://www.nbcsandiego.com/news/investigations/shocking-details-emerge-in-adopted-girls-child-abuse-death-investigation/3110091/');
INSERT INTO sources (person_id, url) VALUES ('leticia-mccormack', 'https://www.cbs8.com/article/news/investigations/adoptive-family-members-held-no-bail-death-of-11-year-old-girl/509-ef1e7c27-a350-49dd-b809-88207de6460b');
INSERT OR REPLACE INTO people (id, name, status, level, state, office, crime_description, summary, still_in_office, offense_year, conviction_year, event_date) VALUES ('matthew-foster', 'Matthew Foster', 'alleged', 'state', 'ME', '', 'Child Molestation/Rape Culture', 'Matthew Foster was the District Attorney for Washington and Hancock counties in Maine. A Republican, he was defeated in his run for a third term in October 2022 perhaps because he was caught in a life during a candidate forum.', NULL, NULL, NULL, NULL);
INSERT INTO crime_types (person_id, crime_type) VALUES ('matthew-foster', 'rape');
INSERT INTO crime_types (person_id, crime_type) VALUES ('matthew-foster', 'child-molestation');
INSERT INTO crime_types (person_id, crime_type) VALUES ('matthew-foster', 'harassment');
INSERT INTO sources (person_id, url) VALUES ('matthew-foster', 'https://goppredators.wordpress.com/2023/05/02/876-matthew-foster/');
INSERT INTO sources (person_id, url) VALUES ('matthew-foster', 'https://www.change.org/p/hancock-county-maine-da-matt-foster-prosecute-my-sexual-abuse-case');
INSERT INTO sources (person_id, url) VALUES ('matthew-foster', 'https://barharborstory.com/2022/11/06/district-attorney-caught-in-lie-during-october-candidate-forum/');
INSERT INTO sources (person_id, url) VALUES ('matthew-foster', 'https://web.archive.org/web/20221208122900/https://www.bangordailynews.com/2022/11/03/mainefocus/matthew-foster-sexual-assault-investigation-denial/');
INSERT INTO sources (person_id, url) VALUES ('matthew-foster', 'https://www.bangordailynews.com/2022/11/05/news/hancock/hancock-da-sex-abuse-allegations-reactions-joam40zk0w/');
INSERT OR REPLACE INTO people (id, name, status, level, state, office, crime_description, summary, still_in_office, offense_year, conviction_year, event_date) VALUES ('matt-walsh', 'Matt Walsh', 'alleged', 'adjacent', 'TN', '', 'Rape Culture', 'Matt Walsh is a rightwing political podcaster. He describes himself as a theocratic fascist.', NULL, NULL, NULL, '2022-10-05');
INSERT INTO crime_types (person_id, crime_type) VALUES ('matt-walsh', 'rape');
INSERT INTO crime_types (person_id, crime_type) VALUES ('matt-walsh', 'harassment');
INSERT INTO sources (person_id, url) VALUES ('matt-walsh', 'https://goppredators.wordpress.com/2023/05/02/875-matt-walsh/');
INSERT INTO sources (person_id, url) VALUES ('matt-walsh', 'https://www.haaretz.com/us-news/2021-10-07/ty-article-opinion/.highlight/why-americas-christian-nationalists-now-defend-the-torture-of-jews/0000017f-dbcf-db22-a17f-ffff85db0000');
INSERT INTO sources (person_id, url) VALUES ('matt-walsh', 'https://t.co/SSoKLkfR3f');
INSERT INTO sources (person_id, url) VALUES ('matt-walsh', 'https://www.losangelesblade.com/2022/10/06/deleted-walsh-blog-post-concept-of-adolescence-modern-plague/');
INSERT INTO sources (person_id, url) VALUES ('matt-walsh', 'https://m.dailykos.com/stories/2022/9/28/2125650/-Before-Matt-Walsh-led-anti-trans-campaigns-he-claimed-Josh-Duggar-only-committed-sins-not-crimes');
INSERT OR REPLACE INTO people (id, name, status, level, state, office, crime_description, summary, still_in_office, offense_year, conviction_year, event_date) VALUES ('ron-johnson', 'Ron Johnson', 'alleged', 'federal', 'WI', 'U.S. Senator', 'Enabling', 'Ron Johnson is a U.S. Senator from Wisconsin.', NULL, NULL, NULL, NULL);
INSERT INTO crime_types (person_id, crime_type) VALUES ('ron-johnson', 'enablement');
INSERT INTO sources (person_id, url) VALUES ('ron-johnson', 'https://goppredators.wordpress.com/2023/05/02/874-ron-johnson/');
INSERT INTO sources (person_id, url) VALUES ('ron-johnson', 'https://washingtonmonthly.com/2010/09/29/ron-johnsons-bizarre-position-on-child-abuse-victims/');
INSERT INTO sources (person_id, url) VALUES ('ron-johnson', 'https://archive.thinkprogress.org/senator-defends-decision-not-to-report-sexual-assault-allegations-720b9b07843e/');
INSERT INTO sources (person_id, url) VALUES ('ron-johnson', 'https://archive.thinkprogress.org/five-republicans-oppose-bipartisan-measure-to-combat-human-trafficking-33f9b9b8890f/');
INSERT OR REPLACE INTO people (id, name, status, level, state, office, crime_description, summary, still_in_office, offense_year, conviction_year, event_date) VALUES ('joel-koskan', 'Joel Koskan', 'convicted', 'state', 'SD', '', 'Child Molestation', 'Joel Koskan was a Republican candidate for the South Dakota state senate in 2022. He was arrested in 2022 for grooming and raping a minor child who was a member of his family.', NULL, NULL, 2023, NULL);
INSERT INTO crime_types (person_id, crime_type) VALUES ('joel-koskan', 'child-molestation');
INSERT INTO sources (person_id, url) VALUES ('joel-koskan', 'https://goppredators.wordpress.com/2023/05/02/873-joel-koskan/');
INSERT INTO sources (person_id, url) VALUES ('joel-koskan', 'https://www.nationalequaljusticeassociation.com/neja-bulletin/2018/5/15/oglala-sioux-win-federal-ruling-against-government-child-stealing');
INSERT INTO sources (person_id, url) VALUES ('joel-koskan', 'https://www.keloland.com/news/local-news/south-dakota-senate-candidate-accused-of-child-abuse/');
INSERT INTO sources (person_id, url) VALUES ('joel-koskan', 'https://www.mitchellrepublic.com/news/south-dakota/sd-state-senate-candidate-accused-of-repeatedly-molesting-family-member-over-five-years');
INSERT INTO sources (person_id, url) VALUES ('joel-koskan', 'https://www.keloland.com/keloland-com-original/senate-candidate-will-face-no-time-in-grooming-plea/');
INSERT INTO sources (person_id, url) VALUES ('joel-koskan', 'https://www.argusleader.com/story/news/politics/2023/04/11/joel-koskan-pleads-guilty-to-2-counts-of-felony-incest/70099177007/');
INSERT OR REPLACE INTO people (id, name, status, level, state, office, crime_description, summary, still_in_office, offense_year, conviction_year, event_date) VALUES ('alek-skarlatos', 'Alek Skarlatos', 'alleged', 'local', 'OR', 'County Commissioner', 'Rape Culture', 'Alek Skarlatos ran for Congress in Oregon''s Fourth District. He became known and honored for his heroic intervention stopping a gunman on a train heading to Paris.', NULL, NULL, NULL, '2022-09-13');
INSERT INTO crime_types (person_id, crime_type) VALUES ('alek-skarlatos', 'rape');
INSERT INTO crime_types (person_id, crime_type) VALUES ('alek-skarlatos', 'harassment');
INSERT INTO sources (person_id, url) VALUES ('alek-skarlatos', 'https://goppredators.wordpress.com/2023/05/02/872-alek-skarlatos/');
INSERT INTO sources (person_id, url) VALUES ('alek-skarlatos', 'https://en.wikipedia.org/wiki/The_15:17_to_Paris');
INSERT INTO sources (person_id, url) VALUES ('alek-skarlatos', 'https://americanindependent.com/oregon-gop-house-alek-skarlatos-misogyny-2022-election-val-hoyle/');
INSERT INTO sources (person_id, url) VALUES ('alek-skarlatos', 'https://www.klcc.org/politics-government/2022-10-19/skarlatos-continues-to-face-questions-about-his-2018-podcast-comments');
INSERT INTO sources (person_id, url) VALUES ('alek-skarlatos', 'https://oregoncapitalchronicle.com/2022/09/12/oregon-republican-candidate-alek-skarlatos-joked-about-choking-women/');
INSERT OR REPLACE INTO people (id, name, status, level, state, office, crime_description, summary, still_in_office, offense_year, conviction_year, event_date) VALUES ('cade-cothren', 'Cade Cothren', 'alleged', 'adjacent', 'TN', '', 'Sexual Harassment', 'Cade Cothren was Chief of Staff for former NC Speaker Glen Casada . He was forced to resign after texts emerged of him exchanging racist and sexist tests with Casada.', NULL, NULL, NULL, '2019-05-07');
INSERT INTO crime_types (person_id, crime_type) VALUES ('cade-cothren', 'harassment');
INSERT INTO sources (person_id, url) VALUES ('cade-cothren', 'https://goppredators.wordpress.com/2023/05/02/871-cade-cothren/');
INSERT INTO sources (person_id, url) VALUES ('cade-cothren', 'https://www.tennessean.com/story/news/politics/2022/08/23/cade-cothren-tennessee-speaker-aide-faces-prison-time/9413936002/');
INSERT INTO sources (person_id, url) VALUES ('cade-cothren', 'https://www.tennessean.com/story/news/politics/2019/05/06/house-speaker-glen-casada-cade-cothren-sent-sexual-texts-women/1122490001/');
INSERT INTO sources (person_id, url) VALUES ('cade-cothren', 'https://www.tennessean.com/story/news/politics/2019/05/07/glen-casada-cade-cothren-chief-of-staff-sexual-harassment-culture/1123148001/');
INSERT INTO sources (person_id, url) VALUES ('cade-cothren', 'https://www.tennessean.com/videos/news/politics/2019/05/07/glen-casada-cade-cothren-sent-sexually-explicit-text-messages/1134845001/');
INSERT INTO sources (person_id, url) VALUES ('cade-cothren', 'https://jezebel.com/a-bonkers-tale-of-dicks-cocaine-racism-and-sexual-ha-1834591112');
INSERT OR REPLACE INTO people (id, name, status, level, state, office, crime_description, summary, still_in_office, offense_year, conviction_year, event_date) VALUES ('sandy-smith', 'Sandy Smith', 'alleged', 'adjacent', 'NC', '', 'Domestiv Violence', 'Sandy Smith won the Republican primary for North Carolina''s First Congressional District only to lose in the general. Two ex-husbands and her daughter have accused her of domestic violence.', NULL, NULL, NULL, '2022-11-04');
INSERT INTO crime_types (person_id, crime_type) VALUES ('sandy-smith', 'other');
INSERT INTO sources (person_id, url) VALUES ('sandy-smith', 'https://goppredators.wordpress.com/2023/05/01/870-sandy-smith/');
INSERT INTO sources (person_id, url) VALUES ('sandy-smith', 'https://www.wral.com/nc-gop-congressional-candidate-accused-of-domestic-violence-lies/20303764/');
INSERT INTO sources (person_id, url) VALUES ('sandy-smith', 'https://www.thedailybeast.com/north-carolina-maga-congressional-candidate-sandy-smith-has-even-more-wild-secrets?ref=home');
INSERT OR REPLACE INTO people (id, name, status, level, state, office, crime_description, summary, still_in_office, offense_year, conviction_year, event_date) VALUES ('charles-pierce', 'Charles Pierce', 'alleged', 'state', 'AK', 'Mayor', 'Sexual Harassment', 'Charlie Pierce is the former mayor of Alaska''s Kenai Peninsula Borough and a Republican candidate for governor in the general election. His former Executive Assistant has sued him and the KPB, claiming she was subject to constant unwanted touching, sexual remarks, and advances.', NULL, NULL, NULL, NULL);
INSERT INTO crime_types (person_id, crime_type) VALUES ('charles-pierce', 'harassment');
INSERT INTO sources (person_id, url) VALUES ('charles-pierce', 'https://goppredators.wordpress.com/2023/05/01/869-charlie-pierce/');
INSERT INTO sources (person_id, url) VALUES ('charles-pierce', 'https://www.adn.com/politics/2022/10/21/in-lawsuit-former-assistant-accuses-alaska-governor-candidate-charlie-pierce-of-sexual-harassment/');
INSERT INTO sources (person_id, url) VALUES ('charles-pierce', 'https://alaskabeacon.com/2023/04/19/kenai-peninsula-borough-will-pay-to-settle-complaint-against-former-governor-candidate-pierce/');
INSERT OR REPLACE INTO people (id, name, status, level, state, office, crime_description, summary, still_in_office, offense_year, conviction_year, event_date) VALUES ('eli-nicolosi', 'Eli Nicolosi', 'charged', 'state', 'IL', '', 'Domestic Violence', 'Eli Nicolosi was the Winnebago County Republican Central Committee Chairperson who also lost a primary for state senate in Illinois. His primary opponent publicized his marital problems, including that she had gotten an order of protection.', NULL, NULL, NULL, '2034-05-30');
INSERT INTO crime_types (person_id, crime_type) VALUES ('eli-nicolosi', 'domestic-violence');
INSERT INTO sources (person_id, url) VALUES ('eli-nicolosi', 'https://goppredators.wordpress.com/2023/05/01/868-eli-nicolosi/');
INSERT INTO sources (person_id, url) VALUES ('eli-nicolosi', 'https://www.wifr.com/2022/10/03/former-winnebago-county-republican-committee-chairman-arrested-felony-charges/');
INSERT INTO sources (person_id, url) VALUES ('eli-nicolosi', 'https://www.rrstar.com/story/news/crime/2022/10/03/former-county-board-member-eli-nicolosi-arrested-on-felony-charges/69536536007/');
INSERT INTO sources (person_id, url) VALUES ('eli-nicolosi', 'https://www.mystateline.com/news/local-news/ex-winnebago-gop-chair-eli-nicolosi-sued-for-50k-for-beating-up-wifes-boyfriend/');
INSERT INTO sources (person_id, url) VALUES ('eli-nicolosi', 'https://fce.wincoil.us/fullcourtweb/courtCase.do?CourtCaseId=181830830&amp;PartyId=669643');
INSERT OR REPLACE INTO people (id, name, status, level, state, office, crime_description, summary, still_in_office, offense_year, conviction_year, event_date) VALUES ('kenneth-daniel', 'Kenneth Daniel', 'charged', 'adjacent', 'AL', 'Pastor', 'Child Molestation', 'Kenneth Daniel was the pastor of First Baptist Church in Chalkville, Alabama. After the Southern Baptist Convention released the SBC Sexual Abuse Task Force report in May 2022, he wrote, “I have served on staff in churches within the SBC over 38 years.', NULL, NULL, NULL, '2022-10-23');
INSERT INTO crime_types (person_id, crime_type) VALUES ('kenneth-daniel', 'child-molestation');
INSERT INTO sources (person_id, url) VALUES ('kenneth-daniel', 'https://goppredators.wordpress.com/2023/05/01/867-kenneth-daniel/');
INSERT INTO sources (person_id, url) VALUES ('kenneth-daniel', 'https://www.al.com/news/birmingham/2022/10/alabama-pastor-now-charged-in-3-counties-on-child-sex-allegations-involving-7-year-old-girl.html');
INSERT INTO sources (person_id, url) VALUES ('kenneth-daniel', 'https://thealabamabaptist.org/pastors-recent-arrest-reminder-for-churches-to-protect-the-vulnerable/');
INSERT OR REPLACE INTO people (id, name, status, level, state, office, crime_description, summary, still_in_office, offense_year, conviction_year, event_date) VALUES ('mark-aderholt', 'Mark Aderholt', 'convicted', 'adjacent', 'TX', 'Pastor', 'Child Molestation', 'Mark Aderholt was a Southern Baptist pastor, a member of the International Mission Board, and the associate executive director and chief strategist for the statewide Southern Baptist Convention affiliate. He was also a child molester.', NULL, NULL, NULL, '2019-07-03');
INSERT INTO crime_types (person_id, crime_type) VALUES ('mark-aderholt', 'child-molestation');
INSERT INTO sources (person_id, url) VALUES ('mark-aderholt', 'https://goppredators.wordpress.com/2023/05/01/866-mark-aderholt/');
INSERT INTO sources (person_id, url) VALUES ('mark-aderholt', 'https://thealabamabaptist.org/tag/mark-aderholt/');
INSERT INTO sources (person_id, url) VALUES ('mark-aderholt', 'https://annemariemiller.com/2021/07/02/mark-aderholts-criminal-record-is-wiped-clean-today-and-why-i-supported-the-plea-deal-instead-of-a-trial/');
INSERT INTO sources (person_id, url) VALUES ('mark-aderholt', 'https://thewartburgwatch.com/2018/07/13/did-the-southern-baptist-conventions-international-missions-board-decide-not-to-report-sexual-assault-they-knew-about-for-years/');
INSERT INTO sources (person_id, url) VALUES ('mark-aderholt', 'https://www.houstonchronicle.com/news/houston-texas/houston/article/Former-Baptist-missionary-pleads-guilty-in-sex-14066542.php');
INSERT OR REPLACE INTO people (id, name, status, level, state, office, crime_description, summary, still_in_office, offense_year, conviction_year, event_date) VALUES ('charles-kyle-adcock', 'Charles Kyle Adcock', 'convicted', 'adjacent', 'AL', 'Pastor', 'Child Molestation', 'Charles Kyle Adcock was a youth pastor at Woodward Avenue Baptist Church in Muscle Shoals from 2010 to 2012. While youth pastor, he began molesting a child, a 14-year-old girl.', NULL, NULL, NULL, '2016-01-31');
INSERT INTO crime_types (person_id, crime_type) VALUES ('charles-kyle-adcock', 'child-molestation');
INSERT INTO sources (person_id, url) VALUES ('charles-kyle-adcock', 'https://goppredators.wordpress.com/2023/05/01/865-charles-kyle-adcock/');
INSERT INTO sources (person_id, url) VALUES ('charles-kyle-adcock', 'https://whnt.com/news/shoals/former-muscle-shoals-youth-minister-pleads-guilty-to-sodomy/');
INSERT INTO sources (person_id, url) VALUES ('charles-kyle-adcock', 'https://www.al.com/news/huntsville/2015/09/new_arrest_warrant_issued_for.html');
INSERT OR REPLACE INTO people (id, name, status, level, state, office, crime_description, summary, still_in_office, offense_year, conviction_year, event_date) VALUES ('david-wayne-pendley', 'David Wayne Pendley', 'charged', 'adjacent', 'NV', 'Teacher', 'Child Molestation', 'David Wayne Pendley was a teacher at Faith Lutheran, a religious private school in Las Vegas, Nevada. A senior at the school went to the police and reported he sexually assaulted her several times.', NULL, NULL, NULL, '2022-10-19');
INSERT INTO crime_types (person_id, crime_type) VALUES ('david-wayne-pendley', 'child-molestation');
INSERT INTO sources (person_id, url) VALUES ('david-wayne-pendley', 'https://goppredators.wordpress.com/2023/05/01/864-david-wayne-pendley/');
INSERT INTO sources (person_id, url) VALUES ('david-wayne-pendley', 'https://www.8newsnow.com/news/local-news/ex-las-vegas-school-teacher-accused-of-sexually-assaulting-student-said-god-made-him-that-way-police/');
INSERT INTO sources (person_id, url) VALUES ('david-wayne-pendley', 'https://www.reviewjournal.com/crime/sex-crimes/faith-lutheran-grad-says-teacher-groomed-her-forced-sex-acts-2660604/');
INSERT OR REPLACE INTO people (id, name, status, level, state, office, crime_description, summary, still_in_office, offense_year, conviction_year, event_date) VALUES ('mark-curtis-adams', 'Mark Curtis Adams', 'convicted', 'adjacent', 'SC', '', 'Child Sexual Abuse Material, Enticement', 'Mark Curtis Adams was a Sunday School teacher and church deacon at Oak Grove Baptist Church in Mount Carmel, South Carolina. He also used the social media app KIK to entice minor children and produce child sexual abuse material.', NULL, NULL, NULL, '2018-05-11');
INSERT INTO crime_types (person_id, crime_type) VALUES ('mark-curtis-adams', 'csam');
INSERT INTO crime_types (person_id, crime_type) VALUES ('mark-curtis-adams', 'assault');
INSERT INTO crime_types (person_id, crime_type) VALUES ('mark-curtis-adams', 'solicitation');
INSERT INTO sources (person_id, url) VALUES ('mark-curtis-adams', 'https://goppredators.wordpress.com/2023/05/01/863-mark-curtis-adams/');
INSERT INTO sources (person_id, url) VALUES ('mark-curtis-adams', 'https://www.timesnews.net/news/crime/mount-carmel-youth-sunday-school-teacher-faces-child-porn-enticement-charges/article_7b97394e-976e-57de-ae16-05881ca4a3cf.html');
INSERT INTO sources (person_id, url) VALUES ('mark-curtis-adams', 'https://www.timesnews.net/news/crime/explicit-chats-with-minors-lead-to-10-year-sentence-for-hawkins-man/article_e1db51e7-17dc-586c-8342-f689cac75269.html');
INSERT INTO sources (person_id, url) VALUES ('mark-curtis-adams', 'https://www.therogersvillereview.com/rogersville/article_a9e2aa3f-8b89-5620-9aca-91a0e7171331.html');
INSERT OR REPLACE INTO people (id, name, status, level, state, office, crime_description, summary, still_in_office, offense_year, conviction_year, event_date) VALUES ('john-w-adams', 'John W Adams', 'convicted', 'adjacent', 'OH', 'Pastor', 'Child Sexual Abuse Material', 'John W. Adams was the pastor at the anti-gay Calvary Freewill Baptist Church in Darbydale, Ohio.', NULL, NULL, NULL, '2007-07-11');
INSERT INTO crime_types (person_id, crime_type) VALUES ('john-w-adams', 'csam');
INSERT INTO crime_types (person_id, crime_type) VALUES ('john-w-adams', 'assault');
INSERT INTO sources (person_id, url) VALUES ('john-w-adams', 'https://goppredators.wordpress.com/2023/05/01/862-john-w-adams/');
INSERT INTO sources (person_id, url) VALUES ('john-w-adams', 'https://www.10tv.com/article/news/ex-pastor-sentenced-child-porn-charges/530-c576837d-e9e8-4705-a179-a34e058177bd');
INSERT INTO sources (person_id, url) VALUES ('john-w-adams', 'https://www.dispatch.com/story/news/2008/12/19/former-pastor-gets-probation-in/23811265007/');
INSERT OR REPLACE INTO people (id, name, status, level, state, office, crime_description, summary, still_in_office, offense_year, conviction_year, event_date) VALUES ('daniel-montague-acker-jr', 'Daniel Montague Acker Jr', 'convicted', 'adjacent', 'AL', 'Pastor', 'Child Molestation', 'Daniel Montague Acker, Jr. was a youth pastor and an elementary school teacher.', NULL, NULL, NULL, '2017-04-06');
INSERT INTO crime_types (person_id, crime_type) VALUES ('daniel-montague-acker-jr', 'child-molestation');
INSERT INTO sources (person_id, url) VALUES ('daniel-montague-acker-jr', 'https://goppredators.wordpress.com/2023/04/30/861-daniel-montague-acker-jr/');
INSERT INTO sources (person_id, url) VALUES ('daniel-montague-acker-jr', 'https://baptistnews.com/article/former-youth-pastor-teacher-charged-with-molestation/#.W3O5vM5KgdU');
INSERT INTO sources (person_id, url) VALUES ('daniel-montague-acker-jr', 'https://www.al.com/spotnews/2012/01/post_715.html');
INSERT INTO sources (person_id, url) VALUES ('daniel-montague-acker-jr', 'https://www.courtlistener.com/docket/5610522/jane-doe-1-v-shelby-county-board-of-education/');
INSERT INTO sources (person_id, url) VALUES ('daniel-montague-acker-jr', 'https://www.shelbycountyreporter.com/2012/05/03/ackers-1991-victim-vindicated-after-plea/');
INSERT OR REPLACE INTO people (id, name, status, level, state, office, crime_description, summary, still_in_office, offense_year, conviction_year, event_date) VALUES ('randy-kaufman', 'Randy Kaufman', 'charged', 'adjacent', 'AZ', '', 'Public Indecency', 'Randy Kaufman was a GOP candidate for the Maricopa County Community College Governing Board. He is also an election-denying Trump supporter.', NULL, NULL, NULL, '2022-10-25');
INSERT INTO crime_types (person_id, crime_type) VALUES ('randy-kaufman', 'indecent-exposure');
INSERT INTO sources (person_id, url) VALUES ('randy-kaufman', 'https://goppredators.wordpress.com/2023/04/30/860-randy-kaufman/');
INSERT INTO sources (person_id, url) VALUES ('randy-kaufman', 'https://www.azfamily.com/2022/11/16/kaufman-loses-maricopa-college-board-race-weeks-after-being-cited-sexual-indecency/');
INSERT INTO sources (person_id, url) VALUES ('randy-kaufman', 'https://www.axios.com/local/phoenix/2022/11/03/maricopa-county-community-college-governing-board-randy-kaufman');
INSERT INTO sources (person_id, url) VALUES ('randy-kaufman', 'https://www.axios.com/local/phoenix/authors/jduda');
INSERT OR REPLACE INTO people (id, name, status, level, state, office, crime_description, summary, still_in_office, offense_year, conviction_year, event_date) VALUES ('diego-morales', 'Diego Morales', 'alleged', 'federal', 'IN', '', 'Sexual Assault', 'Diego Morales is the Secretary of State in Indiana. Interestingly, when he worked for the Secretary of State''s office twice in the past, he got bad performance reviews and was fired and later, working a different position, disciplined.', NULL, NULL, NULL, '2022-10-27');
INSERT INTO crime_types (person_id, crime_type) VALUES ('diego-morales', 'assault');
INSERT INTO sources (person_id, url) VALUES ('diego-morales', 'https://goppredators.wordpress.com/2023/04/29/859-diego-morales/');
INSERT INTO sources (person_id, url) VALUES ('diego-morales', 'https://apnews.com/article/us-news-business-michael-pence-in-state-wire-ap-top-news-b4b91e9ae65e4820827eae0d5a16f1a5');
INSERT INTO sources (person_id, url) VALUES ('diego-morales', 'https://www.indystar.com/story/news/politics/elections/2022/09/30/indiana-secretary-of-state-candidate-faces-sexual-assault-allegation/69531352007/');
INSERT INTO sources (person_id, url) VALUES ('diego-morales', 'https://www.indystar.com/story/news/politics/elections/2022/10/26/diego-morales-assault-allegations-woman-feels-betrayed-by-gop/69571904007/');
INSERT INTO sources (person_id, url) VALUES ('diego-morales', 'https://mcusercontent.com/589ea2ff57c677fa706fdf0e1/files/d7cd85d0-5b00-c116-b720-e7df25974ed9/The_Cheat_Sheet_for_9_30_2022.pdf');
INSERT OR REPLACE INTO people (id, name, status, level, state, office, crime_description, summary, still_in_office, offense_year, conviction_year, event_date) VALUES ('tim-michels', 'Tim Michels', 'alleged', 'state', 'WI', '', 'Sexual Harassment', 'Tim Michels was the Republican nominee for US Senate in 2004 and for Governor in 2022. He lost both races.', NULL, NULL, NULL, '2022-10-20');
INSERT INTO crime_types (person_id, crime_type) VALUES ('tim-michels', 'harassment');
INSERT INTO sources (person_id, url) VALUES ('tim-michels', 'https://goppredators.wordpress.com/2023/04/29/858-tim-michels/');
INSERT INTO sources (person_id, url) VALUES ('tim-michels', 'https://www.cbs58.com/news/gop-governor-candidate-michels-construction-company-faced-series-of-sexual-harassment-racial-discrimination-allegations');
INSERT INTO sources (person_id, url) VALUES ('tim-michels', 'https://www.wispolitics.com/2022/gov-evers-campaign-from-the-top-down-attorneys-for-sexual-harassment-victims-say-michels-corp-mishandled-allegations');
INSERT INTO sources (person_id, url) VALUES ('tim-michels', 'https://themadisontimes.themadent.com/article/michels-businesses-lack-in-diversity/');
INSERT INTO sources (person_id, url) VALUES ('tim-michels', 'https://www.wispolitics.com/2022/10/21');
INSERT OR REPLACE INTO people (id, name, status, level, state, office, crime_description, summary, still_in_office, offense_year, conviction_year, event_date) VALUES ('ken-paxton', 'Ken Paxton', 'alleged', 'state', 'TX', '', 'Enabling Trafficking', 'Ken Paxton is the Attorney General of Texas. He is active in far right culture wars, filing briefs in support of schools in other states who want to be able to discriminate and still collect taxpayer money, creating a hotline to report families with trans children, and fighting the abortion pill.', NULL, NULL, NULL, '2022-10-21');
INSERT INTO crime_types (person_id, crime_type) VALUES ('ken-paxton', 'trafficking');
INSERT INTO crime_types (person_id, crime_type) VALUES ('ken-paxton', 'enablement');
INSERT INTO sources (person_id, url) VALUES ('ken-paxton', 'https://goppredators.wordpress.com/2023/04/29/857-ken-paxton/');
INSERT INTO sources (person_id, url) VALUES ('ken-paxton', 'https://www.texasattorneygeneral.gov/news/releases');
INSERT INTO sources (person_id, url) VALUES ('ken-paxton', 'https://www.houstonchronicle.com/politics/texas/article/As-human-trafficking-surged-in-the-pandemic-16944533.php');
INSERT INTO sources (person_id, url) VALUES ('ken-paxton', 'https://apnews.com/article/elections-texas-presidential-election-2020-ken-paxton-a1bdcfd0a9d25bd6aa3666b70f74f2b2');
INSERT INTO sources (person_id, url) VALUES ('ken-paxton', 'https://apnews.com/article/sex-trafficking-texas-attorney-general-ken-paxton-edcce2714829dac9b4679733c7d5a5f6');
INSERT OR REPLACE INTO people (id, name, status, level, state, office, crime_description, summary, still_in_office, offense_year, conviction_year, event_date) VALUES ('billy-james-hargis', 'Billy James Hargis', 'alleged', 'adjacent', 'TX', 'Pastor', 'Sexual Misconduct', 'Billy James Hargis was an evangelist. He founded the Christian Crusade.', NULL, NULL, NULL, '1976-04-01');
INSERT INTO crime_types (person_id, crime_type) VALUES ('billy-james-hargis', 'other');
INSERT INTO sources (person_id, url) VALUES ('billy-james-hargis', 'https://goppredators.wordpress.com/2023/04/29/856-billy-james-hargis/');
INSERT INTO sources (person_id, url) VALUES ('billy-james-hargis', 'https://americanarchive.org/catalog/cpb-aacip_512-ff3kw58d6m');
INSERT INTO sources (person_id, url) VALUES ('billy-james-hargis', 'https://thislandpress.com/2012/11/02/the-strange-love-of-dr-billy-james-hargis/');
INSERT INTO sources (person_id, url) VALUES ('billy-james-hargis', 'https://content.time.com/time/subscriber/article/0,33009,918027,00.html');
INSERT OR REPLACE INTO people (id, name, status, level, state, office, crime_description, summary, still_in_office, offense_year, conviction_year, event_date) VALUES ('angie-woodward', 'Angie Woodward', 'alleged', 'adjacent', 'WY', '', 'Child Abuse', 'Angie Woodward operated Trinity Teen Solutions, a Christian boarding camp for unruly children. Twenty-five former students filed a class-action lawsuit alleging they were not provided the residential counseling and treatment but instead were forced to work ten to twelve hours a day doing farm labor', NULL, NULL, NULL, '2020-12-02');
INSERT INTO crime_types (person_id, crime_type) VALUES ('angie-woodward', 'other');
INSERT INTO sources (person_id, url) VALUES ('angie-woodward', 'https://goppredators.wordpress.com/2023/04/29/855-angie-woodward/');
INSERT INTO sources (person_id, url) VALUES ('angie-woodward', 'https://www.nbcnews.com/news/us-news/wyoming-christian-troubled-teen-ranches-abuse-rcna46112');
INSERT INTO sources (person_id, url) VALUES ('angie-woodward', 'https://www.nbcnews.com/news/us-news/trinity-teen-solutions-wyoming-ranch-closes-abuse-allegations-rcna50762');
INSERT INTO sources (person_id, url) VALUES ('angie-woodward', 'https://www.justice.gov/crt/case-document/brief-amicus-sherman-v-trinity-teen-solutions');
INSERT INTO sources (person_id, url) VALUES ('angie-woodward', 'https://www.codyenterprise.com/news/local/article_9a18b60e-3345-11eb-9f9b-736d09389a21.html');
INSERT OR REPLACE INTO people (id, name, status, level, state, office, crime_description, summary, still_in_office, offense_year, conviction_year, event_date) VALUES ('elijah-schaffer', 'Elijah Schaffer', 'alleged', 'adjacent', 'CA', '', 'Sexual Assault', 'Elijah Schaffer is a podcaster who was fired by Glenn Beck''s The Blaze for sexually assaulting a co-worker. Allegedly, he groped her breasts at a film premiere.', NULL, NULL, NULL, NULL);
INSERT INTO crime_types (person_id, crime_type) VALUES ('elijah-schaffer', 'assault');
INSERT INTO sources (person_id, url) VALUES ('elijah-schaffer', 'https://goppredators.wordpress.com/2023/04/29/854-elijah-schaffer/');
INSERT INTO sources (person_id, url) VALUES ('elijah-schaffer', 'https://www.mediaite.com/news/blaze-tv-star-fired-over-sexual-assault-allegation-report/');
INSERT INTO sources (person_id, url) VALUES ('elijah-schaffer', 'https://www.dallasobserver.com/arts/another-the-blaze-host-claims-elijah-schaffer-openly-abused-her-while-management-did-nothing-15977348');
INSERT INTO sources (person_id, url) VALUES ('elijah-schaffer', 'https://www.thedailybeast.com/conservative-pundit-elijah-schaffer-fired-from-the-blaze-after-sexual-assault-accusation');
INSERT OR REPLACE INTO people (id, name, status, level, state, office, crime_description, summary, still_in_office, offense_year, conviction_year, event_date) VALUES ('scott-ritter', 'Scott Ritter', 'convicted', 'adjacent', 'NY', 'Police Officer', 'Soliciting a Minor', 'Scott Ritter was a U.N. weapons inspector from 1991-1998.', NULL, NULL, 2014, '2011-04-15');
INSERT INTO crime_types (person_id, crime_type) VALUES ('scott-ritter', 'solicitation');
INSERT INTO sources (person_id, url) VALUES ('scott-ritter', 'https://goppredators.wordpress.com/2023/04/28/853-scott-ritter/');
INSERT INTO sources (person_id, url) VALUES ('scott-ritter', 'https://www.nytimes.com/2012/02/26/magazine/scott-ritter.html');
INSERT INTO sources (person_id, url) VALUES ('scott-ritter', 'https://www.theguardian.com/world/2011/apr/15/former-un-weapons-inspector-online-sex');
INSERT INTO sources (person_id, url) VALUES ('scott-ritter', 'https://www.troyrecord.com/2010/01/14/update-ex-un-weapons-inspector-from-delmar-arrested-again/');
INSERT OR REPLACE INTO people (id, name, status, level, state, office, crime_description, summary, still_in_office, offense_year, conviction_year, event_date) VALUES ('doug-wilson', 'Doug Wilson', 'convicted', 'adjacent', 'ID', 'Pastor', 'Rape Culture', 'Doug Wilson in 2021 Doug Wilson is the leader of a reactionary religious movement and the pastor of Christ Church in Moscow, Idaho. He preaches that men dominate and women submit.', NULL, NULL, NULL, NULL);
INSERT INTO crime_types (person_id, crime_type) VALUES ('doug-wilson', 'rape');
INSERT INTO crime_types (person_id, crime_type) VALUES ('doug-wilson', 'harassment');
INSERT INTO sources (person_id, url) VALUES ('doug-wilson', 'https://goppredators.wordpress.com/2023/04/28/852-doug-wilson/');
INSERT INTO sources (person_id, url) VALUES ('doug-wilson', 'https://www.vice.com/en/article/m7ezwx/inside-the-church-that-preaches-wives-need-to-be-led-with-a-firm-hand');
INSERT INTO sources (person_id, url) VALUES ('doug-wilson', 'https://www.splcenter.org/fighting-hate/intelligence-report/2004/doug-wilson%E2%80%99s-religious-empire-expanding-northwest');
INSERT OR REPLACE INTO people (id, name, status, level, state, office, crime_description, summary, still_in_office, offense_year, conviction_year, event_date) VALUES ('mike-kingsley', 'Mike Kingsley', 'convicted', 'state', 'ID', 'State Representative', 'Enabling', 'Mike Kingsley is an Idaho state representative who does not believe a little thing like rape says anything about a man''s character. Kingsley seems to think rape does not reflect on a man''s character.', NULL, NULL, NULL, NULL);
INSERT INTO crime_types (person_id, crime_type) VALUES ('mike-kingsley', 'enablement');
INSERT INTO sources (person_id, url) VALUES ('mike-kingsley', 'https://goppredators.wordpress.com/2023/04/24/851-mike-kingsley/');
INSERT INTO sources (person_id, url) VALUES ('mike-kingsley', 'https://www.theguardian.com/us-news/2015/feb/23/idaho-republican-anti-abortion-swallow-camera');
INSERT INTO sources (person_id, url) VALUES ('mike-kingsley', 'https://www.boisestatepublicradio.org/politics-government/2022-09-16/2-idaho-republicans-sent-a-judge-letters-of-support-for-convicted-rapist');
INSERT INTO sources (person_id, url) VALUES ('mike-kingsley', 'https://www.idahopress.com/news/local/2-idaho-republicans-sent-judge-letters-of-support-for-convicted-rapist/article_b1c4b86c-3860-11ed-b716-6b3e9b30f6c8.html');
INSERT OR REPLACE INTO people (id, name, status, level, state, office, crime_description, summary, still_in_office, offense_year, conviction_year, event_date) VALUES ('vito-barbieri', 'Vito Barbieri', 'convicted', 'state', 'ID', 'State Representative', 'Enabling', 'Vito Barbieri is an Idaho state representative who should shame every person who voted for him. Here are a few highlights: He wanted to know why women couldn''t swallow a camera for a remote gynecological exam, whereupon a doctor explained that swallowed pills do not travel to the vagina.', NULL, NULL, NULL, '2022-09-24');
INSERT INTO crime_types (person_id, crime_type) VALUES ('vito-barbieri', 'enablement');
INSERT INTO sources (person_id, url) VALUES ('vito-barbieri', 'https://goppredators.wordpress.com/2023/04/24/850-vito-barbieri/');
INSERT INTO sources (person_id, url) VALUES ('vito-barbieri', 'https://www.theguardian.com/us-news/2015/feb/23/idaho-republican-anti-abortion-swallow-camera');
INSERT INTO sources (person_id, url) VALUES ('vito-barbieri', 'https://www.boisestatepublicradio.org/politics-government/2022-09-16/2-idaho-republicans-sent-a-judge-letters-of-support-for-convicted-rapist');
INSERT INTO sources (person_id, url) VALUES ('vito-barbieri', 'https://www.idahopress.com/news/local/2-idaho-republicans-sent-judge-letters-of-support-for-convicted-rapist/article_b1c4b86c-3860-11ed-b716-6b3e9b30f6c8.html');
INSERT OR REPLACE INTO people (id, name, status, level, state, office, crime_description, summary, still_in_office, offense_year, conviction_year, event_date) VALUES ('merrill-f-nelson', 'Merrill F. Nelson', 'convicted', 'state', 'UT', 'State Representative', 'Organizational Cover-up', 'Merrill F. Nelson was a Utah State Representative.', NULL, NULL, NULL, '2022-09-09');
INSERT INTO crime_types (person_id, crime_type) VALUES ('merrill-f-nelson', 'enablement');
INSERT INTO crime_types (person_id, crime_type) VALUES ('merrill-f-nelson', 'organizational-coverup');
INSERT INTO sources (person_id, url) VALUES ('merrill-f-nelson', 'https://goppredators.wordpress.com/2023/04/24/849-merrill-f-nelson/');
INSERT INTO sources (person_id, url) VALUES ('merrill-f-nelson', 'https://apnews.com/article/Mormon-church-sexual-abuse-investigation-e0e39cf9aa4fbe0d8c1442033b894660');
INSERT INTO sources (person_id, url) VALUES ('merrill-f-nelson', 'https://apnews.com/article/religion-lawsuits-utah-sexual-abuse-by-clergy-government-and-politics-9f1607f4d308248ebf12dc32f70376ec');
INSERT INTO sources (person_id, url) VALUES ('merrill-f-nelson', 'https://www.kuer.org/race-religion-social-justice/2022-10-12/rep-merrill-nelson-and-utah-law-firm-accused-of-helping-hide-mormon-help-line-abuse');
INSERT OR REPLACE INTO people (id, name, status, level, state, office, crime_description, summary, still_in_office, offense_year, conviction_year, event_date) VALUES ('dave-estenson', 'Dave Estenson', 'alleged', 'state', 'WI', '', 'Sexual Misconduct', 'Dave Estenson was the Republican nominee for State Senate District 31 in Wisconsin, he lost in a close race. The incumbent Jeff Smith received 50.4% while Estenson received 49.5%.', NULL, NULL, NULL, '2022-09-29');
INSERT INTO crime_types (person_id, crime_type) VALUES ('dave-estenson', 'other');
INSERT INTO sources (person_id, url) VALUES ('dave-estenson', 'https://goppredators.wordpress.com/2023/04/24/848-dave-estenson/');
INSERT INTO sources (person_id, url) VALUES ('dave-estenson', 'https://www.wispolitics.com/2022/records-show-doj-investigated-state-senate-candidate-estenson-for-misconduct');
INSERT INTO sources (person_id, url) VALUES ('dave-estenson', 'https://www.trempcountytimes.com/news/local-senate-candidate-accused-misconduct-while-working-police-officer');
INSERT INTO sources (person_id, url) VALUES ('dave-estenson', 'https://www.wispolitics.com/2022/09/21');
INSERT OR REPLACE INTO people (id, name, status, level, state, office, crime_description, summary, still_in_office, offense_year, conviction_year, event_date) VALUES ('aron-pe-a', 'Aron Peña', 'alleged', 'adjacent', 'TX', '', 'Sexual Harassment', 'Aron Peña worked as district director for Rep. Mayra Flores.', NULL, NULL, NULL, NULL);
INSERT INTO crime_types (person_id, crime_type) VALUES ('aron-pe-a', 'harassment');
INSERT INTO sources (person_id, url) VALUES ('aron-pe-a', 'https://goppredators.wordpress.com/2023/04/23/847-aron-pena/');
INSERT INTO sources (person_id, url) VALUES ('aron-pe-a', 'https://www.tpr.org/government-politics/2022-09-16/women-allege-two-decades-of-sexual-harassment-from-former-texas-gop-staffer');
INSERT INTO sources (person_id, url) VALUES ('aron-pe-a', 'https://www.texastribune.org/2022/09/16/mayra-flores-aron-pena/');
INSERT OR REPLACE INTO people (id, name, status, level, state, office, crime_description, summary, still_in_office, offense_year, conviction_year, event_date) VALUES ('darrin-rice', 'Darrin Rice', 'charged', 'adjacent', 'KY', 'Pastor', 'Child Molestation', 'Darrin Rice was the pastor of Meades Branch Freewill Baptist Church and the head girls basketball coach at Johnson Central high school. In September, 2022, he was arrested for rape, sodomy, and sexual abuse of a minor while he was in a position of authority.', NULL, NULL, NULL, NULL);
INSERT INTO crime_types (person_id, crime_type) VALUES ('darrin-rice', 'child-molestation');
INSERT INTO sources (person_id, url) VALUES ('darrin-rice', 'https://goppredators.wordpress.com/2023/04/23/846-darrin-rice/');
INSERT INTO sources (person_id, url) VALUES ('darrin-rice', 'https://www.paintsvilleherald.com/news/former-jchs-girls-basketball-coach-arrested-on-rape-sodomy-sexual-abuse-charges/article_5e6a927c-39eb-11ed-8fd5-b7fbf2ed7986.html');
INSERT INTO sources (person_id, url) VALUES ('darrin-rice', 'https://mountain-topmedia.com/former-jchs-girls-basketball-coach-arrested-on-sex-charges/');
INSERT OR REPLACE INTO people (id, name, status, level, state, office, crime_description, summary, still_in_office, offense_year, conviction_year, event_date) VALUES ('jorge-ariel-benavides', 'Jorge Ariel Benavides', 'charged', 'local', 'TX', 'Pastor', 'Rape', 'Jorge Ariel Benavides was the pastor of Iglesia Cristiana Casa de Dios and a promoter of conspiracy theories such the idea that vaccines contain microchips. He was arrested and charged with raping a woman with special needs whom he threatened with putting in a mental institution.', NULL, NULL, NULL, NULL);
INSERT INTO crime_types (person_id, crime_type) VALUES ('jorge-ariel-benavides', 'rape');
INSERT INTO sources (person_id, url) VALUES ('jorge-ariel-benavides', 'https://goppredators.wordpress.com/2023/04/23/845-jorge-ariel-benavides/');
INSERT INTO sources (person_id, url) VALUES ('jorge-ariel-benavides', 'https://lawandcrime.com/crime/texas-pastor-raped-special-needs-woman-on-church-property-threatened-to-have-her-placed-in-a-mental-institution-sheriff/');
INSERT INTO sources (person_id, url) VALUES ('jorge-ariel-benavides', 'https://www.lmtonline.com/local/article/WCSO-Pastor-raped-special-needs-woman-17448570.php');
INSERT INTO sources (person_id, url) VALUES ('jorge-ariel-benavides', 'https://www.texastribune.org/2024/02/08/kyle-biedermann-bryan-slaton-texas-house/');
INSERT OR REPLACE INTO people (id, name, status, level, state, office, crime_description, summary, still_in_office, offense_year, conviction_year, event_date) VALUES ('jason-musselman', 'Jason Musselman', 'convicted', 'local', 'IL', '', 'Child Sexual Abuse Material', 'Jason Musselman was a Republican elected as Alderman in Toulon Township in Illinois. In March, 2022, he was arrested for producing, distributing, and possessing child sexual exploitation materials.', NULL, NULL, NULL, '2023-05-24');
INSERT INTO crime_types (person_id, crime_type) VALUES ('jason-musselman', 'csam');
INSERT INTO crime_types (person_id, crime_type) VALUES ('jason-musselman', 'assault');
INSERT INTO sources (person_id, url) VALUES ('jason-musselman', 'https://goppredators.wordpress.com/2023/04/23/844-jason-musselman/');
INSERT INTO sources (person_id, url) VALUES ('jason-musselman', 'https://westcentralreporter.com/stories/511109332-toulon-township-2017-consolidated-general-election-results');
INSERT INTO sources (person_id, url) VALUES ('jason-musselman', 'https://www.justice.gov/usao-cdil/pr/toulon-man-charged-child-pornography-offenses');
INSERT INTO sources (person_id, url) VALUES ('jason-musselman', 'https://www.centralillinoisproud.com/news/local-news/musselman-pleads-not-guilty-to-sexual-exploitation-child-porn-charges/');
INSERT INTO sources (person_id, url) VALUES ('jason-musselman', 'https://khqa.com/news/local/illinois-man-uses-tanning-bed-to-take-pictures-of-minors-toulon-jason-musselman');
INSERT INTO sources (person_id, url) VALUES ('jason-musselman', 'https://www.centralillinoisproud.com/news/local-news/musselman-pleads-guilty-to-child-porn-charges/');
INSERT INTO sources (person_id, url) VALUES ('jason-musselman', 'https://www.wcbu.org/local-news/2023-05-25/former-stark-county-councilman-sentenced-to-35-years-in-prison-on-child-pornography-charges');
INSERT OR REPLACE INTO people (id, name, status, level, state, office, crime_description, summary, still_in_office, offense_year, conviction_year, event_date) VALUES ('clifford-james-neesmith', 'Clifford James Neesmith', 'charged', 'local', 'GA', 'City Councilmember', 'Child Sexual Abuse Material', 'Clifford James "C. J." Neesmith was chairman of the Port Wentworth Planning Commission when he was arrested for possession child sexual abuse materials on September 12, 2022.', NULL, NULL, NULL, '2022-09-12');
INSERT INTO crime_types (person_id, crime_type) VALUES ('clifford-james-neesmith', 'csam');
INSERT INTO crime_types (person_id, crime_type) VALUES ('clifford-james-neesmith', 'assault');
INSERT INTO sources (person_id, url) VALUES ('clifford-james-neesmith', 'https://goppredators.wordpress.com/2023/04/23/843-clifford-james-neesmith/');
INSERT INTO sources (person_id, url) VALUES ('clifford-james-neesmith', 'https://www.savannahnow.com/story/news/2022/10/04/city-port-wentworth-planning-commission-reorganization-georgia/8125068001/');
INSERT INTO sources (person_id, url) VALUES ('clifford-james-neesmith', 'https://www.savannahnow.com/story/news/2022/09/13/clifford-neesmith-port-wentworth-planning-commission-arrested-child-pornography-charges/10367303002/');
INSERT INTO sources (person_id, url) VALUES ('clifford-james-neesmith', 'https://www.savannahnow.com/story/news/2022/09/28/former-port-wentworth-planning-commission-chairman-arraigned-child-pornography/10451301002/');
INSERT INTO sources (person_id, url) VALUES ('clifford-james-neesmith', 'https://news.yahoo.com/port-wentworth-planning-commission-chairman-182522594.html?ref=upstract.com&amp;curator=upstract.com&amp;utm_source=upstract.com');
INSERT INTO sources (person_id, url) VALUES ('clifford-james-neesmith', 'https://news.yahoo.com/port-wentworth-planning-commission-chairman-182522594.html?ref=upstract.com&amp;curator=upstract.com&amp;utm_source=upstract.com#');
INSERT INTO sources (person_id, url) VALUES ('clifford-james-neesmith', 'https://researchga.tylerhost.net/CourtRecordsSearch/#!/case/991e4b00937c5f81889660fef7c8121e');
INSERT OR REPLACE INTO people (id, name, status, level, state, office, crime_description, summary, still_in_office, offense_year, conviction_year, event_date) VALUES ('clay-travis', 'Clay Travis', 'alleged', 'adjacent', 'FL', '', 'Enabling', 'Clay Travis is a conservative radio talk show personality with a three-hour weekday show. He began his career as a sports broadcaster.', NULL, NULL, NULL, '2022-07-13');
INSERT INTO crime_types (person_id, crime_type) VALUES ('clay-travis', 'enablement');
INSERT INTO sources (person_id, url) VALUES ('clay-travis', 'https://goppredators.wordpress.com/2023/04/22/842-clay-travis/');
INSERT INTO sources (person_id, url) VALUES ('clay-travis', 'https://www.outkick.com/why-im-voting-for-donald-trump/');
INSERT INTO sources (person_id, url) VALUES ('clay-travis', 'https://t.co/dHXh0wBkIT');
INSERT INTO sources (person_id, url) VALUES ('clay-travis', 'https://www.usatoday.com/story/opinion/columnist/2022/07/16/rape-10-year-old-ohio-girl-exploit-her-tragedy/10054545002/');
INSERT INTO sources (person_id, url) VALUES ('clay-travis', 'https://www.mediamatters.org/clay-travis/fox-corps-clay-travis-amplified-his-anti-trans-rhetoric-after-covenant-shooting');
INSERT INTO sources (person_id, url) VALUES ('clay-travis', 'https://www.mediamatters.org/clay-travis/fox-regular-clay-travis-complains-britney-griner-free-rape-apologist-andrew-tate-still');
INSERT OR REPLACE INTO people (id, name, status, level, state, office, crime_description, summary, still_in_office, offense_year, conviction_year, event_date) VALUES ('billy-oswald', 'Billy Oswald', 'alleged', 'adjacent', 'SC', '', 'Sexual Harassment', 'Billy R. Oswald is a lawyer in Lexington, South Carolina, who was a Lexington County councilman who has run for office as a Republican several times was sued for sexual harassment by Sharon Ross, an employee.', NULL, NULL, NULL, NULL);
INSERT INTO crime_types (person_id, crime_type) VALUES ('billy-oswald', 'harassment');
INSERT INTO sources (person_id, url) VALUES ('billy-oswald', 'https://goppredators.wordpress.com/2023/04/22/841-billy-oswald/');
INSERT INTO sources (person_id, url) VALUES ('billy-oswald', 'https://www.postandcourier.com/columbia/news/midlands-lawyer-harassed-workers-brought-prostitutes-into-firm-for-sex-acts-lawsuit-claims/article_be58969c-3375-11ed-a202-73ca65062c0e.html');
INSERT INTO sources (person_id, url) VALUES ('billy-oswald', 'https://www.thestate.com/news/local/crime/article265735026.html');
INSERT OR REPLACE INTO people (id, name, status, level, state, office, crime_description, summary, still_in_office, offense_year, conviction_year, event_date) VALUES ('jamey-noel', 'Jamey Noel', 'alleged', 'local', 'IN', 'Sheriff', 'Custodial Negligence', 'Jamey Noel was the Sheriff of Clark County, Indiana and is the Chairman of the Clark County Republican Party. He also was linked to the Oath Keepers in an Anti-Defamation League database , but he denies the association.', NULL, NULL, NULL, '2022-07-29');
INSERT INTO crime_types (person_id, crime_type) VALUES ('jamey-noel', 'other');
INSERT INTO sources (person_id, url) VALUES ('jamey-noel', 'https://goppredators.wordpress.com/2023/04/22/840-jamey-noel/');
INSERT INTO sources (person_id, url) VALUES ('jamey-noel', 'https://www.linkedin.com/in/jamey-noel-59493560/');
INSERT INTO sources (person_id, url) VALUES ('jamey-noel', 'https://www.adl.org/resources/report/oath-keepers-data-leak-unmasking-extremism-public-life');
INSERT INTO sources (person_id, url) VALUES ('jamey-noel', 'https://www.wishtv.com/news/i-team-8/calls-for-clark-county-sheriff-resignation-after-28-alleged-jail-assaults/');
INSERT INTO sources (person_id, url) VALUES ('jamey-noel', 'https://www.theindianalawyer.com/articles/ex-jail-officer-who-sold-jail-keys-requests-gag-order-against-clark-county-sheriff-in-night-of-terror-case');
INSERT INTO sources (person_id, url) VALUES ('jamey-noel', 'https://www.theindianalawyer.com/articles/night-of-terror-28-women-allege-they-assaults-by-male-inmates-after-clark-co-jail-officer-sold-access-keys');
INSERT INTO sources (person_id, url) VALUES ('jamey-noel', 'https://lawandcrime.com/lawsuit/dozens-of-inmates-raped-assaulted-and-harassed-after-jailer-sold-male-prisoner-a-key-to-womens-wing-federal-lawsuit-claims/');
INSERT OR REPLACE INTO people (id, name, status, level, state, office, crime_description, summary, still_in_office, offense_year, conviction_year, event_date) VALUES ('joe-lonsdale', 'Joe Lonsdale', 'alleged', 'adjacent', 'TX', '', 'Sexual Misconduct', 'Joe Lonsdale is a co-founder of Palintir, with Peter Thiel. He also founded an accounting software company and is one of the tech billionaires who finance the right.', NULL, NULL, NULL, '2015-02-10');
INSERT INTO crime_types (person_id, crime_type) VALUES ('joe-lonsdale', 'other');
INSERT INTO sources (person_id, url) VALUES ('joe-lonsdale', 'https://goppredators.wordpress.com/2023/04/22/839-joe-lonsdale/');
INSERT INTO sources (person_id, url) VALUES ('joe-lonsdale', 'https://www.nytimes.com/2015/02/15/magazine/the-stanford-undergraduate-and-the-mentor.html');
INSERT INTO sources (person_id, url) VALUES ('joe-lonsdale', 'https://www.nytimes.com/2015/11/04/magazine/the-lessons-of-stanfords-sex-assault-case-reversal.html');
INSERT INTO sources (person_id, url) VALUES ('joe-lonsdale', 'https://nymag.com/intelligencer/2015/02/palantir-cofounder-joe-lonsdale-rape-lawsuit.html');
INSERT OR REPLACE INTO people (id, name, status, level, state, office, crime_description, summary, still_in_office, offense_year, conviction_year, event_date) VALUES ('david-farren', 'David Farren', 'convicted', 'adjacent', 'AR', 'Pastor', 'Child Molestation/Rape', 'David Wayne Farren was the lead pastor of Anchor Church in Texarkana when he was arrested for crimes he committed as youth pastor at Heritage Baptist Church, also in Texarkana. Two women came forward to report they were raped by him when they attended his youth ministry classes.', NULL, NULL, 2017, '2017-10-05');
INSERT INTO crime_types (person_id, crime_type) VALUES ('david-farren', 'rape');
INSERT INTO crime_types (person_id, crime_type) VALUES ('david-farren', 'child-molestation');
INSERT INTO sources (person_id, url) VALUES ('david-farren', 'https://goppredators.wordpress.com/2023/04/22/838-david-farren/');
INSERT INTO sources (person_id, url) VALUES ('david-farren', 'https://txktoday.com/arkansas-news/pastor-sentenced-15-years-sexual-abuse-teen-girls/');
INSERT INTO sources (person_id, url) VALUES ('david-farren', 'https://www.texarkanagazette.com/news/2017/oct/03/local-pastor-pleads-guilty-sexual-abuse-teen-girls/');
INSERT OR REPLACE INTO people (id, name, status, level, state, office, crime_description, summary, still_in_office, offense_year, conviction_year, event_date) VALUES ('peter-thiel', 'Peter Thiel', 'alleged', 'adjacent', 'CA', '', 'Rape Apologist', 'Peter Thiel is the founder of PayPal. In 1995, he co-wrote a book with David O.', NULL, NULL, NULL, '1995-12-26');
INSERT INTO crime_types (person_id, crime_type) VALUES ('peter-thiel', 'rape');
INSERT INTO sources (person_id, url) VALUES ('peter-thiel', 'https://goppredators.wordpress.com/2023/04/22/837-peter-thiel/');
INSERT INTO sources (person_id, url) VALUES ('peter-thiel', 'https://www.independent.org/store/book.asp?id=38#t-0');
INSERT INTO sources (person_id, url) VALUES ('peter-thiel', 'https://www.theguardian.com/technology/2016/oct/21/peter-thiel-support-donald-trump-date-rape-book');
INSERT INTO sources (person_id, url) VALUES ('peter-thiel', 'https://www.theguardian.com/technology/2016/oct/25/trump-donor-peter-thiel-sorry-date-rape-regret-paypal-facebook');
INSERT INTO sources (person_id, url) VALUES ('peter-thiel', 'https://www.bloomberg.com/news/articles/2022-11-09/vance-masters-results-have-peter-thiel-charting-new-strategy#xj4y7vzkg');
INSERT OR REPLACE INTO people (id, name, status, level, state, office, crime_description, summary, still_in_office, offense_year, conviction_year, event_date) VALUES ('melvin-slack', 'Melvin Slack', 'alleged', 'local', 'LA', 'Mayor', 'Sexual Harassment/Stalking/Battery', 'Melvin Slack was a Republican candidate for mayor of Shreveport. He dropped out of the race for a couple of days after a woman sought a restraining order, but he got back in because he thought quitting dishonored the memory of his son.', NULL, NULL, NULL, '2022-08-24');
INSERT INTO crime_types (person_id, crime_type) VALUES ('melvin-slack', 'harassment');
INSERT INTO crime_types (person_id, crime_type) VALUES ('melvin-slack', 'stalking');
INSERT INTO sources (person_id, url) VALUES ('melvin-slack', 'https://goppredators.wordpress.com/2023/04/22/836-melvin-slack/');
INSERT INTO sources (person_id, url) VALUES ('melvin-slack', 'https://www.ksla.com/2022/09/12/documents-detailing-alleged-harassment-between-mayoral-candidate-victim-released/');
INSERT INTO sources (person_id, url) VALUES ('melvin-slack', 'https://www.scribd.com/document/593748612/Caddo-District-Court-records-of-logs-of-Melvin-Slack-s-calls#download&amp;from_embed');
INSERT INTO sources (person_id, url) VALUES ('melvin-slack', 'https://www.shreveporttimes.com/story/news/2022/08/22/shreveport-gop-mayoral-candidate-hit-temporary-restraining-order/7870343001/');
INSERT INTO sources (person_id, url) VALUES ('melvin-slack', 'https://www.shreveporttimes.com/story/news/local/2022/09/02/protective-order-granted-against-shreveport-mayoral-candidate-for-abuse/65469197007/');
INSERT OR REPLACE INTO people (id, name, status, level, state, office, crime_description, summary, still_in_office, offense_year, conviction_year, event_date) VALUES ('gary-bell', 'Gary Bell', 'charged', 'state', 'UT', '', 'Child Sexual Abuse Material', 'Gary Lee Bell is a former Assistant Attorney General in Utah''s Child Protection Division. In his job, he prosecuted people who committed crimes against children.', NULL, NULL, NULL, NULL);
INSERT INTO crime_types (person_id, crime_type) VALUES ('gary-bell', 'csam');
INSERT INTO crime_types (person_id, crime_type) VALUES ('gary-bell', 'assault');
INSERT INTO sources (person_id, url) VALUES ('gary-bell', 'https://goppredators.wordpress.com/2023/04/22/835-gary-lee-bell/');
INSERT INTO sources (person_id, url) VALUES ('gary-bell', 'https://www.ksl.com/article/50463801/former-attorney-for-ags-child-protection-division-arrested-in-child-porn-investigation');
INSERT INTO sources (person_id, url) VALUES ('gary-bell', 'https://kutv.com/news/local/new-allegations-of-sex-abuse-leveled-against-former-utah-child-crimes-prosecutor-gary-lee-bell-utah-county-aggravated-sexual-abuse-pornography-ip-address-child-protective-division');
INSERT INTO sources (person_id, url) VALUES ('gary-bell', 'https://gephardtdaily.com/local/former-attorney-with-utah-ags-office-faces-14-additional-charges-related-to-sexual-exploitation-of-baby/');
INSERT OR REPLACE INTO people (id, name, status, level, state, office, crime_description, summary, still_in_office, offense_year, conviction_year, event_date) VALUES ('glen-uselmann', 'Glen Uselmann', 'convicted', 'adjacent', 'WI', 'Pastor', 'Child Molesting', 'Glen Uselmann was a youth pastor at Calvary Gospel Church led by John Grant. He groomed and then raped a child, Rebecca, when she was just twelve.', NULL, NULL, 2022, '2020-07-22');
INSERT INTO crime_types (person_id, crime_type) VALUES ('glen-uselmann', 'child-molestation');
INSERT INTO sources (person_id, url) VALUES ('glen-uselmann', 'https://goppredators.wordpress.com/2023/04/22/834-glen-uselmann/');
INSERT INTO sources (person_id, url) VALUES ('glen-uselmann', 'https://web.archive.org/web/20200818145220/https://madison.com/ct/news/local/govt-and-politics/stolen-childhoods-women-allege-they-were-sexually-abused-as-kids/article_22c01351-890d-5bac-8790-d701b1f31c3a.html');
INSERT INTO sources (person_id, url) VALUES ('glen-uselmann', 'https://captimes.com/news/local/govt-and-politics/charges-filed-in-sexual-assault-case-linked-to-madisons-calvary-gospel-church/article_37fb5ab6-82c4-5bf8-933a-f9ce7e56f99b.html');
INSERT INTO sources (person_id, url) VALUES ('glen-uselmann', 'https://wcca.wicourts.gov/caseDetail.html?caseNo=2020CF001760&amp;countyNo=13&amp;index=0');
INSERT INTO sources (person_id, url) VALUES ('glen-uselmann', 'https://madison.com/news/local/crime-and-courts/former-madison-church-leader-sentenced-to-prison-for-decades-old-sex-abuse-of-child/article_738163d1-4b42-5ae9-8b78-fed47c734228.html');
INSERT OR REPLACE INTO people (id, name, status, level, state, office, crime_description, summary, still_in_office, offense_year, conviction_year, event_date) VALUES ('john-grant', 'John Grant', 'convicted', 'adjacent', 'WI', 'Pastor', 'Organizational Cover-up', 'John Grant is the pastor of Calvary Gospel Church in Madison. He elevated himself to bishop in 2015.', NULL, NULL, NULL, NULL);
INSERT INTO crime_types (person_id, crime_type) VALUES ('john-grant', 'enablement');
INSERT INTO crime_types (person_id, crime_type) VALUES ('john-grant', 'organizational-coverup');
INSERT INTO sources (person_id, url) VALUES ('john-grant', 'https://goppredators.wordpress.com/2023/04/22/833-john-grant/');
INSERT INTO sources (person_id, url) VALUES ('john-grant', 'https://web.archive.org/web/20200818145220/https://madison.com/ct/news/local/govt-and-politics/stolen-childhoods-women-allege-they-were-sexually-abused-as-kids/article_22c01351-890d-5bac-8790-d701b1f31c3a.html');
INSERT INTO sources (person_id, url) VALUES ('john-grant', 'https://web.archive.org/web/20200726041323/https://madison.com/news/local/govt-and-politics/another-woman-comes-forward-to-allege-sexual-abuse-at-madisons-calvary-gospel-church/article_0622245f-73b4-508a-b27c-d03e5192b1c6.html');
INSERT INTO sources (person_id, url) VALUES ('john-grant', 'https://madison.com/ct/news/local/govt-and-politics/stolen-childhoods-women-allege-they-were-sexually-abused-as-kids/article_22c01351-890d-5bac-8790-d701b1f31c3a.html');
INSERT OR REPLACE INTO people (id, name, status, level, state, office, crime_description, summary, still_in_office, offense_year, conviction_year, event_date) VALUES ('anthony-iglesias', 'Anthony Iglesias', 'convicted', 'adjacent', 'ID', 'Pastor', 'Child Molesting', 'Anthony Iglesias was youth pastor in two Idaho churches in the Calvary Chapel network. He was convicted of sexually abusing two boys.', NULL, NULL, NULL, '2004-08-19');
INSERT INTO crime_types (person_id, crime_type) VALUES ('anthony-iglesias', 'child-molestation');
INSERT INTO sources (person_id, url) VALUES ('anthony-iglesias', 'https://goppredators.wordpress.com/2023/04/22/832-anthony-iglesias/');
INSERT INTO sources (person_id, url) VALUES ('anthony-iglesias', 'https://www.spokesman.com/stories/2011/apr/16/churches-protected-predator-suit-says/');
INSERT INTO sources (person_id, url) VALUES ('anthony-iglesias', 'https://www.ocweekly.com/lawsuit-claims-calvary-chapel-allowed-shuffling-of-pedophile-employee-from-diamond-bar-to-idaho-6456577/');
INSERT INTO sources (person_id, url) VALUES ('anthony-iglesias', 'https://cdapress.com/news/2011/apr/21/two-churches-cited-in-child-sexual-abuse-5/');
INSERT OR REPLACE INTO people (id, name, status, level, state, office, crime_description, summary, still_in_office, offense_year, conviction_year, event_date) VALUES ('john-flores', 'John Flores', 'charged', 'adjacent', 'CA', 'Pastor', 'Child Molesting', 'John Flores was pastor at Calvary Chapel in California. He had been fired before for sexual improprieties with adults, In 2003, he was arrested for raping an underage girl, the daughter of another pastor.', NULL, NULL, NULL, '2003-08-22');
INSERT INTO crime_types (person_id, crime_type) VALUES ('john-flores', 'child-molestation');
INSERT INTO sources (person_id, url) VALUES ('john-flores', 'https://goppredators.wordpress.com/2023/04/21/831-john-flores/');
INSERT INTO sources (person_id, url) VALUES ('john-flores', 'https://www.latimes.com/archives/la-xpm-2003-aug-22-me-ocbriefs22.4-story.html');
INSERT INTO sources (person_id, url) VALUES ('john-flores', 'https://www.christianitytoday.com/ct/2007/march/7.53.html');
INSERT INTO sources (person_id, url) VALUES ('john-flores', 'https://www.tapatalk.com/groups/catholicreformation/almost-snookered-by-calvary-chapel-t11616.html');
INSERT OR REPLACE INTO people (id, name, status, level, state, office, crime_description, summary, still_in_office, offense_year, conviction_year, event_date) VALUES ('carl-johnson', 'Carl Johnson', 'convicted', 'local', 'UT', 'Mayor', 'Child Molesting', 'Carl Johnson was the mayor of West Bountiful and a bishop in the LDS church. He was arrested in September 2022 and charged with molesting at least three children.', NULL, NULL, NULL, NULL);
INSERT INTO crime_types (person_id, crime_type) VALUES ('carl-johnson', 'child-molestation');
INSERT INTO sources (person_id, url) VALUES ('carl-johnson', 'https://goppredators.wordpress.com/2023/04/21/830-carl-johnson/');
INSERT INTO sources (person_id, url) VALUES ('carl-johnson', 'https://www.sltrib.com/news/2022/09/08/former-utah-mayor-lds-bishop/');
INSERT INTO sources (person_id, url) VALUES ('carl-johnson', 'https://www.fox13now.com/news/local-news/former-west-bountiful-mayor-lds-bishop-sentenced-in-child-sex-abuse-case');
INSERT OR REPLACE INTO people (id, name, status, level, state, office, crime_description, summary, still_in_office, offense_year, conviction_year, event_date) VALUES ('jonathan-young', 'Jonathan Young', 'convicted', 'adjacent', 'NC', 'Teacher', 'Child Molesting', 'Jonathan Young was the Sunday School teacher at Firstborn Baptist Church in Benson, North Carolina. In 2022, he was convicted of sexually abusing three girls at church and on church buses.', NULL, NULL, 2022, '2022-08-31');
INSERT INTO crime_types (person_id, crime_type) VALUES ('jonathan-young', 'child-molestation');
INSERT INTO sources (person_id, url) VALUES ('jonathan-young', 'https://goppredators.wordpress.com/2023/04/21/829-jonathan-young/');
INSERT INTO sources (person_id, url) VALUES ('jonathan-young', 'https://www.wral.com/sunday-school-teacher-found-guilty-raping-girls-benson-church-sentenced-87-years/20439155/');
INSERT INTO sources (person_id, url) VALUES ('jonathan-young', 'https://apnews.com/article/crime-north-carolina-david-young-ddbcf7e6c53018e488a173a5efeec320');
INSERT OR REPLACE INTO people (id, name, status, level, state, office, crime_description, summary, still_in_office, offense_year, conviction_year, event_date) VALUES ('chuck-phelps', 'Chuck Phelps', 'alleged', 'adjacent', 'NH', 'Pastor', 'Organizational Cover-Up, Rape Culture', 'Chuck Phelps was the pastor of Trinity Baptist Church in New Hampshire. Now he is a pastor in Indiana.', NULL, NULL, NULL, '2011-05-25');
INSERT INTO crime_types (person_id, crime_type) VALUES ('chuck-phelps', 'rape');
INSERT INTO crime_types (person_id, crime_type) VALUES ('chuck-phelps', 'enablement');
INSERT INTO crime_types (person_id, crime_type) VALUES ('chuck-phelps', 'organizational-coverup');
INSERT INTO crime_types (person_id, crime_type) VALUES ('chuck-phelps', 'harassment');
INSERT INTO sources (person_id, url) VALUES ('chuck-phelps', 'https://goppredators.wordpress.com/2023/04/21/828-chuck-phelps/');
INSERT INTO sources (person_id, url) VALUES ('chuck-phelps', 'https://www.concordmonitor.com/Archive/2011/06/999737834-999737834-1106-CM');
INSERT INTO sources (person_id, url) VALUES ('chuck-phelps', 'https://en.wikipedia.org/wiki/Trinity_Baptist_Church_sex_scandal');
INSERT INTO sources (person_id, url) VALUES ('chuck-phelps', 'https://www.wmur.com/article/pastor-in-willis-rape-trial-resigns-from-university/5170917');
INSERT INTO sources (person_id, url) VALUES ('chuck-phelps', 'https://web.archive.org/web/20101226001635/http://www.concordmonitor.com/article/man-accused-in-rape-admitted-paternity');
INSERT OR REPLACE INTO people (id, name, status, level, state, office, crime_description, summary, still_in_office, offense_year, conviction_year, event_date) VALUES ('mike-parson', 'Mike Parson', 'alleged', 'state', 'MO', '', 'Enabling, Cover-up', 'Mike Parson is the Governor of Missouri. He was criticized for his lack of action in addressing violence and abuse at Christian boarding schools in Missouri.', NULL, NULL, NULL, '2022-09-02');
INSERT INTO crime_types (person_id, crime_type) VALUES ('mike-parson', 'enablement');
INSERT INTO crime_types (person_id, crime_type) VALUES ('mike-parson', 'organizational-coverup');
INSERT INTO sources (person_id, url) VALUES ('mike-parson', 'https://goppredators.wordpress.com/2023/04/21/827-mike-parson/');
INSERT INTO sources (person_id, url) VALUES ('mike-parson', 'https://docs.google.com/document/d/1KAEtQqma1f2-qnzJxeWRXPcv9xNkFuz9WmxyIZvC5lY/pub');
INSERT INTO sources (person_id, url) VALUES ('mike-parson', 'https://t.co/GCKcqrslKq');
INSERT INTO sources (person_id, url) VALUES ('mike-parson', 'https://www.kcur.org/politics-elections-and-government/2022-07-23/missouri-candidates-face-criticism-over-ties-to-religious-schools-where-students-allege-abuse');
INSERT INTO sources (person_id, url) VALUES ('mike-parson', 'https://wordandway.org/2023/01/03/emotional-roller-coaster-delays-in-effort-to-shut-down-agape-dishearten-former-students/');
INSERT INTO sources (person_id, url) VALUES ('mike-parson', 'https://www.komu.com/news/state/missouri-couple-who-owned-religious-girls-home-charged-with-over-100-counts-of-abuse-rape/article_bdfd8c66-81dd-11eb-97b3-4f86b92fc477.html');
INSERT OR REPLACE INTO people (id, name, status, level, state, office, crime_description, summary, still_in_office, offense_year, conviction_year, event_date) VALUES ('eric-schmitt', 'Eric Schmitt', 'alleged', 'state', 'MO', '', 'Enabling, Cover-up', 'Eric Schmitt is Missouri''s junior Senator, previously he was the Missouri Attorney General. He was highly criticized for his lack of action in addressing violence and abuse at Christian boarding schools in Missouri.', NULL, NULL, NULL, '2022-09-02');
INSERT INTO crime_types (person_id, crime_type) VALUES ('eric-schmitt', 'enablement');
INSERT INTO crime_types (person_id, crime_type) VALUES ('eric-schmitt', 'organizational-coverup');
INSERT INTO sources (person_id, url) VALUES ('eric-schmitt', 'https://goppredators.wordpress.com/2023/04/21/826-eric-schmitt/');
INSERT INTO sources (person_id, url) VALUES ('eric-schmitt', 'https://docs.google.com/document/d/1KAEtQqma1f2-qnzJxeWRXPcv9xNkFuz9WmxyIZvC5lY/pub');
INSERT INTO sources (person_id, url) VALUES ('eric-schmitt', 'https://t.co/GCKcqrslKq');
INSERT INTO sources (person_id, url) VALUES ('eric-schmitt', 'https://www.kansascity.com/news/state/missouri/article265246901.html');
INSERT INTO sources (person_id, url) VALUES ('eric-schmitt', 'https://www.kansascity.com/news/local/article246988712.html');
INSERT OR REPLACE INTO people (id, name, status, level, state, office, crime_description, summary, still_in_office, offense_year, conviction_year, event_date) VALUES ('julio-sandoval', 'Julio Sandoval', 'charged', 'adjacent', 'MO', '', 'Trafficking', 'Julio Sandoval is the former dean of Agape Boarding School, a place that claimed to provide guidance and education to unruly boys by providing structure and discipline. Agape closed down in January, long after it should have been closed.', NULL, NULL, NULL, '2023-03-09');
INSERT INTO crime_types (person_id, crime_type) VALUES ('julio-sandoval', 'trafficking');
INSERT INTO sources (person_id, url) VALUES ('julio-sandoval', 'https://goppredators.wordpress.com/2023/04/21/825-julio-sandoval/');
INSERT INTO sources (person_id, url) VALUES ('julio-sandoval', 'https://www.news-leader.com/story/news/local/missouri/2021/09/16/former-agape-boarding-school-students-survivors-abuse-allegations-missouri-lawsuit-prosecution/8319972002/');
INSERT INTO sources (person_id, url) VALUES ('julio-sandoval', 'https://www.news-leader.com/story/news/local/ozarks/2022/08/31/parent-former-agape-boarding-school-missouri-dean-charged-violating-protection-order/7952187001/');
INSERT INTO sources (person_id, url) VALUES ('julio-sandoval', 'https://apnews.com/article/religion-education-california-sexual-abuse-by-clergy-kansas-2f3587b9f892ab39fe5973bc951660e8');
INSERT INTO sources (person_id, url) VALUES ('julio-sandoval', 'https://www.cbsnews.com/news/agape-boarding-school-shut-down-missouri-investigation/');
INSERT INTO sources (person_id, url) VALUES ('julio-sandoval', 'https://www.thedailybeast.com/agape-school-ex-students-reveal-abuse-at-christian-torture-compound-in-missouri');
INSERT OR REPLACE INTO people (id, name, status, level, state, office, crime_description, summary, still_in_office, offense_year, conviction_year, event_date) VALUES ('tom-horne', 'Tom Horne', 'convicted', 'adjacent', 'AZ', 'Police Officer', 'Enabling', 'Tom Horne is currently the Arizona State Superintendent of Public Instruction. During his 2022 campaign, he defended hiring former Arizona Rep.', NULL, NULL, NULL, '2022-08-28');
INSERT INTO crime_types (person_id, crime_type) VALUES ('tom-horne', 'enablement');
INSERT INTO sources (person_id, url) VALUES ('tom-horne', 'https://goppredators.wordpress.com/2023/04/19/824-tom-horne/');
INSERT INTO sources (person_id, url) VALUES ('tom-horne', 'https://t.co/EWnwQW0qpE');
INSERT INTO sources (person_id, url) VALUES ('tom-horne', 'https://www.azfamily.com/2022/08/26/az-head-schools-candidate-defends-disgraced-ex-lawmaker-working-his-campaign/');
INSERT INTO sources (person_id, url) VALUES ('tom-horne', 'https://www.azcentral.com/story/opinion/op-ed/elviadiaz/2022/08/30/tom-horne-should-ashamed-defend-former-rep-david-stringer/7941997001/');
INSERT OR REPLACE INTO people (id, name, status, level, state, office, crime_description, summary, still_in_office, offense_year, conviction_year, event_date) VALUES ('keenan-hord', 'Keenan Hord', 'convicted', 'adjacent', 'AL', 'Pastor', 'Child Molestation', 'Keenan Hord was the youth pastor at the First Baptist Church in Bentonville, Arkansas, and before that, he served two years at Bellevue Baptist Church in Cordova, Tennessee. Both churches are infamous for anti-gay organizing.', NULL, NULL, NULL, '2022-10-02');
INSERT INTO crime_types (person_id, crime_type) VALUES ('keenan-hord', 'child-molestation');
INSERT INTO sources (person_id, url) VALUES ('keenan-hord', 'https://goppredators.wordpress.com/2023/04/19/823-keenan-hord/');
INSERT INTO sources (person_id, url) VALUES ('keenan-hord', 'https://baptistnews.com/article/arkansas-lawmakers-ban-local-anti-discrimination-measures/');
INSERT INTO sources (person_id, url) VALUES ('keenan-hord', 'https://www.memphisflyer.com/steve-gaines-comes-under-fire-by-lgbt-community');
INSERT INTO sources (person_id, url) VALUES ('keenan-hord', 'https://www.5newsonline.com/article/news/local/bentonville-pastor-sentenced-prison-sexual-assault/527-684883c5-0bb5-489f-9ce6-9886b5d504ee');
INSERT INTO sources (person_id, url) VALUES ('keenan-hord', 'https://www.baptistpress.com/resource-library/news/former-student-pastor-arrested-for-sexual-indecency-with-a-child/');
INSERT INTO sources (person_id, url) VALUES ('keenan-hord', 'https://www.commercialappeal.com/story/news/crime/2023/02/24/former-bellevue-youth-pastor-pleads-guilty-to-sex-crimes-in-arkansas/69941195007/');
INSERT OR REPLACE INTO people (id, name, status, level, state, office, crime_description, summary, still_in_office, offense_year, conviction_year, event_date) VALUES ('robert-karnes', 'Robert Karnes', 'alleged', 'state', 'WV', 'State Senator', 'Defending Child Rape', 'Robert Karnes is a state senator in West Virginia where he stands out as the most extreme of anti-choice extremists. He also has bizarre opinions on rape, opinions that harm women and perpetuate a culture that accepts and tolerates rape, even rape of children.', NULL, NULL, NULL, NULL);
INSERT INTO crime_types (person_id, crime_type) VALUES ('robert-karnes', 'rape');
INSERT INTO crime_types (person_id, crime_type) VALUES ('robert-karnes', 'enablement');
INSERT INTO sources (person_id, url) VALUES ('robert-karnes', 'https://goppredators.wordpress.com/2023/04/19/822-robert-karnes/');
INSERT INTO sources (person_id, url) VALUES ('robert-karnes', 'https://wajr.com/mon-county-prosecutor-seeks-sexual-assault-protections-for-married-couples/');
INSERT INTO sources (person_id, url) VALUES ('robert-karnes', 'https://www.dailykos.com/stories/2022/8/2/2114070/-West-Virginia-senator-says-victims-of-child-rape-romanticize-abusers-see-them-as-boyfriends');
INSERT INTO sources (person_id, url) VALUES ('robert-karnes', 'https://finance.yahoo.com/news/editorial-w-va-trouble-ignorance-112000388.html');
INSERT OR REPLACE INTO people (id, name, status, level, state, office, crime_description, summary, still_in_office, offense_year, conviction_year, event_date) VALUES ('tudor-dixon', 'Tudor Dixon', 'alleged', 'state', 'MI', '', 'Enabling, Rape Culture', 'Tudor Dixon was the Michigan Republican nominee for governor. She was asked if she would support an abortion exception for a 14-year-old girl who was impregnated by rape.', NULL, NULL, NULL, NULL);
INSERT INTO crime_types (person_id, crime_type) VALUES ('tudor-dixon', 'rape');
INSERT INTO crime_types (person_id, crime_type) VALUES ('tudor-dixon', 'enablement');
INSERT INTO crime_types (person_id, crime_type) VALUES ('tudor-dixon', 'harassment');
INSERT INTO sources (person_id, url) VALUES ('tudor-dixon', 'https://goppredators.wordpress.com/2023/04/18/821-tudor-dixon/');
INSERT INTO sources (person_id, url) VALUES ('tudor-dixon', 'https://www.businessinsider.com/michigan-gop-governor-candidate-said-having-baby-healing-rape-victims-2022-8');
INSERT INTO sources (person_id, url) VALUES ('tudor-dixon', 'https://michiganadvance.com/2022/08/21/dixon-opposes-abortion-for-rape-victims-because-theres-healing-through-the-baby/');
INSERT OR REPLACE INTO people (id, name, status, level, state, office, crime_description, summary, still_in_office, offense_year, conviction_year, event_date) VALUES ('jack-murphy', 'Jack Murphy', 'alleged', 'local', 'DC', 'School Board Member', 'Rape Culture', 'Jack Murphy is what John Murphy Goldman prefers to be called. As John Goldman he was the former Senior Manager of Finance, Analysis and Strategy for the Washington, DC Public Charter School Board.', NULL, NULL, NULL, '2022-08-25');
INSERT INTO crime_types (person_id, crime_type) VALUES ('jack-murphy', 'rape');
INSERT INTO crime_types (person_id, crime_type) VALUES ('jack-murphy', 'harassment');
INSERT INTO sources (person_id, url) VALUES ('jack-murphy', 'https://goppredators.wordpress.com/2023/04/18/820-jack-murphy/');
INSERT INTO sources (person_id, url) VALUES ('jack-murphy', 'https://jackmurphylive.com/liminal-order/jack-murphy-live-john-goldman-statement/');
INSERT INTO sources (person_id, url) VALUES ('jack-murphy', 'https://web.archive.org/web/20170701214957/http://jackmurphylive.com:80/feminists-need-rape/');
INSERT INTO sources (person_id, url) VALUES ('jack-murphy', 'https://crooksandliars.com/2018/01/dc-charter-school-board-official-exposed');
INSERT INTO sources (person_id, url) VALUES ('jack-murphy', 'https://www.thebulwark.com/the-decay-at-the-claremont-institute-continues/');
INSERT INTO sources (person_id, url) VALUES ('jack-murphy', 'https://www.motherjones.com/politics/2022/08/jd-vance-appeared-with-podcaster-jack-murphy-who-said-feminists-need-rape/');
INSERT OR REPLACE INTO people (id, name, status, level, state, office, crime_description, summary, still_in_office, offense_year, conviction_year, event_date) VALUES ('luke-bowen', 'Luke Bowen', 'convicted', 'adjacent', 'TX', 'Police Officer', 'Soliciting a Minor', 'Luke Bowen was the Political Director of Texas Right to Life and a volunteer blogger for the state Republican party. Then he was arrested for trying to solicit a minor.', NULL, NULL, NULL, NULL);
INSERT INTO crime_types (person_id, crime_type) VALUES ('luke-bowen', 'solicitation');
INSERT INTO sources (person_id, url) VALUES ('luke-bowen', 'https://goppredators.wordpress.com/2023/04/18/819-luke-bowen/');
INSERT INTO sources (person_id, url) VALUES ('luke-bowen', 'https://www.currentrevolt.com/p/texas-right-to-life-political-director?sd=pf&amp;triedSigningIn=true');
INSERT INTO sources (person_id, url) VALUES ('luke-bowen', 'https://jessica.substack.com/p/anti-choice-leader-arrested-for-solicitation');
INSERT INTO sources (person_id, url) VALUES ('luke-bowen', 'https://www.chron.com/neighborhood/moco/news/article/texas-right-to-life-luke-bowen-prison-solicit-teen-17788511.php');
INSERT OR REPLACE INTO people (id, name, status, level, state, office, crime_description, summary, still_in_office, offense_year, conviction_year, event_date) VALUES ('barry-doss', 'Barry Doss', 'alleged', 'state', 'TN', 'State Representative', 'Enabling', 'Barry Doss is a former Tennessee state representative who went too far in his defense of Rep. David Byrd , alleged child molester.', NULL, NULL, NULL, NULL);
INSERT INTO crime_types (person_id, crime_type) VALUES ('barry-doss', 'enablement');
INSERT INTO sources (person_id, url) VALUES ('barry-doss', 'https://goppredators.wordpress.com/2023/04/18/818-barry-doss/');
INSERT INTO sources (person_id, url) VALUES ('barry-doss', 'https://www.tennessean.com/story/news/politics/2019/07/03/tennessee-rep-david-byrd-ashamed-his-past-amid-sex-assault-allegations/1634269001/');
INSERT INTO sources (person_id, url) VALUES ('barry-doss', 'https://tnholler.com/2019/07/former-rep-barry-doss-defends-byrd-says-a-lot-of-people-molest-people/');
INSERT OR REPLACE INTO people (id, name, status, level, state, office, crime_description, summary, still_in_office, offense_year, conviction_year, event_date) VALUES ('perry-hooper', 'Perry Hooper', 'charged', 'state', 'AL', 'State Representative', 'Felony Sex Abuse', 'Perry Hooper was an Alabama state representative. He was also the 2016 Donald Trump Alabama campaign co-chair.', NULL, NULL, NULL, '2022-08-16');
INSERT INTO crime_types (person_id, crime_type) VALUES ('perry-hooper', 'assault');
INSERT INTO sources (person_id, url) VALUES ('perry-hooper', 'https://goppredators.wordpress.com/2023/04/18/817-perry-hooper/');
INSERT INTO sources (person_id, url) VALUES ('perry-hooper', 'https://www.al.com/news/2022/08/perry-hooper-jr-former-alabama-lawmaker-charged-with-sex-abuse-in-montgomery.html');
INSERT INTO sources (person_id, url) VALUES ('perry-hooper', 'https://1819news.com/news/item/circuit-judge-drops-sexual-abuse-case-against-perry-hooper-jr');
INSERT INTO sources (person_id, url) VALUES ('perry-hooper', 'https://www.wtvy.com/2022/12/06/i-take-full-responsibility-perry-hooper-jr-says-after-dismissal-sex-abuse-charge/');
INSERT INTO sources (person_id, url) VALUES ('perry-hooper', 'https://www.alreporter.com/2023/01/25/perry-hooper-now-claims-sexual-assault-arrest-was-a-political-attack/');
INSERT INTO sources (person_id, url) VALUES ('perry-hooper', 'https://www.alreporter.com/2023/01/26/perry-hoopers-alleged-victim-heartbroken-outraged-by-recent-pleadings/');
INSERT INTO sources (person_id, url) VALUES ('perry-hooper', 'https://aldailynews.com/elizabeth-daly-betrayed-by-hoopers-backtrack-on-sex-abuse-apology/');
INSERT OR REPLACE INTO people (id, name, status, level, state, office, crime_description, summary, still_in_office, offense_year, conviction_year, event_date) VALUES ('edgar-smith', 'Edgar Smith', 'convicted', 'adjacent', 'NJ', '', 'Murder', 'Edgar Smith was a conservative cause célèbre back in the Sixties. He murdered fifteen-year-old Victoria Ann Zielinski.', NULL, NULL, NULL, NULL);
INSERT INTO crime_types (person_id, crime_type) VALUES ('edgar-smith', 'murder');
INSERT INTO sources (person_id, url) VALUES ('edgar-smith', 'https://goppredators.wordpress.com/2023/04/17/816-edgar-smith/');
INSERT INTO sources (person_id, url) VALUES ('edgar-smith', 'https://www.nationalreview.com/2018/04/ted-kennedy-chappaquiddick-pleading-fifth-amendment/');
INSERT INTO sources (person_id, url) VALUES ('edgar-smith', 'https://www.harpercollins.com/products/scoundrel-sarah-weinman?variant=40985777799202');
INSERT INTO sources (person_id, url) VALUES ('edgar-smith', 'https://newrepublic.com/article/165580/scoundrel-book-review-buckley-edgar-smith-conservative-murderer');
INSERT INTO sources (person_id, url) VALUES ('edgar-smith', 'https://www.theamericanconservative.com/william-f-buckleys-pet-killer/');
INSERT OR REPLACE INTO people (id, name, status, level, state, office, crime_description, summary, still_in_office, offense_year, conviction_year, event_date) VALUES ('gary-busey', 'Gary Busey', 'charged', 'adjacent', 'CA', '', 'Sexual Assault', 'Gary Busey is an Oscar-nominated actor perhaps most famous now for his turn on Celebrity Apprentice and his vocal support for Donald Trump. In 2022, he allegedly sexual assaulted three women at a Monster Mania convention.', NULL, NULL, NULL, '2022-08-24');
INSERT INTO crime_types (person_id, crime_type) VALUES ('gary-busey', 'assault');
INSERT INTO sources (person_id, url) VALUES ('gary-busey', 'https://goppredators.wordpress.com/2023/04/17/815-gary-busey/');
INSERT INTO sources (person_id, url) VALUES ('gary-busey', 'https://www.imdb.com/name/nm0000997/?ref_=fn_al_nm_1');
INSERT INTO sources (person_id, url) VALUES ('gary-busey', 'https://www.newson6.com/story/5e3680bd2f69d76f62094d9d/busey-arrested-on-spousal-abuse-complaint');
INSERT INTO sources (person_id, url) VALUES ('gary-busey', 'https://www.phillyvoice.com/gary-busey-body-cam-sexual-misconduct-allegations-new-jersey-/');
INSERT INTO sources (person_id, url) VALUES ('gary-busey', 'https://www.theguardian.com/us-news/2022/aug/20/gary-busey-actor-charged-new-jersey-sexual-contact-harassment');
INSERT OR REPLACE INTO people (id, name, status, level, state, office, crime_description, summary, still_in_office, offense_year, conviction_year, event_date) VALUES ('alejandro-richard-velasquez-gomez', 'Alejandro Richard Velasquez Gomez', 'alleged', 'adjacent', 'TX', 'Political Activist', 'Child Sexual Abuse Material, Soliciting a Minor', 'Alejandro Richard Velasquez Gomez is an incel and a rightwing activist/extremist who attended CPAC. Later, he threatened Turning Point USA''s summit in Tampa, Florida, with mass violence, supposedly angry they did not invite Nick Fuentes.', NULL, NULL, NULL, '2022-08-23');
INSERT INTO crime_types (person_id, crime_type) VALUES ('alejandro-richard-velasquez-gomez', 'csam');
INSERT INTO crime_types (person_id, crime_type) VALUES ('alejandro-richard-velasquez-gomez', 'assault');
INSERT INTO crime_types (person_id, crime_type) VALUES ('alejandro-richard-velasquez-gomez', 'solicitation');
INSERT INTO sources (person_id, url) VALUES ('alejandro-richard-velasquez-gomez', 'https://goppredators.wordpress.com/2023/04/17/814-alejandro-richard-velasquez-gomez/');
INSERT INTO sources (person_id, url) VALUES ('alejandro-richard-velasquez-gomez', 'https://www.courtlistener.com/docket/65360069/united-states-v-velasquez-gomez/');
INSERT INTO sources (person_id, url) VALUES ('alejandro-richard-velasquez-gomez', 'https://lawandcrime.com/crime/child-sex-abuse-material-found-on-phone-of-recent-high-school-grad-accused-of-threatening-day-of-retribution-at-conservative-student-summit-feds/');
INSERT INTO sources (person_id, url) VALUES ('alejandro-richard-velasquez-gomez', 'https://www.mysanantonio.com/news/local/article/fbi-arrests-san-antonio-incel-teen-17384821.php');
INSERT OR REPLACE INTO people (id, name, status, level, state, office, crime_description, summary, still_in_office, offense_year, conviction_year, event_date) VALUES ('joshua-schopp', 'Joshua Schopp', 'charged', 'local', 'LA', 'School Board Member', 'Soliciting a Minor', 'Joshua Schopp was a candidate for the Central Community School Board. He was arrested in August 2022, after exchanging messages with an underage girl on social media.', NULL, NULL, NULL, '2022-08-18');
INSERT INTO crime_types (person_id, crime_type) VALUES ('joshua-schopp', 'solicitation');
INSERT INTO sources (person_id, url) VALUES ('joshua-schopp', 'https://goppredators.wordpress.com/2023/04/17/813-joshua-schopp/');
INSERT INTO sources (person_id, url) VALUES ('joshua-schopp', 'https://www.wafb.com/2022/08/17/school-board-candidate-accused-inappropriately-messaging-minor-snapchat/');
INSERT INTO sources (person_id, url) VALUES ('joshua-schopp', 'https://www.wbrz.com/news/central-school-board-candidate-formally-charged-with-indecent-behavior-with-juveniles/');
INSERT OR REPLACE INTO people (id, name, status, level, state, office, crime_description, summary, still_in_office, offense_year, conviction_year, event_date) VALUES ('dale-berry', 'Dale Berry', 'alleged', 'local', 'MS', 'Mayor', 'Domestic Violence', 'Dale Berry is the mayor of Magee, Mississippi. In August, 2022, his wife filed domestic violence charges against him.', NULL, NULL, NULL, NULL);
INSERT INTO crime_types (person_id, crime_type) VALUES ('dale-berry', 'domestic-violence');
INSERT INTO sources (person_id, url) VALUES ('dale-berry', 'https://goppredators.wordpress.com/2023/04/16/812-dale-berry/');
INSERT INTO sources (person_id, url) VALUES ('dale-berry', 'https://www.wdam.com/2022/08/06/magee-mayor-arrested-bonds-out-after-wife-files-assault-charges/');
INSERT INTO sources (person_id, url) VALUES ('dale-berry', 'https://www.supertalk.fm/magee-mayor-gives-details-to-his-arrest-for-assault-charges/');
INSERT OR REPLACE INTO people (id, name, status, level, state, office, crime_description, summary, still_in_office, offense_year, conviction_year, event_date) VALUES ('ryan-white', 'Ryan White', 'alleged', 'local', 'AK', '', 'A Jon McGreeveyMDFalse Report', 'Ryan White used the name Jon McGreevey when he ran in the Republican primary for U. S.', NULL, NULL, NULL, NULL);
INSERT INTO crime_types (person_id, crime_type) VALUES ('ryan-white', 'other');
INSERT INTO sources (person_id, url) VALUES ('ryan-white', 'https://goppredators.wordpress.com/2023/04/16/811-ryan-white-aka-jon-mcgreevey/');
INSERT INTO sources (person_id, url) VALUES ('ryan-white', 'https://harfordsheriff.org/news/releases/senate-candidate-arrested-charged-with-false-report/');
INSERT INTO sources (person_id, url) VALUES ('ryan-white', 'https://www.cbsnews.com/baltimore/news/md-republican-senate-candidate-charged-with-false-report-after-allegedly-claiming-adult-bookstore-trafficked-children/');
INSERT INTO sources (person_id, url) VALUES ('ryan-white', 'https://www.cbsnews.com/baltimore/');
INSERT OR REPLACE INTO people (id, name, status, level, state, office, crime_description, summary, still_in_office, offense_year, conviction_year, event_date) VALUES ('joshua-clemons', 'Joshua Clemons', 'convicted', 'adjacent', 'CO', 'Pastor', 'Sexual Abuse of Three Minors', 'Joshua Clemons was the youth pastor at Crossroads Community Church in Parker, Colorado, before going to work for Restoration Community Church in Denver. Church leaders in Parker learned in 2016 that Clemons had a sexual relationship with one of the teen congregants, but she was eighteen, so it was t', NULL, NULL, NULL, '2018-02-27');
INSERT INTO crime_types (person_id, crime_type) VALUES ('joshua-clemons', 'assault');
INSERT INTO sources (person_id, url) VALUES ('joshua-clemons', 'https://goppredators.wordpress.com/2023/04/16/810-joshua-clemons/');
INSERT INTO sources (person_id, url) VALUES ('joshua-clemons', 'https://kdvr.com/news/local/former-youth-pastor-in-parker-charged-with-sexual-abuse-of-3-underage-girls/');
INSERT INTO sources (person_id, url) VALUES ('joshua-clemons', 'https://www.da18.org/tag/joshua-clemons/');
INSERT OR REPLACE INTO people (id, name, status, level, state, office, crime_description, summary, still_in_office, offense_year, conviction_year, event_date) VALUES ('matthew-leveridge', 'Matthew Leveridge', 'alleged', 'adjacent', 'KY', 'Judge', 'Abuse of Power &#8211; Sexual Exploitation', 'Matthew Leveridge is a Commonwealth Attorney for the 57th Circuit in Kentucky. This is in spite of serious misconduct.', NULL, NULL, NULL, NULL);
INSERT INTO crime_types (person_id, crime_type) VALUES ('matthew-leveridge', 'other');
INSERT INTO sources (person_id, url) VALUES ('matthew-leveridge', 'https://goppredators.wordpress.com/2023/04/16/809-matthew-leveridge/');
INSERT INTO sources (person_id, url) VALUES ('matthew-leveridge', 'https://www.thedailybeast.com/matthew-leveridge-kentucky-prosecutor-who-got-defendant-pregnant-and-had-affair-with-juror-running-for-judge?ref=home');
INSERT INTO sources (person_id, url) VALUES ('matthew-leveridge', 'https://www.abajournal.com/news/article/prosecutor-seeking-judgeship-says-he-has-moved-on-since-impregnating-defendant');
INSERT OR REPLACE INTO people (id, name, status, level, state, office, crime_description, summary, still_in_office, offense_year, conviction_year, event_date) VALUES ('gavin-crowl', 'Gavin Crowl', 'convicted', 'local', 'NE', 'Judge', 'Inappropriate Touching 4-Year-Old', 'Gavin Crowl is an insurrectionist named by Brandon Straka in his plea agreement and pictured in an article by Epoch Times. It''s possible he did not enter the Capitol.', NULL, NULL, 2015, '2015-10-06');
INSERT INTO crime_types (person_id, crime_type) VALUES ('gavin-crowl', 'other');
INSERT INTO sources (person_id, url) VALUES ('gavin-crowl', 'https://goppredators.wordpress.com/2023/04/16/808-gavin-crowl/');
INSERT INTO sources (person_id, url) VALUES ('gavin-crowl', 'https://lawandcrime.com/u-s-capitol-breach/pro-trump-influencer-convicted-in-jan-6-capitol-attack-sparks-judges-ire-after-public-response-to-accidental-release-of-documents-revealing-his-cooperation-with-feds/');
INSERT INTO sources (person_id, url) VALUES ('gavin-crowl', 'https://www.klkntv.com/lincoln-man-convicted-of-assaulting-13-year-old/');
INSERT INTO sources (person_id, url) VALUES ('gavin-crowl', 'https://seeingrednebraska.com/fascism/local-child-molester-treated-gently-by-lancaster-county-judge-goes-on-to-attend-insurrection/');
INSERT INTO sources (person_id, url) VALUES ('gavin-crowl', 'https://journalstar.com/news/local/911/judge-gives-lincoln-man-probation-for-sex-offense/article_4580a21f-d8e7-5e8f-a648-adcd7cc04224.html');
INSERT OR REPLACE INTO people (id, name, status, level, state, office, crime_description, summary, still_in_office, offense_year, conviction_year, event_date) VALUES ('ted-haggard', 'Ted Haggard', 'alleged', 'adjacent', 'CO', '', 'Inappropriate Touching Minor', 'Ted Haggard was a huge televangelism phenomenon until he was outed by a gay sex worker. That''s not why he is on this list.', NULL, NULL, NULL, '2022-08-28');
INSERT INTO crime_types (person_id, crime_type) VALUES ('ted-haggard', 'other');
INSERT INTO sources (person_id, url) VALUES ('ted-haggard', 'https://goppredators.wordpress.com/2023/04/16/807-ted-haggard/');
INSERT INTO sources (person_id, url) VALUES ('ted-haggard', 'https://denvergazette.com/premium/powerhouse-preacher-ted-haggard-faces-new-allegations-of-illicit-behavior/article_dfdd394b-185c-5345-8f4e-b5ae80aa3d36.html');
INSERT INTO sources (person_id, url) VALUES ('ted-haggard', 'https://onlysky.media/hemant-mehta/disgraced-pastor-ted-haggard-accused-again-of-sexually-inappropriate-behavior/');
INSERT OR REPLACE INTO people (id, name, status, level, state, office, crime_description, summary, still_in_office, offense_year, conviction_year, event_date) VALUES ('dave-yost', 'Dave Yost', 'charged', 'state', 'OH', '', 'Rape Denial', 'Dave Yost is the Attorney General of Ohio. After news reports of a 10-year-old having to travel out of Ohio to get an abortion after she was made pregnant by rape, he took it upon himself to deny that it ever happened.', NULL, NULL, NULL, '2022-07-14');
INSERT INTO crime_types (person_id, crime_type) VALUES ('dave-yost', 'rape');
INSERT INTO sources (person_id, url) VALUES ('dave-yost', 'https://goppredators.wordpress.com/2023/04/16/806-dave-yost/');
INSERT INTO sources (person_id, url) VALUES ('dave-yost', 'https://www.yahoo.com/news/top-republican-cast-doubt-rape-203112978.html');
INSERT INTO sources (person_id, url) VALUES ('dave-yost', 'https://ohiocapitaljournal.com/2022/08/04/yet-another-statement-yost-made-on-that-fox-news-appearance-now-seems-iffy/');
INSERT INTO sources (person_id, url) VALUES ('dave-yost', 'https://www.dispatch.com/story/opinion/columns/guest/2022/10/10/dave-yost-has-history-of-protecting-sexual-predators-doubting-victims/69547121007/');
INSERT INTO sources (person_id, url) VALUES ('dave-yost', 'https://www.yahoo.com/news/top-republican-cast-doubt-rape-203112978.html#');
INSERT OR REPLACE INTO people (id, name, status, level, state, office, crime_description, summary, still_in_office, offense_year, conviction_year, event_date) VALUES ('peter-van-vliet', 'Peter van Vliet', 'convicted', 'local', 'NC', '', 'Child Sexual Abuse Material', 'Peter van Vliet is a Republican who was appointed to fill a vacancy on the Holyoke City Commission in 2014 and was re-elected, most recently in 2019. He also coached cross country, youth lacrosse and junior varsity basketball at Annunciation Catholic School, though not since Spring 2019.', NULL, NULL, 2020, NULL);
INSERT INTO crime_types (person_id, crime_type) VALUES ('peter-van-vliet', 'csam');
INSERT INTO crime_types (person_id, crime_type) VALUES ('peter-van-vliet', 'assault');
INSERT INTO sources (person_id, url) VALUES ('peter-van-vliet', 'https://goppredators.wordpress.com/2023/04/16/805-peter-van-vliet/');
INSERT INTO sources (person_id, url) VALUES ('peter-van-vliet', 'https://www.wral.com/former-havelock-commissioner-catholic-school-coach-convicted-on-child-porn-charges/19258576/');
INSERT INTO sources (person_id, url) VALUES ('peter-van-vliet', 'https://www.witn.com/content/news/Havelock-commissioner-arrested-by-SBI-on-child-porn-charges-566605901.html');
INSERT INTO sources (person_id, url) VALUES ('peter-van-vliet', 'https://www.ncsbi.gov/Newsroom/News-Releases/SBI-SPECIAL-AGENTS-ARREST-LOCAL-CITY-COMMISSIONER,');
INSERT INTO sources (person_id, url) VALUES ('peter-van-vliet', 'https://wcti12.com/news/local/former-havelock-city-commissioner-on-probation-convicted-of-multiple-child-sex-crimes');
INSERT OR REPLACE INTO people (id, name, status, level, state, office, crime_description, summary, still_in_office, offense_year, conviction_year, event_date) VALUES ('kendal-kippen', 'Kendal Kippen', 'charged', 'local', 'WA', '', 'Child Rape', 'Jim Hammond is the Sheriff of Hamilton County, TN. He has created a culture of impunity, protecting deputies who rape and assault the public.', NULL, NULL, NULL, '2018-08-02');
INSERT INTO crime_types (person_id, crime_type) VALUES ('kendal-kippen', 'rape');
INSERT INTO sources (person_id, url) VALUES ('kendal-kippen', 'https://goppredators.wordpress.com/2022/04/17/804-jon-hammond/');
INSERT INTO sources (person_id, url) VALUES ('kendal-kippen', 'https://www.nytimes.com/2019/12/11/us/tennessee-deputy-daniel-wilkey.html');
INSERT INTO sources (person_id, url) VALUES ('kendal-kippen', 'https://www.timesfreepress.com/news/breakingnews/story/2019/aug/26/hamilton-county-pastors-residents-call-remove-sheriff/502082/');
INSERT INTO sources (person_id, url) VALUES ('kendal-kippen', 'https://www.courthousenews.com/court-steps-in-after-tennessee-county-loses-dashcam-video/');
INSERT INTO sources (person_id, url) VALUES ('kendal-kippen', 'https://newschannel9.com/news/local/hamilton-co-da-pinkston-files-brief-in-hamilton-co-deputys-federal-lawsuit');
INSERT INTO sources (person_id, url) VALUES ('kendal-kippen', 'https://www.local3news.com/local-news/tbi-asked-to-investigate-candidate-for-hamilton-co-district-attorney-accused-of-witness-tampering-obstruction/article_6ff82c96-d944-5280-abb1-72de60b19d50.html');
INSERT INTO sources (person_id, url) VALUES ('kendal-kippen', 'https://newschannel9.com/news/local/hamilton-co-da-pinkston-asks-tbi-to-investigate-upcoming-gop-primary-opponent');
INSERT OR REPLACE INTO people (id, name, status, level, state, office, crime_description, summary, still_in_office, offense_year, conviction_year, event_date) VALUES ('arlyn-briggs', 'Arlyn Briggs', 'charged', 'state', 'KS', '', 'Menacing police/sheltering stalker suspect', 'Arlyn Briggs got 19% of the vote in the 2022 GOP primary to choose their candidate for governor. About 90,000 voters chose a candidate arrested for threatening to shoot the police.', NULL, NULL, NULL, NULL);
INSERT INTO crime_types (person_id, crime_type) VALUES ('arlyn-briggs', 'stalking');
INSERT INTO sources (person_id, url) VALUES ('arlyn-briggs', 'https://goppredators.wordpress.com/2023/04/16/803-arlyn-briggs/');
INSERT INTO sources (person_id, url) VALUES ('arlyn-briggs', 'https://kansasreflector.com/2022/06/27/kansas-gop-governor-candidate-arrested-on-felony-charge-plunges-ahead-with-campaign/');
INSERT INTO sources (person_id, url) VALUES ('arlyn-briggs', 'https://www.iolaregister.com/news/area-candidate-for-governor-arrested-again');
INSERT OR REPLACE INTO people (id, name, status, level, state, office, crime_description, summary, still_in_office, offense_year, conviction_year, event_date) VALUES ('greg-murphy', 'Greg Murphy', 'alleged', 'adjacent', 'NC', '', 'Rape Culture', 'Greg Murphy has represented North Carolina''s 3rd Congressional District since 2019. He got national attention when he responded to the Dodd decision that overturned Roe v.', NULL, NULL, NULL, '2022-08-10');
INSERT INTO crime_types (person_id, crime_type) VALUES ('greg-murphy', 'rape');
INSERT INTO crime_types (person_id, crime_type) VALUES ('greg-murphy', 'harassment');
INSERT INTO sources (person_id, url) VALUES ('greg-murphy', 'https://goppredators.wordpress.com/2023/04/16/802-greg-murphy/');
INSERT INTO sources (person_id, url) VALUES ('greg-murphy', 'https://projects.propublica.org/politwoops/tweet/1541090423233470466');
INSERT INTO sources (person_id, url) VALUES ('greg-murphy', 'https://www.wral.com/no-one-forces-anyone-to-have-sex-nc-congressman-greg-murphy-falsely-claims-after-roe-decision/20351629/');
INSERT INTO sources (person_id, url) VALUES ('greg-murphy', 'https://www.charlotteobserver.com/opinion/article262922573.html');
INSERT OR REPLACE INTO people (id, name, status, level, state, office, crime_description, summary, still_in_office, offense_year, conviction_year, event_date) VALUES ('eric-carlson', 'Eric Carlson', 'convicted', 'adjacent', 'NY', '', 'Rape', 'Eric Carlson ran in the Republican primary for the First Congressional district in Illinois in 2022 and won with 40% of the vote. He lost the general election by a 2 to 1 margin but it is a safely Democratic district.', NULL, NULL, 1995, '2022-06-21');
INSERT INTO crime_types (person_id, crime_type) VALUES ('eric-carlson', 'rape');
INSERT INTO sources (person_id, url) VALUES ('eric-carlson', 'https://goppredators.wordpress.com/2023/04/16/801-eric-carlson/');
INSERT INTO sources (person_id, url) VALUES ('eric-carlson', 'https://www.chicagotribune.com/politics/elections/ct-republican-congressional-candidate-sexual-assault-20220621-zarvzxg53nf3rpxwdabxseg7s4-story.html');
INSERT INTO sources (person_id, url) VALUES ('eric-carlson', 'https://patch.com/illinois/lemont/lemont-man-running-congress-has-1995-sexual-assault-conviction');
INSERT INTO sources (person_id, url) VALUES ('eric-carlson', 'https://casetext.com/case/people-v-carlson-34');
INSERT OR REPLACE INTO people (id, name, status, level, state, office, crime_description, summary, still_in_office, offense_year, conviction_year, event_date) VALUES ('joel-sartori', 'Joel Sartori', 'convicted', 'state', 'NY', '', 'Child Sexual Abuse Material', 'Joel Sartori was Assistant Treasurer for Carl Paladino''s unsuccessful campaigns for governor and for the GOP nomination for Congress. Sartori was convicted in 2017 of both possessing and distributing child sex abuse material.', NULL, NULL, 2017, '2022-07-14');
INSERT INTO crime_types (person_id, crime_type) VALUES ('joel-sartori', 'csam');
INSERT INTO crime_types (person_id, crime_type) VALUES ('joel-sartori', 'assault');
INSERT INTO sources (person_id, url) VALUES ('joel-sartori', 'https://goppredators.wordpress.com/2023/04/15/800-joel-sartori/');
INSERT INTO sources (person_id, url) VALUES ('joel-sartori', 'https://www.ned.uscourts.gov/internetDocs/jpar/RGK-FSR2014-Recidivism%20By%20Child%20Pornography%20Offenders.pdf');
INSERT INTO sources (person_id, url) VALUES ('joel-sartori', 'https://buffalonews.com/opinion/editorial/the-editorial-board-paladino-campaign-s-explanation-for-child-porn-felon-s-name-doesn-t/article_13f6a602-0397-11ed-aced-e7fbd3c3b37c.html');
INSERT INTO sources (person_id, url) VALUES ('joel-sartori', 'https://sports.yahoo.com/hitler-loving-republican-hires-convicted-212804819.html');
INSERT OR REPLACE INTO people (id, name, status, level, state, office, crime_description, summary, still_in_office, offense_year, conviction_year, event_date) VALUES ('jonathan-hernandez', 'Jonathan Hernandez', 'convicted', 'state', 'OK', 'State Representative', 'Child Molestation', 'Jonathan Hernandez was the Chair of the Oklahoma College Republicans. He was also a campaign outreach worker for Ryan Walters who ran successfully for State Superintendant.', NULL, NULL, NULL, '2023-01-09');
INSERT INTO crime_types (person_id, crime_type) VALUES ('jonathan-hernandez', 'child-molestation');
INSERT INTO sources (person_id, url) VALUES ('jonathan-hernandez', 'https://goppredators.wordpress.com/2023/04/14/799-jonathan-hernandez/');
INSERT INTO sources (person_id, url) VALUES ('jonathan-hernandez', 'https://sde.ok.gov/superintendent-public-instruction-ryan-walters');
INSERT INTO sources (person_id, url) VALUES ('jonathan-hernandez', 'https://tulsaworld.com/news/state-and-regional/govt-and-politics/chairman-of-oklahoma-college-republicans-arrested-on-charges-alleging-sex-acts-with-minor/article_e891b9a6-ff23-11ec-87f4-6f313493cb4e.html');
INSERT INTO sources (person_id, url) VALUES ('jonathan-hernandez', 'https://www.fox23.com/news/local/court-documents-reveal-sex-crimes-allegations-against-ok-college-gop-chair/article_0efde3a4-66d5-5003-8309-40078f43944a.html');
INSERT INTO sources (person_id, url) VALUES ('jonathan-hernandez', 'https://kfor.com/news/local/former-oklahoma-college-republicans-chairman-pleads-guilty-sentenced-for-sex-crimes/');
INSERT INTO sources (person_id, url) VALUES ('jonathan-hernandez', 'https://infoweb-newsbank-com.proxy.multcolib.org/apps/news/browse-pub?p=AMNEWS&amp;t=pubname%3AOOK9-EEDT%21Oklahoman%252C%2BThe%2B%2528Oklahoma%2BCity%252C%2BOK%2529&amp;action=browse');
INSERT OR REPLACE INTO people (id, name, status, level, state, office, crime_description, summary, still_in_office, offense_year, conviction_year, event_date) VALUES ('kevin-smith', 'Kevin Smith', 'alleged', 'local', 'NH', '', 'Sexual Harassment coverup', 'Kevin Smith served in New Hampshire''s House of Representatives. He also worked in several government offices before running for U.S.', NULL, NULL, NULL, '2022-07-11');
INSERT INTO crime_types (person_id, crime_type) VALUES ('kevin-smith', 'enablement');
INSERT INTO crime_types (person_id, crime_type) VALUES ('kevin-smith', 'organizational-coverup');
INSERT INTO crime_types (person_id, crime_type) VALUES ('kevin-smith', 'harassment');
INSERT INTO sources (person_id, url) VALUES ('kevin-smith', 'https://goppredators.wordpress.com/2023/04/14/798-kevin-smith/');
INSERT INTO sources (person_id, url) VALUES ('kevin-smith', 'https://currently.att.yahoo.com/att/gop-senate-hopeful-kevin-smith-180022417.html');
INSERT INTO sources (person_id, url) VALUES ('kevin-smith', 'https://www.americanbridgepac.org/new-hampshire-senate-gop-candidate-kevin-smith-once-called-female-employee-pork-chop-in-retaliation-for-reporting-sexist-behavior/');
INSERT INTO sources (person_id, url) VALUES ('kevin-smith', 'https://currently.att.yahoo.com/att/gop-senate-hopeful-kevin-smith-180022417.html#');
INSERT OR REPLACE INTO people (id, name, status, level, state, office, crime_description, summary, still_in_office, offense_year, conviction_year, event_date) VALUES ('vince-mcmahon', 'Vince McMahon', 'alleged', 'adjacent', 'CT', '', 'Sexual Harassment', 'Vince McMahon is the Chairman of World Wrestling Entertainment (WWE) and a close friend of Donald Trump. He even paid $5 million to Trump''s fraudulent foundation .', NULL, NULL, NULL, NULL);
INSERT INTO crime_types (person_id, crime_type) VALUES ('vince-mcmahon', 'harassment');
INSERT INTO sources (person_id, url) VALUES ('vince-mcmahon', 'https://goppredators.wordpress.com/2023/04/14/797-vince-mcmahon/');
INSERT INTO sources (person_id, url) VALUES ('vince-mcmahon', 'https://www.cnbc.com/2022/08/17/vince-mcmahon-paid-5-million-to-donald-trumps-foundation-wwe-finds.html');
INSERT INTO sources (person_id, url) VALUES ('vince-mcmahon', 'https://www.opensecrets.org/donor-lookup/results?name=vince+mcmahon&amp;cycle=&amp;state=&amp;zip=06831&amp;employ=&amp;occupation=&amp;jurisdiction=&amp;cand=&amp;type=');
INSERT INTO sources (person_id, url) VALUES ('vince-mcmahon', 'https://www.documentcloud.org/documents/6956593-Now-It-Can-Be-Told-Wrestling-s-Ring-of-Vice');
INSERT INTO sources (person_id, url) VALUES ('vince-mcmahon', 'https://babyfacevheel.substack.com/p/wwe-ring-boys-fbi-mel-phillips-videotape');
INSERT INTO sources (person_id, url) VALUES ('vince-mcmahon', 'https://www.wrestlinginc.com/1140710/a-summary-of-all-known-allegations-against-vince-mcmahon/');
INSERT INTO sources (person_id, url) VALUES ('vince-mcmahon', 'https://www.cnn.com/2023/01/14/media/wwe-vince-mcmahon-explainer/index.html');
INSERT OR REPLACE INTO people (id, name, status, level, state, office, crime_description, summary, still_in_office, offense_year, conviction_year, event_date) VALUES ('richard-fritz', 'Richard Fritz', 'convicted', 'local', 'MD', '', 'Rape', 'Richard Fritz was the State''s Attorney for St. Mary''s County.', NULL, NULL, NULL, NULL);
INSERT INTO crime_types (person_id, crime_type) VALUES ('richard-fritz', 'rape');
INSERT INTO sources (person_id, url) VALUES ('richard-fritz', 'https://goppredators.wordpress.com/2023/04/14/796-richard-fritz/');
INSERT INTO sources (person_id, url) VALUES ('richard-fritz', 'https://msa.maryland.gov/msa/mdmanual/36loc/sm/stattorneys/html/msa14110.html');
INSERT INTO sources (person_id, url) VALUES ('richard-fritz', 'https://southernmarylandchronicle.com/2022/07/19/sterling-crushes-fritz-in-states-attorney-race/');
INSERT INTO sources (person_id, url) VALUES ('richard-fritz', 'https://forums.somd.com/threads/richard-fritz-1964-year-of-the-gang-rape.213194/');
INSERT INTO sources (person_id, url) VALUES ('richard-fritz', 'https://www.washingtonpost.com/dc-md-va/2022/02/22/peyton-ham-shooting/');
INSERT INTO sources (person_id, url) VALUES ('richard-fritz', 'https://defector.com/meet-richard-fritz-americas-most-unelectable-elected-official');
INSERT INTO sources (person_id, url) VALUES ('richard-fritz', 'https://www.washingtonpost.com/local/who-to-believe-its-just-another-day-of-secrets-andlies-in-st-marys-county/2014/04/18/f0102da8-c709-11e3-bf7a-be01a9b69cf1_story.html');
INSERT OR REPLACE INTO people (id, name, status, level, state, office, crime_description, summary, still_in_office, offense_year, conviction_year, event_date) VALUES ('kevin-rinke', 'Kevin Rinke', 'alleged', 'state', 'MI', '', 'Sexual Harassment', 'Kevin Rinke is a former auto dealer who changed careers in 2009 and began working for an organization that works to rehabilitate people with traumatic brain injuries. He ran in the Republican primary for Michigan governor .', NULL, NULL, NULL, '2022-06-15');
INSERT INTO crime_types (person_id, crime_type) VALUES ('kevin-rinke', 'harassment');
INSERT INTO sources (person_id, url) VALUES ('kevin-rinke', 'https://goppredators.wordpress.com/2023/04/14/795-kevin-rinke/');
INSERT INTO sources (person_id, url) VALUES ('kevin-rinke', 'https://apnews.com/article/abortion-2022-midterm-elections-covid-entertainment-health-e7dc780b9b5c2edb02ba5af0eff8bd3d?taid=62c75fd2db37ee0001226a08&amp;utm_campaign');
INSERT INTO sources (person_id, url) VALUES ('kevin-rinke', 'http://westmipolitics.blogspot.com/2021/07/breaking-kevin-rinke-repeatedly.html');
INSERT OR REPLACE INTO people (id, name, status, level, state, office, crime_description, summary, still_in_office, offense_year, conviction_year, event_date) VALUES ('phillip-gunn', 'Phillip Gunn', 'alleged', 'federal', 'MS', '', 'Cover-up of child molester', 'Philip Gunn is the Speaker of the House in Mississippi, but will not run for reelection . He is one of those theocratic legislators who write their religious beliefs and bigotries into the law, such as forcing a child who is raped by a family member to bear her rapist''s child.', NULL, NULL, NULL, NULL);
INSERT INTO crime_types (person_id, crime_type) VALUES ('phillip-gunn', 'child-molestation');
INSERT INTO crime_types (person_id, crime_type) VALUES ('phillip-gunn', 'enablement');
INSERT INTO crime_types (person_id, crime_type) VALUES ('phillip-gunn', 'organizational-coverup');
INSERT INTO sources (person_id, url) VALUES ('phillip-gunn', 'https://goppredators.wordpress.com/2023/04/13/794-philip-gunn/');
INSERT INTO sources (person_id, url) VALUES ('phillip-gunn', 'https://www.djournal.com/news/state-news/mississippi-house-speaker-philip-gunn-announces-he-will-not-run-for-re-election/article_f38ec870-f00b-55f2-bca9-73ea7e8cd61c.html');
INSERT INTO sources (person_id, url) VALUES ('phillip-gunn', 'https://www.wapt.com/article/langworthy-pleads-guilty-avoids-prison/2082444');
INSERT INTO sources (person_id, url) VALUES ('phillip-gunn', 'https://www.mississippifreepress.org/25273/12-year-old-incest-victims-should-birth-dads-child-house-speaker-gunn-says#:~:text=Mississippi%20House%20Speaker%20Philip%20Gunn%20says%20abortion%20should%20be%20illegal,Wade%20in%20Dobbs%20v.');
INSERT INTO sources (person_id, url) VALUES ('phillip-gunn', 'https://baptistnews.com/article/church-leader-questioned-about-handling-of-sexual-abuse-allegation/');
INSERT INTO sources (person_id, url) VALUES ('phillip-gunn', 'https://www.wjtv.com/news/politics/mississippi-politics/philip-gunns-connection-to-the-southern-baptist-convention-sexual-abuse-scandal/');
INSERT INTO sources (person_id, url) VALUES ('phillip-gunn', 'https://www.mississippifreepress.org/author/ashton-pittman');
INSERT OR REPLACE INTO people (id, name, status, level, state, office, crime_description, summary, still_in_office, offense_year, conviction_year, event_date) VALUES ('james-lankford', 'James Lankford', 'alleged', 'federal', 'OK', 'U.S. Senator', 'Enabling Pedophilia', 'James Lankford is the U.S. Senator from Oklahoma.', NULL, NULL, NULL, '2022-06-26');
INSERT INTO crime_types (person_id, crime_type) VALUES ('james-lankford', 'enablement');
INSERT INTO sources (person_id, url) VALUES ('james-lankford', 'https://goppredators.wordpress.com/2023/04/13/793-james-lankford/');
INSERT INTO sources (person_id, url) VALUES ('james-lankford', 'https://apnews.com/article/2022-midterm-elections-sexual-abuse-by-clergy-oklahoma-city-7c198e08793337f620e26f2cfcbb7c0f');
INSERT INTO sources (person_id, url) VALUES ('james-lankford', 'https://www.news9.com/story/62b7d20d5e62d10725e67ef2/deposition-in-2010-claims-sen-lankford-said-a-13yearold-could-consent-to-sex');
INSERT OR REPLACE INTO people (id, name, status, level, state, office, crime_description, summary, still_in_office, offense_year, conviction_year, event_date) VALUES ('matthew-mcilravy', 'Matthew McIlravy', 'charged', 'local', 'TX', 'Mayor', 'Soliciting a Minor', 'Matthew McIlravy was elected Mayor of Pilot Point, TX, in May 2022. Prior to that he served on the City Council.', NULL, NULL, NULL, '2022-06-23');
INSERT INTO crime_types (person_id, crime_type) VALUES ('matthew-mcilravy', 'solicitation');
INSERT INTO sources (person_id, url) VALUES ('matthew-mcilravy', 'https://goppredators.wordpress.com/2023/04/13/792-matthew-mcilravy/');
INSERT INTO sources (person_id, url) VALUES ('matthew-mcilravy', 'https://dentongop.org/wp-content/uploads/2022/03/Municipal-Elections-2022-FOR-PUBLIC-PRINT-SHARING-Mar-28.pdf');
INSERT INTO sources (person_id, url) VALUES ('matthew-mcilravy', 'https://www.nbcdfw.com/decision-2022/denton-county-citys-mayoral-race-shows-how-every-vote-counts/3122305/');
INSERT INTO sources (person_id, url) VALUES ('matthew-mcilravy', 'https://dentonrc.com/news/politics/after-1-378-votes-pilot-points-mayoral-race-ends-in-a-tie/article_878ca77b-b81a-5dcb-b3d1-a2f32e79e29c.html');
INSERT INTO sources (person_id, url) VALUES ('matthew-mcilravy', 'https://www.wfaa.com/article/news/local/pilot-point-mayor-arrested-charged-soliciting-child/287-89e7c5ff-44c4-4d8d-aae5-4224b2e8f0b1');
INSERT INTO sources (person_id, url) VALUES ('matthew-mcilravy', 'https://amp.star-telegram.com/news/local/crime/article262846268.html');
INSERT OR REPLACE INTO people (id, name, status, level, state, office, crime_description, summary, still_in_office, offense_year, conviction_year, event_date) VALUES ('kevin-madden', 'Kevin Madden', 'charged', 'adjacent', 'AR', 'Pastor', 'Soliciting a Minor', 'Kevin Madden was an Evangelical pastor in Arkansas. He was arrested for sexual indecency with a child, engaging in sex explicit conduct for use in a visual medium.', NULL, NULL, NULL, '2021-05-08');
INSERT INTO crime_types (person_id, crime_type) VALUES ('kevin-madden', 'solicitation');
INSERT INTO sources (person_id, url) VALUES ('kevin-madden', 'https://goppredators.wordpress.com/2023/04/11/791-kevin-madden/');
INSERT INTO sources (person_id, url) VALUES ('kevin-madden', 'https://www.nwahomepage.com/northwest-arkansas-news/rogers-pastor-arrested-for-sexual-indecency-with-a-child/');
INSERT INTO sources (person_id, url) VALUES ('kevin-madden', 'https://caseinfo.arcourts.gov/cconnect/PROD/public/ck_public_qry_doct.cp_dktrpt_frames?backto=D&amp;case_id=04CR-21-1071&amp;begin_date=&amp;end_date=');
INSERT INTO sources (person_id, url) VALUES ('kevin-madden', 'https://www.5newsonline.com/article/news/crime/rogers-discover-church-youth-pastor-arrested-sexual-pictures-minor/527-e4fdacbf-7237-433c-9b8a-07b5fc1f450e');
INSERT OR REPLACE INTO people (id, name, status, level, state, office, crime_description, summary, still_in_office, offense_year, conviction_year, event_date) VALUES ('david-walker', 'David Walker', 'convicted', 'adjacent', 'OH', 'Pastor', 'Child Sex Abuse', 'David Walker is a former youth pastor who has preached at Church Alive International in Cleveland and at The Dwelling Place Family Worship Center in North Olmsted. He was also a math teacher and coach at Cleveland Christian Academy.', NULL, NULL, NULL, '2022-05-29');
INSERT INTO crime_types (person_id, crime_type) VALUES ('david-walker', 'assault');
INSERT INTO sources (person_id, url) VALUES ('david-walker', 'https://goppredators.wordpress.com/2023/04/11/790-david-walker/');
INSERT INTO sources (person_id, url) VALUES ('david-walker', 'https://www.cleveland.com/court-justice/2022/05/ex-north-olmsted-youth-pastor-who-sexually-abused-teenage-girl-gasps-as-judge-sentences-him-to-prison.html');
INSERT INTO sources (person_id, url) VALUES ('david-walker', 'https://www.cleveland19.com/2021/08/10/north-ridgeville-youth-pastor-wife-indicted-additional-sexual-battery-charges/');
INSERT OR REPLACE INTO people (id, name, status, level, state, office, crime_description, summary, still_in_office, offense_year, conviction_year, event_date) VALUES ('shane-richardson', 'Shane Richardson', 'convicted', 'adjacent', 'SC', 'Pastor', 'Child Sex Abuse', 'Shane Richardson was a youth pastor in North Carolina before moving to Pennsylvania. He was convicted in Pennsylvania of sexually abusing two minor girls.', NULL, NULL, 2022, '2022-10-06');
INSERT INTO crime_types (person_id, crime_type) VALUES ('shane-richardson', 'assault');
INSERT INTO sources (person_id, url) VALUES ('shane-richardson', 'https://goppredators.wordpress.com/2023/04/11/789-shane-richardson/');
INSERT INTO sources (person_id, url) VALUES ('shane-richardson', 'https://www.christianitydaily.com/news/former-youth-pastor-pennsylvania-convicted-child-sex-abuse.html');
INSERT OR REPLACE INTO people (id, name, status, level, state, office, crime_description, summary, still_in_office, offense_year, conviction_year, event_date) VALUES ('jeffrey-cashe', 'Jeffrey Cashe', 'alleged', 'adjacent', 'LA', 'Judge', 'Enabling, Rape Culture', 'Jeffrey Cashe is a Family Court Judge in Ponchatoula, Louisiana. In 2022, he sparked national outrage when he gave ordered a woman to pay child support to her rapist.', NULL, NULL, NULL, NULL);
INSERT INTO crime_types (person_id, crime_type) VALUES ('jeffrey-cashe', 'rape');
INSERT INTO crime_types (person_id, crime_type) VALUES ('jeffrey-cashe', 'enablement');
INSERT INTO crime_types (person_id, crime_type) VALUES ('jeffrey-cashe', 'harassment');
INSERT INTO sources (person_id, url) VALUES ('jeffrey-cashe', 'https://goppredators.wordpress.com/2023/04/11/788-jeffrey-cashe/');
INSERT INTO sources (person_id, url) VALUES ('jeffrey-cashe', 'https://heavy.com/news/crysta-abelseth/');
INSERT INTO sources (person_id, url) VALUES ('jeffrey-cashe', 'https://www.wbrz.com/news/investigative-unit-rape-victim-ordered-to-pay-her-abuser-child-support/');
INSERT INTO sources (person_id, url) VALUES ('jeffrey-cashe', 'https://www.wbrz.com/news/despite-child-sex-abuse-complaints-judge-orders-child-to-home-where-crime-allegedly-occurred/');
INSERT INTO sources (person_id, url) VALUES ('jeffrey-cashe', 'https://www.independent.co.uk/news/world/americas/louisiana-rape-custody-abelseth-barnes-b2136044.html');
INSERT OR REPLACE INTO people (id, name, status, level, state, office, crime_description, summary, still_in_office, offense_year, conviction_year, event_date) VALUES ('travis-huse', 'Travis Huse', 'convicted', 'adjacent', 'WI', 'Pastor', 'Child Molestation', 'Travis Huse was a United Pentecostal pastor at Apostolic Worship Center and the former Evergreen Christian Academy in Langlade County, Wisconsin where he is alleged to have sexually assaulted several underage girls. His father, Scott Huse , was arrested at the same time for similar crimes.', NULL, NULL, NULL, '2022-07-13');
INSERT INTO crime_types (person_id, crime_type) VALUES ('travis-huse', 'child-molestation');
INSERT INTO sources (person_id, url) VALUES ('travis-huse', 'https://goppredators.wordpress.com/2023/04/11/787-travis-huse/');
INSERT INTO sources (person_id, url) VALUES ('travis-huse', 'https://www.antigojournal.com/news/crime/huse-enters-not-guilty-pleas-to-31-child-sexual-assault-charges/article_5f749a24-020e-11ed-95cd-8bb35dff18d4.html');
INSERT INTO sources (person_id, url) VALUES ('travis-huse', 'https://fox11online.com/news/local/former-church-pastors-and-father-and-son-charged-with-sexually-assaulting-children-scott-huse-travis-langlade-county-apostolic-worship-center-evergreen-christian-academy-elton');
INSERT OR REPLACE INTO people (id, name, status, level, state, office, crime_description, summary, still_in_office, offense_year, conviction_year, event_date) VALUES ('scott-huse', 'Scott Huse', 'charged', 'adjacent', 'WI', '', 'Child Molestation', 'Scott Huse and his son Travis Huse were both United Pentacostal pastors in Wisconsin. They were both charged with several crimes related to sexually abusing underage girls who attended their churches.', NULL, NULL, NULL, NULL);
INSERT INTO crime_types (person_id, crime_type) VALUES ('scott-huse', 'child-molestation');
INSERT INTO sources (person_id, url) VALUES ('scott-huse', 'https://goppredators.wordpress.com/2023/04/11/786-scott-huse/');
INSERT INTO sources (person_id, url) VALUES ('scott-huse', 'https://www.antigojournal.com/news/crime/father-son-face-multiple-child-sexual-assault-charges/article_c8d9984e-e1ec-11ec-a359-67000a3d21da.html');
INSERT INTO sources (person_id, url) VALUES ('scott-huse', 'https://www.wausaudailyherald.com/story/news/crime/2022/07/18/merrill-man-pleads-not-guilty-langlade-county-church-sex-assaults/10090169002/');
INSERT OR REPLACE INTO people (id, name, status, level, state, office, crime_description, summary, still_in_office, offense_year, conviction_year, event_date) VALUES ('jimmy-ray-neal', 'Jimmy Ray Neal', 'convicted', 'local', 'TN', 'County Commissioner', 'Child Sexual Abuse Material', 'Jimmy Ray Neal Jimmy Ray Neal was a Putnam County, Tennessee commissioner until he resigned in July 2022. He was arrested in May, 2022 for possession of child sex abuse material.', NULL, NULL, 2026, '2026-01-09');
INSERT INTO crime_types (person_id, crime_type) VALUES ('jimmy-ray-neal', 'csam');
INSERT INTO crime_types (person_id, crime_type) VALUES ('jimmy-ray-neal', 'assault');
INSERT INTO sources (person_id, url) VALUES ('jimmy-ray-neal', 'https://goppredators.wordpress.com/2023/04/11/785-jimmy-ray-neal/');
INSERT INTO sources (person_id, url) VALUES ('jimmy-ray-neal', 'https://www.justice.gov/usao-mdtn/pr/putnam-county-commissioner-facing-child-pornography-charges');
INSERT INTO sources (person_id, url) VALUES ('jimmy-ray-neal', 'https://www.wkrn.com/news/local-news/putnam-county-commissioner-facing-child-pornography-charges/');
INSERT INTO sources (person_id, url) VALUES ('jimmy-ray-neal', 'https://herald-citizen.com/stories/neal-trial-continued-to-later-in-year,86831?');
INSERT INTO sources (person_id, url) VALUES ('jimmy-ray-neal', 'http://www.herald-citizen.com/news/former-putnam-commissioner-state-trooper-enters-plea-in-child-porn-case/article_09b70771-f211-5174-9461-042f24e9dba0.html');
INSERT OR REPLACE INTO people (id, name, status, level, state, office, crime_description, summary, still_in_office, offense_year, conviction_year, event_date) VALUES ('matthew-chappell', 'Matthew Chappell', 'alleged', 'local', 'VA', 'Police Officer', 'Sexual Misconduct', 'Matthew Chappell was a candidate in the Republican primary for Virginia House District 11 and came in third with 18.5% of the votes in the first round. Ranked choice voting dropped him out in the fourth and final round.', NULL, NULL, NULL, '2022-05-02');
INSERT INTO crime_types (person_id, crime_type) VALUES ('matthew-chappell', 'other');
INSERT INTO sources (person_id, url) VALUES ('matthew-chappell', 'https://goppredators.wordpress.com/2023/04/11/784-matthew-chappell/');
INSERT INTO sources (person_id, url) VALUES ('matthew-chappell', 'https://www.ajc.com/news/former-georgia-cop-who-had-a-problem-with-females-now-running-for-congress/A3ADKCAIQREM7P7HV2YLZWQUAU/');
INSERT INTO sources (person_id, url) VALUES ('matthew-chappell', 'https://www.nbcwashington.com/news/local/virginia-congressional-candidate-denies-sexual-misconduct-allegations/3045003/');
INSERT INTO sources (person_id, url) VALUES ('matthew-chappell', 'https://www.ajc.com/news/crime/ill-never-give-up-former-georgia-cop-fired-after-sexual-indiscretions-loses-congressional-primary-in-virginia/CXB55JFJUJFWJB67EXJFRHJRRU/');
INSERT OR REPLACE INTO people (id, name, status, level, state, office, crime_description, summary, still_in_office, offense_year, conviction_year, event_date) VALUES ('john-william-lovelace', 'John William Lovelace', 'charged', 'local', 'NC', 'Pastor', 'Child Sexual Abuse', 'John William Lovelace was the pastor at Faith Baptist Church in Ayden, North Carolina. In a joint investigation, Winterville Police four counts of 2nd degree forcible sex and three counts of sexual battery while Pitt County Sheriff''s office charged him with two counts of statutory sex offense with a', NULL, NULL, NULL, '2022-05-07');
INSERT INTO crime_types (person_id, crime_type) VALUES ('john-william-lovelace', 'assault');
INSERT INTO sources (person_id, url) VALUES ('john-william-lovelace', 'https://goppredators.wordpress.com/2023/04/11/783-john-william-lovelace/');
INSERT INTO sources (person_id, url) VALUES ('john-william-lovelace', 'https://localcharlottencnews.com/north-carolina-man-held-on-12-4m-bond-on-sex-crime-charges');
INSERT OR REPLACE INTO people (id, name, status, level, state, office, crime_description, summary, still_in_office, offense_year, conviction_year, event_date) VALUES ('tony-cutler', 'Tony Cutler', 'convicted', 'state', 'MI', 'Judge', 'Criminal Sexual Conduct', 'Tony Cutler was the director of the Sault Ste. Marie Downtown Development Association, a teacher, and an unsuccessful candidate for Michigan State House of Representatives.', NULL, NULL, NULL, '2022-08-05');
INSERT INTO crime_types (person_id, crime_type) VALUES ('tony-cutler', 'assault');
INSERT INTO sources (person_id, url) VALUES ('tony-cutler', 'https://goppredators.wordpress.com/2023/04/11/782-tony-cutler/');
INSERT INTO sources (person_id, url) VALUES ('tony-cutler', 'https://lansing.legalexaminer.com/legal/tony-cutler-former-candidate-for-michigan-state-congress-and-public-school-teacher-arrested-for-criminal-sexual-conduct-of-a-minor/');
INSERT INTO sources (person_id, url) VALUES ('tony-cutler', 'https://upnorthlive.com/news/local/former-teacher-state-rep-candidate-arrested-for-criminal-sexual-conduct');
INSERT INTO sources (person_id, url) VALUES ('tony-cutler', 'https://www.petoskeynews.com/story/news/crime/2022/08/05/tony-cutler-bound-over-court-two-counts-sexual-misconduct/10227310002/');
INSERT INTO sources (person_id, url) VALUES ('tony-cutler', 'https://www.petoskeynews.com/story/news/crime/2023/06/28/former-sault-ste-marie-dda-director-tony-cutler-pleads-no-contest-to-assault-of-a-minor/70364811007/');
INSERT INTO sources (person_id, url) VALUES ('tony-cutler', 'https://news.yahoo.com/tony-cutler-sentenced-jail-assault-193023966.html');
INSERT OR REPLACE INTO people (id, name, status, level, state, office, crime_description, summary, still_in_office, offense_year, conviction_year, event_date) VALUES ('patrick-trowbridge', 'Patrick Trowbridge', 'convicted', 'adjacent', 'TX', 'City Councilmember', 'Child Sexual Abuse Material', 'Patrick Trowbridge was a City Councilor in Rockwell, Texas. He had filed for re-election in 2020 and was running unopposed.', NULL, NULL, NULL, NULL);
INSERT INTO crime_types (person_id, crime_type) VALUES ('patrick-trowbridge', 'csam');
INSERT INTO crime_types (person_id, crime_type) VALUES ('patrick-trowbridge', 'assault');
INSERT INTO sources (person_id, url) VALUES ('patrick-trowbridge', 'https://goppredators.wordpress.com/2023/04/10/781-patrick-trowbridge/');
INSERT INTO sources (person_id, url) VALUES ('patrick-trowbridge', 'https://blueribbonnews.com/2020/04/rockwall-city-councilman-patrick-trowbridge-arrested-on-charges-of-child-pornography/');
INSERT INTO sources (person_id, url) VALUES ('patrick-trowbridge', 'https://therockwalltimes.com/2022/05/23/former-rockwall-city-councilman-sentenced-to-120-months-on-child-pornography-charge/');
INSERT INTO sources (person_id, url) VALUES ('patrick-trowbridge', 'https://www.leagle.com/decision/infdco20210804d16');
INSERT OR REPLACE INTO people (id, name, status, level, state, office, crime_description, summary, still_in_office, offense_year, conviction_year, event_date) VALUES ('wilmer-puello-mota', 'Wilmer Puello-Mota', 'convicted', 'adjacent', 'MA', 'City Councilmember', 'Child Sexual Abuse Material', 'Wilmer “Will” Puello-Mota was a city councilor in Holyoke, Massachusetts. He ran for a nonpartisan office but was endorsed by the conservative A Better Holyoke and not by the liberal Forward/Palante PAC which endorsed the other candidate.', NULL, NULL, NULL, NULL);
INSERT INTO crime_types (person_id, crime_type) VALUES ('wilmer-puello-mota', 'csam');
INSERT INTO crime_types (person_id, crime_type) VALUES ('wilmer-puello-mota', 'assault');
INSERT INTO sources (person_id, url) VALUES ('wilmer-puello-mota', 'https://goppredators.wordpress.com/2023/04/10/780-wilmer-puello-mota/');
INSERT INTO sources (person_id, url) VALUES ('wilmer-puello-mota', 'https://www.gazettenet.com/Political-Action-Committees-take-sides-in-Holyoke-campaigns-42835346');
INSERT INTO sources (person_id, url) VALUES ('wilmer-puello-mota', 'https://www.gazettenet.com/Holyoke-Ward-2-councilor-removed-from-position-on-council-47871524?fbclid=IwAR3tNHEMKKoGKlw9ubYVtnCST2_-6_Jx0oIp26mrirwQJNRTmSyIKvIuMyY');
INSERT INTO sources (person_id, url) VALUES ('wilmer-puello-mota', 'https://www.gazettenet.com/Holyoke-Ward-2-councilor-removed-from-position-on-council-47871524');
INSERT INTO sources (person_id, url) VALUES ('wilmer-puello-mota', 'https://www.wwlp.com/news/crime/holyoke-city-councilor-appears-in-rhode-island-court/');
INSERT INTO sources (person_id, url) VALUES ('wilmer-puello-mota', 'https://www.msn.com/en-us/news/crime/where-in-the-world-is-wilmer-puello-mota-rhode-island-prosecutors-want-to-know/ar-BB1j4dRo');
INSERT INTO sources (person_id, url) VALUES ('wilmer-puello-mota', 'https://www.wwlp.com/news/crime/rhode-island-ag-acknowledges-wilmer-puello-mota-is-evading-child-pornography-case/');
INSERT OR REPLACE INTO people (id, name, status, level, state, office, crime_description, summary, still_in_office, offense_year, conviction_year, event_date) VALUES ('ronnie-floyd', 'Ronnie Floyd', 'alleged', 'adjacent', 'AR', '', 'Enabling, Official Cover-Up', 'Ronnie Floyd was the President of the Southern Baptist Conference until his resignation in late 2021. The SBC was heavily criticized for lack of transparency about sexual predator pastors.', NULL, NULL, NULL, '2022-09-20');
INSERT INTO crime_types (person_id, crime_type) VALUES ('ronnie-floyd', 'enablement');
INSERT INTO crime_types (person_id, crime_type) VALUES ('ronnie-floyd', 'organizational-coverup');
INSERT INTO sources (person_id, url) VALUES ('ronnie-floyd', 'https://goppredators.wordpress.com/2023/04/10/779-ronnie-floyd/');
INSERT INTO sources (person_id, url) VALUES ('ronnie-floyd', 'https://www.baptiststandard.com/news/baptists/ronnie-floyd-resigns-as-sbc-executive-committee-chief/');
INSERT INTO sources (person_id, url) VALUES ('ronnie-floyd', 'https://www.arkansasonline.com/news/2022/may/24/report-faults-states-floyd-over-clergy-abuse-list/');
INSERT INTO sources (person_id, url) VALUES ('ronnie-floyd', 'https://religionnews.com/2021/09/30/the-sbcs-ronnie-floyd-fails-his-ezra-moment-on-sexual-abuse/');
INSERT OR REPLACE INTO people (id, name, status, level, state, office, crime_description, summary, still_in_office, offense_year, conviction_year, event_date) VALUES ('john-lowe', 'John Lowe', 'alleged', 'adjacent', 'IN', 'Pastor', 'Child Molestation', 'John Lowe was the pastor of the New Life Christian Church in Warsaw, Indiana. In 2022, he confessed to adultery in a Sunday sermon.', NULL, NULL, NULL, NULL);
INSERT INTO crime_types (person_id, crime_type) VALUES ('john-lowe', 'child-molestation');
INSERT INTO sources (person_id, url) VALUES ('john-lowe', 'https://goppredators.wordpress.com/2023/04/10/778-john-lowe/');
INSERT INTO sources (person_id, url) VALUES ('john-lowe', 'https://onlysky.media/hemant-mehta/church-embraces-pastor-who-admits-to-affair-despite-victim-saying-she-was-16/');
INSERT INTO sources (person_id, url) VALUES ('john-lowe', 'https://onlysky.media/bgarrison/new-allegations-of-abuse-have-emerged-at-new-life-christian-church/');
INSERT INTO sources (person_id, url) VALUES ('john-lowe', 'https://www.wane.com/news/local-news/total-gaslighting-four-women-describe-their-time-at-new-life-christian-church-world-outreach/');
INSERT OR REPLACE INTO people (id, name, status, level, state, office, crime_description, summary, still_in_office, offense_year, conviction_year, event_date) VALUES ('salvatore-j-cordileone', 'Salvatore J. Cordileone', 'alleged', 'adjacent', 'CA', '', 'Organizational Cover-Up', 'Salvatore J. Cordileone is the Catholic Archbishop of San Francisco.', NULL, NULL, NULL, '2015-11-12');
INSERT INTO crime_types (person_id, crime_type) VALUES ('salvatore-j-cordileone', 'enablement');
INSERT INTO crime_types (person_id, crime_type) VALUES ('salvatore-j-cordileone', 'organizational-coverup');
INSERT INTO sources (person_id, url) VALUES ('salvatore-j-cordileone', 'https://goppredators.wordpress.com/2023/04/10/777-salvatore-j-cordileone/');
INSERT INTO sources (person_id, url) VALUES ('salvatore-j-cordileone', 'https://www.ncronline.org/news/parish/influential-catholics-call-removal-san-francisco-archbishop-full-page-ad');
INSERT INTO sources (person_id, url) VALUES ('salvatore-j-cordileone', 'https://www.ncronline.org/feature-series/san-francisco-faculty-handbooks/stories');
INSERT INTO sources (person_id, url) VALUES ('salvatore-j-cordileone', 'https://www.mercurynews.com/2022/12/04/catholic-church-sex-abuse-scandal-why-werent-newly-accused-priests-on-bay-area-bishops-disclosure-lists/');
INSERT INTO sources (person_id, url) VALUES ('salvatore-j-cordileone', 'https://www.snapnetwork.org/snap_list_san_francisco_abusers_sep22');
INSERT INTO sources (person_id, url) VALUES ('salvatore-j-cordileone', 'https://www.nbcbayarea.com/investigations/sf-archbishop-cordileone-transparency-sex-abuse-scandal/3015584/');
INSERT INTO sources (person_id, url) VALUES ('salvatore-j-cordileone', 'https://apnews.com/article/13772dc20a544188b5dd1fa2a0a66102');
INSERT OR REPLACE INTO people (id, name, status, level, state, office, crime_description, summary, still_in_office, offense_year, conviction_year, event_date) VALUES ('elon-musk', 'Elon Musk', 'alleged', 'adjacent', 'TX', '', 'Sexual Harassment', 'Elon Musk is a rightwing billionaire who owns SpaceX, Tesla, and Twitter. He styles himself as a free speech advocate but suppresses left/liberal voices while amplifying fascists and white supremacists on Twitter, the social media site he owns.', NULL, NULL, NULL, '2022-05-21');
INSERT INTO crime_types (person_id, crime_type) VALUES ('elon-musk', 'harassment');
INSERT INTO sources (person_id, url) VALUES ('elon-musk', 'https://goppredators.wordpress.com/2023/04/10/776-elon-musk/');
INSERT INTO sources (person_id, url) VALUES ('elon-musk', 'https://www.engadget.com/elon-musk-spacex-sexual-miisconduct-230458875.html');
INSERT INTO sources (person_id, url) VALUES ('elon-musk', 'https://www.businessinsider.com/spacex-paid-250000-to-a-flight-attendant-who-accused-elon-musk-of-sexual-misconduct-2022-5');
INSERT INTO sources (person_id, url) VALUES ('elon-musk', 'https://www.rollingstone.com/culture/culture-features/tesla-sexual-harassment-lawsuit-investigation-elon-musk-1234590697/');
INSERT INTO sources (person_id, url) VALUES ('elon-musk', 'https://www.thecut.com/2021/12/at-elon-musks-spacex-sexual-harassment-is-everywhere.html');
INSERT INTO sources (person_id, url) VALUES ('elon-musk', 'https://futurism.com/experts-elon-musk-secret-children-employee');
INSERT OR REPLACE INTO people (id, name, status, level, state, office, crime_description, summary, still_in_office, offense_year, conviction_year, event_date) VALUES ('vernon-jones', 'Vernon Jones', 'alleged', 'state', 'GA', 'State Representative', 'Rape', 'Vernon Jones is a former George State Representative, Dekalb County chief executive and frequent candidate. For most of his career he was a conservative Democrat.', NULL, NULL, NULL, '2021-05-16');
INSERT INTO crime_types (person_id, crime_type) VALUES ('vernon-jones', 'rape');
INSERT INTO sources (person_id, url) VALUES ('vernon-jones', 'https://goppredators.wordpress.com/2023/04/09/775-vernon-jones/');
INSERT INTO sources (person_id, url) VALUES ('vernon-jones', 'https://www.nytimes.com/2021/04/15/us/vernon-jones-georgia-brian-kemp.html');
INSERT INTO sources (person_id, url) VALUES ('vernon-jones', 'https://www.savannahnow.com/story/news/2008/08/03/vernon-jones-look-my-record/13353195007/');
INSERT INTO sources (person_id, url) VALUES ('vernon-jones', 'https://www.11alive.com/article/news/politics/rape-allegation-shadows-vernon-jones/85-4efb1016-2350-48bf-9a9c-69a87003e465');
INSERT INTO sources (person_id, url) VALUES ('vernon-jones', 'https://www.ajc.com/news/investigations/rape-claim-vs-ceo-unfolds-in-das-file/HGNUL2CLAND5VDGJ52YCXPUYYE/');
INSERT OR REPLACE INTO people (id, name, status, level, state, office, crime_description, summary, still_in_office, offense_year, conviction_year, event_date) VALUES ('sandy-smith', 'Sandy Smith', 'alleged', 'adjacent', 'NC', '', 'Domestic Violence', 'Sandy Smith won the Republican primary for Congressional District 1 in North Carolina but lost the general election despite Trump''s support. She has a spotty history, in an interview claiming she was married three times, not the factual four.', NULL, NULL, NULL, NULL);
INSERT INTO crime_types (person_id, crime_type) VALUES ('sandy-smith', 'domestic-violence');
INSERT INTO sources (person_id, url) VALUES ('sandy-smith', 'https://goppredators.wordpress.com/2023/04/09/774-sandy-smith/');
INSERT INTO sources (person_id, url) VALUES ('sandy-smith', 'https://www.thedailybeast.com/north-carolina-maga-congressional-candidate-sandy-smith-has-even-more-wild-secrets');
INSERT INTO sources (person_id, url) VALUES ('sandy-smith', 'https://www.wral.com/nc-gop-congressional-candidate-accused-of-domestic-violence-lies/20303764/');
INSERT INTO sources (person_id, url) VALUES ('sandy-smith', 'https://www.carolinajournal.com/sandy-vs-sandy-gop-primary-in-nc1-heats-up-with-bankruptcy-abuse-claims/');
INSERT INTO sources (person_id, url) VALUES ('sandy-smith', 'https://www.carolinajournal.com/people/david-larson-2/');
INSERT OR REPLACE INTO people (id, name, status, level, state, office, crime_description, summary, still_in_office, offense_year, conviction_year, event_date) VALUES ('stewart-rhodes', 'Stewart Rhodes', 'convicted', 'adjacent', 'MT', '', 'Domestic Violence', 'Stewart Rhodes is a seditionist. The founder of Oath Keepers , the militant anti-government organization that focuses recruitment on military and law enforcment.', NULL, NULL, NULL, '2022-10-10');
INSERT INTO crime_types (person_id, crime_type) VALUES ('stewart-rhodes', 'domestic-violence');
INSERT INTO sources (person_id, url) VALUES ('stewart-rhodes', 'https://goppredators.wordpress.com/2023/04/09/773-stewart-rhodes/');
INSERT INTO sources (person_id, url) VALUES ('stewart-rhodes', 'https://www.splcenter.org/fighting-hate/extremist-files/group/oath-keepers');
INSERT INTO sources (person_id, url) VALUES ('stewart-rhodes', 'https://www.justice.gov/opa/pr/six-additional-oath-keepers-members-and-affiliates-found-guilty-charges-related-capitol#:~:text=%E2%80%9CThis%20week%2C%20a%20third%20jury,the%20FBI%20Washington%20Field%20Office.');
INSERT INTO sources (person_id, url) VALUES ('stewart-rhodes', 'https://www.justice.gov/opa/pr/leader-oath-keepers-and-oath-keepers-member-found-guilty-seditious-conspiracy-and-other');
INSERT INTO sources (person_id, url) VALUES ('stewart-rhodes', 'https://www.splcenter.org/hatewatch/2018/03/15/oath-keepers-founder-stewart-rhodes-wife-alleges-widespread-abuse-petition-restraining');
INSERT INTO sources (person_id, url) VALUES ('stewart-rhodes', 'https://www.thedailybeast.com/oath-keepers-boss-stewart-rhodes-kids-say-they-thought-he-would-kill-all-of-us?ref=home');
INSERT INTO sources (person_id, url) VALUES ('stewart-rhodes', 'https://www.marketplace.org/shows/this-is-uncomfortable-reema-khrais/breaking-the-oath-part-1/');
INSERT OR REPLACE INTO people (id, name, status, level, state, office, crime_description, summary, still_in_office, offense_year, conviction_year, event_date) VALUES ('john-raymond', 'John Raymond', 'convicted', 'adjacent', 'LA', 'Pastor', 'Child Abuse', 'John Raymond is a member of the St. Tammany Parish Republican Committee and formerly served on the Executive Committee.', NULL, NULL, 2024, '2024-09-20');
INSERT INTO crime_types (person_id, crime_type) VALUES ('john-raymond', 'other');
INSERT INTO sources (person_id, url) VALUES ('john-raymond', 'https://goppredators.wordpress.com/2023/04/09/772-john-raymond/');
INSERT INTO sources (person_id, url) VALUES ('john-raymond', 'https://stprepublicanparty.com/members-clubs');
INSERT INTO sources (person_id, url) VALUES ('john-raymond', 'http://www.newhorizonfamily.com/about.html');
INSERT INTO sources (person_id, url) VALUES ('john-raymond', 'https://www.thebridge.fm/about');
INSERT INTO sources (person_id, url) VALUES ('john-raymond', 'https://www.wwltv.com/amp/article/news/local/northshore/headmaster-at-christian-school-in-slidell-accused-of-taping-students-mouths-shut/289-b66caab1-deab-4585-9b21-bc841fcbe060');
INSERT INTO sources (person_id, url) VALUES ('john-raymond', 'https://www.nola.com/news/northshore/article_1c46215a-cfe1-11ec-9d49-b3d4039a9e8b.html');
INSERT INTO sources (person_id, url) VALUES ('john-raymond', 'https://www.nola.com/news/courts/slidell-pastor-pleads-not-guilty-to-cruelty-to-juveniles/article_8c1cbcde-7282-11ed-a151-2f018e0818c3.html');
INSERT OR REPLACE INTO people (id, name, status, level, state, office, crime_description, summary, still_in_office, offense_year, conviction_year, event_date) VALUES ('andrew-wilhoite', 'Andrew Wilhoite', 'convicted', 'adjacent', 'IN', '', 'Murder', 'Andrew Wilhoite won the Republican primary for the Clinton Township Board in Indiana even though he had been charged with his wife''s murder. She had cancer and had recently finished chemotherapy.', NULL, NULL, NULL, '2022-03-30');
INSERT INTO crime_types (person_id, crime_type) VALUES ('andrew-wilhoite', 'murder');
INSERT INTO sources (person_id, url) VALUES ('andrew-wilhoite', 'https://goppredators.wordpress.com/2023/04/09/771-andrew-wilhoite/');
INSERT INTO sources (person_id, url) VALUES ('andrew-wilhoite', 'https://www.cbsnews.com/news/andrew-wilhoite-charged-murder-nikki-wilhoite-clinton-township-indiana-board-election/');
INSERT INTO sources (person_id, url) VALUES ('andrew-wilhoite', 'https://www.wthr.com/article/news/crime/lebanon-man-charged-with-wifes-murder-wins-republican-primary-for-town-board-andrew-wilhoite-nikki/531-5771d0a7-23e0-48f9-800c-29c9f92ad583');
INSERT INTO sources (person_id, url) VALUES ('andrew-wilhoite', 'https://ktar.com/story/5570831/man-who-won-primary-election-while-charged-with-murder-convicted-on-lesser-charge/');
INSERT OR REPLACE INTO people (id, name, status, level, state, office, crime_description, summary, still_in_office, offense_year, conviction_year, event_date) VALUES ('brad-graven', 'Brad Graven', 'convicted', 'adjacent', 'IL', 'Police Officer', 'Solicitation of a Minor', 'Brad Graven is a former Moultrie County board member and he was an active volunteer for Illinois Rep. Mary Miller''s campaign.', NULL, NULL, NULL, '2005-03-04');
INSERT INTO crime_types (person_id, crime_type) VALUES ('brad-graven', 'solicitation');
INSERT INTO sources (person_id, url) VALUES ('brad-graven', 'https://goppredators.wordpress.com/2023/04/09/770-brad-graven/');
INSERT INTO sources (person_id, url) VALUES ('brad-graven', 'https://www.ksdk.com/article/news/politics/miller-campaign-volunteer-convicted-luring-young-boy-for-sex/63-e90e0853-6329-4749-a45a-78d053326ce8');
INSERT OR REPLACE INTO people (id, name, status, level, state, office, crime_description, summary, still_in_office, offense_year, conviction_year, event_date) VALUES ('jonathan-young', 'Jonathan Young', 'alleged', 'adjacent', 'TN', 'Judge', 'Sexual Harassment/Misconduct', 'Jonathan Lee Young was a Tennessee Circuit Court Judge. In 2020, he was publicly reprimanded by State of Tennessee Board of Judicial Conduct for sending inappropriate flirtatious and sexual messages over social media to women who work for or had business before the court.', NULL, NULL, NULL, '2020-10-05');
INSERT INTO crime_types (person_id, crime_type) VALUES ('jonathan-young', 'harassment');
INSERT INTO sources (person_id, url) VALUES ('jonathan-young', 'https://goppredators.wordpress.com/2023/04/09/769-jonathan-young/');
INSERT INTO sources (person_id, url) VALUES ('jonathan-young', 'https://www.tncourts.gov/sites/default/files/docs/judge_jonathan_young_reprimand_2020_10_05.pdf');
INSERT INTO sources (person_id, url) VALUES ('jonathan-young', 'https://www.tncourts.gov/sites/default/files/docs/young_-_bjc_order_of_suspension.pdf');
INSERT INTO sources (person_id, url) VALUES ('jonathan-young', 'https://www.wbir.com/article/news/local/judge-rebuked-for-sending-inappropriate-messages-to-women-via-social-media/51-37da05a6-fc91-4101-8d30-3ca1abcdb5b1');
INSERT INTO sources (person_id, url) VALUES ('jonathan-young', 'https://www.wjle.com/news/circuit-court-judge-jonathan-young-suspended-for-remainder-of-his-term/');
INSERT INTO sources (person_id, url) VALUES ('jonathan-young', 'https://tennesseelookout.com/2022/04/21/judge-barred-from-opioid-trial-after-using-case-to-boost-his-reelection-bid/');
INSERT OR REPLACE INTO people (id, name, status, level, state, office, crime_description, summary, still_in_office, offense_year, conviction_year, event_date) VALUES ('greg-lopez', 'Greg Lopez', 'charged', 'adjacent', 'CO', 'Pastor', 'Domestic Violence', 'Stephen Bates, until recently, was the pastor of the Bible Baptist Church. In that position, he endorsed Ted Cruz in 2015 .', NULL, NULL, NULL, '2022-03-25');
INSERT INTO crime_types (person_id, crime_type) VALUES ('greg-lopez', 'domestic-violence');
INSERT INTO sources (person_id, url) VALUES ('greg-lopez', 'https://goppredators.wordpress.com/2022/03/21/768-stephen-bates/');
INSERT INTO sources (person_id, url) VALUES ('greg-lopez', 'https://www.presidency.ucsb.edu/documents/press-release-more-than-200-faith-leaders-endorse-ted-cruz-for-president');
INSERT INTO sources (person_id, url) VALUES ('greg-lopez', 'https://www.unionleader.com/news/crime/nashua-pastors-arrest-shocks-community----but-not-investigators/article_db5ed140-e430-511c-8948-7839baf0d594.html');
INSERT INTO sources (person_id, url) VALUES ('greg-lopez', 'https://www.wmur.com/article/nashua-church-pastor-child-sexual-abuse-images/39476016');
INSERT OR REPLACE INTO people (id, name, status, level, state, office, crime_description, summary, still_in_office, offense_year, conviction_year, event_date) VALUES ('gary-binkley', 'Gary Binkley', 'convicted', 'adjacent', 'TN', 'Pastor', 'Rape, Sexual Battery', 'Pastor William Henry Randall was the Republican candidate for Congress in Florida''s 3rd district in 1998. He lost.', NULL, NULL, NULL, NULL);
INSERT INTO crime_types (person_id, crime_type) VALUES ('gary-binkley', 'rape');
INSERT INTO crime_types (person_id, crime_type) VALUES ('gary-binkley', 'assault');
INSERT INTO sources (person_id, url) VALUES ('gary-binkley', 'https://goppredators.wordpress.com/2022/03/13/767-william-henry-randall/');
INSERT INTO sources (person_id, url) VALUES ('gary-binkley', 'https://www.jacksonville.com/story/news/crime/2021/03/18/former-orange-park-minister-pleads-guilty-child-sexual-battery/4746388001/');
INSERT INTO sources (person_id, url) VALUES ('gary-binkley', 'https://ministrywatch.com/pastor-76-sentenced-to-20-years-for-sexual-battery/');
INSERT OR REPLACE INTO people (id, name, status, level, state, office, crime_description, summary, still_in_office, offense_year, conviction_year, event_date) VALUES ('david-broadbent', 'David Broadbent', 'charged', 'adjacent', 'UT', 'Pastor', 'Sexual Abuse', 'Paul Dyal, a registered Republican and pastor at the Jacksonville Assembly of the Body of Christ, was arrested along with two of his friends and partners in crime for sexual battery of several children with allegations going back over thirty years. The two other men associated with the church, Verno', NULL, NULL, NULL, NULL);
INSERT INTO crime_types (person_id, crime_type) VALUES ('david-broadbent', 'assault');
INSERT INTO sources (person_id, url) VALUES ('david-broadbent', 'https://goppredators.wordpress.com/2022/03/13/766-paul-dyal/');
INSERT INTO sources (person_id, url) VALUES ('david-broadbent', 'https://www.firstcoastnews.com/article/news/crime/jacksonville-swat-raids-northside-church-during-evening-services-arrests-pastor-on-charges-of-capital-sexual-battery/77-76498fa8-2790-4d27-b734-87f1dd02087c');
INSERT INTO sources (person_id, url) VALUES ('david-broadbent', 'https://www.jacksonville.com/story/news/crime/2022/03/10/jacksonville-florida-church-pastor-arrested-child-sexual-battery-charge/6990823001/');
INSERT INTO sources (person_id, url) VALUES ('david-broadbent', 'https://arealnews.com/pastor-paul-dyal/');
INSERT OR REPLACE INTO people (id, name, status, level, state, office, crime_description, summary, still_in_office, offense_year, conviction_year, event_date) VALUES ('benjamin-ben-ignatowicz', 'Benjamin “Ben” Ignatowicz', 'charged', 'adjacent', 'SC', '', 'Child Abuse', 'Brandon Beckham is running for Utah''s Senate District 23 as a Republican. His campaign site is here .', NULL, NULL, NULL, NULL);
INSERT INTO crime_types (person_id, crime_type) VALUES ('benjamin-ben-ignatowicz', 'other');
INSERT INTO sources (person_id, url) VALUES ('benjamin-ben-ignatowicz', 'https://goppredators.wordpress.com/2022/03/13/765-brandon-beckham/');
INSERT INTO sources (person_id, url) VALUES ('benjamin-ben-ignatowicz', 'https://www.abc4.com/news/utah-republican-senate-candidate-charged-with-felony-sexual-abuse/');
INSERT INTO sources (person_id, url) VALUES ('benjamin-ben-ignatowicz', 'https://www.sltrib.com/news/politics/2022/03/08/republican-candidate-utah/');
INSERT INTO sources (person_id, url) VALUES ('benjamin-ben-ignatowicz', 'https://ksltv.com/496297/utah-senate-candidate-accused-of-violating-protective-order/');
INSERT OR REPLACE INTO people (id, name, status, level, state, office, crime_description, summary, still_in_office, offense_year, conviction_year, event_date) VALUES ('visible-music-college', 'Visible Music College', 'alleged', 'adjacent', 'TN', '', 'Rape Culture, Retaliation', 'Michigan Republican House candidate Robert "RJ" Regan claims he tells his daughters that if rape is inevitable they should lie back and enjoy it. FOX8: Republican Robert "RJ" Regan says he tells daughters to "lie back and enjoy it" if rape is inevitable Michigan Bridge: Robert Regan, under fire for', NULL, NULL, NULL, '2022-03-10');
INSERT INTO crime_types (person_id, crime_type) VALUES ('visible-music-college', 'rape');
INSERT INTO crime_types (person_id, crime_type) VALUES ('visible-music-college', 'harassment');
INSERT INTO sources (person_id, url) VALUES ('visible-music-college', 'https://goppredators.wordpress.com/2022/03/18/764-robert-rj-regan/');
INSERT INTO sources (person_id, url) VALUES ('visible-music-college', 'https://fox8.com/news/gop-candidate-says-he-tells-daughters-to-lie-back-and-enjoy-it-if-rape-is-inevitable/');
INSERT INTO sources (person_id, url) VALUES ('visible-music-college', 'https://www.bridgemi.com/michigan-government/robert-regan-under-fire-rape-comments-also-espoused-qanon-violence');
INSERT INTO sources (person_id, url) VALUES ('visible-music-college', 'https://www.thecut.com/2022/03/mi-politician-tells-daughters-to-lie-back-and-enjoy-rape.html');
INSERT OR REPLACE INTO people (id, name, status, level, state, office, crime_description, summary, still_in_office, offense_year, conviction_year, event_date) VALUES ('kyle-biedermann', 'Kyle Biedermann', 'alleged', 'state', 'TX', 'State Representative', 'Domestic Abuse', 'Kyle Biedermann was a Texas state representative from 2017 to 2023. He won the Republican primary and the general election despite court documents that allege he mentally abused his daughters and physically abused his wife.', NULL, NULL, NULL, NULL);
INSERT INTO crime_types (person_id, crime_type) VALUES ('kyle-biedermann', 'domestic-violence');
INSERT INTO sources (person_id, url) VALUES ('kyle-biedermann', 'https://goppredators.wordpress.com/2023/04/08/763-kyle-biedermann/');
INSERT INTO sources (person_id, url) VALUES ('kyle-biedermann', 'https://www.texasgopvote.com/family/court-documents-say-texas-house-candidate-kyle-biedermann-mentally-abused-his-008828');
INSERT INTO sources (person_id, url) VALUES ('kyle-biedermann', 'https://www.texastribune.org/2016/05/12/runoff-texas-house-seat-turns-ugly-final-days/');
INSERT OR REPLACE INTO people (id, name, status, level, state, office, crime_description, summary, still_in_office, offense_year, conviction_year, event_date) VALUES ('trevor-bauer', 'Trevor Bauer', 'alleged', 'adjacent', 'CA', '', 'Sexual Abuse/Violence', 'Trevor Bauer was a Major League Baseball pitcher and Trump advocate. He was also prone to going over the line in rough sex with women, choking them to unconsciousness.', NULL, NULL, NULL, '2023-02-02');
INSERT INTO crime_types (person_id, crime_type) VALUES ('trevor-bauer', 'assault');
INSERT INTO sources (person_id, url) VALUES ('trevor-bauer', 'https://goppredators.wordpress.com/2023/04/08/762-trevor-bauer/');
INSERT INTO sources (person_id, url) VALUES ('trevor-bauer', 'https://www.washingtonpost.com/sports/2022/04/29/trevor-bauer-abuse-accusations/');
INSERT INTO sources (person_id, url) VALUES ('trevor-bauer', 'https://www.cbsnews.com/news/pitcher-trevor-bauer-released-los-angeles-dodgers-sexual-assault-investigation/');
INSERT OR REPLACE INTO people (id, name, status, level, state, office, crime_description, summary, still_in_office, offense_year, conviction_year, event_date) VALUES ('cliff-c-maloney-jr', 'Cliff C. Maloney, Jr', 'charged', 'adjacent', 'PA', '', 'Rape', 'Cliff C. Maloney, Jr was formerly the president of Young Americans for Liberty, a conservative Libertarian student organization.', NULL, NULL, NULL, '2022-06-25');
INSERT INTO crime_types (person_id, crime_type) VALUES ('cliff-c-maloney-jr', 'rape');
INSERT INTO sources (person_id, url) VALUES ('cliff-c-maloney-jr', 'https://goppredators.wordpress.com/2023/04/08/761-cliff-c-maloney-jr/');
INSERT INTO sources (person_id, url) VALUES ('cliff-c-maloney-jr', 'https://www.documentcloud.org/documents/21757054-maloney-complaint');
INSERT INTO sources (person_id, url) VALUES ('cliff-c-maloney-jr', 'https://ujsportal.pacourts.us/Report/CpDocketSheet?docketNumber=CP-11-CR-0000549-2022&amp;dnh=xFCDkKKsDWDGBQ0mDM%2FRXA%3D%3D');
INSERT INTO sources (person_id, url) VALUES ('cliff-c-maloney-jr', 'https://ujsportal.pacourts.us/Report/CpCourtSummary?docketNumber=CP-11-CR-0000549-2022&amp;dnh=xFCDkKKsDWDGBQ0mDM%2FRXA%3D%3D');
INSERT INTO sources (person_id, url) VALUES ('cliff-c-maloney-jr', 'https://wjactv.com/news/local/political-commentator-accused-of-raping-woman-at-upj-testifies-at-trial');
INSERT INTO sources (person_id, url) VALUES ('cliff-c-maloney-jr', 'https://www.thedailybeast.com/young-americans-for-liberty-ex-boss-cliff-maloney-jr-charged-with-raping-student-at-university-of-pittsburgh?ref=home');
INSERT OR REPLACE INTO people (id, name, status, level, state, office, crime_description, summary, still_in_office, offense_year, conviction_year, event_date) VALUES ('teddy-daniels', 'Teddy Daniels', 'alleged', 'state', 'PA', '', 'Domestic Violence', 'Teddy Daniels is an insurrectionist. He was a 2020 primary candidate for U.S.', NULL, NULL, NULL, '2022-04-29');
INSERT INTO crime_types (person_id, crime_type) VALUES ('teddy-daniels', 'domestic-violence');
INSERT INTO sources (person_id, url) VALUES ('teddy-daniels', 'https://goppredators.wordpress.com/2023/04/08/760-teddy-daniels/');
INSERT INTO sources (person_id, url) VALUES ('teddy-daniels', 'https://www.rollingstone.com/politics/politics-features/teddy-daniels-maga-jan6-trump-abuse-misconduct-1301510/');
INSERT INTO sources (person_id, url) VALUES ('teddy-daniels', 'https://www.inquirer.com/politics/election/teddy-daniels-domestic-abuse-pfa-20220428.html');
INSERT INTO sources (person_id, url) VALUES ('teddy-daniels', 'https://apnews.com/article/2022-midterm-elections-pennsylvania-a66a9c8fbd178936bdad7784fa131554');
INSERT INTO sources (person_id, url) VALUES ('teddy-daniels', 'https://www.phillyvoice.com/teddy-daniels-pennsylvania-republican-candidate-lt-governor-protection-abuse-order/');
INSERT OR REPLACE INTO people (id, name, status, level, state, office, crime_description, summary, still_in_office, offense_year, conviction_year, event_date) VALUES ('john-gray', 'John Gray', 'charged', 'local', 'OH', 'School Board Member', 'Soliciting a Minor', 'John Gray was the president of the Goshen, Ohio, school board when he was caught in a Predator Catchers Muncie sting. He had served five terms on the school board.', NULL, NULL, NULL, '2022-05-04');
INSERT INTO crime_types (person_id, crime_type) VALUES ('john-gray', 'solicitation');
INSERT INTO sources (person_id, url) VALUES ('john-gray', 'https://goppredators.wordpress.com/2023/04/08/759-john-gray/');
INSERT INTO sources (person_id, url) VALUES ('john-gray', 'https://local12.com/news/local/goshen-local-schools-board-president-resigns-after-video-of-incident-released-john-gray-predator-catchers-incorporated-school-community-comment-no-charges-indianapolis-superintendent-district-cincinnati-ohio');
INSERT INTO sources (person_id, url) VALUES ('john-gray', 'https://www.fox19.com/2022/04/25/she-is-pretty-girl-former-goshen-school-board-president-recorded-alleged-rendezvous-with-11-year-old/');
INSERT INTO sources (person_id, url) VALUES ('john-gray', 'https://www.cincinnati.com/story/news/2022/04/29/goshen-school-board-members-text-president-john-gray-incident/9572358002/');
INSERT OR REPLACE INTO people (id, name, status, level, state, office, crime_description, summary, still_in_office, offense_year, conviction_year, event_date) VALUES ('ken-kratz', 'Ken Kratz', 'alleged', 'adjacent', 'WI', '', 'Coercion', 'Ken Kratz was the District Attorney of Calumet County, in Wisconsin. He became infamous for his prosecution of Stephen Avery and his nephew Brendan Dassey in the second murder case after Avery was exonerated.', NULL, NULL, NULL, '2010-10-05');
INSERT INTO crime_types (person_id, crime_type) VALUES ('ken-kratz', 'other');
INSERT INTO sources (person_id, url) VALUES ('ken-kratz', 'https://goppredators.wordpress.com/2023/04/07/757-ken-kratz/');
INSERT INTO sources (person_id, url) VALUES ('ken-kratz', 'https://www.timesnews.net/news/local-news/prosecutor-that-sexted-domestic-abuse-victim-whose-ex-boyfriend-he-was-prosecuting-to-step-down/article_83b3341f-dea5-528a-912c-19886eb0a589.html');
INSERT INTO sources (person_id, url) VALUES ('ken-kratz', 'https://madison.com/news/local/crime_and_courts/doj-investigated-cleared-kratz-without-interview/article_7a3d083c-c84b-11df-b190-001cc4c03286.html');
INSERT INTO sources (person_id, url) VALUES ('ken-kratz', 'https://abcnews.go.com/US/wisconsin-district-attorney-kenneth-kratz-admits-sexting-domestic/story?id=11684807');
INSERT OR REPLACE INTO people (id, name, status, level, state, office, crime_description, summary, still_in_office, offense_year, conviction_year, event_date) VALUES ('andrew-tate', 'Andrew Tate', 'charged', 'adjacent', 'DC', '', 'Trafficking, Rape, Domestic Violence', 'Andrew Tate is an avid Trump advocate, a citizen of both the United States and the United Kingdom, he moved to Romania because rape laws are more lenient there, according to him. He''s been accused of rape and trafficking and has been arrested for trafficking 75 women, forcing them to create pornogra', NULL, NULL, NULL, '2023-02-26');
INSERT INTO crime_types (person_id, crime_type) VALUES ('andrew-tate', 'rape');
INSERT INTO crime_types (person_id, crime_type) VALUES ('andrew-tate', 'trafficking');
INSERT INTO crime_types (person_id, crime_type) VALUES ('andrew-tate', 'domestic-violence');
INSERT INTO sources (person_id, url) VALUES ('andrew-tate', 'https://goppredators.wordpress.com/2023/04/07/756-andrew-tate/');
INSERT INTO sources (person_id, url) VALUES ('andrew-tate', 'https://www.thedailybeast.com/police-raid-maga-king-of-toxic-masculinity-in-human-trafficking-investigation?source=politics&amp;via=rss');
INSERT INTO sources (person_id, url) VALUES ('andrew-tate', 'https://www.theguardian.com/technology/2022/aug/06/andrew-tate-violent-misogynistic-world-of-tiktok-new-star');
INSERT OR REPLACE INTO people (id, name, status, level, state, office, crime_description, summary, still_in_office, offense_year, conviction_year, event_date) VALUES ('lyndon-j-mcleod', 'Lyndon J McLeod', 'alleged', 'local', 'CO', 'Police Officer', 'Murder', 'Lyndon J. McLeod was a misogynist who ranted in the manosphere about women and how the strong need to control or kill the weak.', NULL, NULL, NULL, NULL);
INSERT INTO crime_types (person_id, crime_type) VALUES ('lyndon-j-mcleod', 'murder');
INSERT INTO sources (person_id, url) VALUES ('lyndon-j-mcleod', 'https://goppredators.wordpress.com/2023/04/07/755-lyndon-j-mcleod/');
INSERT INTO sources (person_id, url) VALUES ('lyndon-j-mcleod', 'https://www.thedailybeast.com/sixth-person-dies-after-deadly-denver-killing-spree-police-say');
INSERT INTO sources (person_id, url) VALUES ('lyndon-j-mcleod', 'https://www.rollingstone.com/culture/culture-features/denver-shooting-tattoo-alicia-cardenas-lyndon-mcleod-1360771/');
INSERT INTO sources (person_id, url) VALUES ('lyndon-j-mcleod', 'https://coloradotimesrecorder.com/2022/01/a-portrait-of-a-mass-murderer/42178');
INSERT OR REPLACE INTO people (id, name, status, level, state, office, crime_description, summary, still_in_office, offense_year, conviction_year, event_date) VALUES ('david-g-landfair', 'David G. Landfair', 'alleged', 'local', 'FL', 'Mayor', 'Sexting high school students', 'David G. Landfair was the Mayor of Gulf Breeze, Florida.', NULL, NULL, NULL, '2019-01-19');
INSERT INTO crime_types (person_id, crime_type) VALUES ('david-g-landfair', 'other');
INSERT INTO sources (person_id, url) VALUES ('david-g-landfair', 'https://goppredators.wordpress.com/2023/04/07/754-david-g-landfair/');
INSERT INTO sources (person_id, url) VALUES ('david-g-landfair', 'https://www.pnj.com/story/news/2019/02/02/former-gulf-breeze-mayor-david-landfair-investigated-school-allegedly-paid-woman-nude-dancing/2742037002/');
INSERT INTO sources (person_id, url) VALUES ('david-g-landfair', 'https://www.wctv.tv/content/news/Florida-mayor-resigns-due-to-inappropriate-texting-504605062.html');
INSERT OR REPLACE INTO people (id, name, status, level, state, office, crime_description, summary, still_in_office, offense_year, conviction_year, event_date) VALUES ('jjm-hammond', 'Jjm Hammond', 'alleged', 'adjacent', 'TN', '', 'Enabling Rape &amp; Assault', 'Jjm Hammond (TN): Enabling Rape &amp; Assault.', NULL, NULL, NULL, NULL);
INSERT INTO crime_types (person_id, crime_type) VALUES ('jjm-hammond', 'rape');
INSERT INTO crime_types (person_id, crime_type) VALUES ('jjm-hammond', 'enablement');
INSERT INTO sources (person_id, url) VALUES ('jjm-hammond', 'https://goppredators.wordpress.com/2026/03/13/753-jjm-hammond/');
INSERT OR REPLACE INTO people (id, name, status, level, state, office, crime_description, summary, still_in_office, offense_year, conviction_year, event_date) VALUES ('lou-nakapalau', 'Lou Nakapalau', 'convicted', 'local', 'OR', 'City Councilmember', 'Child Sexual Abuse Material', 'Lou Nakapalau was a city council member in Echo City, Oregon. In 2017, he commented on the fan page for the film Kumu Hina .', NULL, NULL, NULL, '2017-10-22');
INSERT INTO crime_types (person_id, crime_type) VALUES ('lou-nakapalau', 'csam');
INSERT INTO crime_types (person_id, crime_type) VALUES ('lou-nakapalau', 'assault');
INSERT INTO sources (person_id, url) VALUES ('lou-nakapalau', 'https://goppredators.wordpress.com/2023/04/07/752-lou-nakapalau/');
INSERT INTO sources (person_id, url) VALUES ('lou-nakapalau', 'https://rop.org/update/organizing-for-dignity-in-echo-population-706/');
INSERT INTO sources (person_id, url) VALUES ('lou-nakapalau', 'https://www.yaktrinews.com/news/local-news/town-rallies-support-for-lgbtq-community-following-councilman-s-anti-gay-comments/article_21cc1829-8ddf-515c-ab6f-774e61bbf70a.html');
INSERT INTO sources (person_id, url) VALUES ('lou-nakapalau', 'https://eastoregonian.com/2017/12/14/echonakapalau-leaves-meeting-after-being-asked-about-criminal-record/');
INSERT INTO sources (person_id, url) VALUES ('lou-nakapalau', 'https://www.yaktrinews.com/search/?l=25&amp;sort=relevance&amp;f=html&amp;t=article%2Cvideo%2Cyoutube%2Ccollection&amp;app=editorial&amp;nsa=eedition&amp;q=Lou+Nakapalau#:~:text=Echo%20councilman%20leaves%20meeting%20when%20asked%20about%20child%20porn%20conviction');
INSERT INTO sources (person_id, url) VALUES ('lou-nakapalau', 'https://www.yaktrinews.com/news/crime/echo-councilman-criticized-for-gay-slur-child-porn-resigns/article_bfaef459-23fe-5f0c-ad36-b40da340f348.html');
INSERT OR REPLACE INTO people (id, name, status, level, state, office, crime_description, summary, still_in_office, offense_year, conviction_year, event_date) VALUES ('jason-miyares', 'Jason Miyares', 'alleged', 'state', 'VA', 'Judge', 'Enabling', 'Jason Miyares was elected the Attorney General of Virginia. In a disgusting campaign, he associated Democrats with being soft on child molesters.', NULL, NULL, NULL, '2022-10-15');
INSERT INTO crime_types (person_id, crime_type) VALUES ('jason-miyares', 'enablement');
INSERT INTO sources (person_id, url) VALUES ('jason-miyares', 'https://goppredators.wordpress.com/2023/04/03/751-jason-miyares/');
INSERT INTO sources (person_id, url) VALUES ('jason-miyares', 'https://www.oag.state.va.us/media-center/news-releases/2334-march-10-2022-former-sheriff-s-deputy-pleads-guilty-to-internet-solicitation-of-a-minor');
INSERT INTO sources (person_id, url) VALUES ('jason-miyares', 'https://americanindependent.com/jason-miyares-virginia-attorney-general-dustin-amos-plea-deal/');
INSERT INTO sources (person_id, url) VALUES ('jason-miyares', 'https://apnews.com/article/health-crime-richmond-lawsuits-virginia-423db9f01258b37e6506825fd803bf5c');
INSERT OR REPLACE INTO people (id, name, status, level, state, office, crime_description, summary, still_in_office, offense_year, conviction_year, event_date) VALUES ('richard-west', 'Richard West', 'convicted', 'local', 'OK', '', 'Child Sexual Abuse Material, Soliciting a Minor', 'Dennis Perkins, 45, is facing 150 felony charges that allege rape, child pornography, sexual battery of a child, and video voyeurism. His wife, Cynthia Perkins, and former lover, Melanie Curtin, have already pleaded guilty to various crimes they committed with Perkins.', NULL, NULL, NULL, NULL);
INSERT INTO crime_types (person_id, crime_type) VALUES ('richard-west', 'csam');
INSERT INTO crime_types (person_id, crime_type) VALUES ('richard-west', 'assault');
INSERT INTO crime_types (person_id, crime_type) VALUES ('richard-west', 'solicitation');
INSERT INTO sources (person_id, url) VALUES ('richard-west', 'https://goppredators.wordpress.com/2022/03/01/750-dennis-perkins/');
INSERT INTO sources (person_id, url) VALUES ('richard-west', 'https://www.livingstonparishnews.com/breaking_news/i-wanted-to-literally-die-victim-in-trial-involving-dennis-perkins-gives-emotional-testimony/article_49e4d860-53b1-11ec-8c45-632154ff1486.html');
INSERT INTO sources (person_id, url) VALUES ('richard-west', 'https://www.livingstonparishnews.com/breaking_news/melanie-curtin-found-guilty-of-aggravated-rape-video-voyeurism/article_3184d4ee-549e-11ec-8e9d-0bb0a064f0dd.html');
INSERT INTO sources (person_id, url) VALUES ('richard-west', 'https://lawandcrime.com/crime/former-louisiana-teacher-pleads-guilty-to-lacing-students-cupcakes-with-husbands-sperm-horrific-sex-crimes/');
INSERT INTO sources (person_id, url) VALUES ('richard-west', 'https://www.fox5ny.com/news/louisiana-teacher-cynthia-perkins-sentenced-after-lacing-students-cupcakes-with-ex-husbands-sperm');
INSERT INTO sources (person_id, url) VALUES ('richard-west', 'https://www.wafb.com/2021/08/17/trial-date-has-been-set-dennis-perkins/');
INSERT INTO sources (person_id, url) VALUES ('richard-west', 'https://www.wbrz.com/news/in-bombshell-interview-cop-who-tried-to-shine-light-on-deputy-at-center-of-child-sex-case-says-everyone-missed-red-flags-/');
INSERT OR REPLACE INTO people (id, name, status, level, state, office, crime_description, summary, still_in_office, offense_year, conviction_year, event_date) VALUES ('john-randall-hammock', 'John Randall Hammock', 'charged', 'local', 'AL', 'Mayor', 'Domestic Violence', 'John Hammock served as Tallassee, Alabama''s mayor for six years. He resigned in June after losing a Republican primary race for a position on the Public Service Commission.', NULL, NULL, NULL, NULL);
INSERT INTO crime_types (person_id, crime_type) VALUES ('john-randall-hammock', 'domestic-violence');
INSERT INTO sources (person_id, url) VALUES ('john-randall-hammock', 'https://goppredators.wordpress.com/2023/04/03/749-john-hammock/');
INSERT INTO sources (person_id, url) VALUES ('john-randall-hammock', 'https://www.alexcityoutlook.com/news/tallassee-mayor-arrested-in-orange-beach/article_8c5910d2-16c7-5296-918b-35c34f7bb525.html');
INSERT INTO sources (person_id, url) VALUES ('john-randall-hammock', 'https://www.wsfa.com/2022/06/01/johnny-hammock-resign-tallassee-mayor/');
INSERT INTO sources (person_id, url) VALUES ('john-randall-hammock', 'https://altoday.com/archives/43765-relative-of-arrested-tallassee-mayor-psc-candidate-john-hammock-seeks-protection-order-says-he-choked-her');
INSERT OR REPLACE INTO people (id, name, status, level, state, office, crime_description, summary, still_in_office, offense_year, conviction_year, event_date) VALUES ('derik-ford', 'Derik Ford', 'convicted', 'local', 'WA', 'Mayor', 'Domestic Violence', 'Derik Ford was the Washougal mayoral candidate endorsed by the Clark County Republican Women. He withdrew from the race after he was arrested by Camas police for domestic violence.', NULL, NULL, NULL, '2021-09-15');
INSERT INTO crime_types (person_id, crime_type) VALUES ('derik-ford', 'domestic-violence');
INSERT INTO sources (person_id, url) VALUES ('derik-ford', 'https://goppredators.wordpress.com/2023/04/03/748-derik-ford/');
INSERT INTO sources (person_id, url) VALUES ('derik-ford', 'https://www.oregonlive.com/crime/2021/09/washougal-mayoral-candidate-arrested-for-domestic-assault-police-say.html');
INSERT INTO sources (person_id, url) VALUES ('derik-ford', 'https://www.camaspostrecord.com/news/2021/jul/01/washougal-mayoral-candidates-past-draws-questions/');
INSERT INTO sources (person_id, url) VALUES ('derik-ford', 'https://www.columbian.com/news/2021/oct/14/former-mayor-candidate-ford-pleads-guilty-for-violating-no-contact-order/');
INSERT INTO sources (person_id, url) VALUES ('derik-ford', 'https://www.columbian.com/news/2021/oct/22/former-washougal-mayoral-candidates-death-ruled-a-suicide/#:~:text=Derik%20Ford%2C%2045%2C%20was%20discovered,15&amp;text=CAMAS%20%E2%80%94%20The%20death%20of%20Derik,manner%20of%20death%20on%20Thursday.');
INSERT OR REPLACE INTO people (id, name, status, level, state, office, crime_description, summary, still_in_office, offense_year, conviction_year, event_date) VALUES ('charles-herbster', 'Charles Herbster', 'alleged', 'state', 'NE', '', 'Sexual Assault', 'Charles Herbster is the owner of the multi-level marketing (MLM) company Conklin that manufactures roofing materials and all sorts of home and health products. (Full Disclosure: My brother-in-law was a Conklin dealer for 20 years or more.) He''s been accused by nine women of sexual battery/groping.', NULL, NULL, NULL, '2022-04-15');
INSERT INTO crime_types (person_id, crime_type) VALUES ('charles-herbster', 'assault');
INSERT INTO sources (person_id, url) VALUES ('charles-herbster', 'https://goppredators.wordpress.com/2023/04/03/747-charles-herbster/');
INSERT INTO sources (person_id, url) VALUES ('charles-herbster', 'https://www.ksnblocal4.com/2022/04/14/gop-state-senator-seven-other-women-say-charles-herbster-groped-them-he-denies-allegations/');
INSERT INTO sources (person_id, url) VALUES ('charles-herbster', 'https://nebraskaexaminer.com/2022/04/14/gop-state-senator-seven-other-women-say-charles-herbster-groped-them-he-denies-allegations/');
INSERT INTO sources (person_id, url) VALUES ('charles-herbster', 'https://www.politico.com/news/2022/04/28/trumps-risky-primary-play-rallying-for-a-longtime-ally-accused-of-sexual-misconduct-00028611');
INSERT OR REPLACE INTO people (id, name, status, level, state, office, crime_description, summary, still_in_office, offense_year, conviction_year, event_date) VALUES ('carl-clinton-ballman', 'Carl Clinton Ballman', 'convicted', 'adjacent', 'MO', 'Police Officer', 'Child Sexual Abuse Material, Solicitation Minor', 'Carter Clinton Ballman was a Republican legislative aide in Missouri. He worked several years for Republican Rep.', NULL, NULL, NULL, '2019-06-26');
INSERT INTO crime_types (person_id, crime_type) VALUES ('carl-clinton-ballman', 'csam');
INSERT INTO crime_types (person_id, crime_type) VALUES ('carl-clinton-ballman', 'assault');
INSERT INTO crime_types (person_id, crime_type) VALUES ('carl-clinton-ballman', 'solicitation');
INSERT INTO sources (person_id, url) VALUES ('carl-clinton-ballman', 'https://goppredators.wordpress.com/2023/04/03/746-carter-clinton-ballman/');
INSERT INTO sources (person_id, url) VALUES ('carl-clinton-ballman', 'https://www.komu.com/news/former-gop-legislative-aide-sentenced-in-child-porn-case/article_8c7908a7-cc7b-5b95-9add-3440ca00bed6.html');
INSERT INTO sources (person_id, url) VALUES ('carl-clinton-ballman', 'https://www.koamnewsnow.com/news/missouri-news/ex-legislative-aide-pleads-guilty-to-child-pornography/article_85aeb0c7-6406-5aa5-aaad-9c4944f7e1ac.html');
INSERT OR REPLACE INTO people (id, name, status, level, state, office, crime_description, summary, still_in_office, offense_year, conviction_year, event_date) VALUES ('charles-jandris', 'Charles Jandris', 'convicted', 'local', 'NJ', 'City Councilmember', 'Child Sexual Abuse Material', 'Charles Jandris was a former city council member and former member of the Planning Board in Mahwah, NJ and the finance director of a day care center. He was arrested for possession of child sexual abuse material.', NULL, NULL, 2021, '2021-08-14');
INSERT INTO crime_types (person_id, crime_type) VALUES ('charles-jandris', 'csam');
INSERT INTO crime_types (person_id, crime_type) VALUES ('charles-jandris', 'assault');
INSERT INTO sources (person_id, url) VALUES ('charles-jandris', 'https://goppredators.wordpress.com/2023/04/03/745-charles-jandris/');
INSERT INTO sources (person_id, url) VALUES ('charles-jandris', 'https://abc7ny.com/mahwah-day-care-charles-jandris-child-porn/5156204/');
INSERT INTO sources (person_id, url) VALUES ('charles-jandris', 'https://www.northjersey.com/story/news/2021/08/14/child-porn-former-mahwah-nj-councilman-spared-prison-gets-probation/8127756002/');
INSERT INTO sources (person_id, url) VALUES ('charles-jandris', 'https://patch.com/new-jersey/mahwah/former-mahwah-councilman-dodges-prison-child-porn-charges');
INSERT OR REPLACE INTO people (id, name, status, level, state, office, crime_description, summary, still_in_office, offense_year, conviction_year, event_date) VALUES ('david-bernard', 'David Bernard', 'charged', 'adjacent', 'WY', '', 'Child Sexual Abuse Material', 'David Bernard was one of Greybull, Wyoming''s five councilors. He was elected in 2020, began his term in 2021 and one year later was arrested for selling child sexual abuse material.', NULL, NULL, NULL, NULL);
INSERT INTO crime_types (person_id, crime_type) VALUES ('david-bernard', 'csam');
INSERT INTO crime_types (person_id, crime_type) VALUES ('david-bernard', 'assault');
INSERT INTO sources (person_id, url) VALUES ('david-bernard', 'https://goppredators.wordpress.com/2023/04/02/744-david-bernard/');
INSERT INTO sources (person_id, url) VALUES ('david-bernard', 'https://mybighornbasin.com/greybull-councilman-arrested-for-selling-child-pornography/');
INSERT INTO sources (person_id, url) VALUES ('david-bernard', 'https://www.gillettenewsrecord.com/news/wyoming/article_05b37494-8806-5f90-8f36-355a6490b9fc.html');
INSERT OR REPLACE INTO people (id, name, status, level, state, office, crime_description, summary, still_in_office, offense_year, conviction_year, event_date) VALUES ('ronnie-hale', 'Ronnie Hale', 'convicted', 'local', 'MS', '', 'Child Sexual Abuse Material', 'Ronnie Hale was an alderman in Southaven, Mississippi. He resigned after he was indicted for transporting child sexual abuse material across state lines, from Tennessee to Mississippi.', NULL, NULL, NULL, '2018-04-03');
INSERT INTO crime_types (person_id, crime_type) VALUES ('ronnie-hale', 'csam');
INSERT INTO crime_types (person_id, crime_type) VALUES ('ronnie-hale', 'assault');
INSERT INTO sources (person_id, url) VALUES ('ronnie-hale', 'https://goppredators.wordpress.com/2023/03/31/743-ronnie-hale/');
INSERT INTO sources (person_id, url) VALUES ('ronnie-hale', 'https://www.commercialappeal.com/story/news/crime/2018/10/17/former-southaven-alderman-sentenced-7-years-child-pornography/1676459002/');
INSERT INTO sources (person_id, url) VALUES ('ronnie-hale', 'https://www.justice.gov/usao-ndms/pr/former-southaven-alderman-sentenced-transportation-child-pornography');
INSERT OR REPLACE INTO people (id, name, status, level, state, office, crime_description, summary, still_in_office, offense_year, conviction_year, event_date) VALUES ('jeffrey-armstrong', 'Jeffrey Armstrong', 'convicted', 'local', 'OH', 'Mayor', 'Child Sexual Abuse Material', 'Jeffrey Armstrong is a former mayor of Rockford, Ohio. He''s also served on the village council and the school board.', NULL, NULL, NULL, '2021-02-24');
INSERT INTO crime_types (person_id, crime_type) VALUES ('jeffrey-armstrong', 'csam');
INSERT INTO crime_types (person_id, crime_type) VALUES ('jeffrey-armstrong', 'assault');
INSERT INTO sources (person_id, url) VALUES ('jeffrey-armstrong', 'https://goppredators.wordpress.com/2023/03/31/742-jeffrey-armstrong/');
INSERT INTO sources (person_id, url) VALUES ('jeffrey-armstrong', 'https://dailystandard.com/archive/2021-02-25/stories/42406/former-rockford-mayor-charged');
INSERT INTO sources (person_id, url) VALUES ('jeffrey-armstrong', 'https://dailystandard.com/archive/2022-07-08/stories/45648/armstrong-sentenced-to-8-years-for-child-porn');
INSERT OR REPLACE INTO people (id, name, status, level, state, office, crime_description, summary, still_in_office, offense_year, conviction_year, event_date) VALUES ('gregory-nies', 'Gregory Nies', 'alleged', 'local', 'PA', 'Mayor', 'Child Sexual Abuse Material', 'Byron Campbell cost the city of Concord, CA, $1.3 million when a jury found him guilty of sexual harassment and the city guilty of failing to respond adequately to the complaint. Rita Hardin sued Campbell and the Concord City Council in 1993.', NULL, NULL, NULL, NULL);
INSERT INTO crime_types (person_id, crime_type) VALUES ('gregory-nies', 'csam');
INSERT INTO crime_types (person_id, crime_type) VALUES ('gregory-nies', 'assault');
INSERT INTO sources (person_id, url) VALUES ('gregory-nies', 'https://goppredators.wordpress.com/2022/01/31/741-byron-campbell/');
INSERT INTO sources (person_id, url) VALUES ('gregory-nies', 'https://www.sfgate.com/search/?action=search&amp;channel=news&amp;inlineLink=1&amp;searchindex=solr&amp;query=%22Concord+City+Council%22');
INSERT INTO sources (person_id, url) VALUES ('gregory-nies', 'https://www.sfgate.com/news/article/1-3-Million-Sex-Harass-Case-Award-Concord-2985999.php&lt;/li&gt;&lt;/ul&#038;gt');
INSERT INTO sources (person_id, url) VALUES ('gregory-nies', 'https://www.latimes.com/archives/la-xpm-1992-01-27-mn-539-story.html');
INSERT INTO sources (person_id, url) VALUES ('gregory-nies', 'https://www.newspapers.com/paper/the-napa-valley-register/12655/');
INSERT OR REPLACE INTO people (id, name, status, level, state, office, crime_description, summary, still_in_office, offense_year, conviction_year, event_date) VALUES ('paul-reeves', 'Paul Reeves', 'convicted', 'local', 'KY', 'Mayor', 'Child Sexual Abuse Material', 'Mayor Virgil Hebert of Wilmot, OH pleaded guilty to gross sexual imposition and sexual battery for molesting a 15-year-old boy. He was fined $5000 and sentenced to 4 to 10 years in prison.', NULL, NULL, NULL, NULL);
INSERT INTO crime_types (person_id, crime_type) VALUES ('paul-reeves', 'csam');
INSERT INTO crime_types (person_id, crime_type) VALUES ('paul-reeves', 'assault');
INSERT INTO sources (person_id, url) VALUES ('paul-reeves', 'https://goppredators.wordpress.com/2022/01/31/740-virgil-hebert/');
INSERT INTO sources (person_id, url) VALUES ('paul-reeves', 'https://www.newspapers.com/paper/the-akron-beacon-journal/4267/');
INSERT OR REPLACE INTO people (id, name, status, level, state, office, crime_description, summary, still_in_office, offense_year, conviction_year, event_date) VALUES ('ed-bayne', 'Ed Bayne', 'convicted', 'local', 'PA', 'Mayor', 'Child Sexual Abuse Material', 'Ed Bayne was the mayor of Seven Fields, Pennsylvania, since 2006 until he was arrested for possession child sexual abuse material. Police seized all the computers at his home and found 24 items of child sexual abuse material including a video with a 9-year-old girl.', NULL, NULL, NULL, '2013-09-01');
INSERT INTO crime_types (person_id, crime_type) VALUES ('ed-bayne', 'csam');
INSERT INTO crime_types (person_id, crime_type) VALUES ('ed-bayne', 'assault');
INSERT INTO sources (person_id, url) VALUES ('ed-bayne', 'https://goppredators.wordpress.com/2023/03/31/739-ed-bayne/');
INSERT INTO sources (person_id, url) VALUES ('ed-bayne', 'https://patch.com/pennsylvania/cranberry/state-police-investigate-child-porn-found-on-computereb6c9d2acf');
INSERT INTO sources (person_id, url) VALUES ('ed-bayne', 'https://www.cranberryeagle.com/2016/02/24/ex-mayor-of-seven-fields-sentenced/');
INSERT OR REPLACE INTO people (id, name, status, level, state, office, crime_description, summary, still_in_office, offense_year, conviction_year, event_date) VALUES ('jack-shay', 'Jack Shay', 'convicted', 'local', 'AK', 'Mayor', 'Child Sexual Abuse Material', 'Mayor John Pfannenstiel of Baseshor, KS, was accused of having sex with inmates while working as a prison guard. Found guilty, he received probation.', NULL, NULL, NULL, NULL);
INSERT INTO crime_types (person_id, crime_type) VALUES ('jack-shay', 'csam');
INSERT INTO crime_types (person_id, crime_type) VALUES ('jack-shay', 'assault');
INSERT INTO sources (person_id, url) VALUES ('jack-shay', 'https://goppredators.wordpress.com/2022/01/18/738-john-pfannenstiel/');
INSERT INTO sources (person_id, url) VALUES ('jack-shay', 'http://www.tonganoxiemirror.com/news/2000/sep/07/basehor_mayor_charged/');
INSERT INTO sources (person_id, url) VALUES ('jack-shay', 'http://www.basehorinfo.com/news/2001/jul/18/pfannenstiel_receives_probation/');
INSERT INTO sources (person_id, url) VALUES ('jack-shay', 'http://www.basehorinfo.com/news/2002/feb/20/witness_pleads_guilty/');
INSERT OR REPLACE INTO people (id, name, status, level, state, office, crime_description, summary, still_in_office, offense_year, conviction_year, event_date) VALUES ('mike-stoecklin', 'Mike Stoecklin', 'convicted', 'local', 'IL', 'Mayor', 'Child Sexual Abuse Material Production', 'Mayor Todd Wayne McFarland of Depew, Creek County, Oklahoma was convicted of sexual assault and battery of a sixteen-year-old in a trial after he appealed his sentence, claiming his plea agreement was the result of ineffective counsel. Tulsaworld: Mayor of Depew arrested on sex charges Tulsaworld: E', NULL, NULL, 2005, NULL);
INSERT INTO crime_types (person_id, crime_type) VALUES ('mike-stoecklin', 'csam');
INSERT INTO crime_types (person_id, crime_type) VALUES ('mike-stoecklin', 'assault');
INSERT INTO sources (person_id, url) VALUES ('mike-stoecklin', 'https://goppredators.wordpress.com/2022/01/18/737-todd-wayne-mcfarland/');
INSERT INTO sources (person_id, url) VALUES ('mike-stoecklin', 'https://tulsaworld.com/archive/state-briefs-mayor-of-depew-arrested-on-sex-charges/article_049c16b4-7f98-5df8-9139-bdd3c2227552.html');
INSERT INTO sources (person_id, url) VALUES ('mike-stoecklin', 'https://tulsaworld.com/archives/ex-depew-mayor-is-granted-new-trial/article_03bbe543-1052-51c9-8790-a62e2a9cb7a5.html');
INSERT INTO sources (person_id, url) VALUES ('mike-stoecklin', 'https://www.oklahoman.com/article/2916724/depew-ex-mayor-convicted-of-sexual-assault');
INSERT OR REPLACE INTO people (id, name, status, level, state, office, crime_description, summary, still_in_office, offense_year, conviction_year, event_date) VALUES ('cary-rhodes', 'Cary Rhodes', 'convicted', 'federal', 'GA', 'Mayor', 'Attempting Sex with Minor', 'Cary Rhodes was the mayor of Taylorsville, Georgia. He was also the chief financial officer and secretary of the Taylorsville Baptist Church.', NULL, NULL, NULL, '2012-06-29');
INSERT INTO crime_types (person_id, crime_type) VALUES ('cary-rhodes', 'statutory-rape');
INSERT INTO sources (person_id, url) VALUES ('cary-rhodes', 'https://goppredators.wordpress.com/2023/03/31/736-cary-rhodes/');
INSERT INTO sources (person_id, url) VALUES ('cary-rhodes', 'https://archives.fbi.gov/archives/atlanta/press-releases/2011/mayor-of-taylorsville-arrested-for-attempting-to-meet-minor-for-sex');
INSERT INTO sources (person_id, url) VALUES ('cary-rhodes', 'https://www.dailycitizen.news/news/local_news/taylorsville-mayor-gets-prison-in-traveler-case/article_a3ce708a-83e0-5795-84ce-65728425fa23.html');
INSERT OR REPLACE INTO people (id, name, status, level, state, office, crime_description, summary, still_in_office, offense_year, conviction_year, event_date) VALUES ('kamp-kanakuk', 'Kamp Kanakuk', 'convicted', 'adjacent', 'MO', '', 'Organizational Cover-op', 'Kamp Kanakuk is one of the largest Christian camps in the United States. They claim to serve over 12,000 children per year at their camp and its satellites.', NULL, NULL, 2007, '2022-03-09');
INSERT INTO crime_types (person_id, crime_type) VALUES ('kamp-kanakuk', 'enablement');
INSERT INTO crime_types (person_id, crime_type) VALUES ('kamp-kanakuk', 'organizational-coverup');
INSERT INTO sources (person_id, url) VALUES ('kamp-kanakuk', 'https://goppredators.wordpress.com/2023/03/31/735-kamp-kanakuk/');
INSERT INTO sources (person_id, url) VALUES ('kamp-kanakuk', 'https://www.nbcnews.com/id/wbna16950688');
INSERT INTO sources (person_id, url) VALUES ('kamp-kanakuk', 'https://law.justia.com/cases/texas/twelfth-court-of-appeals/2003/6602.html');
INSERT INTO sources (person_id, url) VALUES ('kamp-kanakuk', 'https://www.klife.com/whoweare');
INSERT INTO sources (person_id, url) VALUES ('kamp-kanakuk', 'https://www.wftv.com/news/cops-universal-worker-youth-group-volunteer-molest/286586186/');
INSERT INTO sources (person_id, url) VALUES ('kamp-kanakuk', 'https://rturner229.blogspot.com/2012/12/florida-sex-offender-with-kanakuk-ties.html');
INSERT INTO sources (person_id, url) VALUES ('kamp-kanakuk', 'https://www.christianpost.com/news/youth-pastor-who-abused-14-girls-to-be-released-after-33-months.html');
INSERT OR REPLACE INTO people (id, name, status, level, state, office, crime_description, summary, still_in_office, offense_year, conviction_year, event_date) VALUES ('joe-white', 'Joe White', 'charged', 'adjacent', 'MO', '', 'Organizational Cover-op', 'Joe White is the son of the founders of Camp Kanakuk, one of the largest Christian camps in the United States, a camp that hosts about 12,000 children each year. He remains the Camp Kanakuk director despite his role in covering up and protecting child molesters who worked for him.', NULL, NULL, NULL, '2011-03-16');
INSERT INTO crime_types (person_id, crime_type) VALUES ('joe-white', 'enablement');
INSERT INTO crime_types (person_id, crime_type) VALUES ('joe-white', 'organizational-coverup');
INSERT INTO sources (person_id, url) VALUES ('joe-white', 'https://goppredators.wordpress.com/2023/03/31/734-joe-white/');
INSERT INTO sources (person_id, url) VALUES ('joe-white', 'https://factsaboutkanakuk.com/known-abusers/');
INSERT INTO sources (person_id, url) VALUES ('joe-white', 'https://kanakuk.com/our-response/');
INSERT INTO sources (person_id, url) VALUES ('joe-white', 'https://drive.google.com/file/d/1XWkg6woKvIqmx-Zv26JeLDJHrnc2hGLp/view');
INSERT INTO sources (person_id, url) VALUES ('joe-white', 'https://thedispatch.com/newsletter/frenchpress/they-arent-who-you-think-they-are/');
INSERT INTO sources (person_id, url) VALUES ('joe-white', 'https://factsaboutkanakuk.com/about-kanakuk/');
INSERT INTO sources (person_id, url) VALUES ('joe-white', 'https://www.bransontrilakesnews.com/news/local/article_5e5c70d2-6ffd-11ed-8f16-9faab262212c.html');
INSERT OR REPLACE INTO people (id, name, status, level, state, office, crime_description, summary, still_in_office, offense_year, conviction_year, event_date) VALUES ('pete-newman', 'Pete Newman', 'convicted', 'adjacent', 'MO', '', 'Child Molestation, Rape', 'Pete Newman was a Camp Director at Camp Kanakuk, a Christian children''s camp in Branson, Missouri. Over the years, he abused his position to sexually abuse dozens of boys, some as young as nine.', NULL, NULL, NULL, NULL);
INSERT INTO crime_types (person_id, crime_type) VALUES ('pete-newman', 'rape');
INSERT INTO crime_types (person_id, crime_type) VALUES ('pete-newman', 'child-molestation');
INSERT INTO sources (person_id, url) VALUES ('pete-newman', 'https://goppredators.wordpress.com/2023/03/30/733-pete-newman/');
INSERT INTO sources (person_id, url) VALUES ('pete-newman', 'https://www.vice.com/en/article/k7bjb9/camp-kanakuk-abuse-peter-newman-nda-lawsuit');
INSERT INTO sources (person_id, url) VALUES ('pete-newman', 'https://www.news-leader.com/story/news/local/missouri/2022/04/21/kanakuk-christian-sports-camp-two-branson-men-share-peter-newman-child-sex-abuse-stories/7120284001/');
INSERT INTO sources (person_id, url) VALUES ('pete-newman', 'https://thedispatch.com/newsletter/frenchpress/they-arent-who-you-think-they-are/');
INSERT OR REPLACE INTO people (id, name, status, level, state, office, crime_description, summary, still_in_office, offense_year, conviction_year, event_date) VALUES ('ravi-zacharias', 'Ravi Zacharias', 'alleged', 'adjacent', 'GA', '', 'Sexual Misconduct, Assault', 'Ravi Zacharias was the head of an international ministry. Originally a supporter of Marco Rubio for President, he switched to supporting Trump.', NULL, NULL, NULL, '2021-03-13');
INSERT INTO crime_types (person_id, crime_type) VALUES ('ravi-zacharias', 'other');
INSERT INTO sources (person_id, url) VALUES ('ravi-zacharias', 'https://goppredators.wordpress.com/2023/03/30/732-ravi-zacharias/');
INSERT INTO sources (person_id, url) VALUES ('ravi-zacharias', 'https://www.christianitytoday.com/news/2020/september/ravi-zacharias-sexual-harassment-rzim-spa-massage-investiga.html');
INSERT INTO sources (person_id, url) VALUES ('ravi-zacharias', 'https://www.nytimes.com/2021/02/11/us/ravi-zacharias-sexual-abuse.html');
INSERT INTO sources (person_id, url) VALUES ('ravi-zacharias', 'https://www.christianitytoday.com/news/2021/february/ravi-zacharias-rzim-investigation-sexual-abuse-sexting-rape.html');
INSERT OR REPLACE INTO people (id, name, status, level, state, office, crime_description, summary, still_in_office, offense_year, conviction_year, event_date) VALUES ('tim-mccullagh', 'Tim McCullagh', 'convicted', 'local', 'IL', 'Mayor', 'Contributing to Delinquency', 'Gerald ''Ajax'' Ackerman was the popular "law and order" mayor of Port Huron who was often lovingly profiled in the media thanks to his biker persona. He was "Citizen of the Year." He was convicted of exposing himself to several children.', NULL, NULL, NULL, '1988-04-10');
INSERT INTO crime_types (person_id, crime_type) VALUES ('tim-mccullagh', 'other');
INSERT INTO sources (person_id, url) VALUES ('tim-mccullagh', 'https://goppredators.wordpress.com/2022/01/25/731-gerald-ajax-ackerman/');
INSERT INTO sources (person_id, url) VALUES ('tim-mccullagh', 'https://caselaw.findlaw.com/mi-court-of-appeals/1457780.html#footnote_1');
INSERT INTO sources (person_id, url) VALUES ('tim-mccullagh', 'https://www.thetimesherald.com/story/news/2020/01/06/ex-port-huron-mayor-convicted-molesting-girls-gets-parole-gerald-ackerman/2824585001/');
INSERT INTO sources (person_id, url) VALUES ('tim-mccullagh', 'https://caselaw.findlaw.com/mi-court-of-appeals/1457780.html');
INSERT INTO sources (person_id, url) VALUES ('tim-mccullagh', 'https://www.chicagotribune.com/news/ct-xpm-2000-06-20-0006200252-story.html');
INSERT INTO sources (person_id, url) VALUES ('tim-mccullagh', 'https://apnews.com/article/4f242e3a727c557a92c286a9398d1810');
INSERT INTO sources (person_id, url) VALUES ('tim-mccullagh', 'https://digital.bentley.umich.edu/djnews/djn.1998.04.10.001/8');
INSERT OR REPLACE INTO people (id, name, status, level, state, office, crime_description, summary, still_in_office, offense_year, conviction_year, event_date) VALUES ('alejandro-carmona-fonseca', 'Alejandro Carmona-Fonseca', 'charged', 'local', 'FL', 'Sheriff Deputy', 'Solicitation of Child', 'Alejandro Carmona-Fonseca was a deputy on the Jacksonville Sheriff''s office. A teen boy met Carmona at a gym and connected with him on Snapchat in the expectation that Carmona would give him workout advice, which he initially did.', NULL, NULL, NULL, NULL);
INSERT INTO crime_types (person_id, crime_type) VALUES ('alejandro-carmona-fonseca', 'solicitation');
INSERT INTO sources (person_id, url) VALUES ('alejandro-carmona-fonseca', 'https://goppredators.wordpress.com/2023/03/30/730-alejandro-carmona-fonseca/');
INSERT INTO sources (person_id, url) VALUES ('alejandro-carmona-fonseca', 'https://www.jacksonville.com/story/news/crime/2022/03/16/jacksonville-officer-arrested-snapchat-solicitation-teen-boy/7059276001/');
INSERT OR REPLACE INTO people (id, name, status, level, state, office, crime_description, summary, still_in_office, offense_year, conviction_year, event_date) VALUES ('ricky-carter', 'Ricky Carter', 'charged', 'local', 'GA', '', 'Cruelty to Children', 'James Ricky Carter was a Hart County, Georgia, Commissioner. But then he was arrested with his son after an altercation at a family gathering.', NULL, NULL, NULL, '2022-06-09');
INSERT INTO crime_types (person_id, crime_type) VALUES ('ricky-carter', 'other');
INSERT INTO sources (person_id, url) VALUES ('ricky-carter', 'https://goppredators.wordpress.com/2023/03/30/729-ricky-carter/');
INSERT INTO sources (person_id, url) VALUES ('ricky-carter', 'https://www.foxcarolina.com/2022/03/20/hart-county-commissioner-son-arrested-saturday-night-after-family-dispute/');
INSERT INTO sources (person_id, url) VALUES ('ricky-carter', 'https://www.wyff4.com/article/hart-county-commissioner-child-curelty-charges/39514449');
INSERT INTO sources (person_id, url) VALUES ('ricky-carter', 'https://www.thedailybeast.com/georgia-county-commissioner-james-ricky-carter-son-arrested-for-beating-up-family-member-sheriff-says');
INSERT OR REPLACE INTO people (id, name, status, level, state, office, crime_description, summary, still_in_office, offense_year, conviction_year, event_date) VALUES ('paul-mumford', 'Paul Mumford', 'alleged', 'adjacent', 'FL', '', 'Child Sexual Abuse Material', 'James Zadaker resigned as Associate Dean of Florida State University''s School of Physician Assistant Practice and head of the university’s COVID-19 vaccine and testing administration program. His resignation is the result of an internal investigation into sexual misconduct allegations.', NULL, NULL, NULL, '2022-01-23');
INSERT INTO crime_types (person_id, crime_type) VALUES ('paul-mumford', 'csam');
INSERT INTO crime_types (person_id, crime_type) VALUES ('paul-mumford', 'assault');
INSERT INTO sources (person_id, url) VALUES ('paul-mumford', 'https://goppredators.wordpress.com/2022/01/14/728-james-zedaker/');
INSERT INTO sources (person_id, url) VALUES ('paul-mumford', 'https://floridapolitics.com/archives/486821-fsu-associate-dean-james-zedaker-resigns-amid-sexual-misconduct-investigation/');
INSERT INTO sources (person_id, url) VALUES ('paul-mumford', 'https://www.wtxl.com/news/local-news/director-of-fsu-school-of-physician-assistant-practice-resigns-amid-sexual-misconduct-investigation');
INSERT OR REPLACE INTO people (id, name, status, level, state, office, crime_description, summary, still_in_office, offense_year, conviction_year, event_date) VALUES ('jeff-ford', 'Jeff Ford', 'convicted', 'state', 'FL', '', 'Grooming', 'Eric Feltner pleaded guilty to a misdemeanor pornography charge, less than the two counts of providing pornographic materials to a minor and public display of sexual content that he faced. Feltner was the Chief of Staff for Missouri''s Lieutenant Governor Peter Kinder until he resigned after his arre', NULL, NULL, NULL, '2008-08-08');
INSERT INTO crime_types (person_id, crime_type) VALUES ('jeff-ford', 'grooming');
INSERT INTO sources (person_id, url) VALUES ('jeff-ford', 'https://goppredators.wordpress.com/2022/01/14/727-eric-feltner/');
INSERT INTO sources (person_id, url) VALUES ('jeff-ford', 'https://news.stlpublicradio.org/delete1/2008-08-07/kinders-former-chief-of-staff-guilty');
INSERT INTO sources (person_id, url) VALUES ('jeff-ford', 'https://www.columbiamissourian.com/news/local/kinders-chief-of-staff-quits-over-porn-charges/article_c00429ac-ea72-5ce6-95f6-0de318b49437.html');
INSERT INTO sources (person_id, url) VALUES ('jeff-ford', 'https://www.stltoday.com/news/local/govt-and-politics/ex-aide-to-lt-gov-peter-kinder-goes-to-jail/article_74870e81-aae8-5aa4-a963-3587d063e6e9.html');
INSERT OR REPLACE INTO people (id, name, status, level, state, office, crime_description, summary, still_in_office, offense_year, conviction_year, event_date) VALUES ('alan-moran', 'Alan Moran', 'convicted', 'state', 'MS', 'State Senator', 'Fondling Minor', 'Robert R. Groezinger was an aide to New York State Senator Serphin R.', NULL, NULL, NULL, '2008-10-17');
INSERT INTO crime_types (person_id, crime_type) VALUES ('alan-moran', 'other');
INSERT INTO sources (person_id, url) VALUES ('alan-moran', 'https://goppredators.wordpress.com/2022/01/16/726-robert-r-groezinger/');
INSERT INTO sources (person_id, url) VALUES ('alan-moran', 'https://www.nytimes.com/2008/10/17/nyregion/17pornography.html');
INSERT INTO sources (person_id, url) VALUES ('alan-moran', 'https://www.nydailynews.com/news/crime/new-york-state-senate-charged-receiving-child-porn-article-1.305216');
INSERT INTO sources (person_id, url) VALUES ('alan-moran', 'https://www.courtlistener.com/opinion/2366776/united-states-v-groezinger/');
INSERT INTO sources (person_id, url) VALUES ('alan-moran', 'https://www.justice.gov/archive/usao/nys/pressreleases/December09/groezingersentencepr.pdf');
INSERT OR REPLACE INTO people (id, name, status, level, state, office, crime_description, summary, still_in_office, offense_year, conviction_year, event_date) VALUES ('jose-pepe-diaz', 'Jose “Pepe” Diaz', 'convicted', 'adjacent', 'FL', '', 'Sexual Harassment', 'New York Republican Assemblyman George Christian Ortloff was arrested in a sting operation where he thought he was meeting to have sex with 11 and 12 year-old sisters. Instead he met with an FBI agent undercover as their mother.', NULL, NULL, NULL, NULL);
INSERT INTO crime_types (person_id, crime_type) VALUES ('jose-pepe-diaz', 'harassment');
INSERT INTO sources (person_id, url) VALUES ('jose-pepe-diaz', 'https://goppredators.wordpress.com/2022/01/16/725-george-christian-ortloff/');
INSERT INTO sources (person_id, url) VALUES ('jose-pepe-diaz', 'https://suncommunitynews.com/news/59754/ortloff-allegedly-molested-two-girls-viewed-child-pornography-with-undercover-agent/');
INSERT INTO sources (person_id, url) VALUES ('jose-pepe-diaz', 'https://www.lakeplacidnews.com/news/local-news/2019/10/11/chris-ortloff-released-from-federal-prison/');
INSERT OR REPLACE INTO people (id, name, status, level, state, office, crime_description, summary, still_in_office, offense_year, conviction_year, event_date) VALUES ('michael-mcguire', 'Michael McGuire', 'convicted', 'adjacent', 'NY', '', 'Child Molestation', 'Royce M. Fessenden was the head of the Christian County Republican party in Missouri when he was arrested for child molestation.', NULL, NULL, NULL, NULL);
INSERT INTO crime_types (person_id, crime_type) VALUES ('michael-mcguire', 'child-molestation');
INSERT INTO sources (person_id, url) VALUES ('michael-mcguire', 'https://goppredators.wordpress.com/2022/01/16/724-royce-m-fessenden/');
INSERT INTO sources (person_id, url) VALUES ('michael-mcguire', 'http://crimesceneinvestigations.blogspot.com/2009/01/former-head-of-christian-county.html');
INSERT OR REPLACE INTO people (id, name, status, level, state, office, crime_description, summary, still_in_office, offense_year, conviction_year, event_date) VALUES ('john-myser', 'John Myser', 'convicted', 'adjacent', 'MN', '', 'Domestic Violence', 'Considering Pizzagate, it is ironic that the FOX News producer who covered Hillary Clinton''s presidential campaign was arrested and convicted of child pornography. The police found pictures and videos of children under the age of ten being sexually abused by adults.', NULL, NULL, NULL, NULL);
INSERT INTO crime_types (person_id, crime_type) VALUES ('john-myser', 'domestic-violence');
INSERT INTO sources (person_id, url) VALUES ('john-myser', 'https://goppredators.wordpress.com/2022/01/16/723-aaron-bruns/');
INSERT INTO sources (person_id, url) VALUES ('john-myser', 'http://www.thesmokinggun.com/documents/crime/fox-newser-kiddie-porn-bust');
INSERT INTO sources (person_id, url) VALUES ('john-myser', 'https://www.washingtonexaminer.com/fox-news-producer-gets-10-years-for-child-porn');
INSERT OR REPLACE INTO people (id, name, status, level, state, office, crime_description, summary, still_in_office, offense_year, conviction_year, event_date) VALUES ('danielle-neuschwanger', 'Danielle Neuschwanger', 'charged', 'adjacent', 'CO', '', 'Domestic Violence', 'Marty Glickman was a frequent protester and a local radio host who was also known as Republican Marty. He protested at colleges about declining morals and was viciously anti-Clinton.', NULL, NULL, NULL, NULL);
INSERT INTO crime_types (person_id, crime_type) VALUES ('danielle-neuschwanger', 'domestic-violence');
INSERT INTO sources (person_id, url) VALUES ('danielle-neuschwanger', 'https://goppredators.wordpress.com/2022/01/14/722-marty-glickman/');
INSERT OR REPLACE INTO people (id, name, status, level, state, office, crime_description, summary, still_in_office, offense_year, conviction_year, event_date) VALUES ('joey-hensley', 'Joey Hensley', 'convicted', 'local', 'TN', 'Judge', 'Sexual Harassment', 'Judge Robert Adrian found Drew Clinton guilty of rape in a bench trial in October 2021. There was DNA evidence, a confession, and the survivor''s testimony.', NULL, NULL, NULL, '2022-01-17');
INSERT INTO crime_types (person_id, crime_type) VALUES ('joey-hensley', 'harassment');
INSERT INTO sources (person_id, url) VALUES ('joey-hensley', 'https://goppredators.wordpress.com/2022/01/13/721-judge-robert-adrian/');
INSERT INTO sources (person_id, url) VALUES ('joey-hensley', 'https://www.theguardian.com/us-news/2022/jan/13/illinois-judge-reverses-rape-conviction-outrage');
INSERT INTO sources (person_id, url) VALUES ('joey-hensley', 'https://www.thedailybeast.com/illinois-judge-robert-adrian-tosses-teen-rape-conviction-for-drew-clinton-says-148-days-in-jail-is-plenty');
INSERT INTO sources (person_id, url) VALUES ('joey-hensley', 'https://www.whig.com/news/adams-county-judge-condemned-for-comments-in-sexual-assault-case/article_6998445a-7038-11ec-abdc-7729bb090472.html');
INSERT OR REPLACE INTO people (id, name, status, level, state, office, crime_description, summary, still_in_office, offense_year, conviction_year, event_date) VALUES ('stephen-bates', 'Stephen Bates', 'charged', 'local', 'NH', '', 'Child Sexual Abuse Material', 'April Grace is a Republican candidate for Oklahoma''s State Superintendant of Public Schools. She also protected an alleged child molester on her staff for several years.', NULL, NULL, NULL, '2022-04-26');
INSERT INTO crime_types (person_id, crime_type) VALUES ('stephen-bates', 'csam');
INSERT INTO crime_types (person_id, crime_type) VALUES ('stephen-bates', 'assault');
INSERT INTO sources (person_id, url) VALUES ('stephen-bates', 'https://goppredators.wordpress.com/2022/01/13/720-april-grace/');
INSERT INTO sources (person_id, url) VALUES ('stephen-bates', 'https://www.oklahoman.com/story/news/2021/08/22/state-superintendent-candidate-april-grace-responds-insinuations-shawnee-ron-arthur/8228237002/');
INSERT INTO sources (person_id, url) VALUES ('stephen-bates', 'https://www.news-star.com/story/news/local/2021/09/15/shawnee-community-address-board-education-sex-crime-charges-ron-arthur/8328233002/');
INSERT INTO sources (person_id, url) VALUES ('stephen-bates', 'https://www.pressreader.com/usa/the-oklahoman-sunday/20210919/281492164453642');
INSERT INTO sources (person_id, url) VALUES ('stephen-bates', 'https://www.ocpathink.org/post/did-state-superintendent-candidate-violate-reporting-law');
INSERT OR REPLACE INTO people (id, name, status, level, state, office, crime_description, summary, still_in_office, offense_year, conviction_year, event_date) VALUES ('william-henry-randall', 'William Henry Randall', 'charged', 'state', 'FL', 'Political Activist', 'Child Sexual Battery', 'Alex Barron lost his primary for Republican state senate candidate in Idaho, but is a well-known conservative activist and self-styled "Bard of the American Redoubt." Alex Barron was unanimously elected as Secretary for the Kootenai County Republican Central Committee (KCRCC) in 2016 and 2018. He wa', NULL, NULL, NULL, '2022-01-07');
INSERT INTO crime_types (person_id, crime_type) VALUES ('william-henry-randall', 'rape');
INSERT INTO crime_types (person_id, crime_type) VALUES ('william-henry-randall', 'assault');
INSERT INTO sources (person_id, url) VALUES ('william-henry-randall', 'https://goppredators.wordpress.com/2022/01/13/719-alex-barron/');
INSERT INTO sources (person_id, url) VALUES ('william-henry-randall', 'https://www.spokesman.com/stories/2020/jan/26/shawn-vestal-what-are-you-willing-to-kill-for-asks/');
INSERT INTO sources (person_id, url) VALUES ('william-henry-randall', 'https://www.krem.com/article/news/local/former-idaho-candidate-charged-with-rape-child-sexual-abuse/293-f39cb8e8-c05b-4adf-b94d-c2247132b1f5');
INSERT INTO sources (person_id, url) VALUES ('william-henry-randall', 'https://www.kxly.com/n-idaho-man-charged-with-sexual-abuse-of-a-child-rape/');
INSERT INTO sources (person_id, url) VALUES ('william-henry-randall', 'https://www.spokesman.com/stories/2022/jan/07/shawn-vestal-redoubt-figure-and-idaho-legislative-/');
INSERT INTO sources (person_id, url) VALUES ('william-henry-randall', 'https://dbtfmuq94fm8x.cloudfront.net/wp-content/uploads/20200211222111/Citation-174563-Alex-Barron.pdf');
INSERT OR REPLACE INTO people (id, name, status, level, state, office, crime_description, summary, still_in_office, offense_year, conviction_year, event_date) VALUES ('paul-dyal', 'Paul Dyal', 'alleged', 'adjacent', 'FL', '', 'Child Sexual Battery, Molestation', 'Paul Dyal (FL): Child Sexual Battery, Molestation.', NULL, NULL, NULL, NULL);
INSERT INTO crime_types (person_id, crime_type) VALUES ('paul-dyal', 'rape');
INSERT INTO crime_types (person_id, crime_type) VALUES ('paul-dyal', 'assault');
INSERT INTO sources (person_id, url) VALUES ('paul-dyal', 'https://goppredators.wordpress.com/2026/03/13/718-paul-dyal/');
INSERT OR REPLACE INTO people (id, name, status, level, state, office, crime_description, summary, still_in_office, offense_year, conviction_year, event_date) VALUES ('brandon-beckham', 'Brandon Beckham', 'alleged', 'adjacent', 'UT', '', 'Forcible Sexual Assault', 'Brandon Beckham (UT): Forcible Sexual Assault.', NULL, NULL, NULL, NULL);
INSERT INTO crime_types (person_id, crime_type) VALUES ('brandon-beckham', 'assault');
INSERT INTO sources (person_id, url) VALUES ('brandon-beckham', 'https://goppredators.wordpress.com/2026/03/13/717-brandon-beckham/');
INSERT OR REPLACE INTO people (id, name, status, level, state, office, crime_description, summary, still_in_office, offense_year, conviction_year, event_date) VALUES ('robert-rj-regan', 'Robert “RJ” Regan', 'alleged', 'adjacent', 'MI', '', 'Rape Culture', 'Robert “RJ” Regan (MI): Rape Culture.', NULL, NULL, NULL, NULL);
INSERT INTO crime_types (person_id, crime_type) VALUES ('robert-rj-regan', 'rape');
INSERT INTO crime_types (person_id, crime_type) VALUES ('robert-rj-regan', 'harassment');
INSERT INTO sources (person_id, url) VALUES ('robert-rj-regan', 'https://goppredators.wordpress.com/2026/03/13/716-robert-rj-regan/');
INSERT OR REPLACE INTO people (id, name, status, level, state, office, crime_description, summary, still_in_office, offense_year, conviction_year, event_date) VALUES ('terry-peters', 'Terry Peters', 'convicted', 'adjacent', 'AZ', '', 'Child Molestation', 'Terry Peters was a Arizona Republican donor. His wife, Mary Peters, was Bush''s Transportation Secretary.', NULL, NULL, 2013, '2012-06-26');
INSERT INTO crime_types (person_id, crime_type) VALUES ('terry-peters', 'child-molestation');
INSERT INTO sources (person_id, url) VALUES ('terry-peters', 'https://goppredators.wordpress.com/2023/03/29/715-terry-peters/');
INSERT INTO sources (person_id, url) VALUES ('terry-peters', 'https://www.phoenixnewtimes.com/news/terry-peters-husband-of-ex-bush-official-mary-peters-given-14-years-for-child-rape-6642230');
INSERT INTO sources (person_id, url) VALUES ('terry-peters', 'https://arizonadailyindependent.com/2012/06/25/husband-of-former-transportation-secretary-arrested/');
INSERT OR REPLACE INTO people (id, name, status, level, state, office, crime_description, summary, still_in_office, offense_year, conviction_year, event_date) VALUES ('neil-gardner', 'Neil Gardner', 'convicted', 'adjacent', 'NY', '', 'Child Molestation/Rape', 'Neil Gardner was the Highway Superintendent in Stephentown, New York. In March, 2022, he settled with a woman who sued under New York''s Child Victims Act.', NULL, NULL, NULL, NULL);
INSERT INTO crime_types (person_id, crime_type) VALUES ('neil-gardner', 'rape');
INSERT INTO crime_types (person_id, crime_type) VALUES ('neil-gardner', 'child-molestation');
INSERT INTO sources (person_id, url) VALUES ('neil-gardner', 'https://goppredators.wordpress.com/2023/03/29/714-neil-gardner/');
INSERT INTO sources (person_id, url) VALUES ('neil-gardner', 'https://www.timesunion.com/state/article/Ex-Stephentown-highway-chief-settles-child-sex-16990013.php');
INSERT INTO sources (person_id, url) VALUES ('neil-gardner', 'https://www.timesunion.com/state/article/second-lawsuit-accuses-owner-stephentown-ice-17764923.php');
INSERT INTO sources (person_id, url) VALUES ('neil-gardner', 'https://www.richardbeaven.com/in-trump-country-after');
INSERT OR REPLACE INTO people (id, name, status, level, state, office, crime_description, summary, still_in_office, offense_year, conviction_year, event_date) VALUES ('john-griffin', 'John Griffin', 'convicted', 'adjacent', 'CT', '', 'Child Enticement, Child Molestation', 'John J, Griffin was a producer for CNN from Connecticut when he was arrested by the FBI for persuading mothers to bring their very young daughters to him for sadomasochistic sex. This was purportedly to train them to be docile and submissive wives.', NULL, NULL, NULL, '2021-12-22');
INSERT INTO crime_types (person_id, crime_type) VALUES ('john-griffin', 'child-molestation');
INSERT INTO crime_types (person_id, crime_type) VALUES ('john-griffin', 'solicitation');
INSERT INTO sources (person_id, url) VALUES ('john-griffin', 'https://goppredators.wordpress.com/2023/03/27/713-john-j-griffin/');
INSERT INTO sources (person_id, url) VALUES ('john-griffin', 'https://www.ctinsider.com/news/article/Fired-CNN-producer-from-CT-sued-for-allegedly-16765097.php');
INSERT INTO sources (person_id, url) VALUES ('john-griffin', 'https://www.rutlandherald.com/news/local/griffin-changes-plea-in-sex-case/article_e3ec5545-8415-57f0-9fc5-ab65dde02f06.html');
INSERT INTO sources (person_id, url) VALUES ('john-griffin', 'https://www.justice.gov/usao-vt/pr/connecticut-man-indicted-attempting-induce-minors-engage-unlawful-sexual-activity-ludlow');
INSERT INTO sources (person_id, url) VALUES ('john-griffin', 'https://www.mediaite.com/crime/former-cnn-producer-sentenced-to-19-years-in-prison-for-coercing-9-year-old-into-sex-acts/');
INSERT OR REPLACE INTO people (id, name, status, level, state, office, crime_description, summary, still_in_office, offense_year, conviction_year, event_date) VALUES ('rodney-burl-nichols', 'Rodney Burl Nichols', 'convicted', 'local', 'TX', 'Mayor', 'Child Indecency', 'Rodney Burl Nichols was the mayor of Valley Mills, Texas. In 2005 while he was on the city council, he was charged with child molestation, but the grand jury declined to indict.', NULL, NULL, NULL, NULL);
INSERT INTO crime_types (person_id, crime_type) VALUES ('rodney-burl-nichols', 'other');
INSERT INTO sources (person_id, url) VALUES ('rodney-burl-nichols', 'https://goppredators.wordpress.com/2023/03/27/712-rodney-burl-nichols/');
INSERT INTO sources (person_id, url) VALUES ('rodney-burl-nichols', 'https://www.the-sun.com/news/60487/ex-mayor-tries-to-kill-himself-after-being-accused-of-10-counts-of-child-sex-abuse-causing-his-wife-to-die/');
INSERT INTO sources (person_id, url) VALUES ('rodney-burl-nichols', 'https://wacotrib.com/news/crime/former-valley-mills-mayor-charged-with-sexual-abuse-of-child/article_c27ca9d2-d9a6-50dc-ba30-2918ee5d39d4.html');
INSERT INTO sources (person_id, url) VALUES ('rodney-burl-nichols', 'https://publicsite.dps.texas.gov/SexOffenderRegistry/Search/Rapsheet?Sid=17210177');
INSERT OR REPLACE INTO people (id, name, status, level, state, office, crime_description, summary, still_in_office, offense_year, conviction_year, event_date) VALUES ('jeremy-filbert', 'Jeremy Filbert', 'convicted', 'state', 'IA', 'Mayor', 'Child Rape', 'Jeremy Filbert was the mayor of Mitchellville, Iowa. In 2014, he ran for Iowa State Senate but lost the Republican primary.', NULL, NULL, NULL, '2014-07-09');
INSERT INTO crime_types (person_id, crime_type) VALUES ('jeremy-filbert', 'rape');
INSERT INTO sources (person_id, url) VALUES ('jeremy-filbert', 'https://goppredators.wordpress.com/2023/03/27/711-jeremy-filbert/');
INSERT INTO sources (person_id, url) VALUES ('jeremy-filbert', 'https://www.kshb.com/news/local-news/investigations/former-iowa-mayor-faces-rape-and-sodomy-charges');
INSERT INTO sources (person_id, url) VALUES ('jeremy-filbert', 'https://www.morelaw.com/verdicts/case.asp?n=%20117,326%20&amp;s=KS&amp;d=115279');
INSERT OR REPLACE INTO people (id, name, status, level, state, office, crime_description, summary, still_in_office, offense_year, conviction_year, event_date) VALUES ('kenneth-lewis-barrett', 'Kenneth Lewis Barrett', 'convicted', 'local', 'OR', 'Police Officer', 'Soliciting a Minor', 'Kenneth Lewis Barrett was the Republican mayor of Winston, Oregon. He was caught in one of those stings where police officers pretend to be a minor child on Facebook.', NULL, NULL, NULL, '2018-04-22');
INSERT INTO crime_types (person_id, crime_type) VALUES ('kenneth-lewis-barrett', 'solicitation');
INSERT INTO sources (person_id, url) VALUES ('kenneth-lewis-barrett', 'https://goppredators.wordpress.com/2023/03/27/710-kenneth-lewis-barrett/');
INSERT INTO sources (person_id, url) VALUES ('kenneth-lewis-barrett', 'https://kcby.com/news/local/winston-mayor-arrested-charged-with-online-sexual-corruption-of-minor');
INSERT INTO sources (person_id, url) VALUES ('kenneth-lewis-barrett', 'https://www.nrtoday.com/news/court/former-winston-mayor-ken-barrett-sentenced-to-16-months-in-prison-for-sex-charges/article_eb8f7417-132a-598e-88a8-7e69e986e831.html');
INSERT OR REPLACE INTO people (id, name, status, level, state, office, crime_description, summary, still_in_office, offense_year, conviction_year, event_date) VALUES ('donald-marceau-mcleod', 'Donald Marceau McLeod', 'convicted', 'local', 'CO', 'Mayor', 'Child Trafficking', 'Donald Marceau McLeod was the Mayor of Severance, Colorado. He resigned after an anonymous tip was called in reporting that a child was dragged into a white van and may have been taken hostage.', NULL, NULL, NULL, NULL);
INSERT INTO crime_types (person_id, crime_type) VALUES ('donald-marceau-mcleod', 'trafficking');
INSERT INTO sources (person_id, url) VALUES ('donald-marceau-mcleod', 'https://goppredators.wordpress.com/2023/03/27/709-donald-marceau-mcleod/');
INSERT INTO sources (person_id, url) VALUES ('donald-marceau-mcleod', 'https://kdvr.com/news/local/former-severance-mayor-charged-with-child-prostitution/amp/?fr=operanews');
INSERT INTO sources (person_id, url) VALUES ('donald-marceau-mcleod', 'https://www.greeleytribune.com/2022/12/23/former-severance-mayor-sentenced-to-3-years-probation-to-register-as-sex-offender/');
INSERT INTO sources (person_id, url) VALUES ('donald-marceau-mcleod', 'https://www.greeleytribune.com/2022/12/23/former-severance-mayor-sentenced-to-3-years-probation-to-register-as-sex-offender/?share=twitter&amp;nb=1');
INSERT INTO sources (person_id, url) VALUES ('donald-marceau-mcleod', 'https://apps1.weldgov.com/sheriff/DailyArrests/index.cfm');
INSERT OR REPLACE INTO people (id, name, status, level, state, office, crime_description, summary, still_in_office, offense_year, conviction_year, event_date) VALUES ('gary-clark', 'Gary Clark', 'convicted', 'local', 'GA', 'Mayor', 'Child Rape', 'Gary Clark Gary Clark is the former Mayor of Zillah, Washington and an officer of the Yakima County Republicans. He was the mayor for a decade in the 80s into the 90s and then again from 2004 to 2017.', NULL, NULL, 2025, NULL);
INSERT INTO crime_types (person_id, crime_type) VALUES ('gary-clark', 'rape');
INSERT INTO sources (person_id, url) VALUES ('gary-clark', 'https://goppredators.wordpress.com/2023/03/27/708-gary-clark/');
INSERT INTO sources (person_id, url) VALUES ('gary-clark', 'https://kimatv.com/news/local/former-longtime-zillah-mayor-charged-with-rape-of-a-child');
INSERT INTO sources (person_id, url) VALUES ('gary-clark', 'https://www.yakimaherald.com/news/local/former-zillah-mayor-faces-additional-child-rape-charges/article_139e61f2-6c2e-5230-8061-05a8d15a7145.html');
INSERT INTO sources (person_id, url) VALUES ('gary-clark', 'https://www.yakimaherald.com/news/local/crime_and_courts/former-zillah-mayor-gary-clark-pleads-guilty-to-child-rape/article_a2a44aae-ee3a-11ef-bbb2-4b085361effc.html');
INSERT INTO sources (person_id, url) VALUES ('gary-clark', 'https://kimatv.com/news/crime/former-zillah-mayor-sentenced-in-child-rape-case');
INSERT INTO sources (person_id, url) VALUES ('gary-clark', 'https://kimatv.com/news/local/former-zillah-mayor-arrested-another-woman-accuses-him-of-child-rape#');
INSERT INTO sources (person_id, url) VALUES ('gary-clark', 'https://odysseyportal.courts.wa.gov/ODYPORTAL/');
INSERT OR REPLACE INTO people (id, name, status, level, state, office, crime_description, summary, still_in_office, offense_year, conviction_year, event_date) VALUES ('donald-crerar', 'Donald Crerar', 'charged', 'adjacent', 'WY', 'Judge', 'Sexual Abuse of Minor (dismissed because his penis was flaccid)', 'Donald Crerar is an anti-mask protester and election denier. He was arrested for child sexual abuse, accused of putting his penis on a child''s arm.', NULL, NULL, NULL, NULL);
INSERT INTO crime_types (person_id, crime_type) VALUES ('donald-crerar', 'assault');
INSERT INTO sources (person_id, url) VALUES ('donald-crerar', 'https://goppredators.wordpress.com/2023/03/25/707-donald-crerar/');
INSERT INTO sources (person_id, url) VALUES ('donald-crerar', 'https://www.wyomingnewsnow.tv/2020/09/18/dozens-gather-at-state-capitol-building-to-protest-mask-policies-in-schools/');
INSERT INTO sources (person_id, url) VALUES ('donald-crerar', 'https://kgab.com/tags/donald-crerar/');
INSERT OR REPLACE INTO people (id, name, status, level, state, office, crime_description, summary, still_in_office, offense_year, conviction_year, event_date) VALUES ('barry-morphew', 'Barry Morphew', 'alleged', 'adjacent', 'CO', '', 'Murder', 'Barry Morphew''s dead wife cast a ballot. It was one of the examples of voter fraud that was pointed to as proof the election was stolen.', NULL, NULL, NULL, '2022-04-20');
INSERT INTO crime_types (person_id, crime_type) VALUES ('barry-morphew', 'murder');
INSERT INTO sources (person_id, url) VALUES ('barry-morphew', 'https://goppredators.wordpress.com/2023/03/25/706-barry-morphew/');
INSERT INTO sources (person_id, url) VALUES ('barry-morphew', 'https://www.usatoday.com/story/news/nation/2021/05/15/man-suspected-wifes-death-cast-ballot-her-name-court-docs-say/5108597001/');
INSERT INTO sources (person_id, url) VALUES ('barry-morphew', 'https://www.fox21news.com/news/crime/barry-morphew-the-husband-of-a-missing-chaffee-county-woman-faces-additional-charges/');
INSERT OR REPLACE INTO people (id, name, status, level, state, office, crime_description, summary, still_in_office, offense_year, conviction_year, event_date) VALUES ('mike-groene', 'Mike Groene', 'alleged', 'state', 'NE', 'State Senator', 'Sexual Harassment', 'Mike Groene was a Nebraska state senator. A legislative aide filed a complaint that he had taken inappropriate pictures of her while in their state office.', NULL, NULL, NULL, '2022-02-21');
INSERT INTO crime_types (person_id, crime_type) VALUES ('mike-groene', 'harassment');
INSERT INTO sources (person_id, url) VALUES ('mike-groene', 'https://goppredators.wordpress.com/2023/03/25/705-mike-groene/');
INSERT INTO sources (person_id, url) VALUES ('mike-groene', 'https://nebraskaexaminer.com/2022/02/18/groene-denies-accusations-that-he-took-objectifying-photos-of-his-legislative-aide/');
INSERT INTO sources (person_id, url) VALUES ('mike-groene', 'https://journalstar.com/news/state-and-regional/govt-and-politics/investigation-finds-senators-conduct-was-unprofessional-but-did-not-constitute-harassment/article_7f4d7bff-60d0-53d4-96c7-57cb78a04601.html');
INSERT OR REPLACE INTO people (id, name, status, level, state, office, crime_description, summary, still_in_office, offense_year, conviction_year, event_date) VALUES ('dennis-perkins', 'Dennis Perkins', 'alleged', 'adjacent', 'LA', '', 'Sexual Assault, Rape, Child Sexual Abuse Material', 'Dennis Perkins (LA): Sexual Assault, Rape, Child Sexual Abuse Material.', NULL, NULL, NULL, NULL);
INSERT INTO crime_types (person_id, crime_type) VALUES ('dennis-perkins', 'csam');
INSERT INTO crime_types (person_id, crime_type) VALUES ('dennis-perkins', 'rape');
INSERT INTO crime_types (person_id, crime_type) VALUES ('dennis-perkins', 'assault');
INSERT INTO sources (person_id, url) VALUES ('dennis-perkins', 'https://goppredators.wordpress.com/2026/03/13/704-dennis-perkins/');
INSERT OR REPLACE INTO people (id, name, status, level, state, office, crime_description, summary, still_in_office, offense_year, conviction_year, event_date) VALUES ('greg-locke', 'Greg Locke', 'alleged', 'adjacent', 'TN', 'Pastor', 'Domestic Violence', 'Greg Locke is a Trump-loving internet pastor who pulls stunts like berating customer service people in Target over gender neutral bathrooms or having a meltdown because someone donated to Planned Parenthood in his name. Folks might remember him as the pastor who said there were witches in his church', NULL, NULL, NULL, '2016-05-02');
INSERT INTO crime_types (person_id, crime_type) VALUES ('greg-locke', 'domestic-violence');
INSERT INTO sources (person_id, url) VALUES ('greg-locke', 'https://goppredators.wordpress.com/2023/03/25/703-greg-locke/');
INSERT INTO sources (person_id, url) VALUES ('greg-locke', 'https://www.youtube.com/watch?v=Hh4FiHeX-pg');
INSERT INTO sources (person_id, url) VALUES ('greg-locke', 'https://baptistnews.com/article/pastor-greg-locke-is-all-over-the-internet-spreading-conspiracies-heres-why-you-shouldnt-believe-him/');
INSERT INTO sources (person_id, url) VALUES ('greg-locke', 'https://blackchristiannews.com/2018/03/ex-wife-of-popular-christian-internet-pastor-greg-locke-says-he-spit-on-her-and-hit-her-shares-text-messages-he-sent-cursing-her/');
INSERT INTO sources (person_id, url) VALUES ('greg-locke', 'https://friendlyatheist.patheos.com/2018/05/01/pastor-refuses-to-step-down-even-though-his-ex-wife-says-he-abused-her/');
INSERT OR REPLACE INTO people (id, name, status, level, state, office, crime_description, summary, still_in_office, offense_year, conviction_year, event_date) VALUES ('ryan-utterback', 'Ryan Utterback', 'convicted', 'adjacent', 'MO', 'Political Activist', 'Child Molestation, Providing Pornography to Children', 'Ryan Utterback is an anti-gay activist and advocate for banning books. He was featured on rightwing media until he was arrested for distributing pornography to a minor and child molestation.', NULL, NULL, NULL, '2025-05-19');
INSERT INTO crime_types (person_id, crime_type) VALUES ('ryan-utterback', 'child-molestation');
INSERT INTO sources (person_id, url) VALUES ('ryan-utterback', 'https://goppredators.wordpress.com/2023/03/25/702-ryan-utterback/');
INSERT INTO sources (person_id, url) VALUES ('ryan-utterback', 'https://fox4kc.com/news/man-part-of-attempt-to-ban-lgbtq-books-in-school-arrested-on-child-molestation-charges/');
INSERT INTO sources (person_id, url) VALUES ('ryan-utterback', 'https://www.kmbc.com/article/northland-school-book-ban-advocate-ryan-utterback-child-molestation-charge/38927670');
INSERT INTO sources (person_id, url) VALUES ('ryan-utterback', 'https://lawandcrime.com/crime/missouri-man-who-wanted-to-ban-lgbtq-books-is-charged-with-child-molestation/');
INSERT INTO sources (person_id, url) VALUES ('ryan-utterback', 'https://fox4kc.com/news/man-who-tried-to-ban-lgbtq-books-in-nkc-schools-pleads-guilty-to-lesser-charges/');
INSERT OR REPLACE INTO people (id, name, status, level, state, office, crime_description, summary, still_in_office, offense_year, conviction_year, event_date) VALUES ('kristopher-coody', 'Kristopher Coody', 'charged', 'local', 'GA', '', 'Sexual Battery', 'Kristopher Coody is the Sheriff of Bleckley County , Georgia. In January 2022, while attending a Georgia Sheriff''s Association conference, he allegedly groped a woman''s breast without her consent.', NULL, NULL, NULL, NULL);
INSERT INTO crime_types (person_id, crime_type) VALUES ('kristopher-coody', 'rape');
INSERT INTO crime_types (person_id, crime_type) VALUES ('kristopher-coody', 'assault');
INSERT INTO sources (person_id, url) VALUES ('kristopher-coody', 'https://goppredators.wordpress.com/2023/03/25/701-kristopher-coody/');
INSERT INTO sources (person_id, url) VALUES ('kristopher-coody', 'https://communitynotification.com/cap_contact.php?office=55291');
INSERT INTO sources (person_id, url) VALUES ('kristopher-coody', 'https://www.ajc.com/news/breaking-middle-georgia-sheriff-charged-with-sexual-battery-in-cobb/GQ7BTDVEFREVBHA3TVEZGLV2R4/');
INSERT INTO sources (person_id, url) VALUES ('kristopher-coody', 'https://www.11alive.com/article/news/local/kemp-called-upon-to-suspect-georgia-sheriff/85-931ef338-1e9b-4bc7-b08a-032701496971');
INSERT OR REPLACE INTO people (id, name, status, level, state, office, crime_description, summary, still_in_office, offense_year, conviction_year, event_date) VALUES ('garrett-soldano', 'Garrett Soldano', 'alleged', 'state', 'MI', '', 'Rape Culture', 'Garrett Soldano, a candidate in the Michigan Republican primary for governor in 2022, opposes abortion and opposes exceptions for rape or incest. He thinks women who are raped and become pregnant should feel inspired that God put them in that situation.', NULL, NULL, NULL, NULL);
INSERT INTO crime_types (person_id, crime_type) VALUES ('garrett-soldano', 'rape');
INSERT INTO crime_types (person_id, crime_type) VALUES ('garrett-soldano', 'harassment');
INSERT INTO sources (person_id, url) VALUES ('garrett-soldano', 'https://goppredators.wordpress.com/2023/03/25/700-garrett-soldano/');
INSERT INTO sources (person_id, url) VALUES ('garrett-soldano', 'https://talkingpointsmemo.com/morning-memo/gop-candidate-argues-pregnant-rape-survivors-should-be-inspired-by-situation-god-put-them-in');
INSERT INTO sources (person_id, url) VALUES ('garrett-soldano', 'https://www.mlive.com/public-interest/2022/02/garrett-soldano-opposes-abortion-for-rape-victims-says-hell-protect-dna-as-governor.html');
INSERT OR REPLACE INTO people (id, name, status, level, state, office, crime_description, summary, still_in_office, offense_year, conviction_year, event_date) VALUES ('bernie-alimenti', 'Bernie Alimenti', 'convicted', 'local', 'FL', 'City Councilmember', 'Demanding Sex for Influence/Housing', 'Bernie Alimenti was a city councilman in Fort Myers, Florida. He offered to help a woman move from one public housing apartment to another in exchange for sex.', NULL, NULL, NULL, '1996-07-23');
INSERT INTO crime_types (person_id, crime_type) VALUES ('bernie-alimenti', 'other');
INSERT INTO sources (person_id, url) VALUES ('bernie-alimenti', 'https://goppredators.wordpress.com/2023/03/25/699-bernie-alimenti/');
INSERT INTO sources (person_id, url) VALUES ('bernie-alimenti', 'https://www.tampabay.com/archive/1996/04/07/city-council-member-arrested-on-sex-charge/');
INSERT INTO sources (person_id, url) VALUES ('bernie-alimenti', 'https://www.orlandosentinel.com/news/os-xpm-1996-04-07-9604060608-story.html');
INSERT OR REPLACE INTO people (id, name, status, level, state, office, crime_description, summary, still_in_office, offense_year, conviction_year, event_date) VALUES ('jim-maloof', 'Jim Maloof', 'alleged', 'local', 'IL', 'Mayor', 'Sexual Harassment', 'Jim Maloof was the Mayor of Peoria. The city settled a sexual harassment suit after his secretary accused him of unwanted kisses and hugs and of making inappropriately personal lewd comments.', NULL, NULL, NULL, '1997-05-28');
INSERT INTO crime_types (person_id, crime_type) VALUES ('jim-maloof', 'harassment');
INSERT INTO sources (person_id, url) VALUES ('jim-maloof', 'https://goppredators.wordpress.com/2023/03/24/698-jim-maloof/');
INSERT INTO sources (person_id, url) VALUES ('jim-maloof', 'https://www.chicagotribune.com/news/ct-xpm-1997-05-28-9705280271-story.html');
INSERT INTO sources (person_id, url) VALUES ('jim-maloof', 'https://chicagoreader.com/news-politics/exit-laughing/');
INSERT OR REPLACE INTO people (id, name, status, level, state, office, crime_description, summary, still_in_office, offense_year, conviction_year, event_date) VALUES ('fran-coombs', 'Fran Coombs', 'alleged', 'adjacent', 'DC', '', 'Sexual Harassment', 'Fran Coombs was the managing editor of The Washington Times. He and his wife are known for their racist agenda and pushing racism in the Washington Times.', NULL, NULL, NULL, NULL);
INSERT INTO crime_types (person_id, crime_type) VALUES ('fran-coombs', 'harassment');
INSERT INTO sources (person_id, url) VALUES ('fran-coombs', 'https://goppredators.wordpress.com/2023/03/24/697-francis-b-coombs/');
INSERT INTO sources (person_id, url) VALUES ('fran-coombs', 'https://www.splcenter.org/fighting-hate/intelligence-report/2005/washington-times-editor-and-wife-promote-radical-right-agenda');
INSERT INTO sources (person_id, url) VALUES ('fran-coombs', 'https://www.thenation.com/article/archive/hell-times/');
INSERT INTO sources (person_id, url) VALUES ('fran-coombs', 'https://www.huffpost.com/entry/resign-mr-editor_b_30894');
INSERT INTO sources (person_id, url) VALUES ('fran-coombs', 'https://www.huffpost.com/entry/men-without-chests_b_31210');
INSERT OR REPLACE INTO people (id, name, status, level, state, office, crime_description, summary, still_in_office, offense_year, conviction_year, event_date) VALUES ('byron-campbell', 'Byron Campbell', 'alleged', 'adjacent', 'CA', '', 'Sexual Harassment', 'Byron Campbell (CA): Sexual Harassment.', NULL, NULL, NULL, NULL);
INSERT INTO crime_types (person_id, crime_type) VALUES ('byron-campbell', 'harassment');
INSERT INTO sources (person_id, url) VALUES ('byron-campbell', 'https://goppredators.wordpress.com/2026/03/13/696-byron-campbell/');
INSERT OR REPLACE INTO people (id, name, status, level, state, office, crime_description, summary, still_in_office, offense_year, conviction_year, event_date) VALUES ('virgil-hebert', 'Virgil Hebert', 'alleged', 'adjacent', 'OH', '', 'Sexual Contact with Minor', 'Virgil Hebert (OH): Sexual Contact with Minor.', NULL, NULL, NULL, NULL);
INSERT INTO crime_types (person_id, crime_type) VALUES ('virgil-hebert', 'other');
INSERT INTO sources (person_id, url) VALUES ('virgil-hebert', 'https://goppredators.wordpress.com/2026/03/13/695-virgil-hebert/');
INSERT OR REPLACE INTO people (id, name, status, level, state, office, crime_description, summary, still_in_office, offense_year, conviction_year, event_date) VALUES ('joe-dan-dwyer', 'Joe Dan Dwyer', 'alleged', 'adjacent', 'MO', '', 'Sexual Abuse', 'Joe Dan Dwyer (MO): Sexual Abuse.', NULL, NULL, NULL, NULL);
INSERT INTO crime_types (person_id, crime_type) VALUES ('joe-dan-dwyer', 'assault');
INSERT INTO sources (person_id, url) VALUES ('joe-dan-dwyer', 'https://goppredators.wordpress.com/2026/03/13/694-joe-dan-dwyer/');
INSERT OR REPLACE INTO people (id, name, status, level, state, office, crime_description, summary, still_in_office, offense_year, conviction_year, event_date) VALUES ('john-pfannenstiel', 'John Pfannenstiel', 'alleged', 'adjacent', 'KS', '', 'Sexual Abuse', 'John Pfannenstiel (KS): Sexual Abuse.', NULL, NULL, NULL, NULL);
INSERT INTO crime_types (person_id, crime_type) VALUES ('john-pfannenstiel', 'assault');
INSERT INTO sources (person_id, url) VALUES ('john-pfannenstiel', 'https://goppredators.wordpress.com/2026/03/13/693-john-pfannenstiel/');
INSERT OR REPLACE INTO people (id, name, status, level, state, office, crime_description, summary, still_in_office, offense_year, conviction_year, event_date) VALUES ('todd-wayne-mcfarland', 'Todd Wayne McFarland', 'alleged', 'adjacent', 'OK', '', 'Sexual Assault, Battery of a Minor', 'Todd Wayne McFarland (OK): Sexual Assault, Battery of a Minor.', NULL, NULL, NULL, NULL);
INSERT INTO crime_types (person_id, crime_type) VALUES ('todd-wayne-mcfarland', 'assault');
INSERT INTO sources (person_id, url) VALUES ('todd-wayne-mcfarland', 'https://goppredators.wordpress.com/2026/03/13/692-todd-wayne-mcfarland/');
INSERT OR REPLACE INTO people (id, name, status, level, state, office, crime_description, summary, still_in_office, offense_year, conviction_year, event_date) VALUES ('keith-poole', 'Keith Poole', 'alleged', 'adjacent', 'NY', '', 'Enabling, Sexual Harassment, Retaliation', 'Keith Poole was the editor-in-chief of Rupert Murdoch''s poorly-regarded tabloid The New York Post who fired Michelle Gotthelf which she alleged was retaliation for speaking up about the abuse and harassment by former editor-in-chief Col Allan. Gotthelf sued and the Post settled.', NULL, NULL, NULL, NULL);
INSERT INTO crime_types (person_id, crime_type) VALUES ('keith-poole', 'enablement');
INSERT INTO crime_types (person_id, crime_type) VALUES ('keith-poole', 'harassment');
INSERT INTO sources (person_id, url) VALUES ('keith-poole', 'https://goppredators.wordpress.com/2023/03/24/691-keith-poole/');
INSERT INTO sources (person_id, url) VALUES ('keith-poole', 'https://lawandcrime.com/lawsuit/federal-lawsuit-accuses-new-york-post-former-and-current-editors-in-chief-of-sexual-harassment-and-retaliation/');
INSERT INTO sources (person_id, url) VALUES ('keith-poole', 'https://www.nytimes.com/2022/01/18/business/media/ny-post-discrimination-lawsuit.html');
INSERT OR REPLACE INTO people (id, name, status, level, state, office, crime_description, summary, still_in_office, offense_year, conviction_year, event_date) VALUES ('col-allan', 'Col Allan', 'alleged', 'adjacent', 'NY', '', 'Sexual Harassment', 'Col Allan is an Australian "journalist" who was the editor-in-chief of the race-baiting, rightwing Murdoch rag, The New York Post. As you could predict for a Murdoch paper, he pinned the Boston Marathon Bombing on the wrong people putting the pictures of two innocent people on the cover .', NULL, NULL, NULL, '2022-01-19');
INSERT INTO crime_types (person_id, crime_type) VALUES ('col-allan', 'harassment');
INSERT INTO sources (person_id, url) VALUES ('col-allan', 'https://goppredators.wordpress.com/2023/03/24/690-col-allan/');
INSERT INTO sources (person_id, url) VALUES ('col-allan', 'https://www.mediamatters.org/new-york-post/ny-post-settles-lawsuit-over-infamous-boston-bombing-bag-men-cover');
INSERT INTO sources (person_id, url) VALUES ('col-allan', 'https://www.theguardian.com/media/2022/jan/19/former-ny-post-editor-sues-news-corp-and-col-allan-alleging-harassment');
INSERT INTO sources (person_id, url) VALUES ('col-allan', 'https://www.washingtonpost.com/media/2022/01/18/col-allan-murdoch-harassment-gotthelf-lawsuit-new-york-post/');
INSERT INTO sources (person_id, url) VALUES ('col-allan', 'https://www.reuters.com/legal/transactional/ex-ny-post-editor-settles-lawsuit-over-firing-after-harassment-complaint-2022-04-26/');
INSERT OR REPLACE INTO people (id, name, status, level, state, office, crime_description, summary, still_in_office, offense_year, conviction_year, event_date) VALUES ('jim-rostberg', 'Jim Rostberg', 'charged', 'state', 'MN', 'State Representative', 'Criminal Sexual Misconduct', 'Jim Rostberg was a Minnesota state representative. In 2000, he was arrested and charged with three counts of criminal sexual conduct.', NULL, NULL, NULL, '2000-03-03');
INSERT INTO crime_types (person_id, crime_type) VALUES ('jim-rostberg', 'other');
INSERT INTO sources (person_id, url) VALUES ('jim-rostberg', 'https://goppredators.wordpress.com/2023/03/24/689-jim-rostberg/');
INSERT INTO sources (person_id, url) VALUES ('jim-rostberg', 'http://news.minnesota.publicradio.org/features/200003/03_mulcahym_rostberg/index.shtml');
INSERT OR REPLACE INTO people (id, name, status, level, state, office, crime_description, summary, still_in_office, offense_year, conviction_year, event_date) VALUES ('garabed-8220-chuck-8221-haytaian', 'Garabed &#8220;Chuck&#8221; Haytaian', 'alleged', 'adjacent', 'NJ', '', 'Sexual Assault', 'Garabed "Chuck" Haytaian was the Speaker of the New Jersey Assembly. He was accused of sexual harassment by a Republican staffer who worked as his assistant.', NULL, NULL, NULL, '1997-07-10');
INSERT INTO crime_types (person_id, crime_type) VALUES ('garabed-8220-chuck-8221-haytaian', 'assault');
INSERT INTO sources (person_id, url) VALUES ('garabed-8220-chuck-8221-haytaian', 'https://goppredators.wordpress.com/2023/03/24/688-garabed-haytaian/');
INSERT INTO sources (person_id, url) VALUES ('garabed-8220-chuck-8221-haytaian', 'https://www.nytimes.com/1996/01/05/nyregion/haytaian-is-accused-of-harassment.html');
INSERT INTO sources (person_id, url) VALUES ('garabed-8220-chuck-8221-haytaian', 'https://law.justia.com/cases/new-jersey/appellate-division-published/1996/a5210-95-opn.html');
INSERT OR REPLACE INTO people (id, name, status, level, state, office, crime_description, summary, still_in_office, offense_year, conviction_year, event_date) VALUES ('john-diehl', 'John Diehl', 'alleged', 'federal', 'MO', '', 'Sexual Harassment', 'John Diehl was Speaker of the House in the Missouri state legislature. He resigned in 2015 after it was revealed he had an intimate relationship with a 19-year-old college student serving as an intern at the state Capitol.', NULL, NULL, NULL, '2015-05-14');
INSERT INTO crime_types (person_id, crime_type) VALUES ('john-diehl', 'harassment');
INSERT INTO sources (person_id, url) VALUES ('john-diehl', 'https://goppredators.wordpress.com/2023/03/24/687-john-diehl/');
INSERT INTO sources (person_id, url) VALUES ('john-diehl', 'https://www.nbcnews.com/news/us-news/missouri-house-speaker-diehl-resigning-after-texts-intern-n359246');
INSERT INTO sources (person_id, url) VALUES ('john-diehl', 'https://people.com/celebrity/john-diehl-missouri-house-speaker-resigns-after-affair-with-19-year-old-intern/');
INSERT OR REPLACE INTO people (id, name, status, level, state, office, crime_description, summary, still_in_office, offense_year, conviction_year, event_date) VALUES ('gerald-8216-ajax-8217-ackerman', 'Gerald &#8216;Ajax&#8217; Ackerman', 'alleged', 'adjacent', 'MI', '', 'Sexual contact with minors', 'Gerald &#8216;Ajax&#8217; Ackerman (MI): Sexual contact with minors.', NULL, NULL, NULL, NULL);
INSERT INTO crime_types (person_id, crime_type) VALUES ('gerald-8216-ajax-8217-ackerman', 'other');
INSERT INTO sources (person_id, url) VALUES ('gerald-8216-ajax-8217-ackerman', 'https://goppredators.wordpress.com/2026/03/13/686-gerald-8216-ajax-8217-ackerman/');
INSERT OR REPLACE INTO people (id, name, status, level, state, office, crime_description, summary, still_in_office, offense_year, conviction_year, event_date) VALUES ('edward-burgess', 'Edward Burgess', 'charged', 'adjacent', 'OH', 'City Councilmember', 'Felony Gross Imposition of a Minor', 'Edward Burgess was a city councilman in Carlisle, Ohio. He was also president at the Lions Club where he fondled a child.', NULL, NULL, NULL, '2007-01-04');
INSERT INTO crime_types (person_id, crime_type) VALUES ('edward-burgess', 'other');
INSERT INTO sources (person_id, url) VALUES ('edward-burgess', 'https://goppredators.wordpress.com/2023/03/22/685-edward-burgess/');
INSERT INTO sources (person_id, url) VALUES ('edward-burgess', 'https://www.fox19.com/story/5307800/former-councilman-indicted-for-sex-charges/');
INSERT OR REPLACE INTO people (id, name, status, level, state, office, crime_description, summary, still_in_office, offense_year, conviction_year, event_date) VALUES ('gary-hansen', 'Gary Hansen', 'convicted', 'local', 'IA', 'City Councilmember', 'Child Sexual Abuse', 'Gary Lee Hansen served on the Sac City City Council until 2015. In 2017, he was charged with sexually abusing a six-year-old child.', NULL, NULL, NULL, NULL);
INSERT INTO crime_types (person_id, crime_type) VALUES ('gary-hansen', 'assault');
INSERT INTO sources (person_id, url) VALUES ('gary-hansen', 'https://goppredators.wordpress.com/2023/03/22/684-gary-lee-hansen/');
INSERT INTO sources (person_id, url) VALUES ('gary-hansen', 'https://www.siouxlandproud.com/news/local-news/former-sac-city-councilman-arrested-for-sexual-abuse/');
INSERT INTO sources (person_id, url) VALUES ('gary-hansen', 'https://kicdam.com/news/170071-ex-sac-city-councilman-arrested-for-sexual-abuse/');
INSERT INTO sources (person_id, url) VALUES ('gary-hansen', 'https://www.iowasexoffender.gov/registrant/23455/GARY-HANSEN-IOWA/?county=881&amp;type=advanced');
INSERT OR REPLACE INTO people (id, name, status, level, state, office, crime_description, summary, still_in_office, offense_year, conviction_year, event_date) VALUES ('james-zedaker', 'James Zedaker', 'alleged', 'adjacent', 'FL', '', 'Sexual Misconduct', 'James Zedaker (FL): Sexual Misconduct.', NULL, NULL, NULL, NULL);
INSERT INTO crime_types (person_id, crime_type) VALUES ('james-zedaker', 'other');
INSERT INTO sources (person_id, url) VALUES ('james-zedaker', 'https://goppredators.wordpress.com/2026/03/13/683-james-zedaker/');
INSERT OR REPLACE INTO people (id, name, status, level, state, office, crime_description, summary, still_in_office, offense_year, conviction_year, event_date) VALUES ('eric-feltner', 'Eric Feltner', 'alleged', 'adjacent', 'MO', '', 'Showed Pornography to a Minor', 'Eric Feltner (MO): Showed Pornography to a Minor.', NULL, NULL, NULL, NULL);
INSERT INTO crime_types (person_id, crime_type) VALUES ('eric-feltner', 'other');
INSERT INTO sources (person_id, url) VALUES ('eric-feltner', 'https://goppredators.wordpress.com/2026/03/13/682-eric-feltner/');
INSERT OR REPLACE INTO people (id, name, status, level, state, office, crime_description, summary, still_in_office, offense_year, conviction_year, event_date) VALUES ('robert-r-groezinger', 'Robert R Groezinger', 'alleged', 'adjacent', 'NY', '', 'Child Sexual Abuse Material', 'Robert R Groezinger (NY): Child Sexual Abuse Material.', NULL, NULL, NULL, NULL);
INSERT INTO crime_types (person_id, crime_type) VALUES ('robert-r-groezinger', 'csam');
INSERT INTO crime_types (person_id, crime_type) VALUES ('robert-r-groezinger', 'assault');
INSERT INTO sources (person_id, url) VALUES ('robert-r-groezinger', 'https://goppredators.wordpress.com/2026/03/13/681-robert-r-groezinger/');
INSERT OR REPLACE INTO people (id, name, status, level, state, office, crime_description, summary, still_in_office, offense_year, conviction_year, event_date) VALUES ('george-christian-ortloff', 'George Christian Ortloff', 'alleged', 'adjacent', 'NY', '', 'Soliciting a Minor', 'George Christian Ortloff (NY): Soliciting a Minor.', NULL, NULL, NULL, NULL);
INSERT INTO crime_types (person_id, crime_type) VALUES ('george-christian-ortloff', 'solicitation');
INSERT INTO sources (person_id, url) VALUES ('george-christian-ortloff', 'https://goppredators.wordpress.com/2026/03/13/680-george-christian-ortloff/');
INSERT OR REPLACE INTO people (id, name, status, level, state, office, crime_description, summary, still_in_office, offense_year, conviction_year, event_date) VALUES ('royce-m-fessenden', 'Royce M. Fessenden', 'alleged', 'adjacent', 'MO', '', 'Child Molestation', 'Royce M. Fessenden (MO): Child Molestation.', NULL, NULL, NULL, NULL);
INSERT INTO crime_types (person_id, crime_type) VALUES ('royce-m-fessenden', 'child-molestation');
INSERT INTO sources (person_id, url) VALUES ('royce-m-fessenden', 'https://goppredators.wordpress.com/2026/03/13/679-royce-m-fessenden/');
INSERT OR REPLACE INTO people (id, name, status, level, state, office, crime_description, summary, still_in_office, offense_year, conviction_year, event_date) VALUES ('aaron-bruns', 'Aaron Bruns', 'alleged', 'adjacent', 'DC', '', 'Child Sexual Abuse Material', 'Aaron Bruns (DC): Child Sexual Abuse Material.', NULL, NULL, NULL, NULL);
INSERT INTO crime_types (person_id, crime_type) VALUES ('aaron-bruns', 'csam');
INSERT INTO crime_types (person_id, crime_type) VALUES ('aaron-bruns', 'assault');
INSERT INTO sources (person_id, url) VALUES ('aaron-bruns', 'https://goppredators.wordpress.com/2026/03/13/678-aaron-bruns/');
INSERT OR REPLACE INTO people (id, name, status, level, state, office, crime_description, summary, still_in_office, offense_year, conviction_year, event_date) VALUES ('marty-glickman', 'Marty Glickman', 'alleged', 'adjacent', 'FL', '', 'Sexual Contact with Minor', 'Marty Glickman (FL): Sexual Contact with Minor.', NULL, NULL, NULL, NULL);
INSERT INTO crime_types (person_id, crime_type) VALUES ('marty-glickman', 'other');
INSERT INTO sources (person_id, url) VALUES ('marty-glickman', 'https://goppredators.wordpress.com/2026/03/13/677-marty-glickman/');
INSERT OR REPLACE INTO people (id, name, status, level, state, office, crime_description, summary, still_in_office, offense_year, conviction_year, event_date) VALUES ('robert-adrian', 'Robert Adrian', 'alleged', 'adjacent', 'IL', '', 'Pro-rape judge', 'Robert Adrian (IL): Pro-rape judge.', NULL, NULL, NULL, NULL);
INSERT INTO crime_types (person_id, crime_type) VALUES ('robert-adrian', 'rape');
INSERT INTO sources (person_id, url) VALUES ('robert-adrian', 'https://goppredators.wordpress.com/2026/03/13/676-robert-adrian/');
INSERT OR REPLACE INTO people (id, name, status, level, state, office, crime_description, summary, still_in_office, offense_year, conviction_year, event_date) VALUES ('april-grace', 'April Grace', 'alleged', 'adjacent', 'OK', '', 'Cover-Up', 'April Grace (OK): Cover-Up.', NULL, NULL, NULL, NULL);
INSERT INTO crime_types (person_id, crime_type) VALUES ('april-grace', 'enablement');
INSERT INTO crime_types (person_id, crime_type) VALUES ('april-grace', 'organizational-coverup');
INSERT INTO sources (person_id, url) VALUES ('april-grace', 'https://goppredators.wordpress.com/2026/03/13/675-april-grace/');
INSERT OR REPLACE INTO people (id, name, status, level, state, office, crime_description, summary, still_in_office, offense_year, conviction_year, event_date) VALUES ('alex-barron', 'Alex Barron', 'alleged', 'adjacent', 'ID', '', 'Rape &amp; Sexual Abuse of a Minor', 'Alex Barron (ID): Rape &amp; Sexual Abuse of a Minor.', NULL, NULL, NULL, NULL);
INSERT INTO crime_types (person_id, crime_type) VALUES ('alex-barron', 'rape');
INSERT INTO crime_types (person_id, crime_type) VALUES ('alex-barron', 'assault');
INSERT INTO sources (person_id, url) VALUES ('alex-barron', 'https://goppredators.wordpress.com/2026/03/13/674-alex-barron/');
INSERT OR REPLACE INTO people (id, name, status, level, state, office, crime_description, summary, still_in_office, offense_year, conviction_year, event_date) VALUES ('lee-chatfield', 'Lee Chatfield', 'alleged', 'state', 'MI', 'State Representative', 'Child Molestation', 'Lee Chatfield is a former state representative in Michigan. He was Speaker of the Michigan House from 2019-2021 and was one of the legislators who met with Donald Trump after the election, though in the end he did not advocate trying to overturn the state results.', NULL, NULL, NULL, NULL);
INSERT INTO crime_types (person_id, crime_type) VALUES ('lee-chatfield', 'child-molestation');
INSERT INTO sources (person_id, url) VALUES ('lee-chatfield', 'https://goppredators.wordpress.com/2023/03/21/673-lee-chatfield/');
INSERT INTO sources (person_id, url) VALUES ('lee-chatfield', 'https://michiganadvance.com/2022/01/10/details-surface-of-former-speaker-chatfields-alleged-sexual-abuse-of-sister-in-law/');
INSERT INTO sources (person_id, url) VALUES ('lee-chatfield', 'https://www.wxyz.com/news/speaking-with-a-voice-from-inside-the-cult-like-school-where-lee-chatfield-is-accused-of-rape');
INSERT INTO sources (person_id, url) VALUES ('lee-chatfield', 'https://www.bridgemi.com/children-families/sister-law-ex-mi-house-speaker-lee-chatfield-sexually-assaulted-me-teen');
INSERT OR REPLACE INTO people (id, name, status, level, state, office, crime_description, summary, still_in_office, offense_year, conviction_year, event_date) VALUES ('david-smock', 'David Smock', 'charged', 'state', 'MO', '', 'Child Molestation', 'David Smock served as the doctor at Agape, a Christian boarding school for unruly boys in Missouri. Agape has become notorious for allegations of abuse and trafficking.', NULL, NULL, NULL, '2022-04-10');
INSERT INTO crime_types (person_id, crime_type) VALUES ('david-smock', 'child-molestation');
INSERT INTO sources (person_id, url) VALUES ('david-smock', 'https://goppredators.wordpress.com/2023/03/21/672-david-smock/');
INSERT INTO sources (person_id, url) VALUES ('david-smock', 'https://ministrywatch.com/missouri-officials-cracking-down-on-abusive-unregulated-christian-boarding-schools/');
INSERT INTO sources (person_id, url) VALUES ('david-smock', 'https://missouriindependent.com/2021/10/20/after-negotiating-to-revise-new-missouri-law-christian-boarding-school-sues-to-block-it/');
INSERT INTO sources (person_id, url) VALUES ('david-smock', 'https://www.thedailybeast.com/david-smock-fugitive-doctor-at-agape-boarding-school-in-missouri-arrested-for-sexually-assaulting-students');
INSERT INTO sources (person_id, url) VALUES ('david-smock', 'https://www.ky3.com/2021/12/29/greene-countys-prosecutor-addresses-arrest-stockton-mo-doctor-wanted-sex-crimes/');
INSERT INTO sources (person_id, url) VALUES ('david-smock', 'https://www.news-leader.com/story/news/local/ozarks/2022/03/08/agape-boarding-school-dr-david-smock-pleads-not-guilty-felony-child-sex-crime-charges/9408975002/');
INSERT OR REPLACE INTO people (id, name, status, level, state, office, crime_description, summary, still_in_office, offense_year, conviction_year, event_date) VALUES ('john-robert-griffin', 'John Robert Griffin', 'convicted', 'adjacent', 'FL', 'Pastor', 'Child Sexual Abuse Material', 'John Robert Griffin was a pastor at Riverbend Community Church in Ormond Beach, Florida. He also was a professor at Embry-Riddle Aeronautical University in Daytona Beach.', NULL, NULL, NULL, NULL);
INSERT INTO crime_types (person_id, crime_type) VALUES ('john-robert-griffin', 'csam');
INSERT INTO crime_types (person_id, crime_type) VALUES ('john-robert-griffin', 'assault');
INSERT INTO sources (person_id, url) VALUES ('john-robert-griffin', 'https://goppredators.wordpress.com/2023/03/21/671-john-robert-griffin/');
INSERT INTO sources (person_id, url) VALUES ('john-robert-griffin', 'https://www.infosecurity-magazine.com/news/pastor-charged-with-sharing-csam/');
INSERT INTO sources (person_id, url) VALUES ('john-robert-griffin', 'https://www.news-journalonline.com/story/news/courts/2021/08/16/former-erau-professor-pastor-sentenced-20-years-child-porn-case-john-robert-griffin-daytona-beach/8151819002/');
INSERT INTO sources (person_id, url) VALUES ('john-robert-griffin', 'https://www.clickorlando.com/news/local/2021/08/16/former-volusia-pastor-sentenced-to-20-years-in-prison-after-pleading-no-contest-to-child-porn-possession/');
INSERT INTO sources (person_id, url) VALUES ('john-robert-griffin', 'https://www.codb.us/CivicAlerts.aspx?AID=1028&amp;ARC=2287');
INSERT OR REPLACE INTO people (id, name, status, level, state, office, crime_description, summary, still_in_office, offense_year, conviction_year, event_date) VALUES ('william-dalton-milam', 'William Dalton Milam', 'charged', 'adjacent', 'FL', 'Pastor', 'Child Sexual Abuse Material', 'William Dalton Milam was a preacher who became known as an outspoken advocate for "dry" Sundays and opposed local ordinances that would allow Sunday sales of alcohol. His last sermon at Olivet Baptist Church in Milton, Florida, was against alcohol.', NULL, NULL, NULL, '2020-12-16');
INSERT INTO crime_types (person_id, crime_type) VALUES ('william-dalton-milam', 'csam');
INSERT INTO crime_types (person_id, crime_type) VALUES ('william-dalton-milam', 'assault');
INSERT INTO sources (person_id, url) VALUES ('william-dalton-milam', 'https://goppredators.wordpress.com/2023/03/21/670-william-dalton-milam/');
INSERT INTO sources (person_id, url) VALUES ('william-dalton-milam', 'https://www.tampabay.com/news/crime/2020/12/15/florida-pastor-who-fought-alcohol-sales-on-sundays-is-charged-with-child-porn/');
INSERT INTO sources (person_id, url) VALUES ('william-dalton-milam', 'https://www.baptistpress.com/resource-library/news/florida-church-fires-pastor-jailed-on-child-pornography-charges/');
INSERT INTO sources (person_id, url) VALUES ('william-dalton-milam', 'https://www.fdle.state.fl.us/News/2020/December/FDLE-arrests-Milton-man-for-child-pornography');
INSERT OR REPLACE INTO people (id, name, status, level, state, office, crime_description, summary, still_in_office, offense_year, conviction_year, event_date) VALUES ('jim-watkins', 'Jim Watkins', 'alleged', 'adjacent', 'PH', '', 'Hosting Child Sexual Abuse Material', 'Jim Watkins is the owner of 8chan, 8kun, and 5channel. He is a conspiracy theorist and the host of QAnon, the locus of conspiracies about politicians, pedophilia, and drinking blood and adrenochrome.', NULL, NULL, NULL, NULL);
INSERT INTO crime_types (person_id, crime_type) VALUES ('jim-watkins', 'csam');
INSERT INTO crime_types (person_id, crime_type) VALUES ('jim-watkins', 'assault');
INSERT INTO sources (person_id, url) VALUES ('jim-watkins', 'https://goppredators.wordpress.com/2023/03/21/669-jim-watkins/');
INSERT INTO sources (person_id, url) VALUES ('jim-watkins', 'https://www.motherjones.com/politics/2020/10/jim-watkins-child-pornography-domains/');
INSERT INTO sources (person_id, url) VALUES ('jim-watkins', 'https://www.primetimer.com/item/Q-Into-The-Storm-goes-easy-on-a-guy-profiting-off-child-porn-RBS3ww');
INSERT OR REPLACE INTO people (id, name, status, level, state, office, crime_description, summary, still_in_office, offense_year, conviction_year, event_date) VALUES ('felicia-killings', 'Felicia Killings', 'convicted', 'adjacent', 'CA', 'Judge', 'Rape of Minor', 'Felicia Killings is the founder and CEO of the Conscious Conservative Movement and Media Network. As a Black woman, her focus is on expanding the reach of Republicans into the Black community.', NULL, NULL, 2012, '2012-01-06');
INSERT INTO crime_types (person_id, crime_type) VALUES ('felicia-killings', 'rape');
INSERT INTO sources (person_id, url) VALUES ('felicia-killings', 'https://goppredators.wordpress.com/2023/03/21/668-felicia-killings/');
INSERT INTO sources (person_id, url) VALUES ('felicia-killings', 'https://www.thereporter.com/2011/09/14/judge-teacher-to-stand-trial-on-felony-rape-charges-in-solano-county/');
INSERT INTO sources (person_id, url) VALUES ('felicia-killings', 'https://www.mercurynews.com/2012/01/05/former-solano-county-teacher-sentenced-for-sexual-misconduct-with-student/?share=facebook&amp;nb=1');
INSERT OR REPLACE INTO people (id, name, status, level, state, office, crime_description, summary, still_in_office, offense_year, conviction_year, event_date) VALUES ('michael-brian-protzman', 'Michael Brian Protzman', 'charged', 'adjacent', 'WA', '', 'Domestic Violence', 'Michael Brian Protzman is the Q-Anon leader who organized the rallies to welcome the very-dead JFK, Jr. when he came out of hiding to lead them and become Trump''s vice-president, etc.', NULL, NULL, NULL, '2021-11-24');
INSERT INTO crime_types (person_id, crime_type) VALUES ('michael-brian-protzman', 'domestic-violence');
INSERT INTO sources (person_id, url) VALUES ('michael-brian-protzman', 'https://goppredators.wordpress.com/2023/03/21/667-michael-brian-protzman/');
INSERT INTO sources (person_id, url) VALUES ('michael-brian-protzman', 'https://www.motherjones.com/politics/2021/11/michael-brian-protzman-domestic-violence-jfk-junior-dallas/');
INSERT INTO sources (person_id, url) VALUES ('michael-brian-protzman', 'https://noturtlesoup17.substack.com/p/court-records-show-history-of-violence');
INSERT INTO sources (person_id, url) VALUES ('michael-brian-protzman', 'https://noturtlesoup17.substack.com/api/v1/file/10c6a4f8-e27f-4043-9695-aaa3d92a3c51.pdf');
INSERT OR REPLACE INTO people (id, name, status, level, state, office, crime_description, summary, still_in_office, offense_year, conviction_year, event_date) VALUES ('matthew-smith', 'Matthew Smith', 'convicted', 'adjacent', 'MI', '', 'Menacing', 'Matthew Smith was the Chair of the Genesee County Republicans. He made a threatening phone call to a Democratic county employee named Jennifer Kelly.', NULL, NULL, NULL, NULL);
INSERT INTO crime_types (person_id, crime_type) VALUES ('matthew-smith', 'other');
INSERT INTO sources (person_id, url) VALUES ('matthew-smith', 'https://goppredators.wordpress.com/2023/03/20/666-matthew-smith/');
INSERT INTO sources (person_id, url) VALUES ('matthew-smith', 'https://www.cbsnews.com/detroit/news/genesee-county-republican-party-chairman-pleads-guilty-to-harassing-call/');
INSERT INTO sources (person_id, url) VALUES ('matthew-smith', 'https://www.mlive.com/news/flint/2022/01/genesee-county-gop-chairman-sentenced-to-probation-for-harassing-phone-call.html');
INSERT INTO sources (person_id, url) VALUES ('matthew-smith', 'https://www.cbsnews.com/cwdetroit');
INSERT INTO sources (person_id, url) VALUES ('matthew-smith', 'https://midmichigannow.com/news/local/genesee-county-gop-chair-matthew-smith-not-convicted-of-crime-after-guilty-plea#:~:text=Genesee%20County%20GOP%20Chair%20Matthew%20Smith%20sentenced%20to%20community%20service%20under%20guilty%20plea,-by%20Caleb%20Holloway&amp;text=Judge%20Crawford%20has%20accepted%20Matthew,malicious%20use%20of%20telecommunication%20services.');
INSERT OR REPLACE INTO people (id, name, status, level, state, office, crime_description, summary, still_in_office, offense_year, conviction_year, event_date) VALUES ('heather-locklear', 'Heather Locklear', 'charged', 'adjacent', 'CA', 'Police Officer', 'Battery, Domestic Violence', 'Heather Locklear is a famous actress who volunteered for Bush''s presidential campaign. A Republican, she has not been as outspoken in recent years.', NULL, NULL, NULL, '2018-02-27');
INSERT INTO crime_types (person_id, crime_type) VALUES ('heather-locklear', 'domestic-violence');
INSERT INTO sources (person_id, url) VALUES ('heather-locklear', 'https://goppredators.wordpress.com/2023/03/20/665-heather-locklear/');
INSERT INTO sources (person_id, url) VALUES ('heather-locklear', 'https://deadline.com/2019/08/heather-locklear-sentenced-30-days-in-mental-facility-1202303246/');
INSERT INTO sources (person_id, url) VALUES ('heather-locklear', 'https://people.com/tv/heather-locklear-charged-battery-police-officer/');
INSERT OR REPLACE INTO people (id, name, status, level, state, office, crime_description, summary, still_in_office, offense_year, conviction_year, event_date) VALUES ('shae-sortwell', 'Shae Sortwell', 'alleged', 'state', 'WI', '', 'Child Abuse', 'Shae Sortwell is a Wisconsin state legislator whom state police referred for child abuse prosecution. The child had such significant bruises that a relative contacted police.', NULL, NULL, NULL, '2021-11-03');
INSERT INTO crime_types (person_id, crime_type) VALUES ('shae-sortwell', 'other');
INSERT INTO sources (person_id, url) VALUES ('shae-sortwell', 'https://goppredators.wordpress.com/2023/03/20/664-shae-sortwell/');
INSERT INTO sources (person_id, url) VALUES ('shae-sortwell', 'https://www.greenbaypressgazette.com/story/news/2021/11/04/what-we-know-wisconsin-lawmaker-shae-sortwell-referred-child-abuse/6248534001/');
INSERT INTO sources (person_id, url) VALUES ('shae-sortwell', 'https://www.newsweek.com/gop-representative-was-investigated-2013-child-abuse-no-charges-were-filed-1645281');
INSERT OR REPLACE INTO people (id, name, status, level, state, office, crime_description, summary, still_in_office, offense_year, conviction_year, event_date) VALUES ('ed-reinhardt', 'Ed Reinhardt', 'alleged', 'local', 'LA', 'Mayor', 'Sexual Harassment', 'Ed Reinhardt was the mayor of Lockport, Louisiana. He resigned after his constant sexual harassment of a city employee was investigated by the town attorney.', NULL, NULL, NULL, NULL);
INSERT INTO crime_types (person_id, crime_type) VALUES ('ed-reinhardt', 'harassment');
INSERT INTO sources (person_id, url) VALUES ('ed-reinhardt', 'https://goppredators.wordpress.com/2023/03/20/663-ed-reinhardt/');
INSERT INTO sources (person_id, url) VALUES ('ed-reinhardt', 'https://www.houmatoday.com/story/news/2021/11/19/town-attorneys-report-details-sexual-harassment-allegations-led-lockport-mayors-resignation/8677387002/');
INSERT INTO sources (person_id, url) VALUES ('ed-reinhardt', 'https://www.dailycomet.com/story/news/2022/08/04/ex-lockport-mayor-can-run-election-old-job-appeals-court-rules/10234136002/');
INSERT INTO sources (person_id, url) VALUES ('ed-reinhardt', 'https://www.fox8live.com/authors/fox8-staff/');
INSERT INTO sources (person_id, url) VALUES ('ed-reinhardt', 'https://www.houmatoday.com/story/news/local/2020/10/21/q-a-lockport-mayor-faces-challenger-nov-3-election/3703792001/');
INSERT OR REPLACE INTO people (id, name, status, level, state, office, crime_description, summary, still_in_office, offense_year, conviction_year, event_date) VALUES ('brian-mackenzie', 'Brian Mackenzie', 'convicted', 'adjacent', 'CO', 'City Councilmember', 'Attempted Child Molestation', 'Brian Mackenzie was an anti-tax conservative city councilor in Craig, Colorado. He was caught in an internet sting, trying to meet up with a supposed 14-year-old girl who was actually a law enforcement officer.', NULL, NULL, NULL, '2019-10-17');
INSERT INTO crime_types (person_id, crime_type) VALUES ('brian-mackenzie', 'child-molestation');
INSERT INTO sources (person_id, url) VALUES ('brian-mackenzie', 'https://goppredators.wordpress.com/2023/03/20/662-brian-mackenzie/');
INSERT INTO sources (person_id, url) VALUES ('brian-mackenzie', 'https://www.9news.com/article/news/crime/former-craig-city-councilor-10-years-colorado-sex-offender-program/73-3a4dbefd-fdb2-4612-89af-a54aac114c37');
INSERT INTO sources (person_id, url) VALUES ('brian-mackenzie', 'https://apnews.com/article/arrests-colorado-sexual-assault-5801aa6fcaa65bc80aaed58597449973');
INSERT OR REPLACE INTO people (id, name, status, level, state, office, crime_description, summary, still_in_office, offense_year, conviction_year, event_date) VALUES ('andrew-bradshaw', 'Andrew Bradshaw', 'convicted', 'state', 'MD', 'Mayor', 'Nonconsensual Dissemination of Sexual Images', 'Andrew Bradshaw was the mayor of Cambridge, Maryland and a former aide to Governor Larry Hogan. After a woman ended an intimate relationship with him, he posted sexually explicit pictures of her with sexual, offensive, and racist captions on Reddit, dozens of times.', NULL, NULL, NULL, '2021-11-26');
INSERT INTO crime_types (person_id, crime_type) VALUES ('andrew-bradshaw', 'other');
INSERT INTO sources (person_id, url) VALUES ('andrew-bradshaw', 'https://goppredators.wordpress.com/2023/03/20/661-andrew-bradshaw/');
INSERT INTO sources (person_id, url) VALUES ('andrew-bradshaw', 'https://www.wmdt.com/2022/04/attorneys-react-to-plea-deal-in-fmr-mayors-revenge-porn-case/');
INSERT INTO sources (person_id, url) VALUES ('andrew-bradshaw', 'https://www.nbcnews.com/news/us-news/maryland-mayor-charged-50-counts-distributing-revenge-porn-rcna5645');
INSERT INTO sources (person_id, url) VALUES ('andrew-bradshaw', 'https://osp.maryland.gov/wp-content/uploads/sites/5/2021/11/Bradshaw-Redacted-CI.pdf');
INSERT OR REPLACE INTO people (id, name, status, level, state, office, crime_description, summary, still_in_office, offense_year, conviction_year, event_date) VALUES ('t-denny-sanford', 'T. Denny Sanford', 'alleged', 'state', 'SD', '', 'Child Sexual Abuse Material', 'T. Denny Sanford is a GOP mega-donor, giving a million to Americans for Prosperity, the anti-tax group, and ten thousand here and twenty-five thousand there.', NULL, NULL, NULL, '2022-07-17');
INSERT INTO crime_types (person_id, crime_type) VALUES ('t-denny-sanford', 'csam');
INSERT INTO crime_types (person_id, crime_type) VALUES ('t-denny-sanford', 'assault');
INSERT INTO sources (person_id, url) VALUES ('t-denny-sanford', 'https://goppredators.wordpress.com/2023/03/20/660-t-denny-sanford/');
INSERT INTO sources (person_id, url) VALUES ('t-denny-sanford', 'https://www.argusleader.com/story/news/2021/11/17/t-denny-sanford-implicated-individual-criminal-investigation-south-dakota-supreme-court/8650803002/');
INSERT INTO sources (person_id, url) VALUES ('t-denny-sanford', 'https://www.propublica.org/article/denny-sanford-child-porn-no-charges');
INSERT INTO sources (person_id, url) VALUES ('t-denny-sanford', 'https://www.dakotanewsnow.com/2023/04/27/breaking-search-warrants-t-denny-sanford-child-porn-investigation-unsealed');
INSERT OR REPLACE INTO people (id, name, status, level, state, office, crime_description, summary, still_in_office, offense_year, conviction_year, event_date) VALUES ('ronald-ilg', 'Ronald Ilg', 'convicted', 'state', 'WA', '', 'Rape, Torture, Enslavement', 'John Bizon is a doctor who served as President of the Michigan State Medical Society. He was elected to the Michigan House of Representatives and served two terms before running for Michigan State Senate in 2018.', NULL, NULL, 2022, NULL);
INSERT INTO crime_types (person_id, crime_type) VALUES ('ronald-ilg', 'rape');
INSERT INTO sources (person_id, url) VALUES ('ronald-ilg', 'https://goppredators.wordpress.com/2023/03/20/659-john-bizon/');
INSERT INTO sources (person_id, url) VALUES ('ronald-ilg', 'https://www.lansingstatejournal.com/story/news/2021/11/15/mi-sen-john-bizon-facing-assault-charges-after-incident-nurse/6344182001/');
INSERT INTO sources (person_id, url) VALUES ('ronald-ilg', 'https://www.battlecreekenquirer.com/story/news/2022/03/24/michigan-sen-john-bizon-receives-probation-fine-after-touching-nurse/7151153001/');
INSERT OR REPLACE INTO people (id, name, status, level, state, office, crime_description, summary, still_in_office, offense_year, conviction_year, event_date) VALUES ('john-bizon', 'John Bizon', 'alleged', 'adjacent', 'MI', '', 'Assault', 'John Bizon (MI): Assault.', NULL, NULL, NULL, NULL);
INSERT INTO crime_types (person_id, crime_type) VALUES ('john-bizon', 'other');
INSERT INTO sources (person_id, url) VALUES ('john-bizon', 'https://goppredators.wordpress.com/2026/03/13/658-john-bizon/');
INSERT OR REPLACE INTO people (id, name, status, level, state, office, crime_description, summary, still_in_office, offense_year, conviction_year, event_date) VALUES ('monica-de-la-cruz', 'Monica de la Cruz', 'alleged', 'adjacent', 'TX', '', 'Child Abuse', 'Monica de la Cruz (TX): Child Abuse.', NULL, NULL, NULL, NULL);
INSERT INTO crime_types (person_id, crime_type) VALUES ('monica-de-la-cruz', 'other');
INSERT INTO sources (person_id, url) VALUES ('monica-de-la-cruz', 'https://goppredators.wordpress.com/2026/03/13/657-monica-de-la-cruz/');
INSERT OR REPLACE INTO people (id, name, status, level, state, office, crime_description, summary, still_in_office, offense_year, conviction_year, event_date) VALUES ('james-jackson', 'James Jackson', 'convicted', 'adjacent', 'RI', '', 'Child Sexual Abuse Material', 'James Jackson is a priest at St. Mary''s Catholic Parish in Providence, Rhode Island.', NULL, NULL, NULL, '2021-11-06');
INSERT INTO crime_types (person_id, crime_type) VALUES ('james-jackson', 'csam');
INSERT INTO crime_types (person_id, crime_type) VALUES ('james-jackson', 'assault');
INSERT INTO sources (person_id, url) VALUES ('james-jackson', 'https://goppredators.wordpress.com/2023/03/19/656-james-jackson/');
INSERT INTO sources (person_id, url) VALUES ('james-jackson', 'https://www.justice.gov/usao-ri/pr/rhode-island-priest-appears-federal-court-charges-distributing-receiving-child');
INSERT INTO sources (person_id, url) VALUES ('james-jackson', 'https://www.catholicnewsagency.com/news/252455/details-emerge-over-father-james-jacksons-alleged-pre-trial-release-violations');
INSERT INTO sources (person_id, url) VALUES ('james-jackson', 'https://www.providencejournal.com/story/news/courts/2022/11/17/ri-judge-refuses-to-suppress-evidence-in-priest-child-porn-case/69653463007/');
INSERT INTO sources (person_id, url) VALUES ('james-jackson', 'https://www.justice.gov/usao-ri/pr/rhode-island-priest-admits-federal-child-pornography-charge');
INSERT OR REPLACE INTO people (id, name, status, level, state, office, crime_description, summary, still_in_office, offense_year, conviction_year, event_date) VALUES ('jason-boyet', 'Jason Boyet', 'convicted', 'adjacent', 'LA', '', 'Child Sexual Abuse Material', 'Jason Boyet was a Louisiana state trooper who was convicted of distribution of child sexual abuse material. He was Trooper of the Year in 2018.', NULL, NULL, NULL, NULL);
INSERT INTO crime_types (person_id, crime_type) VALUES ('jason-boyet', 'csam');
INSERT INTO crime_types (person_id, crime_type) VALUES ('jason-boyet', 'assault');
INSERT INTO sources (person_id, url) VALUES ('jason-boyet', 'https://goppredators.wordpress.com/2023/03/19/655-jason-boyet/');
INSERT INTO sources (person_id, url) VALUES ('jason-boyet', 'https://www.hammondstar.com/news/former-trooper-from-ponchatoula-sentenced-for-sex-crimes/article_843230dc-f8ea-5c26-be77-7d885187f3d2.html');
INSERT INTO sources (person_id, url) VALUES ('jason-boyet', 'https://louisianavoice.com/2021/11/06/former-trooper-of-the-year-brings-additional-embarrassment-to-lsp-with-child-porn-sentence/');
INSERT INTO sources (person_id, url) VALUES ('jason-boyet', 'https://www.wwltv.com/article/news/local/northshore/trooper-of-the-year-pleads-guilty-to-sharing-child-porn-sentenced/289-5631d2d4-1a91-4bab-95b9-59604c97d6e0');
INSERT OR REPLACE INTO people (id, name, status, level, state, office, crime_description, summary, still_in_office, offense_year, conviction_year, event_date) VALUES ('jack-strain', 'Jack Strain', 'convicted', 'local', 'LA', 'Sheriff', 'Child Rape, Incest', 'Jack Strain was the Sheriff of St. Tammany Parish in Louisiana.', NULL, NULL, NULL, '2021-11-10');
INSERT INTO crime_types (person_id, crime_type) VALUES ('jack-strain', 'rape');
INSERT INTO crime_types (person_id, crime_type) VALUES ('jack-strain', 'incest');
INSERT INTO sources (person_id, url) VALUES ('jack-strain', 'https://goppredators.wordpress.com/2023/03/19/654-jack-strain/');
INSERT INTO sources (person_id, url) VALUES ('jack-strain', 'https://www.nola.com/news/courts/article_339b914a-4095-11ec-b26d-17006bd04e1b.html');
INSERT INTO sources (person_id, url) VALUES ('jack-strain', 'https://www.wwltv.com/article/news/crime/jack-strain-sex-crimes-trial-verdict/289-c19bb2d4-36af-4442-ba55-9790ee832b99');
INSERT INTO sources (person_id, url) VALUES ('jack-strain', 'https://www.nola.com/news/courts/second-accuser-gives-tormented-testimony-that-jack-strain-raped-him-as-a-child/article_09890110-38db-11ec-bbda-4b6fb6afa6e4.html');
INSERT OR REPLACE INTO people (id, name, status, level, state, office, crime_description, summary, still_in_office, offense_year, conviction_year, event_date) VALUES ('todd-roatsey', 'Todd Roatsey', 'convicted', 'adjacent', 'WV', '', 'Child Sexual Abuse Material', 'Todd Roatsey was a Trump twitter advocate was honored, ironically, at the Obama White House when he was named West Virginia School Counselor of the Year in 2016. That school counselor of the year posed as an 18-year-old in chats with two girls who were 10 and 11 years old.', NULL, NULL, NULL, NULL);
INSERT INTO crime_types (person_id, crime_type) VALUES ('todd-roatsey', 'csam');
INSERT INTO crime_types (person_id, crime_type) VALUES ('todd-roatsey', 'assault');
INSERT INTO sources (person_id, url) VALUES ('todd-roatsey', 'https://goppredators.wordpress.com/2023/03/19/653-todd-roatsey/');
INSERT INTO sources (person_id, url) VALUES ('todd-roatsey', 'https://www.rawstory.com/todd-roatsey-arrested/');
INSERT INTO sources (person_id, url) VALUES ('todd-roatsey', 'https://katv.com/news/nation-world/man-victimized-kids-at-elementary-school-where-he-worked-as-counselor-prosecutor-says');
INSERT INTO sources (person_id, url) VALUES ('todd-roatsey', 'https://www.ice.gov/news/releases/hsi-charleston-investigation-lands-former-west-virginia-elementary-school-counselor#:~:text=Roatsey%20admitted%20that%20he%20posed,girls%20videos%20of%20himself%20masturbating.');
INSERT INTO sources (person_id, url) VALUES ('todd-roatsey', 'https://www.thedailybeast.com/todd-christopher-roatsey-west-virginia-school-counselor-honored-at-white-house-charged-for-child-porn');
INSERT OR REPLACE INTO people (id, name, status, level, state, office, crime_description, summary, still_in_office, offense_year, conviction_year, event_date) VALUES ('william-a-jones', 'William A. Jones', 'alleged', 'adjacent', 'KY', '', 'Sexual Assault', 'William A. Jones was president of the conservative Baptist Georgetown College in Kentucky.', NULL, NULL, NULL, '2021-11-11');
INSERT INTO crime_types (person_id, crime_type) VALUES ('william-a-jones', 'assault');
INSERT INTO sources (person_id, url) VALUES ('william-a-jones', 'https://goppredators.wordpress.com/2023/03/19/652-william-a-jones/');
INSERT INTO sources (person_id, url) VALUES ('william-a-jones', 'https://apnews.com/article/religion-education-kentucky-sexual-abuse-by-clergy-sexual-assault-309c163cff9f10e40ef840cb5334a45b');
INSERT INTO sources (person_id, url) VALUES ('william-a-jones', 'https://www.wkyt.com/2022/02/18/another-woman-comes-forward-with-allegations-against-fmr-georgetown-college-president/');
INSERT OR REPLACE INTO people (id, name, status, level, state, office, crime_description, summary, still_in_office, offense_year, conviction_year, event_date) VALUES ('derrick-van-orden', 'Derrick van Orden', 'alleged', 'federal', 'WI', 'U.S. Congressman', 'Sexual Harassment', 'Derrick van Orden is a Congressman representing Wisconsin''s Third District where he squeaked by in the most egregiously gerrymandered state where Republicans won 75% of the seats with 55% of the total vote. He was elected despite openly admitted he sexually harassed at least two women by exposing a', NULL, NULL, NULL, '2020-09-26');
INSERT INTO crime_types (person_id, crime_type) VALUES ('derrick-van-orden', 'harassment');
INSERT INTO sources (person_id, url) VALUES ('derrick-van-orden', 'https://goppredators.wordpress.com/2023/03/19/651-derrick-van-orden/');
INSERT INTO sources (person_id, url) VALUES ('derrick-van-orden', 'https://www.wispolitics.com/2020/wisdems-derrick-van-orden-sexually-harassed-two-female-officers-during-military-service');
INSERT INTO sources (person_id, url) VALUES ('derrick-van-orden', 'https://lacrossetribune.com/news/local/in-2015-book-van-orden-brags-about-exposing-a-mans-genitals-to-two-female-officers/article_dec19521-1a8f-55ad-817c-11aa70f4bef4.html');
INSERT INTO sources (person_id, url) VALUES ('derrick-van-orden', 'https://www.wxow.com/news/politics/female-veterans-outraged-over-van-orden-s-memoir/article_5ba854c7-ef58-5a9e-a210-faed051f8224.html');
INSERT INTO sources (person_id, url) VALUES ('derrick-van-orden', 'https://www.nbcnews.com/politics/congress/gop-lawmaker-screamed-curse-words-inches-senate-pages-faces-source-say-rcna97157');
INSERT INTO sources (person_id, url) VALUES ('derrick-van-orden', 'https://www.wispolitics.com/2020/09/25');
INSERT OR REPLACE INTO people (id, name, status, level, state, office, crime_description, summary, still_in_office, offense_year, conviction_year, event_date) VALUES ('charles-dyer', 'Charles Dyer', 'convicted', 'adjacent', 'OK', 'Political Activist', 'Child Molestation, Incest', 'Charles Dyer was a Tea Party activist and a spokesperson for the Oath Keepers. He recorded videos in his Marine Corps uniform under the handle July4Patriot and was described as representing Oath Keepers in event materials.', NULL, NULL, NULL, '2021-01-30');
INSERT INTO crime_types (person_id, crime_type) VALUES ('charles-dyer', 'child-molestation');
INSERT INTO crime_types (person_id, crime_type) VALUES ('charles-dyer', 'incest');
INSERT INTO sources (person_id, url) VALUES ('charles-dyer', 'https://goppredators.wordpress.com/2023/03/18/650-charles-dyer/');
INSERT INTO sources (person_id, url) VALUES ('charles-dyer', 'https://t.co/Q6ZgZW24Ii');
INSERT INTO sources (person_id, url) VALUES ('charles-dyer', 'https://yearofjubile.com/charles');
INSERT INTO sources (person_id, url) VALUES ('charles-dyer', 'https://casetext.com/case/dyer-v-farris-1');
INSERT INTO sources (person_id, url) VALUES ('charles-dyer', 'https://www.duncanbanner.com/news/dyer-found-guilty-gets-30-years/article_d7fc0c68-2244-5d72-8964-f0f63a3ec053.html');
INSERT INTO sources (person_id, url) VALUES ('charles-dyer', 'https://www.dailykos.com/stories/2022/11/27/2137360/-The-rise-and-fall-of-July4Patriot-Charles-Dyer-the-Oath-Keepers-original-far-right-celebrity');
INSERT INTO sources (person_id, url) VALUES ('charles-dyer', 'https://www.splcenter.org/hatewatch/2012/04/20/oklahoma-oath-keeper-convicted-6-year-old-daughters-rape');
INSERT OR REPLACE INTO people (id, name, status, level, state, office, crime_description, summary, still_in_office, offense_year, conviction_year, event_date) VALUES ('jonathan-uzcategui', 'Jonathan Uzcategui', 'charged', 'local', 'NC', 'City Councilmember', 'Domestic Violence', 'Jonathan Uzcategui is a Republican who ran for Wilmington City Council. He is a naturalized immigrant from Venezuela who presents himself as an ambassador from the party to Hispanic voters.', NULL, NULL, NULL, NULL);
INSERT INTO crime_types (person_id, crime_type) VALUES ('jonathan-uzcategui', 'domestic-violence');
INSERT INTO sources (person_id, url) VALUES ('jonathan-uzcategui', 'https://goppredators.wordpress.com/2023/03/18/649-jonathan-uzcategui/');
INSERT INTO sources (person_id, url) VALUES ('jonathan-uzcategui', 'https://www.starnewsonline.com/story/news/2021/10/28/wilmington-nc-city-council-candidate-faces-abuse-allegations/6182221001/');
INSERT INTO sources (person_id, url) VALUES ('jonathan-uzcategui', 'https://www.whqr.org/local/2021-10-28/wilmington-city-council-candidate-jonathan-uzcategui-responds-to-domestic-violence-allegations');
INSERT OR REPLACE INTO people (id, name, status, level, state, office, crime_description, summary, still_in_office, offense_year, conviction_year, event_date) VALUES ('bill-seitz', 'Bill Seitz', 'alleged', 'federal', 'OH', 'U.S. Congressman', 'Organizational Cover-up', 'Bill Seitz is the Speaker of the House in Ohio. He conspired with former Speaker Larry Householder to hold sham hearings for a bill that would extend the statute of limitations for sexual abuse and allow the victims of the Ohio State University abuse scandal to sue the University.', NULL, NULL, NULL, '2021-10-11');
INSERT INTO crime_types (person_id, crime_type) VALUES ('bill-seitz', 'enablement');
INSERT INTO crime_types (person_id, crime_type) VALUES ('bill-seitz', 'organizational-coverup');
INSERT INTO sources (person_id, url) VALUES ('bill-seitz', 'https://goppredators.wordpress.com/2023/03/18/648-bill-seitz/');
INSERT INTO sources (person_id, url) VALUES ('bill-seitz', 'https://en.wikipedia.org/wiki/Ohio_State_University_abuse_scandal');
INSERT INTO sources (person_id, url) VALUES ('bill-seitz', 'https://go.tiffinohio.net/2021/10/ohio-gop-lawmakers-say-they-planned-to-fail-on-strauss-sex-abuse-bill-victims-werent-told/');
INSERT INTO sources (person_id, url) VALUES ('bill-seitz', 'https://ohiocapitaljournal.com/2021/10/11/lawmakers-say-they-planned-to-fail-on-strauss-sex-abuse-bill-victims-werent-told/');
INSERT INTO sources (person_id, url) VALUES ('bill-seitz', 'https://www.nbc4i.com/news/local-news/bill-to-remove-statute-of-limitations-for-sexual-abuse/');
INSERT OR REPLACE INTO people (id, name, status, level, state, office, crime_description, summary, still_in_office, offense_year, conviction_year, event_date) VALUES ('larry-householder', 'Larry Householder', 'alleged', 'federal', 'OH', 'State Representative', 'Organizational Cover-up', 'Larry Householder is an Ohio state representative. He is more infamous for his $60 million bribery conviction in 2023.', NULL, NULL, NULL, '2021-10-12');
INSERT INTO crime_types (person_id, crime_type) VALUES ('larry-householder', 'enablement');
INSERT INTO crime_types (person_id, crime_type) VALUES ('larry-householder', 'organizational-coverup');
INSERT INTO sources (person_id, url) VALUES ('larry-householder', 'https://goppredators.wordpress.com/2023/03/18/647-larry-householder/');
INSERT INTO sources (person_id, url) VALUES ('larry-householder', 'https://en.wikipedia.org/wiki/Ohio_State_University_abuse_scandal');
INSERT INTO sources (person_id, url) VALUES ('larry-householder', 'https://go.tiffinohio.net/2021/10/ohio-gop-lawmakers-say-they-planned-to-fail-on-strauss-sex-abuse-bill-victims-werent-told/');
INSERT INTO sources (person_id, url) VALUES ('larry-householder', 'https://www.thelantern.com/projects/2022/04/07/as-strauss-victims-and-students-supported-statutes-of-limitations-bill-ohio-state-lobbied-against-it/');
INSERT INTO sources (person_id, url) VALUES ('larry-householder', 'https://ohiocapitaljournal.com/2021/10/11/lawmakers-say-they-planned-to-fail-on-strauss-sex-abuse-bill-victims-werent-told/');
INSERT INTO sources (person_id, url) VALUES ('larry-householder', 'https://www.nbc4i.com/news/local-news/bill-to-remove-statute-of-limitations-for-sexual-abuse/');
INSERT OR REPLACE INTO people (id, name, status, level, state, office, crime_description, summary, still_in_office, offense_year, conviction_year, event_date) VALUES ('austin-cox', 'Austin Cox', 'alleged', 'state', 'UT', 'Campaign Official', 'Sexual Misconduct', 'Austin Cox was Utah Governor Spencer Cox''s (no relation) campaign manager in 2020. In 2021, a woman came forward alleging sexual misconduct on his part.', NULL, NULL, NULL, NULL);
INSERT INTO crime_types (person_id, crime_type) VALUES ('austin-cox', 'other');
INSERT INTO sources (person_id, url) VALUES ('austin-cox', 'https://goppredators.wordpress.com/2023/03/18/646-austin-cox/');
INSERT INTO sources (person_id, url) VALUES ('austin-cox', 'https://www.deseret.com/utah/2021/10/7/22715444/investigation-substantiates-claims-of-sexual-misconduct-by-gov-coxs-2020-campaign-manager-governor');
INSERT INTO sources (person_id, url) VALUES ('austin-cox', 'https://kslnewsradio.com/1957033/governor-former-campaign-manager/');
INSERT OR REPLACE INTO people (id, name, status, level, state, office, crime_description, summary, still_in_office, offense_year, conviction_year, event_date) VALUES ('fabian-shepard', 'Fabian Shepard', 'alleged', 'local', 'KS', 'School Board Member', 'Sexual Battery', 'Fabian Shepard was the Chair of the Johnson County, Kansas, Republicans. He also ran for an at-large seat on Shawnee Mission School District school board in 2017.', NULL, NULL, NULL, NULL);
INSERT INTO crime_types (person_id, crime_type) VALUES ('fabian-shepard', 'rape');
INSERT INTO crime_types (person_id, crime_type) VALUES ('fabian-shepard', 'assault');
INSERT INTO sources (person_id, url) VALUES ('fabian-shepard', 'https://goppredators.wordpress.com/2023/03/18/645-fabian-shepard/');
INSERT INTO sources (person_id, url) VALUES ('fabian-shepard', 'https://shawneemissionpost.com/2021/10/05/fabian-shepard-wyandotte-county-133506/');
INSERT INTO sources (person_id, url) VALUES ('fabian-shepard', 'https://www.wibw.com/2021/10/05/gop-leader-kansas-accuses-another-forcibly-kissing-her/');
INSERT INTO sources (person_id, url) VALUES ('fabian-shepard', 'https://www.kansascity.com/news/politics-government/article254832752.html');
INSERT OR REPLACE INTO people (id, name, status, level, state, office, crime_description, summary, still_in_office, offense_year, conviction_year, event_date) VALUES ('david-todeschini', 'David Todeschini', 'convicted', 'adjacent', 'NJ', '', 'Child Molestation', 'David Todeschini David Todeschini is better known as David Trent online. David Trent is huge streamer of Q-conspiracies.', NULL, NULL, 1990, NULL);
INSERT INTO crime_types (person_id, crime_type) VALUES ('david-todeschini', 'child-molestation');
INSERT INTO sources (person_id, url) VALUES ('david-todeschini', 'https://goppredators.wordpress.com/2023/03/17/644-david-todeschini/');
INSERT INTO sources (person_id, url) VALUES ('david-todeschini', 'https://lawandcrime.com/awkward/qanon-influencer-who-accuses-democrats-of-being-pedophiles-is-identified-as-convicted-child-molester-designated-as-sexually-violent-offender/');
INSERT INTO sources (person_id, url) VALUES ('david-todeschini', 'https://www.vice.com/en/article/4awydp/qanon-figure-david-trent-convicted-child-abuser');
INSERT INTO sources (person_id, url) VALUES ('david-todeschini', 'https://www.rightwingwatch.org/post/this-qanon-influencer-accuses-democrats-of-being-pedophiles-he-hides-his-own-conviction-with-an-alias/');
INSERT OR REPLACE INTO people (id, name, status, level, state, office, crime_description, summary, still_in_office, offense_year, conviction_year, event_date) VALUES ('daniel-gai', 'Daniel Gai', 'convicted', 'local', 'CA', 'City Councilmember', 'Domestic Violence', 'Daniel Gai was an aide for Fresno Republican City Councilmember Garry Bredefeld. He resigned after pleading no contest to five felony domestic violence charges.', NULL, NULL, NULL, '2022-01-16');
INSERT INTO crime_types (person_id, crime_type) VALUES ('daniel-gai', 'domestic-violence');
INSERT INTO sources (person_id, url) VALUES ('daniel-gai', 'https://goppredators.wordpress.com/2023/03/17/643-daniel-gai/');
INSERT INTO sources (person_id, url) VALUES ('daniel-gai', 'https://www.fresnobee.com/news/local/article254124908.html');
INSERT INTO sources (person_id, url) VALUES ('daniel-gai', 'https://abc30.com/daniel-gai-verdict-fresno-employee-attack-arrest-domestic-violence-conviction-garry-bredefeld-assistant/11033223/');
INSERT INTO sources (person_id, url) VALUES ('daniel-gai', 'https://www.fresnobee.com/news/local/article257327602.html');
INSERT OR REPLACE INTO people (id, name, status, level, state, office, crime_description, summary, still_in_office, offense_year, conviction_year, event_date) VALUES ('naason-joaquin-garcia', 'Naason Joaquin Garcia', 'convicted', 'adjacent', 'MX', '', 'Child Rape, Rape', 'Naasón Joaquín García was the leader of an international megachurch called La Luz del Mundo, The Light of the World. La Luz del Mundo began in Mexico before expanding through the Americas.', NULL, NULL, NULL, NULL);
INSERT INTO crime_types (person_id, crime_type) VALUES ('naason-joaquin-garcia', 'rape');
INSERT INTO sources (person_id, url) VALUES ('naason-joaquin-garcia', 'https://goppredators.wordpress.com/2023/03/17/642-naason-joaquin-garcia/');
INSERT INTO sources (person_id, url) VALUES ('naason-joaquin-garcia', 'https://finance.yahoo.com/news/megachurch-pastor-raped-hundreds-forced-124821156.html');
INSERT INTO sources (person_id, url) VALUES ('naason-joaquin-garcia', 'https://lawandcrime.com/high-profile/church-still-stands-behind-convicted-sexual-predator-leader-naason-joaquin-garcia/');
INSERT INTO sources (person_id, url) VALUES ('naason-joaquin-garcia', 'https://english.elpais.com/usa/2021-02-19/the-underground-lair-of-la-luz-del-mundos-apostle.html');
INSERT OR REPLACE INTO people (id, name, status, level, state, office, crime_description, summary, still_in_office, offense_year, conviction_year, event_date) VALUES ('trent-brandon-holbert', 'Trent Brandon Holbert', 'convicted', 'adjacent', 'NC', 'Pastor', 'Child Rape, Child Molesting', 'Trent Brandon Holbert was the pastor of The Ridge church in Black Mountain, NC. He began molesting a child under the age of fifteen.', NULL, NULL, NULL, '2023-01-29');
INSERT INTO crime_types (person_id, crime_type) VALUES ('trent-brandon-holbert', 'rape');
INSERT INTO crime_types (person_id, crime_type) VALUES ('trent-brandon-holbert', 'child-molestation');
INSERT INTO sources (person_id, url) VALUES ('trent-brandon-holbert', 'https://goppredators.wordpress.com/2023/03/17/641-trent-brandon-holbert/');
INSERT INTO sources (person_id, url) VALUES ('trent-brandon-holbert', 'https://apnews.com/article/north-carolina-asheville-sexual-abuse-by-clergy-child-abuse-parental-rights-4033459f2b340aaeec4dc43bae32ec97');
INSERT INTO sources (person_id, url) VALUES ('trent-brandon-holbert', 'https://www.joemygod.com/2023/01/nc-pastor-gets-8-to-14-years-on-child-sex-charges/');
INSERT OR REPLACE INTO people (id, name, status, level, state, office, crime_description, summary, still_in_office, offense_year, conviction_year, event_date) VALUES ('william-braddock', 'William Braddock', 'alleged', 'adjacent', 'FL', '', 'Menacing', 'William Braddock was a candidate in the Republican primary to replace Charlie Crist in Congress. One of his primary opponent was Anna Paulina Luna, who eventually won the primary and the general election.', NULL, NULL, NULL, '2021-10-23');
INSERT INTO crime_types (person_id, crime_type) VALUES ('william-braddock', 'other');
INSERT INTO sources (person_id, url) VALUES ('william-braddock', 'https://goppredators.wordpress.com/2023/03/17/640-william-braddock/');
INSERT INTO sources (person_id, url) VALUES ('william-braddock', 'https://www.washingtonpost.com/politics/2023/02/10/anna-paulina-luna-republican-biography/');
INSERT INTO sources (person_id, url) VALUES ('william-braddock', 'https://www.politico.com/news/2021/06/17/secret-recording-florida-republican-threat-hit-squad-494976');
INSERT INTO sources (person_id, url) VALUES ('william-braddock', 'https://apnews.com/article/florida-government-and-politics-7b13452b08467b1bae1ddf318ad0e748');
INSERT INTO sources (person_id, url) VALUES ('william-braddock', 'https://floridapolitics.com/archives/440919-william-braddock-drops-out-of-cd-13-race-following-threatening-recording/');
INSERT OR REPLACE INTO people (id, name, status, level, state, office, crime_description, summary, still_in_office, offense_year, conviction_year, event_date) VALUES ('j-d-vance', 'J.D. Vance', 'alleged', 'adjacent', 'OH', '', 'Rape Culture', 'J.D. Vance (OH): Rape Culture.', NULL, NULL, NULL, NULL);
INSERT INTO crime_types (person_id, crime_type) VALUES ('j-d-vance', 'rape');
INSERT INTO crime_types (person_id, crime_type) VALUES ('j-d-vance', 'harassment');
INSERT INTO sources (person_id, url) VALUES ('j-d-vance', 'https://goppredators.wordpress.com/2023/03/17/639-j-d-vance/');
INSERT INTO sources (person_id, url) VALUES ('j-d-vance', 'https://www.thedailybeast.com/jd-vance-defends-texas-abortion-ban-calls-rape-inconvenient?ref=home');
INSERT INTO sources (person_id, url) VALUES ('j-d-vance', 'https://www.vice.com/en/article/93abve/jd-vance-suggests-people-in-violent-marriages-shouldnt-get-divorced');
INSERT OR REPLACE INTO people (id, name, status, level, state, office, crime_description, summary, still_in_office, offense_year, conviction_year, event_date) VALUES ('jeffrey-lynn-thomas', 'Jeffrey Lynn Thomas', 'convicted', 'adjacent', 'PA', '', 'Assault, Indecent Assault, more', 'Jeffrey Lynn Thomas was a self-described tough-on-crime District Attorney. He went to a woman''s home after she told him he was unwelcome.', NULL, NULL, NULL, '2021-10-03');
INSERT INTO crime_types (person_id, crime_type) VALUES ('jeffrey-lynn-thomas', 'assault');
INSERT INTO sources (person_id, url) VALUES ('jeffrey-lynn-thomas', 'https://goppredators.wordpress.com/2023/03/17/638-jeffrey-lynn-thomas/');
INSERT INTO sources (person_id, url) VALUES ('jeffrey-lynn-thomas', 'https://www.nytimes.com/2021/09/24/us/jeffrey-lynn-thomas-rape-pennsylvania-da.html');
INSERT INTO sources (person_id, url) VALUES ('jeffrey-lynn-thomas', 'https://wjactv.com/news/local/trial-begins-for-suspended-somerset-da-accused-of-sexual-assault');
INSERT INTO sources (person_id, url) VALUES ('jeffrey-lynn-thomas', 'https://dailyvoice.com/pennsylvania/adams/news/pa-district-attorney-convicted-of-rape-strangulation-ag/859209/');
INSERT OR REPLACE INTO people (id, name, status, level, state, office, crime_description, summary, still_in_office, offense_year, conviction_year, event_date) VALUES ('sean-parnell', 'Sean Parnell', 'alleged', 'adjacent', 'PA', 'Judge', 'Domestic Violence, Child Abuse', 'Sean Parnell''s run for U.S. Senate from Pennsylvania was endorsed by Donald Trump.', NULL, NULL, NULL, '2021-11-02');
INSERT INTO crime_types (person_id, crime_type) VALUES ('sean-parnell', 'domestic-violence');
INSERT INTO sources (person_id, url) VALUES ('sean-parnell', 'https://goppredators.wordpress.com/2023/03/14/637-sean-parnell/');
INSERT INTO sources (person_id, url) VALUES ('sean-parnell', 'https://www.washingtonpost.com/politics/2021/11/22/sean-parnell-children-custody/');
INSERT INTO sources (person_id, url) VALUES ('sean-parnell', 'https://apnews.com/article/donald-trump-pennsylvania-senate-elections-sean-parnell-7aeeb567ed4a4f231cddc345939f76ab');
INSERT OR REPLACE INTO people (id, name, status, level, state, office, crime_description, summary, still_in_office, offense_year, conviction_year, event_date) VALUES ('steve-marino', 'Steve Marino', 'alleged', 'state', 'MI', 'State Representative', 'Menacing, Domestic Violence', 'Steve Marino was a Republican State Representative for Michigan District 24 until he was term limited out. He was replaced by a Republican.', NULL, NULL, NULL, '2021-09-18');
INSERT INTO crime_types (person_id, crime_type) VALUES ('steve-marino', 'domestic-violence');
INSERT INTO sources (person_id, url) VALUES ('steve-marino', 'https://goppredators.wordpress.com/2023/03/14/636-steve-marino/');
INSERT INTO sources (person_id, url) VALUES ('steve-marino', 'https://michiganadvance.com/2021/09/15/rep-manoogian-alleges-rep-marino-committed-domestic-violence/');
INSERT INTO sources (person_id, url) VALUES ('steve-marino', 'https://www.freep.com/story/news/politics/2021/10/26/steve-marino-michigan-mari-manoogian/8549483002/');
INSERT OR REPLACE INTO people (id, name, status, level, state, office, crime_description, summary, still_in_office, offense_year, conviction_year, event_date) VALUES ('alexander-bebris', 'Alexander Bebris', 'convicted', 'local', 'WI', '', 'Child Sexual Abuse Materia', 'Alexander Bebris was a chief of police in Ohio before moving to Wisconsin where he unsuccessfully ran for the Republican nomination for Sheriff of Outagamie County. In December 2018, investigators searched his home and found child sexual abuse images.', NULL, NULL, NULL, '2021-11-05');
INSERT INTO crime_types (person_id, crime_type) VALUES ('alexander-bebris', 'assault');
INSERT INTO sources (person_id, url) VALUES ('alexander-bebris', 'https://goppredators.wordpress.com/2023/03/14/635-alexander-bebris/');
INSERT INTO sources (person_id, url) VALUES ('alexander-bebris', 'https://fox11online.com/news/crime/former-sheriff-candidate-sentenced-for-child-porn?src=link');
INSERT INTO sources (person_id, url) VALUES ('alexander-bebris', 'https://fox11online.com/news/crime/former-sheriff-candidate-indicted-for-child-porn-again');
INSERT INTO sources (person_id, url) VALUES ('alexander-bebris', 'https://www.fedagent.com/news/seventh-circuit-facebooks-reporting-of-child-pornography-does-not-make-it-a-government-actor');
INSERT OR REPLACE INTO people (id, name, status, level, state, office, crime_description, summary, still_in_office, offense_year, conviction_year, event_date) VALUES ('jonathan-newell', 'Jonathan Newell', 'alleged', 'local', 'MD', 'Judge', 'Nonconsensual Recording, Child Sexual Abuse Material, Child Molestation', 'Jonathan Newell, a Republican, was the circuit court judge for Caroline County in Maryland, when he took a young boy. The boy discovered a hidden camera in the bathroom and his parents went to the police.', NULL, NULL, NULL, '2021-09-23');
INSERT INTO crime_types (person_id, crime_type) VALUES ('jonathan-newell', 'csam');
INSERT INTO crime_types (person_id, crime_type) VALUES ('jonathan-newell', 'child-molestation');
INSERT INTO crime_types (person_id, crime_type) VALUES ('jonathan-newell', 'assault');
INSERT INTO sources (person_id, url) VALUES ('jonathan-newell', 'https://goppredators.wordpress.com/2023/03/14/634-jonathan-newell/');
INSERT INTO sources (person_id, url) VALUES ('jonathan-newell', 'https://www.baltimoresun.com/news/crime/bs-md-cr-judge-newell-caroline-county-20210910-i45tq5k6hjawfmcrjne3hiv4ry-story.html');
INSERT INTO sources (person_id, url) VALUES ('jonathan-newell', 'https://www.thedailybeast.com/maryland-judge-jonathan-newell-kills-himself-moments-before-arrest-for-child-sex-abuse');
INSERT OR REPLACE INTO people (id, name, status, level, state, office, crime_description, summary, still_in_office, offense_year, conviction_year, event_date) VALUES ('chase-espy', 'Chase Espy', 'convicted', 'state', 'AL', '', 'Child Sexual Abuse Material, Soliciting a Minor', 'Chase Tristian Espy was deputy general counsel to Alabama Governor Kay Ivey until he was arrested for online solicitation of a child. His problems grew when he was arrested because they found child sexual abuse photos and video on his phone.', NULL, NULL, NULL, '2022-10-19');
INSERT INTO crime_types (person_id, crime_type) VALUES ('chase-espy', 'csam');
INSERT INTO crime_types (person_id, crime_type) VALUES ('chase-espy', 'assault');
INSERT INTO crime_types (person_id, crime_type) VALUES ('chase-espy', 'solicitation');
INSERT INTO sources (person_id, url) VALUES ('chase-espy', 'https://goppredators.wordpress.com/2023/03/14/633-chase-tristian-espy/');
INSERT INTO sources (person_id, url) VALUES ('chase-espy', 'https://www.al.com/news/birmingham/2021/08/lawyer-on-alabama-gov-kay-iveys-staff-arrested-on-child-solicitation-charge.html');
INSERT INTO sources (person_id, url) VALUES ('chase-espy', 'https://www.al.com/news/2023/03/birmingham-lawyer-who-worked-for-ivey-gets-8-years-in-child-porn-case.html');
INSERT OR REPLACE INTO people (id, name, status, level, state, office, crime_description, summary, still_in_office, offense_year, conviction_year, event_date) VALUES ('ed-gray', 'Ed Gray', 'convicted', 'local', 'FL', 'Mayor', 'Nonconsensual Recording', 'Ed Gray is the former Mayor of Gulf Breeze, FL. He also ran in the Republican primary for HD2, but lost.', NULL, NULL, NULL, '2021-08-25');
INSERT INTO crime_types (person_id, crime_type) VALUES ('ed-gray', 'other');
INSERT INTO sources (person_id, url) VALUES ('ed-gray', 'https://goppredators.wordpress.com/2023/03/14/632-ed-gray/');
INSERT INTO sources (person_id, url) VALUES ('ed-gray', 'https://www.pnj.com/story/news/crime/2021/08/10/ed-gray-gulf-breeze-mayor-accused-recording-teen-boys-shower-avoid-prison/5539965001/');
INSERT INTO sources (person_id, url) VALUES ('ed-gray', 'http://www.northescambia.com/2021/08/fmr-gulf-breeze-mayor-cta-boss-ed-gray-sentenced-to-prison');
INSERT OR REPLACE INTO people (id, name, status, level, state, office, crime_description, summary, still_in_office, offense_year, conviction_year, event_date) VALUES ('benjamin-rajadurai', 'Benjamin Rajadurai', 'alleged', 'adjacent', 'MA', '', 'Rape Culture', 'Benjamin Rajadurai is the former Executive Director of the College Republicans National Committee and now works for Americans for Tax Reform. During his tenure at CNRC, there was a contentious election for Chair.', NULL, NULL, NULL, '2021-08-02');
INSERT INTO crime_types (person_id, crime_type) VALUES ('benjamin-rajadurai', 'rape');
INSERT INTO crime_types (person_id, crime_type) VALUES ('benjamin-rajadurai', 'harassment');
INSERT INTO sources (person_id, url) VALUES ('benjamin-rajadurai', 'https://goppredators.wordpress.com/2023/03/14/631-benjamin-rajadurai/');
INSERT INTO sources (person_id, url) VALUES ('benjamin-rajadurai', 'https://thespectator.com/topic/college-republicans-fake-sexual-assault-allegations-benjamin-rajadurai/');
INSERT INTO sources (person_id, url) VALUES ('benjamin-rajadurai', 'https://www.yahoo.com/video/college-republicans-chairwoman-denies-involvement-030100761.html');
INSERT INTO sources (person_id, url) VALUES ('benjamin-rajadurai', 'https://t.co/Y1rcOmwbJR');
INSERT OR REPLACE INTO people (id, name, status, level, state, office, crime_description, summary, still_in_office, offense_year, conviction_year, event_date) VALUES ('larry-elder', 'Larry Elder', 'alleged', 'state', 'CA', '', 'Domestic Violence, Sexual Harassment', 'Larry Elder was a Republican candidate for governor during the failed effort to recall Gavin Newsom. He is a conservative radio-talk-show host and has ties to the Epoch Times, a notorious conspiracist site that spreads Q conspiracies and other disinformation.', NULL, NULL, NULL, '2021-08-23');
INSERT INTO crime_types (person_id, crime_type) VALUES ('larry-elder', 'domestic-violence');
INSERT INTO crime_types (person_id, crime_type) VALUES ('larry-elder', 'harassment');
INSERT INTO sources (person_id, url) VALUES ('larry-elder', 'https://goppredators.wordpress.com/2023/03/11/630-larry-elder/');
INSERT INTO sources (person_id, url) VALUES ('larry-elder', 'https://en.wikipedia.org/wiki/The_Epoch_Times#Pro-Trump_conspiracy_theories_and_disinformation');
INSERT INTO sources (person_id, url) VALUES ('larry-elder', 'https://www.cnn.com/2021/09/02/politics/kfile-larry-elder-sexual-harassment-allegations/index.html');
INSERT INTO sources (person_id, url) VALUES ('larry-elder', 'https://ktla.com/news/local-news/l-a-prosecutors-decline-to-pursue-gun-domestic-abuse-claims-against-larry-elder/');
INSERT INTO sources (person_id, url) VALUES ('larry-elder', 'https://sjvsun.com/news/politics/carecall/larry-elders-ex-fiancee-spills-on-relationship-drug-use-gun-brandishing-incident/');
INSERT OR REPLACE INTO people (id, name, status, level, state, office, crime_description, summary, still_in_office, offense_year, conviction_year, event_date) VALUES ('jennifer-carnahan', 'Jennifer Carnahan', 'alleged', 'party-official', 'MN', '', 'Organizational Cover-up', 'Jennifer Carnahan was the Chair of the Minnesota Republican Party. After her husband, Rep.', NULL, NULL, NULL, '2021-08-19');
INSERT INTO crime_types (person_id, crime_type) VALUES ('jennifer-carnahan', 'enablement');
INSERT INTO crime_types (person_id, crime_type) VALUES ('jennifer-carnahan', 'organizational-coverup');
INSERT INTO sources (person_id, url) VALUES ('jennifer-carnahan', 'https://goppredators.wordpress.com/2023/03/11/629-jennifer-carnahan/');
INSERT INTO sources (person_id, url) VALUES ('jennifer-carnahan', 'https://alphanews.org/counterpoint-jennifer-carnahan-is-the-best-thing-to-happen-to-the-mn-gop/');
INSERT INTO sources (person_id, url) VALUES ('jennifer-carnahan', 'https://minnesotareformer.com/2021/08/13/mngop-chair-jennifer-carnahan-used-non-disclosure-agreements-to-stifle-criticism-sources-say/');
INSERT INTO sources (person_id, url) VALUES ('jennifer-carnahan', 'https://www.politico.com/news/2022/03/11/house-gop-hagedorn-widow-seat-00016375');
INSERT INTO sources (person_id, url) VALUES ('jennifer-carnahan', 'https://www.mprnews.org/story/2022/12/02/fierce-legal-fight-opens-between-exmngop-chair-carnahan-party');
INSERT INTO sources (person_id, url) VALUES ('jennifer-carnahan', 'https://www.twincities.com/2021/08/15/ugly-drama-inside-mn-gop-threatens-chairwomans-job/');
INSERT INTO sources (person_id, url) VALUES ('jennifer-carnahan', 'https://www.twincities.com/2021/08/18/4-former-mn-gop-top-staffers-rip-chair-jennifer-carnahan/');
INSERT OR REPLACE INTO people (id, name, status, level, state, office, crime_description, summary, still_in_office, offense_year, conviction_year, event_date) VALUES ('john-hiatt', 'John Hiatt', 'convicted', 'state', 'ME', 'State Representative', 'Child Sexual Abuse Material, Harassment', 'John Hiatt was a member of the Maine State Republican Committee. He also was elected the Penobscot County Treasurer and was also elected to serve on the Bangor School Committee.', NULL, NULL, NULL, '2021-08-06');
INSERT INTO crime_types (person_id, crime_type) VALUES ('john-hiatt', 'csam');
INSERT INTO crime_types (person_id, crime_type) VALUES ('john-hiatt', 'assault');
INSERT INTO crime_types (person_id, crime_type) VALUES ('john-hiatt', 'harassment');
INSERT INTO sources (person_id, url) VALUES ('john-hiatt', 'https://goppredators.wordpress.com/2023/03/11/628-john-hiatt/');
INSERT INTO sources (person_id, url) VALUES ('john-hiatt', 'https://wgme.com/news/local/maine-official-says-he-wont-step-down-and-vows-to-fight-criminal-charges');
INSERT INTO sources (person_id, url) VALUES ('john-hiatt', 'https://www.pressherald.com/2021/08/05/penobscot-court-official-urged-to-resign-after-arrest-on-child-porn-charge/');
INSERT OR REPLACE INTO people (id, name, status, level, state, office, crime_description, summary, still_in_office, offense_year, conviction_year, event_date) VALUES ('gisela-castro-medina', 'Gisela Castro Medina', 'charged', 'party-official', 'MN', '', 'Underage Trafficking', 'Gisela Castro Medina was the Chair of the College Republicans at St. Thomas University in St.', NULL, NULL, NULL, '2022-12-20');
INSERT INTO crime_types (person_id, crime_type) VALUES ('gisela-castro-medina', 'trafficking');
INSERT INTO sources (person_id, url) VALUES ('gisela-castro-medina', 'https://goppredators.wordpress.com/2023/03/11/627-gisela-castro-medina/');
INSERT INTO sources (person_id, url) VALUES ('gisela-castro-medina', 'https://www.startribune.com/st-thomas-u-s-gop-chair-arrested-in-florida-on-sex-trafficking-allegation/600087883/');
INSERT INTO sources (person_id, url) VALUES ('gisela-castro-medina', 'https://www.justice.gov/usao-mn/pr/st-paul-woman-pleads-guilty-child-sex-trafficking-conspiracy');
INSERT INTO sources (person_id, url) VALUES ('gisela-castro-medina', 'https://www.kare11.com/article/news/crime/alleged-lazzaro-accomplice-pleads-guilty-to-obstruction/89-c586957f-42d9-48c9-b574-7e67ce4ea1b6');
INSERT OR REPLACE INTO people (id, name, status, level, state, office, crime_description, summary, still_in_office, offense_year, conviction_year, event_date) VALUES ('shane-anderson', 'Shane Anderson', 'alleged', 'state', 'ND', 'Pastor', 'Enabling, Rape Culture', 'Shane Anderson was the treasurer of the North Dakota District 24 Republicans. He also was the chairman of the recall effort to punish Rep.', NULL, NULL, NULL, '2021-07-24');
INSERT INTO crime_types (person_id, crime_type) VALUES ('shane-anderson', 'rape');
INSERT INTO crime_types (person_id, crime_type) VALUES ('shane-anderson', 'enablement');
INSERT INTO crime_types (person_id, crime_type) VALUES ('shane-anderson', 'harassment');
INSERT INTO sources (person_id, url) VALUES ('shane-anderson', 'https://goppredators.wordpress.com/2023/03/11/626-shane-anderson/');
INSERT INTO sources (person_id, url) VALUES ('shane-anderson', 'https://thehill.com/homenews/campaign/3501789-north-dakota-governor-spends-against-members-of-own-party-in-primaries/');
INSERT INTO sources (person_id, url) VALUES ('shane-anderson', 'https://www.thedickinsonpress.com/news/conservative-group-aims-to-recall-valley-city-rep-after-vote-to-expel-accused-sexual-harasser');
INSERT INTO sources (person_id, url) VALUES ('shane-anderson', 'https://www.newsdakota.com/2022/03/31/district-24-republican-party-recall-clarification/');
INSERT INTO sources (person_id, url) VALUES ('shane-anderson', 'https://www.times-online.com/news/nd-gop-voices-support-for-kiefert-as-d24-recall-petition-is-approved/article_38aaecce-eb29-11eb-ba81-23d54cebc24a.html');
INSERT OR REPLACE INTO people (id, name, status, level, state, office, crime_description, summary, still_in_office, offense_year, conviction_year, event_date) VALUES ('anton-lazzaro', 'Anton Lazzaro', 'convicted', 'party-official', 'MN', 'Campaign Official', 'Underage Trafficking', 'Anton Lazzaro was a GOP strategist and campaign manager in Minnesota. He founded Big Tent Republicans PAC.', NULL, NULL, NULL, '2021-08-14');
INSERT INTO crime_types (person_id, crime_type) VALUES ('anton-lazzaro', 'trafficking');
INSERT INTO sources (person_id, url) VALUES ('anton-lazzaro', 'https://goppredators.wordpress.com/2023/03/10/625-anton-lazzaro/');
INSERT INTO sources (person_id, url) VALUES ('anton-lazzaro', 'https://www.foxnews.com/video/5973543869001');
INSERT INTO sources (person_id, url) VALUES ('anton-lazzaro', 'https://www.thedailybeast.com/gop-strategist-anton-lazzaro-arrested-for-underage-sex-trafficking');
INSERT INTO sources (person_id, url) VALUES ('anton-lazzaro', 'https://casetext.com/case/united-states-v-lazzaro-6');
INSERT INTO sources (person_id, url) VALUES ('anton-lazzaro', 'https://www.columbian.com/news/2021/sep/08/lawsuit-gop-donor-offered-money-to-hush-girl-he-trafficked-2/');
INSERT INTO sources (person_id, url) VALUES ('anton-lazzaro', 'https://www.cbsnews.com/minnesota/news/closing-arguments-end-in-trial-of-anton-lazzaro-accused-of-sex-trafficking-minors/');
INSERT INTO sources (person_id, url) VALUES ('anton-lazzaro', 'https://www.cbsnews.com/minnesota/');
INSERT OR REPLACE INTO people (id, name, status, level, state, office, crime_description, summary, still_in_office, offense_year, conviction_year, event_date) VALUES ('tom-mountain', 'Tom Mountain', 'alleged', 'adjacent', 'MA', '', 'Inappropriate Comments', 'Tom Mountain was the vice-chair of the Massachusetts Republican Party. He was forced to resign after TB Daily posted his comments about young girls, even calling a 14-year-old sexy, and women on Twitter.', NULL, NULL, NULL, '2021-07-20');
INSERT INTO crime_types (person_id, crime_type) VALUES ('tom-mountain', 'other');
INSERT INTO sources (person_id, url) VALUES ('tom-mountain', 'https://goppredators.wordpress.com/2023/03/10/624-tom-mountain/');
INSERT INTO sources (person_id, url) VALUES ('tom-mountain', 'https://www.urbandictionary.com/define.php?term=catfish');
INSERT INTO sources (person_id, url) VALUES ('tom-mountain', 'https://www.wbur.org/news/2021/07/20/tom-mountain-resignation-massachusetts-gop-turmoil');
INSERT INTO sources (person_id, url) VALUES ('tom-mountain', 'https://tbdailynews.com/mass-gop-vice-chairman-tom-mountain-calls-14-year-old-girl-sexy-leaves-lots-of-inappropriate-comments-on-womens-pages-claims-he-was-hacked/');
INSERT INTO sources (person_id, url) VALUES ('tom-mountain', 'https://tbdailynews.com/mass-gop-vice-chairmen-tells-fake-israeli-model-who-is-catfishing-him-that-he-wants-her-to-join-his-orgies-admits-he-lied-about-being-hacked-after-leaving-sexual-comments-about-underage-girls/');
INSERT OR REPLACE INTO people (id, name, status, level, state, office, crime_description, summary, still_in_office, offense_year, conviction_year, event_date) VALUES ('max-miller', 'Max Miller', 'charged', 'adjacent', 'OH', '', 'Domestic Violence', 'Max Miller was Trump''s aide during his administration. In 2022, who ran in the primary to unseat Anthony Gonzalez, a Republican who voted to impeach Trump.', NULL, NULL, NULL, '2022-07-31');
INSERT INTO crime_types (person_id, crime_type) VALUES ('max-miller', 'domestic-violence');
INSERT INTO sources (person_id, url) VALUES ('max-miller', 'https://goppredators.wordpress.com/2023/03/10/623-max-miller/');
INSERT INTO sources (person_id, url) VALUES ('max-miller', 'https://www.politico.com/news/magazine/2021/07/28/max-miller-ohio-congress-trump-profile-500187');
INSERT INTO sources (person_id, url) VALUES ('max-miller', 'https://www.washingtonpost.com/opinions/2021/10/05/stephanie-grisham-abusive-relationship-trump-white-house/');
INSERT OR REPLACE INTO people (id, name, status, level, state, office, crime_description, summary, still_in_office, offense_year, conviction_year, event_date) VALUES ('herschel-walker', 'Herschel Walker', 'alleged', 'adjacent', 'GA', '', 'Domestic Violence', 'Herschel Walker was the Republican candidate for U.S. Senate in Georgia.', NULL, NULL, NULL, '2022-10-05');
INSERT INTO crime_types (person_id, crime_type) VALUES ('herschel-walker', 'domestic-violence');
INSERT INTO sources (person_id, url) VALUES ('herschel-walker', 'https://goppredators.wordpress.com/2023/03/10/622-herschel-walker/');
INSERT INTO sources (person_id, url) VALUES ('herschel-walker', 'https://www.rollingstone.com/politics/politics-news/herschel-walker-georgia-senate-primary-1357872/');
INSERT INTO sources (person_id, url) VALUES ('herschel-walker', 'https://www.forbes.com/sites/brianbushard/2022/12/01/the-herschel-walker-scandals-woman-claims-he-attacked-her-latest-story-to-roil-the-campaign/?sh=4ba10a0b79dc');
INSERT INTO sources (person_id, url) VALUES ('herschel-walker', 'https://www.cnn.com/2022/12/01/politics/herschel-walker-allegation/index.html');
INSERT INTO sources (person_id, url) VALUES ('herschel-walker', 'https://www.yahoo.com/video/third-ex-herschel-walker-accuses-185600308.html');
INSERT INTO sources (person_id, url) VALUES ('herschel-walker', 'https://apnews.com/article/herschel-walker-nfl-georgia-senate-704738fdbed64383e25e3435684d7341');
INSERT OR REPLACE INTO people (id, name, status, level, state, office, crime_description, summary, still_in_office, offense_year, conviction_year, event_date) VALUES ('william-r-luckey', 'William R. Luckey', 'convicted', 'adjacent', 'VA', '', 'Child Molestation', 'William R. Luckey was a professor at Christendom College, a conservative Catholic college founded in reaction to changing cultural mores.', NULL, NULL, NULL, NULL);
INSERT INTO crime_types (person_id, crime_type) VALUES ('william-r-luckey', 'child-molestation');
INSERT INTO sources (person_id, url) VALUES ('william-r-luckey', 'https://goppredators.wordpress.com/2023/03/10/621-william-r-luckey/');
INSERT INTO sources (person_id, url) VALUES ('william-r-luckey', 'https://royalexaminer.com/christendom-college-professor-emeritus-arrested-on-child-sex-abuse-charges/');
INSERT INTO sources (person_id, url) VALUES ('william-r-luckey', 'https://www.nvdaily.com/nvdaily/former-christendom-college-professor-avoids-trial-pleads-to-lesser-charges/article_b1447355-c06d-5508-969b-fb6816f1ffcb.html');
INSERT OR REPLACE INTO people (id, name, status, level, state, office, crime_description, summary, still_in_office, offense_year, conviction_year, event_date) VALUES ('matthew-brewer', 'Matthew Brewer', 'charged', 'adjacent', 'TN', 'Pastor', 'Solicitation of a Minor', 'Matthew Brewer was the Youth Pastor at the conservative Fairfield Baptist Church and a chaplain in the National Guard in Tennessee. He was caught in a trafficking sting and arrested for soliciting sex with a minor.', NULL, NULL, NULL, NULL);
INSERT INTO crime_types (person_id, crime_type) VALUES ('matthew-brewer', 'solicitation');
INSERT INTO sources (person_id, url) VALUES ('matthew-brewer', 'https://goppredators.wordpress.com/2023/03/09/620-matthew-brewer/');
INSERT INTO sources (person_id, url) VALUES ('matthew-brewer', 'https://www.wsav.com/crime-safety/tennessee-youth-pastor-among-18-arrested-in-sex-sting/');
INSERT INTO sources (person_id, url) VALUES ('matthew-brewer', 'https://churchleaders.com/news/401254-matthew-brewer-youth-pastor-human-trafficking.html');
INSERT INTO sources (person_id, url) VALUES ('matthew-brewer', 'https://julieroys.com/youth-pastor-among-18-men-arrested-in-tennessee-human-trafficking-operation/');
INSERT OR REPLACE INTO people (id, name, status, level, state, office, crime_description, summary, still_in_office, offense_year, conviction_year, event_date) VALUES ('david-nims', 'David Nims', 'convicted', 'local', 'FL', '', 'Nonconsensual Recording', 'David Nims was the Children''s Director at Calvary Baptist Church in Pensacola, Florida. He was arrested for video voyeurism by an adult responsible for the welfare of a child younger than 16.', NULL, NULL, NULL, '2021-07-21');
INSERT INTO crime_types (person_id, crime_type) VALUES ('david-nims', 'other');
INSERT INTO sources (person_id, url) VALUES ('david-nims', 'https://goppredators.wordpress.com/2023/03/09/619-david-nims/');
INSERT INTO sources (person_id, url) VALUES ('david-nims', 'https://www.pnj.com/story/news/2021/06/08/pensacola-church-youth-director-charged-video-voyeurism-may-face-more-charges/7602242002/');
INSERT INTO sources (person_id, url) VALUES ('david-nims', 'https://www.pnj.com/story/news/2021/07/19/pensacola-youth-director-arrested-again-more-videos-church-restroom-found/8014067002/');
INSERT INTO sources (person_id, url) VALUES ('david-nims', 'https://weartv.com/news/local/following-pensacola-child-directors-3rd-arrest-sheriff-says-more-victims-possible');
INSERT INTO sources (person_id, url) VALUES ('david-nims', 'https://unicourt.com/case/fl-esr-state-of-florida-vs-nims-david-patrick-503639');
INSERT INTO sources (person_id, url) VALUES ('david-nims', 'https://www.pnj.com/story/news/crime/2023/10/06/calvary-baptist-church-director-david-nims-sentenced-to-50-years/71043835007/');
INSERT OR REPLACE INTO people (id, name, status, level, state, office, crime_description, summary, still_in_office, offense_year, conviction_year, event_date) VALUES ('bill-hutchinson', 'Bill Hutchinson', 'charged', 'adjacent', 'TX', '', 'Rape, Sexual Assault', 'Bill Hutchinson is a Dallas, TX, developer and reality TV personality on the Lifetime show Marrying Millions. A young girl has alleged he provided her and other teens alcohol and marijuana.', NULL, NULL, NULL, '2021-08-19');
INSERT INTO crime_types (person_id, crime_type) VALUES ('bill-hutchinson', 'rape');
INSERT INTO crime_types (person_id, crime_type) VALUES ('bill-hutchinson', 'assault');
INSERT INTO sources (person_id, url) VALUES ('bill-hutchinson', 'https://goppredators.wordpress.com/2023/03/09/618-bill-hutchinson/');
INSERT INTO sources (person_id, url) VALUES ('bill-hutchinson', 'https://www.latimes.com/california/story/2021-07-09/marrying-millions-hotel-and-development-mogul-bill-hutchinson-charged-with-rape-in-orange-county');
INSERT INTO sources (person_id, url) VALUES ('bill-hutchinson', 'https://www.dmagazine.com/frontburner/2021/11/the-rise-and-fall-of-virgin-hotel-developer-bill-hutchinson/');
INSERT INTO sources (person_id, url) VALUES ('bill-hutchinson', 'https://www.peoplenewspapers.com/2022/05/13/new-allegation-against-bill-hutchinson/');
INSERT OR REPLACE INTO people (id, name, status, level, state, office, crime_description, summary, still_in_office, offense_year, conviction_year, event_date) VALUES ('karel-ambroz-i', 'Karel Ambroz I', 'charged', 'adjacent', 'IN', '', 'YSolicitation of a Minor', 'Karel Ambroz II was a member of the Walworth Town Board and the Fire Chief. He resigned after being arrested for "Attempted Criminal Sex Act".', NULL, NULL, NULL, '2021-07-17');
INSERT INTO crime_types (person_id, crime_type) VALUES ('karel-ambroz-i', 'solicitation');
INSERT INTO sources (person_id, url) VALUES ('karel-ambroz-i', 'https://goppredators.wordpress.com/2023/03/09/617-karel-ambroz-ii/');
INSERT INTO sources (person_id, url) VALUES ('karel-ambroz-i', 'https://www.whec.com/archive/now-former-walworth-town-board-member-charged-with-attempted-criminal-sex-act/');
INSERT INTO sources (person_id, url) VALUES ('karel-ambroz-i', 'https://spectrumlocalnews.com/nys/rochester/crime/2021/07/28/former-walworth-town-board-member-arraigned-on-attempted-criminal-sex-act-charge');
INSERT OR REPLACE INTO people (id, name, status, level, state, office, crime_description, summary, still_in_office, offense_year, conviction_year, event_date) VALUES ('stephanie-householder', 'Stephanie Householder', 'charged', 'adjacent', 'MO', '', 'Child Abuse, Neglect, Endangerment', 'Stephanie Householder and her husband, Boyd, operated the Circle of Hope Girls Ranch, ostensibly a "Christian boarding school" for unruly girls in Missouri. Missouri is infamous for poorly regulated Christian boarding schools that continue to operate despite authorities knowing that abuse and neglec', NULL, NULL, NULL, '2020-09-16');
INSERT INTO crime_types (person_id, crime_type) VALUES ('stephanie-householder', 'other');
INSERT INTO sources (person_id, url) VALUES ('stephanie-householder', 'https://goppredators.wordpress.com/2023/03/09/616-stephanie-householder/');
INSERT INTO sources (person_id, url) VALUES ('stephanie-householder', 'https://www.kansascity.com/news/state/missouri/article262475087.html');
INSERT INTO sources (person_id, url) VALUES ('stephanie-householder', 'https://www.thedailybeast.com/amanda-householder-explains-how-she-got-her-parents-arrested-for-abusing-teen-girls');
INSERT INTO sources (person_id, url) VALUES ('stephanie-householder', 'https://www.kansascity.com/news/state/missouri/article258909353.html');
INSERT OR REPLACE INTO people (id, name, status, level, state, office, crime_description, summary, still_in_office, offense_year, conviction_year, event_date) VALUES ('boyd-householder', 'Boyd Householder', 'charged', 'adjacent', 'MO', '', 'Child Molestation, Abuse, Trafficking', 'Boyd Householder and his wife Stephanie operated the Circle of Hope Girls Ranch, ostensibly a "Christian boarding school" for unruly girls in Missouri. Missouri is infamous for poorly regulated Christian boarding schools that continue to operate despite authorities knowing that abuse and neglect are', NULL, NULL, NULL, '2020-10-02');
INSERT INTO crime_types (person_id, crime_type) VALUES ('boyd-householder', 'child-molestation');
INSERT INTO crime_types (person_id, crime_type) VALUES ('boyd-householder', 'trafficking');
INSERT INTO sources (person_id, url) VALUES ('boyd-householder', 'https://goppredators.wordpress.com/2023/03/09/615-boyd-householder/');
INSERT INTO sources (person_id, url) VALUES ('boyd-householder', 'https://www.nydailynews.com/news/crime/ny-circle-hope-christian-school-teen-girls-abuse-owners-arrested-20210310-rpriuiwvdfasfkhma5dx456cfm-story.html');
INSERT INTO sources (person_id, url) VALUES ('boyd-householder', 'https://www.stltoday.com/news/local/state-and-regional/sex-trafficking-racketeering-alleged-at-missouri-boarding-school-in-federal-lawsuit/article_9d692e7e-c771-5358-be3a-753329fd16c1.html');
INSERT INTO sources (person_id, url) VALUES ('boyd-householder', 'https://www.ky3.com/2022/06/14/prosecutors-move-combine-cases-cedar-county-couple-charged-with-sex-crimes-boarding-school/');
INSERT OR REPLACE INTO people (id, name, status, level, state, office, crime_description, summary, still_in_office, offense_year, conviction_year, event_date) VALUES ('eric-reinbold', 'Eric Reinbold', 'convicted', 'adjacent', 'MN', '', 'Domestic Violence, Murder', 'Eric Reinbold is a maddening example of the two-tiered justice system. This man got every benefit of being white.', NULL, NULL, 2018, NULL);
INSERT INTO crime_types (person_id, crime_type) VALUES ('eric-reinbold', 'domestic-violence');
INSERT INTO crime_types (person_id, crime_type) VALUES ('eric-reinbold', 'murder');
INSERT INTO sources (person_id, url) VALUES ('eric-reinbold', 'https://goppredators.wordpress.com/2023/03/06/614-eric-reinbold/');
INSERT INTO sources (person_id, url) VALUES ('eric-reinbold', 'https://www.youtube.com/@iNewZTV/search?query=eric%20reinbold');
INSERT INTO sources (person_id, url) VALUES ('eric-reinbold', 'https://lawandcrime.com/crime/man-gets-40-years-in-prison-for-stabbing-wife-whose-body-was-found-by-their-son/');
INSERT INTO sources (person_id, url) VALUES ('eric-reinbold', 'https://www.penningtonsheriff.org/index.php/news/264-eric-james-reinbold-found-guilty-of-second-degree-murder');
INSERT OR REPLACE INTO people (id, name, status, level, state, office, crime_description, summary, still_in_office, offense_year, conviction_year, event_date) VALUES ('phillip-godlewski', 'Phillip Godlewski', 'convicted', 'adjacent', 'PA', 'Coach', 'Solicitation of Minor, Sexual Misconduct', 'Philip Godlewski is a Q-Anon insurrectionist. He made a lot of money in Q-Anon social media and traffic payments for his videos on YouTube, Telegram, and Rumble.', NULL, NULL, NULL, NULL);
INSERT INTO crime_types (person_id, crime_type) VALUES ('phillip-godlewski', 'solicitation');
INSERT INTO sources (person_id, url) VALUES ('phillip-godlewski', 'https://goppredators.wordpress.com/2023/03/05/613-philip-godlewski/');
INSERT INTO sources (person_id, url) VALUES ('phillip-godlewski', 'https://www.thedailybeast.com/qanon-conspiracy-theorist-admitted-to-corrupting-minor?ref=home');
INSERT INTO sources (person_id, url) VALUES ('phillip-godlewski', 'https://www.thedailybeast.com/qanon-leader-phil-godlewski-has-sordid-past-of-his-ownincluding-a-conviction-for-corrupting-a-minor?ref=home');
INSERT OR REPLACE INTO people (id, name, status, level, state, office, crime_description, summary, still_in_office, offense_year, conviction_year, event_date) VALUES ('southern-baptist-convention', 'Southern Baptist Convention', 'alleged', 'adjacent', 'US', 'Pastor', 'Organizational Cover-up', 'The Southern Baptist Convention covered up sexual abuse and protected abusers for years. In 2019, an investigation by the Houston Chronicle and the San Antonio Express revealed around 380 Southern Baptist pastors and church leaders had been accused of sexual abuse and misconduct involving hundreds o', NULL, NULL, NULL, '2022-05-24');
INSERT INTO crime_types (person_id, crime_type) VALUES ('southern-baptist-convention', 'enablement');
INSERT INTO crime_types (person_id, crime_type) VALUES ('southern-baptist-convention', 'organizational-coverup');
INSERT INTO sources (person_id, url) VALUES ('southern-baptist-convention', 'https://goppredators.wordpress.com/2023/03/05/611-southern-baptist-convention/');
INSERT INTO sources (person_id, url) VALUES ('southern-baptist-convention', 'https://www.sbc.net/on-the-release-of-a-list-of-alleged-abusers/');
INSERT INTO sources (person_id, url) VALUES ('southern-baptist-convention', 'https://www.houstonchronicle.com/news/investigations/abuse-of-faith/');
INSERT INTO sources (person_id, url) VALUES ('southern-baptist-convention', 'https://www.mysanantonio.com/news/local/article/Investigation-reveals-700-victims-of-Southern-13602419.php');
INSERT INTO sources (person_id, url) VALUES ('southern-baptist-convention', 'https://www.washingtonpost.com/religion/2022/05/22/southern-baptist-sex-abuse-report/');
INSERT INTO sources (person_id, url) VALUES ('southern-baptist-convention', 'https://www.al.com/news/2021/06/southern-baptist-convention-secret-recordings-reveal-dispute-over-handling-of-sex-abuse.html');
INSERT INTO sources (person_id, url) VALUES ('southern-baptist-convention', 'https://www.nytimes.com/2021/02/23/us/southern-baptist-convention-expels-churches.html');
INSERT OR REPLACE INTO people (id, name, status, level, state, office, crime_description, summary, still_in_office, offense_year, conviction_year, event_date) VALUES ('edward-bullock', 'Edward Bullock', 'convicted', 'local', 'NJ', 'Sheriff', 'Child Rape', 'Edward Bullock was the Sheriff of Warren County, New Jersey from 1982 to 1991. He was caught in a sex sting, pled guilty to official misconduct, and served nine months in jail.', NULL, NULL, NULL, '1992-12-09');
INSERT INTO crime_types (person_id, crime_type) VALUES ('edward-bullock', 'rape');
INSERT INTO sources (person_id, url) VALUES ('edward-bullock', 'https://goppredators.wordpress.com/2023/03/03/610-edward-bullock/');
INSERT INTO sources (person_id, url) VALUES ('edward-bullock', 'https://www.wfmz.com/news/area/western-newjersey/accusers-of-former-warren-county-sheriff-edward-bullock-eager-to-get-day-in-court/article_2e632618-5c77-11ec-82fe-ffb4412a6a3a.html');
INSERT INTO sources (person_id, url) VALUES ('edward-bullock', 'https://www.wfmz.com/news/area/western-newjersey/plaintiff-alleged-victim-of-edward-bullock-takes-the-stand-in-case-against-warren-county/article_06e9adca-eb5e-11ec-b9a0-07001df79f5d.html');
INSERT INTO sources (person_id, url) VALUES ('edward-bullock', 'https://www.lehighvalleylive.com/warren-county/2022/06/it-haunts-you-every-day-man-suing-warren-co-testifies-about-ex-sheriff-raping-him-in-88.html');
INSERT OR REPLACE INTO people (id, name, status, level, state, office, crime_description, summary, still_in_office, offense_year, conviction_year, event_date) VALUES ('doug-litwhiler', 'Doug Litwhiler', 'alleged', 'local', 'PA', '', 'Solicitation of Minor', 'Doug Litwhiler was a Republican candidate for sheriff of Schuylkill County in Pennsylvania. He resigned from the race after allegations surfaced accusing him of pursuing underage girls.', NULL, NULL, NULL, '2021-05-30');
INSERT INTO crime_types (person_id, crime_type) VALUES ('doug-litwhiler', 'solicitation');
INSERT INTO sources (person_id, url) VALUES ('doug-litwhiler', 'https://goppredators.wordpress.com/2023/03/03/609-doug-litwhiler/');
INSERT INTO sources (person_id, url) VALUES ('doug-litwhiler', 'https://www.mcall.com/2021/05/22/schuylkill-county-sheriff-candidate-to-drop-from-race-denies-allegations-against-him-on-social-media-page/');
INSERT INTO sources (person_id, url) VALUES ('doug-litwhiler', 'https://www.wfmz.com/news/area/poconos-coal/schuylkill-sheriff-candidate-sues-4-people-overs-claims-he-sent-inappropriate-messages-to-women/article_97c9a9f6-cb68-11eb-a1cc-e7cf772ce2dc.html');
INSERT INTO sources (person_id, url) VALUES ('doug-litwhiler', 'https://www.tnonline.com/20220103/lawsuit-dismissed-against-schuylkill-sheriff/');
INSERT INTO sources (person_id, url) VALUES ('doug-litwhiler', 'https://www.change.org/p/schuylkill-county-republican-comittee-douglas-litwhiler-is-a-sexual-predator-and-is-unfit-to-serve-as-schuylkill-county-sheriff');
INSERT OR REPLACE INTO people (id, name, status, level, state, office, crime_description, summary, still_in_office, offense_year, conviction_year, event_date) VALUES ('matt-wingard', 'Matt Wingard', 'convicted', 'state', 'OR', '', 'Sexual Misconduct, Sexual Harassment', 'Matt Wingard had two felony indictments for child abuse and pled guilty to criminal assault against a seven-year-old when he was accused by a former aide of giving her alcohol when she was underage (twenty) and pressuring her to have sex. He put her on his payroll and began an affair.', NULL, NULL, NULL, '2012-06-23');
INSERT INTO crime_types (person_id, crime_type) VALUES ('matt-wingard', 'harassment');
INSERT INTO sources (person_id, url) VALUES ('matt-wingard', 'https://goppredators.wordpress.com/2023/03/03/608-matt-wingard/');
INSERT INTO sources (person_id, url) VALUES ('matt-wingard', 'https://www.wweek.com/portland/article-19321-a-violation-of-trust.html');
INSERT INTO sources (person_id, url) VALUES ('matt-wingard', 'https://www.oregonlive.com/argus/2012/07/is_the_oregon_gop_applying_a_d.html');
INSERT INTO sources (person_id, url) VALUES ('matt-wingard', 'https://www.statesmanjournal.com/story/opinion/columnists/dan-lucas/2016/03/21/return-matt-wingard-shock-day/82064968/');
INSERT INTO sources (person_id, url) VALUES ('matt-wingard', 'https://www.wweek.com/news/2018/06/11/oregon-supreme-court-declines-to-hear-former-state-rep-matt-wingards-appeal-on-defamation-case/');
INSERT OR REPLACE INTO people (id, name, status, level, state, office, crime_description, summary, still_in_office, offense_year, conviction_year, event_date) VALUES ('ben-martin', 'Ben Martin', 'alleged', 'adjacent', 'CA', '', 'Domestic Violence', 'Ben Martin is an insurrectionist. He also was an anti-mask protester who harried and impeded people going into stores with a mask on.', NULL, NULL, NULL, '2021-05-09');
INSERT INTO crime_types (person_id, crime_type) VALUES ('ben-martin', 'domestic-violence');
INSERT INTO sources (person_id, url) VALUES ('ben-martin', 'https://goppredators.wordpress.com/2023/03/03/607-ben-martin/');
INSERT INTO sources (person_id, url) VALUES ('ben-martin', 'https://www.fresnobee.com/news/local/article248799595.html');
INSERT INTO sources (person_id, url) VALUES ('ben-martin', 'https://abc30.com/ben-martin-capitol-riot-arrested/11009462/');
INSERT INTO sources (person_id, url) VALUES ('ben-martin', 'https://abc30.com/masks-mask-protest-fresno/10036249/');
INSERT INTO sources (person_id, url) VALUES ('ben-martin', 'https://unicourt.com/case/ca-fre2-joanna-odabashian-vs-benjamin-martin-89287');
INSERT OR REPLACE INTO people (id, name, status, level, state, office, crime_description, summary, still_in_office, offense_year, conviction_year, event_date) VALUES ('jorge-riley', 'Jorge Riley', 'charged', 'adjacent', 'CA', 'Political Activist', 'Child Abuse', 'Jorge Riley is an insurrectionist. He was a GOP activist before joining the coup, very active in support of the homophobic Ballot Measure 8.', NULL, NULL, NULL, '2022-01-06');
INSERT INTO crime_types (person_id, crime_type) VALUES ('jorge-riley', 'other');
INSERT INTO sources (person_id, url) VALUES ('jorge-riley', 'https://goppredators.wordpress.com/2023/03/02/606-jorge-riley/');
INSERT INTO sources (person_id, url) VALUES ('jorge-riley', 'https://www.arcurrent.com/news/2021/03/03/jorge-rileys-path-to-u-s-capitol-insurrection-started-at-arc/');
INSERT INTO sources (person_id, url) VALUES ('jorge-riley', 'https://www.davisvanguard.org/2021/04/sacramento-man-arrested-for-u-s-capitol-insurrection-has-court-about-child-endangerment-charges-bail-250000/');
INSERT INTO sources (person_id, url) VALUES ('jorge-riley', 'https://www.huffpost.com/entry/more-capitol-insurrectionists-histories-violence-against-women_n_60c0f897e4b0b449dc34e0cf');
INSERT OR REPLACE INTO people (id, name, status, level, state, office, crime_description, summary, still_in_office, offense_year, conviction_year, event_date) VALUES ('jesus-blancas', 'Jesus Blancas', 'charged', 'adjacent', 'CA', '', 'Solicitation of Minor, Child Sexual Abuse Material', 'Jesus Blancas was a member of the Grizzly Scouts, part of the Boogaloo movement. The Grizzly Scouts plotted to kill cops so Trump would invoke the Insurrection Act.', NULL, NULL, NULL, '2021-04-13');
INSERT INTO crime_types (person_id, crime_type) VALUES ('jesus-blancas', 'csam');
INSERT INTO crime_types (person_id, crime_type) VALUES ('jesus-blancas', 'assault');
INSERT INTO crime_types (person_id, crime_type) VALUES ('jesus-blancas', 'solicitation');
INSERT INTO sources (person_id, url) VALUES ('jesus-blancas', 'https://goppredators.wordpress.com/2023/03/02/605-jesus-blancas/');
INSERT INTO sources (person_id, url) VALUES ('jesus-blancas', 'https://www.justice.gov/usao-ndca/pr/member-boogaloo-movement-group-charged-enticement-minor-engage-sexual-activity');
INSERT INTO sources (person_id, url) VALUES ('jesus-blancas', 'https://www.cbsnews.com/sanfrancisco/news/boogaloo-movement-member-charged-with-enticing-15-year-old-girl-to-engage-in-sexual-activity/');
INSERT OR REPLACE INTO people (id, name, status, level, state, office, crime_description, summary, still_in_office, offense_year, conviction_year, event_date) VALUES ('andrew-john-jones', 'Andrew John Jones', 'alleged', 'adjacent', 'FL', '', 'Rape/Child Molestation', 'Andrew John Jones was a Seminole County Assistant State Attorney who ran for judicial office. A seventeen-year-old girl was volunteering on his campaign and he raped her.', NULL, NULL, NULL, '2019-09-11');
INSERT INTO crime_types (person_id, crime_type) VALUES ('andrew-john-jones', 'rape');
INSERT INTO crime_types (person_id, crime_type) VALUES ('andrew-john-jones', 'child-molestation');
INSERT INTO sources (person_id, url) VALUES ('andrew-john-jones', 'https://goppredators.wordpress.com/2023/03/02/604-andrew-john-jones/');
INSERT INTO sources (person_id, url) VALUES ('andrew-john-jones', 'https://www.wesh.com/article/former-seminole-county-assistant-state-attorney-enters-plea-on-2-felony-sex-charges/36624673');
INSERT INTO sources (person_id, url) VALUES ('andrew-john-jones', 'https://thespacecoastrocket.com/judicial-candidate-former-prosecutor-admits-sex-with-minor-avoids-jail-time-in-plea-deal/');
INSERT OR REPLACE INTO people (id, name, status, level, state, office, crime_description, summary, still_in_office, offense_year, conviction_year, event_date) VALUES ('mathew-palmer', 'Mathew Palmer', 'convicted', 'state', 'MD', '', 'Child Sexual Abuse Material', 'Mathew Palmer was the former Chief Operating Officer of the Maryland Department of Commerce. Before that, he was an aide to Republican Governor Larry Hogan.', NULL, NULL, NULL, '2021-05-12');
INSERT INTO crime_types (person_id, crime_type) VALUES ('mathew-palmer', 'csam');
INSERT INTO crime_types (person_id, crime_type) VALUES ('mathew-palmer', 'assault');
INSERT INTO sources (person_id, url) VALUES ('mathew-palmer', 'https://goppredators.wordpress.com/2023/03/02/603-mathew-palmer/');
INSERT INTO sources (person_id, url) VALUES ('mathew-palmer', 'https://www.thechesapeaketoday.com/2021/02/04/court-news-key-hogan-official-mathew-palmer-pleads-guilty-to-using-maryland-government-internet-for-child-pornography-distribution-sentenced-to-eight-years-in-prison-for-distribution-of-child-porn-fro/');
INSERT INTO sources (person_id, url) VALUES ('mathew-palmer', 'https://www.baltimoresun.com/politics/bs-md-pol-mathew-palmer-sentenced-20210511-rgmvvu66nrfitpybisxpleasai-story.html');
INSERT INTO sources (person_id, url) VALUES ('mathew-palmer', 'https://foxbaltimore.com/news/local/former-maryland-government-official-used-work-internet-to-access-child-porn');
INSERT OR REPLACE INTO people (id, name, status, level, state, office, crime_description, summary, still_in_office, offense_year, conviction_year, event_date) VALUES ('andrew-chesney', 'Andrew Chesney', 'alleged', 'state', 'IL', 'State Senator', 'Rape Culture', 'Andrew Chesney is an Illinois state senator, but he was a representative in the state House of Representatives when he likened sex education to pornography and perversion. Lack of age appropriate sex education leaves children vulnerable to abuse and predators.', NULL, NULL, NULL, NULL);
INSERT INTO crime_types (person_id, crime_type) VALUES ('andrew-chesney', 'rape');
INSERT INTO crime_types (person_id, crime_type) VALUES ('andrew-chesney', 'harassment');
INSERT INTO sources (person_id, url) VALUES ('andrew-chesney', 'https://goppredators.wordpress.com/2023/03/01/602-andrew-chesney/');
INSERT INTO sources (person_id, url) VALUES ('andrew-chesney', 'https://www.newsweek.com/gop-lawmaker-likens-sex-education-porn-blames-lack-independent-legislative-maps-1596145');
INSERT INTO sources (person_id, url) VALUES ('andrew-chesney', 'https://www.wifr.com/2021/08/24/community-reacts-signing-new-sex-education-bill/');
INSERT INTO sources (person_id, url) VALUES ('andrew-chesney', 'https://web.archive.org/web/20220815153151/https://repchesney.com/2021/05/28/rep-andrew-chesney-characterizes-sex-ed-bill-for-schoolchildren-as-perversion/');
INSERT OR REPLACE INTO people (id, name, status, level, state, office, crime_description, summary, still_in_office, offense_year, conviction_year, event_date) VALUES ('rich-dennis', 'Rich Dennis', 'alleged', 'adjacent', 'TX', 'Lobbyist', 'Sexual Harassment', 'Rick Dennis is a lobbyist at HillCo Partners in Austin, Texas. Before that he worked as a staffer for Republican Rep.', NULL, NULL, NULL, '2021-05-03');
INSERT INTO crime_types (person_id, crime_type) VALUES ('rich-dennis', 'harassment');
INSERT INTO sources (person_id, url) VALUES ('rich-dennis', 'https://goppredators.wordpress.com/2023/03/01/601-rick-dennis/');
INSERT INTO sources (person_id, url) VALUES ('rich-dennis', 'https://www.texastribune.org/2021/05/26/texas-lobbyist-rick-dennis-legislature-sexual-harassment/');
INSERT INTO sources (person_id, url) VALUES ('rich-dennis', 'https://www.kxan.com/wp-content/uploads/sites/40/2021/05/Statement-from-Julie-Young-5.26.21.pdf');
INSERT INTO sources (person_id, url) VALUES ('rich-dennis', 'https://cbsaustin.com/news/local/dps-report-capital-date-rape-drug-allegations-finds-woman-lied-to-cover-up-sexual-affair');
INSERT OR REPLACE INTO people (id, name, status, level, state, office, crime_description, summary, still_in_office, offense_year, conviction_year, event_date) VALUES ('sean-mchugh', 'Sean McHugh', 'convicted', 'adjacent', 'CA', '', 'Rape', 'Sean McHugh is an insurrectionist. On January 6th, he had a megaphone which he used to accuse the Capitol Police of protecting pedophiles.', NULL, NULL, NULL, '2022-12-01');
INSERT INTO crime_types (person_id, crime_type) VALUES ('sean-mchugh', 'rape');
INSERT INTO sources (person_id, url) VALUES ('sean-mchugh', 'https://goppredators.wordpress.com/2023/03/01/600-sean-mchugh/');
INSERT INTO sources (person_id, url) VALUES ('sean-mchugh', 'https://news.yahoo.com/accused-capitol-rioter-yelled-police-145625551.html');
INSERT INTO sources (person_id, url) VALUES ('sean-mchugh', 'https://goldcountrymedia.com/news/33951/local-man-will-be-sentenced-for-sex-with-minor/');
INSERT OR REPLACE INTO people (id, name, status, level, state, office, crime_description, summary, still_in_office, offense_year, conviction_year, event_date) VALUES ('danny-hamrick', 'Danny Hamrick', 'alleged', 'adjacent', 'WV', '', 'Sexual Harassment', 'Danny Hamrick was a member of the West Virginia House of Delegates until he lost his seat to redistricting. While in the House, he was forced to resign from the House Education Committee as punishment for a consensual affair with an intern that violated the House of Delegates sexual harassment polic', NULL, NULL, NULL, '2019-05-02');
INSERT INTO crime_types (person_id, crime_type) VALUES ('danny-hamrick', 'harassment');
INSERT INTO sources (person_id, url) VALUES ('danny-hamrick', 'https://goppredators.wordpress.com/2023/03/01/599-danny-hamrick/');
INSERT INTO sources (person_id, url) VALUES ('danny-hamrick', 'https://wvmetronews.com/2019/05/01/hamricks-relationship-with-female-staff-intern-triggered-resignation/');
INSERT INTO sources (person_id, url) VALUES ('danny-hamrick', 'https://www.theintelligencer.net/opinion/local-columns/2019/05/we-have-own-intern-scandal/');
INSERT OR REPLACE INTO people (id, name, status, level, state, office, crime_description, summary, still_in_office, offense_year, conviction_year, event_date) VALUES ('rocky-miller', 'Rocky Miller', 'alleged', 'adjacent', 'MO', '', 'Sexual Harassment', 'Rocky Miller was a Republican representative in the Missouri House. An independent investigation commissioned by the House Ethics Committee found that he created a false rumor implicating another representative, accusing him of having an affair with a legislative employee.', NULL, NULL, NULL, '2019-04-06');
INSERT INTO crime_types (person_id, crime_type) VALUES ('rocky-miller', 'harassment');
INSERT INTO sources (person_id, url) VALUES ('rocky-miller', 'https://goppredators.wordpress.com/2023/03/01/598-rocky-miller/');
INSERT INTO sources (person_id, url) VALUES ('rocky-miller', 'https://www.newstribune.com/news/2019/apr/05/report-says-missouri-rep-rocky-miller-created-fals/');
INSERT INTO sources (person_id, url) VALUES ('rocky-miller', 'https://krcgtv.com/news/local/speaker-discipline-done-for-missouri-lawmaker-over-rumor');
INSERT OR REPLACE INTO people (id, name, status, level, state, office, crime_description, summary, still_in_office, offense_year, conviction_year, event_date) VALUES ('brian-bosma', 'Brian Bosma', 'alleged', 'federal', 'IN', '', 'Coercion, Intimidation', 'Brian Bosma was the Speaker of the House in Indiana for six terms. He retired from the legislature in 2020.', NULL, NULL, NULL, '2018-11-02');
INSERT INTO crime_types (person_id, crime_type) VALUES ('brian-bosma', 'other');
INSERT INTO sources (person_id, url) VALUES ('brian-bosma', 'https://goppredators.wordpress.com/2023/03/01/597-brian-bosma/');
INSERT INTO sources (person_id, url) VALUES ('brian-bosma', 'https://apnews.com/article/e3326a3a4abc468b9b6c900237e36dea');
INSERT INTO sources (person_id, url) VALUES ('brian-bosma', 'https://www.nuvo.net/news/republicans-express-support-for-speaker-brian-bosma-after-recent-allegations/article_9e91cbda-ce34-11e8-8b4d-eff97e5076bc.html');
INSERT INTO sources (person_id, url) VALUES ('brian-bosma', 'https://www.indystar.com/story/news/politics/elections/2018/10/10/brian-bosma-tried-intimidate-former-intern-kandy-green-over-alleged-sexual-encounter-she-claims/1537381002/');
INSERT OR REPLACE INTO people (id, name, status, level, state, office, crime_description, summary, still_in_office, offense_year, conviction_year, event_date) VALUES ('james-montgomery', 'James Montgomery', 'convicted', 'local', 'TX', 'Mayor', 'Solicitation of a Minor', 'James “Monte” Montgomery was the mayor of Athens, Texas. He bragged that the reason he won was because he was the most conservative candidate.', NULL, NULL, NULL, '2021-06-06');
INSERT INTO crime_types (person_id, crime_type) VALUES ('james-montgomery', 'solicitation');
INSERT INTO sources (person_id, url) VALUES ('james-montgomery', 'https://goppredators.wordpress.com/2023/03/01/596-james-montgomery/');
INSERT INTO sources (person_id, url) VALUES ('james-montgomery', 'https://www.inforney.com/crime/pc-affidavit-former-athens-mayor-monte-montgomery-allegedly-offered-to-pay-14-year-old-for/article_67dd04ee-ca47-11eb-882e-ef3ea0db36b3.html');
INSERT INTO sources (person_id, url) VALUES ('james-montgomery', 'https://tylerpaper.com/news/local/athens-mayor-resigns-after-soliciting-minors-arrest/article_3dc8301a-c4df-11eb-9b0a-13054127faca.html');
INSERT INTO sources (person_id, url) VALUES ('james-montgomery', 'https://www.ketk.com/news/local-news/former-athens-mayor-pleads-guilty-to-sending-explicit-messages-to-a-minor/');
INSERT OR REPLACE INTO people (id, name, status, level, state, office, crime_description, summary, still_in_office, offense_year, conviction_year, event_date) VALUES ('ryan-samsel', 'Ryan Samsel', 'charged', 'adjacent', 'PA', '', 'Assault, Domestic Violence, Rape', 'Ryan Samsel is an insurrectionist. He is accused of assaulting several officers during the insurrection and leaving one of them with a concussion.', NULL, NULL, NULL, '2021-06-05');
INSERT INTO crime_types (person_id, crime_type) VALUES ('ryan-samsel', 'rape');
INSERT INTO crime_types (person_id, crime_type) VALUES ('ryan-samsel', 'domestic-violence');
INSERT INTO sources (person_id, url) VALUES ('ryan-samsel', 'https://goppredators.wordpress.com/2023/03/01/595-ryan-samsel/');
INSERT INTO sources (person_id, url) VALUES ('ryan-samsel', 'https://www.thedailybeast.com/ryan-samsel-rioter-who-gave-capitol-cop-a-concussion-has-horrific-history-of-beating-women?ref=home');
INSERT INTO sources (person_id, url) VALUES ('ryan-samsel', 'https://storage.courtlistener.com/recap/gov.uscourts.dcd.226870/gov.uscourts.dcd.226870.25.0.pdf');
INSERT INTO sources (person_id, url) VALUES ('ryan-samsel', 'https://www.mcall.com/2021/06/02/feds-argue-history-of-violence-toward-women-should-keep-bucks-county-man-charged-in-capitol-riot-behind-bars/');
INSERT OR REPLACE INTO people (id, name, status, level, state, office, crime_description, summary, still_in_office, offense_year, conviction_year, event_date) VALUES ('chad-perkins', 'Chad Perkins', 'alleged', 'state', 'MO', 'Police Officer', 'Rape, Abuse of Power', 'Chad Perkins is a radio host and a Republican representative in the Missouri state legislature. He is a former police officer.', NULL, NULL, NULL, '2021-05-29');
INSERT INTO crime_types (person_id, crime_type) VALUES ('chad-perkins', 'rape');
INSERT INTO sources (person_id, url) VALUES ('chad-perkins', 'https://goppredators.wordpress.com/2023/03/01/594-chad-perkins/');
INSERT INTO sources (person_id, url) VALUES ('chad-perkins', 'https://www.stltoday.com/news/local/crime-and-courts/report-alleges-missouri-lawmaker-had-sex-with-teen-when-he-was-a-cop/article_ef1ad1be-704d-5654-a044-c9e6eed7d7ac.html');
INSERT INTO sources (person_id, url) VALUES ('chad-perkins', 'https://apnews.com/article/mo-state-wire-only-on-ap-africa-michael-brown-97c59eff4b18b05d8eea915167b08e65');
INSERT OR REPLACE INTO people (id, name, status, level, state, office, crime_description, summary, still_in_office, offense_year, conviction_year, event_date) VALUES ('kyle-tasker', 'Kyle Tasker', 'convicted', 'state', 'NH', 'State Representative', 'Solicitation of a Minor', 'Kyle Tasker was a Republican state representative in New Hampshire. He met a fourteen-year-old girl at a community breakfast and began sending her texts asking her to meet with him and promising her drugs and alcohol.', NULL, NULL, NULL, NULL);
INSERT INTO crime_types (person_id, crime_type) VALUES ('kyle-tasker', 'solicitation');
INSERT INTO sources (person_id, url) VALUES ('kyle-tasker', 'https://goppredators.wordpress.com/2023/03/01/593-kyle-tasker/');
INSERT INTO sources (person_id, url) VALUES ('kyle-tasker', 'https://www.concordmonitor.com/Kyle-Tasker-pleads-guilty-to-drugs-sex-solicitation-charges-9680339');
INSERT INTO sources (person_id, url) VALUES ('kyle-tasker', 'https://business.nh.gov/NSOR/Display.aspx?offenderID=6586');
INSERT INTO sources (person_id, url) VALUES ('kyle-tasker', 'https://www.concordmonitor.com/Judge-rules-against-more-time-for-Kyle-Tasker-32044358');
INSERT OR REPLACE INTO people (id, name, status, level, state, office, crime_description, summary, still_in_office, offense_year, conviction_year, event_date) VALUES ('george-halcovage', 'George Halcovage', 'alleged', 'local', 'PA', '', 'Sexual Harassment', 'George Halcovage is a Schuykill County, Pennsylvania Commissioner. Four women employed by the county filed a lawsuit claiming he had sexually harassed them for years and their complaints were met with retaliation.', NULL, NULL, NULL, '2021-04-25');
INSERT INTO crime_types (person_id, crime_type) VALUES ('george-halcovage', 'harassment');
INSERT INTO sources (person_id, url) VALUES ('george-halcovage', 'https://goppredators.wordpress.com/2023/03/01/592-george-halcovage/');
INSERT INTO sources (person_id, url) VALUES ('george-halcovage', 'https://www.wnep.com/article/news/local/schuylkill-county/more-charges-filed-against-schuykill-county-commissioner/523-734c5d8e-258d-4582-a448-eb34cca9f365');
INSERT INTO sources (person_id, url) VALUES ('george-halcovage', 'https://www.wnep.com/article/news/local/schuylkill-county/settlement-in-halcovage-lawsuit-george-schuylkill-county-commissioner-sexual-harassment/523-564fc179-021f-4513-b0b1-de119b8c7f66');
INSERT INTO sources (person_id, url) VALUES ('george-halcovage', 'https://www.justice.gov/opa/pr/justice-department-secures-resolution-sexual-harassment-lawsuit-against-schuylkill-county');
INSERT OR REPLACE INTO people (id, name, status, level, state, office, crime_description, summary, still_in_office, offense_year, conviction_year, event_date) VALUES ('adam-hageman', 'Adam Hageman', 'convicted', 'adjacent', 'DC', '', 'Chile Sexual Abuse Materia', 'Adam Hageman was a Trump administration appointee to the Commerce Department. Before that, he worked for Turning Point USA, an extremist group organizing on college campuses.', NULL, NULL, NULL, '2022-04-14');
INSERT INTO crime_types (person_id, crime_type) VALUES ('adam-hageman', 'assault');
INSERT INTO sources (person_id, url) VALUES ('adam-hageman', 'https://goppredators.wordpress.com/2023/03/01/591-adam-hageman/');
INSERT INTO sources (person_id, url) VALUES ('adam-hageman', 'https://www.politico.com/news/2021/03/05/trump-commerce-official-arrested-473906');
INSERT INTO sources (person_id, url) VALUES ('adam-hageman', 'https://www.yahoo.com/news/former-trump-aide-jailed-admitting-203627004.html');
INSERT INTO sources (person_id, url) VALUES ('adam-hageman', 'https://www.businessinsider.com/former-trump-commerce-official-pleads-guilty-child-porn-charge-2022-10');
INSERT OR REPLACE INTO people (id, name, status, level, state, office, crime_description, summary, still_in_office, offense_year, conviction_year, event_date) VALUES ('mack-charles-andrews', 'Mack Charles Andrews', 'convicted', 'adjacent', 'AL', 'Pastor', 'Child Molestation, Child Rape and Torture', 'Mack Charles Andrews was the pastor of the United Pentecostal Church in Thomasville, Alabama. I confess what this man did has haunted me.', NULL, NULL, NULL, '2015-11-17');
INSERT INTO crime_types (person_id, crime_type) VALUES ('mack-charles-andrews', 'rape');
INSERT INTO crime_types (person_id, crime_type) VALUES ('mack-charles-andrews', 'child-molestation');
INSERT INTO sources (person_id, url) VALUES ('mack-charles-andrews', 'https://goppredators.wordpress.com/2023/02/28/590-mack-charles-andrews/');
INSERT INTO sources (person_id, url) VALUES ('mack-charles-andrews', 'https://www.al.com/news/2021/05/alabama-pastor-sentenced-to-15-years-in-prison-for-raping-children-released-after-5-years.html');
INSERT INTO sources (person_id, url) VALUES ('mack-charles-andrews', 'https://www.al.com/topic/mack%20charles%20andrews/');
INSERT INTO sources (person_id, url) VALUES ('mack-charles-andrews', 'https://ministrywatch.com/alabama-pastor-released-after-serving-one-third-of-prison-sentence/');
INSERT OR REPLACE INTO people (id, name, status, level, state, office, crime_description, summary, still_in_office, offense_year, conviction_year, event_date) VALUES ('anthony-bouchard', 'Anthony Bouchard', 'alleged', 'state', 'WY', 'State Senator', 'Sexual Misconduct', 'Anthony Bouchard is a Wyoming State Senator. He also ran in the 2022 primary for U.', NULL, NULL, NULL, '2021-05-22');
INSERT INTO crime_types (person_id, crime_type) VALUES ('anthony-bouchard', 'other');
INSERT INTO sources (person_id, url) VALUES ('anthony-bouchard', 'https://goppredators.wordpress.com/2023/02/28/589-anthony-bouchard/');
INSERT INTO sources (person_id, url) VALUES ('anthony-bouchard', 'https://trib.com/news/state-and-regional/govt-and-politics/us-house-candidate-bouchard-says-he-impregnated-14-year-old-when-he-was-18/article_c3996062-e6ad-5027-96a9-1bcd0f832eda.html');
INSERT INTO sources (person_id, url) VALUES ('anthony-bouchard', 'https://www.ny1.com/nyc/all-boroughs/news/2021/05/21/anthony-bouchard-impregnated-14-year-old-cheney-challenger');
INSERT OR REPLACE INTO people (id, name, status, level, state, office, crime_description, summary, still_in_office, offense_year, conviction_year, event_date) VALUES ('t-elliott-welch', 'T. Elliott Welch', 'convicted', 'adjacent', 'NC', 'Pastor', 'Child Sexual Abuse Material', 'T. Elliott Welch was a Baptist pastor in Forsyth County, North Carolina.', NULL, NULL, NULL, '2021-08-26');
INSERT INTO crime_types (person_id, crime_type) VALUES ('t-elliott-welch', 'csam');
INSERT INTO crime_types (person_id, crime_type) VALUES ('t-elliott-welch', 'assault');
INSERT INTO sources (person_id, url) VALUES ('t-elliott-welch', 'https://goppredators.wordpress.com/2023/02/28/588-t-elliott-welch/');
INSERT INTO sources (person_id, url) VALUES ('t-elliott-welch', 'https://www.christianpost.com/news/baptist-pastor-allegedly-copied-video-showing-girl-being-raped.html');
INSERT INTO sources (person_id, url) VALUES ('t-elliott-welch', 'https://myfox8.com/news/north-carolina/piedmont-triad/forsyth-county-former-minister-faces-new-charges-in-child-pornography-investigation/');
INSERT INTO sources (person_id, url) VALUES ('t-elliott-welch', 'https://journalnow.com/news/local/crime-and-courts/former-forsyth-minister-said-stress-from-covid-19-pandemic-led-him-down-dark-path-to/article_65f4f000-94dc-11ec-82f3-3fbfbabdecdc.html');
INSERT OR REPLACE INTO people (id, name, status, level, state, office, crime_description, summary, still_in_office, offense_year, conviction_year, event_date) VALUES ('mark-samsel', 'Mark Samsel', 'charged', 'state', 'KS', 'State Representative', 'Assault', 'Mark Samsel was a Kansas state representative. He also worked as a substitute teacher until one day he began ranting about god, the Bible, suicide, and masturbation.', NULL, NULL, NULL, '2021-09-14');
INSERT INTO crime_types (person_id, crime_type) VALUES ('mark-samsel', 'other');
INSERT INTO sources (person_id, url) VALUES ('mark-samsel', 'https://goppredators.wordpress.com/2023/02/28/587-mark-samsel/');
INSERT INTO sources (person_id, url) VALUES ('mark-samsel', 'https://www.mercurynews.com/2021/09/14/kansas-lawmaker-accused-of-kicking-teen-in-the-groin-while-teaching-an-art-class/');
INSERT INTO sources (person_id, url) VALUES ('mark-samsel', 'https://www.nbcnews.com/news/us-news/kansas-lawmaker-charged-kicking-student-groin-pleads-guilty-disorderly-conduct-n1279105');
INSERT INTO sources (person_id, url) VALUES ('mark-samsel', 'https://www.mercurynews.com/2021/09/14/kansas-lawmaker-accused-of-kicking-teen-in-the-groin-while-teaching-an-art-class/?share=facebook&amp;nb=1');
INSERT OR REPLACE INTO people (id, name, status, level, state, office, crime_description, summary, still_in_office, offense_year, conviction_year, event_date) VALUES ('david-dewhurst', 'David Dewhurst', 'charged', 'state', 'TX', '', 'Domestic Violence', 'David Dewhurst was the Lieutenant Governor of Texas before he lost to Dan Patrick. He also lost the GOP Senate primary to Ted Cruz.', NULL, NULL, NULL, '2021-04-16');
INSERT INTO crime_types (person_id, crime_type) VALUES ('david-dewhurst', 'domestic-violence');
INSERT INTO sources (person_id, url) VALUES ('david-dewhurst', 'https://goppredators.wordpress.com/2023/02/28/586-david-dewhurst/');
INSERT INTO sources (person_id, url) VALUES ('david-dewhurst', 'https://www.kcbd.com/2021/04/14/former-texas-lt-gov-david-dewhurst-arrested-domestic-violence-charge/');
INSERT INTO sources (person_id, url) VALUES ('david-dewhurst', 'https://www.nbcdfw.com/news/local/dallas-county-da-drops-family-violence-case-against-former-lt-gov-david-dewhurst/2632697/');
INSERT OR REPLACE INTO people (id, name, status, level, state, office, crime_description, summary, still_in_office, offense_year, conviction_year, event_date) VALUES ('rodney-wren', 'Rodney Wren', 'convicted', 'local', 'KS', 'City Councilmember', 'Sexual Misconduct, Sexual Harassment', 'Rodney Wren was a speechwriter for Mike Pompeo . He also was a Republican candidate for the Kansas House and for Wichita City Council.', NULL, NULL, NULL, '2020-06-04');
INSERT INTO crime_types (person_id, crime_type) VALUES ('rodney-wren', 'harassment');
INSERT INTO sources (person_id, url) VALUES ('rodney-wren', 'https://goppredators.wordpress.com/2023/02/28/585-rodney-wren/');
INSERT INTO sources (person_id, url) VALUES ('rodney-wren', 'https://www.kwch.com/content/news/Wichita-speech-writer-weighs-in-on-Melania-Trump-speech-controversy-387538471.html');
INSERT INTO sources (person_id, url) VALUES ('rodney-wren', 'https://apnews.com/article/6b1e5b11a0a5af3a707441a818cef119');
INSERT INTO sources (person_id, url) VALUES ('rodney-wren', 'https://www.kansas.com/news/local/crime/article253483664.html');
INSERT INTO sources (person_id, url) VALUES ('rodney-wren', 'https://www.ksn.com/news/crime/wichita-collegiate-teacher-arrested-on-suspicion-of-sexual-relations-with-a-student/');
INSERT OR REPLACE INTO people (id, name, status, level, state, office, crime_description, summary, still_in_office, offense_year, conviction_year, event_date) VALUES ('priscilla-giddings', 'Priscilla Giddings', 'alleged', 'state', 'ID', 'State Representative', 'Rape Culture, Retaliation', 'Priscilla Giddings is an extreme right state representative in Idaho. When Aaron von Ehlinger was accused of rape, several of his supporters accused the teenage intern of lying.', NULL, NULL, NULL, '2022-01-27');
INSERT INTO crime_types (person_id, crime_type) VALUES ('priscilla-giddings', 'rape');
INSERT INTO crime_types (person_id, crime_type) VALUES ('priscilla-giddings', 'harassment');
INSERT INTO sources (person_id, url) VALUES ('priscilla-giddings', 'https://goppredators.wordpress.com/2023/02/28/584-priscilla-giddings/');
INSERT INTO sources (person_id, url) VALUES ('priscilla-giddings', 'https://www.nytimes.com/2021/11/17/us/priscilla-giddings-idaho-doxxing.html');
INSERT INTO sources (person_id, url) VALUES ('priscilla-giddings', 'https://idahocapitalsun.com/2021/11/15/idaho-house-votes-49-19-to-censure-rep-priscilla-giddings/');
INSERT OR REPLACE INTO people (id, name, status, level, state, office, crime_description, summary, still_in_office, offense_year, conviction_year, event_date) VALUES ('aaron-von-ehlinger', 'Aaron von Ehlinger', 'convicted', 'state', 'ID', 'State Representative', 'Rape', 'Aaron von Ehlinger was an Idaho Republican State Representative. He was accused of rape by a nineteen-year-old intern and eventually convicted.', NULL, NULL, NULL, '2022-05-01');
INSERT INTO crime_types (person_id, crime_type) VALUES ('aaron-von-ehlinger', 'rape');
INSERT INTO sources (person_id, url) VALUES ('aaron-von-ehlinger', 'https://goppredators.wordpress.com/2023/02/28/583-aaron-von-ehlinger/');
INSERT INTO sources (person_id, url) VALUES ('aaron-von-ehlinger', 'https://www.boisestatepublicradio.org/politics-government/2021-04-27/house-gop-leaders-lawmaker-facing-rape-allegation-made-other-women-feel-uncomfortable');
INSERT INTO sources (person_id, url) VALUES ('aaron-von-ehlinger', 'https://www.washingtonpost.com/nation/2021/04/28/idaho-aaron-von-ehlinger-rape/');
INSERT INTO sources (person_id, url) VALUES ('aaron-von-ehlinger', 'https://idahocapitalsun.com/2022/08/31/former-idaho-rep-aaron-von-ehlinger-sentenced-to-at-least-8-years-in-prison-for-rape/');
INSERT OR REPLACE INTO people (id, name, status, level, state, office, crime_description, summary, still_in_office, offense_year, conviction_year, event_date) VALUES ('jean-evans', 'Jean Evans', 'alleged', 'adjacent', 'MO', '', 'Rape Culture', 'Jean Evans was the president of the Missouri Republican Party when it refused to advocate for a different candidate after Rick Roeber was revealed to be a child molester. Her statement was stunning, saying "people do strange things when they''re grieving." In this interview she suggests people should', NULL, NULL, NULL, NULL);
INSERT INTO crime_types (person_id, crime_type) VALUES ('jean-evans', 'rape');
INSERT INTO crime_types (person_id, crime_type) VALUES ('jean-evans', 'harassment');
INSERT INTO sources (person_id, url) VALUES ('jean-evans', 'https://goppredators.wordpress.com/2023/02/28/582-jean-evans/');
INSERT OR REPLACE INTO people (id, name, status, level, state, office, crime_description, summary, still_in_office, offense_year, conviction_year, event_date) VALUES ('republican-party', 'Republican Party', 'alleged', 'state', 'MO', '', 'Rape Culture', 'The Missouri Republican Party deserves special condemnation for continuing to support the re-election of Rick Roeber despite his children coming forward and revealing how he abused and molested them through their childhood, allegations they made twenty years earlier as well. The party decided to sup', NULL, NULL, NULL, '2020-12-13');
INSERT INTO crime_types (person_id, crime_type) VALUES ('republican-party', 'rape');
INSERT INTO crime_types (person_id, crime_type) VALUES ('republican-party', 'harassment');
INSERT INTO sources (person_id, url) VALUES ('republican-party', 'https://goppredators.wordpress.com/2023/02/28/581-missouri-republican-party/');
INSERT INTO sources (person_id, url) VALUES ('republican-party', 'https://www.kansascity.com/news/politics-government/article250818234.html#');
INSERT INTO sources (person_id, url) VALUES ('republican-party', 'https://www.missouridemocrats.org/missouri-republican-party-governor-parson-still-mum-on-rick-roeber');
INSERT OR REPLACE INTO people (id, name, status, level, state, office, crime_description, summary, still_in_office, offense_year, conviction_year, event_date) VALUES ('martin-marty-peterson', 'Martin (Marty) Peterson', 'convicted', 'state', 'ID', '', 'Child Sexual Abuse Material', 'Martin (Marty) Peterson was the Idaho State Budget Director with a long history in Republican political circles, working for Senator Frank Church, Governors Andrus and Evans. That may be why he got 90 days in jail and a ten-year suspended sentence despite pleading guilty to two counts of possessing', NULL, NULL, NULL, '2020-01-09');
INSERT INTO crime_types (person_id, crime_type) VALUES ('martin-marty-peterson', 'csam');
INSERT INTO crime_types (person_id, crime_type) VALUES ('martin-marty-peterson', 'assault');
INSERT INTO sources (person_id, url) VALUES ('martin-marty-peterson', 'https://goppredators.wordpress.com/2023/02/27/580-martin-marty-peterson/');
INSERT INTO sources (person_id, url) VALUES ('martin-marty-peterson', 'https://www.ktvb.com/article/news/crime/marty-martin-peterson-sentencing-child-pornography-charges/277-ac8762af-007f-4794-a7aa-37d229126a4d');
INSERT INTO sources (person_id, url) VALUES ('martin-marty-peterson', 'https://www.idahostatesman.com/news/local/crime/article243798597.html');
INSERT OR REPLACE INTO people (id, name, status, level, state, office, crime_description, summary, still_in_office, offense_year, conviction_year, event_date) VALUES ('gary-caplinger', 'Gary Caplinger', 'convicted', 'local', 'TX', 'Mayor', 'Child Sexual Abuse Material', 'Gary Caplinger was a member of Allen, Texas, city council and was serving as Mayor pro tem when he resigned after being charged with possessing and intending to distribute child sexual abuse material. He pleaded guilty to two counts, possession and intent to distribute, for which he received five ye', NULL, NULL, NULL, '2022-04-21');
INSERT INTO crime_types (person_id, crime_type) VALUES ('gary-caplinger', 'csam');
INSERT INTO crime_types (person_id, crime_type) VALUES ('gary-caplinger', 'assault');
INSERT INTO sources (person_id, url) VALUES ('gary-caplinger', 'https://goppredators.wordpress.com/2023/02/27/579-gary-caplinger/');
INSERT INTO sources (person_id, url) VALUES ('gary-caplinger', 'https://starlocalmedia.com/allenamerican/allen-mayor-pro-tem-gary-caplinger-resigns-amid-child-pornography-allegations/article_f292fec4-7216-11eb-bff4-9b7cf1cc4306.html');
INSERT INTO sources (person_id, url) VALUES ('gary-caplinger', 'https://starlocalmedia.com/allenamerican/inside-the-courtroom-judge-we-believe-that-at-the-end-of-this-the-evidence-will/article_7f7b402c-c4bd-11ec-9de1-0f51de92433a.html');
INSERT INTO sources (person_id, url) VALUES ('gary-caplinger', 'https://starlocalmedia.com/allenamerican/former-allen-mayor-pro-tem-gary-caplinger-pleads-guilty-on-two-counts-of-possession-of/article_9a0e31bc-c1a5-11ec-9f1a-f7e32d04b4f8.html');
INSERT OR REPLACE INTO people (id, name, status, level, state, office, crime_description, summary, still_in_office, offense_year, conviction_year, event_date) VALUES ('rickey-williams', 'Rickey Williams', 'charged', 'adjacent', 'PA', 'Police Officer', 'Child Sexual Abuse Material', 'Rickey Williams is an insurrectionist. His daughter is Riley Williams, the woman who stole Rep.', NULL, NULL, NULL, NULL);
INSERT INTO crime_types (person_id, crime_type) VALUES ('rickey-williams', 'csam');
INSERT INTO crime_types (person_id, crime_type) VALUES ('rickey-williams', 'assault');
INSERT INTO sources (person_id, url) VALUES ('rickey-williams', 'https://goppredators.wordpress.com/2023/02/27/578-rickey-williams/');
INSERT INTO sources (person_id, url) VALUES ('rickey-williams', 'https://www.abc27.com/local-news/dauphin-county-security-officer-facing-charges-related-to-child-pornography/');
INSERT INTO sources (person_id, url) VALUES ('rickey-williams', 'https://hacchawkeye.com/2183/news/dauphin-county-security-officer-faces-child-pornography-related-charges/');
INSERT OR REPLACE INTO people (id, name, status, level, state, office, crime_description, summary, still_in_office, offense_year, conviction_year, event_date) VALUES ('eric-lipman', 'Eric Lipman', 'convicted', 'adjacent', 'FL', '', 'Child Sexual Abuse Material', 'Eric Lipman was General Counsel for the Florida Elections Commission. He was arrested for eleven counts of possessing child pornography, more accurately called child sexual abuse material.', NULL, NULL, NULL, '2022-04-10');
INSERT INTO crime_types (person_id, crime_type) VALUES ('eric-lipman', 'csam');
INSERT INTO crime_types (person_id, crime_type) VALUES ('eric-lipman', 'assault');
INSERT INTO sources (person_id, url) VALUES ('eric-lipman', 'https://goppredators.wordpress.com/2023/02/27/577-eric-lipman/');
INSERT INTO sources (person_id, url) VALUES ('eric-lipman', 'https://www.tallahassee.com/story/news/2021/04/09/eric-lipman-elections-florida-commission-attorney-arrested-child-porn-charges/7165096002/');
INSERT INTO sources (person_id, url) VALUES ('eric-lipman', 'https://www.justice.gov/usao-ndfl/pr/former-florida-election-commission-attorney-sentenced-72-months-federal-prison');
INSERT OR REPLACE INTO people (id, name, status, level, state, office, crime_description, summary, still_in_office, offense_year, conviction_year, event_date) VALUES ('dominic-foppoli', 'Dominic Foppoli', 'alleged', 'local', 'CA', 'Mayor', 'Rape', 'Dominic Foppoli was the mayor of Windsor, California. He was accused of sexual assault by four women, then a fifth, then more than a dozen.', NULL, NULL, NULL, '2021-05-28');
INSERT INTO crime_types (person_id, crime_type) VALUES ('dominic-foppoli', 'rape');
INSERT INTO sources (person_id, url) VALUES ('dominic-foppoli', 'https://goppredators.wordpress.com/2023/02/27/576-dominic-foppoli/');
INSERT INTO sources (person_id, url) VALUES ('dominic-foppoli', 'https://www.sfchronicle.com/local/dominic-foppoli/');
INSERT INTO sources (person_id, url) VALUES ('dominic-foppoli', 'https://www.sfchronicle.com/projects/2021/windsor-mayor-dominic-foppoli-sexual-assault-allegations/');
INSERT INTO sources (person_id, url) VALUES ('dominic-foppoli', 'https://www.sfchronicle.com/local/article/Fifth-woman-accuses-Windsor-Mayor-Dominic-Foppoli-16091816.php');
INSERT INTO sources (person_id, url) VALUES ('dominic-foppoli', 'https://www.sfchronicle.com/bayarea/article/dominic-foppoli-farrah-abraham-17758198.php');
INSERT OR REPLACE INTO people (id, name, status, level, state, office, crime_description, summary, still_in_office, offense_year, conviction_year, event_date) VALUES ('james-clendenin', 'James Clendenin', 'alleged', 'local', 'KS', 'Mayor', 'Rape Culture', 'James Clendenin was a Republican member of the Wichita City Council when he conspired with Michael O’Donnell and Michael Capps to defame Brandon Whipple in order to keep him from winning the Wichita Mayor''s race. They failed which James Clendenin has proffered as a defense in his trial, suggesting t', NULL, NULL, NULL, NULL);
INSERT INTO crime_types (person_id, crime_type) VALUES ('james-clendenin', 'rape');
INSERT INTO crime_types (person_id, crime_type) VALUES ('james-clendenin', 'harassment');
INSERT INTO sources (person_id, url) VALUES ('james-clendenin', 'https://goppredators.wordpress.com/2023/02/27/575-james-clendenin/');
INSERT INTO sources (person_id, url) VALUES ('james-clendenin', 'https://www.wichita.gov/News/Pages/2020-12-22a.aspx');
INSERT INTO sources (person_id, url) VALUES ('james-clendenin', 'https://www.kwch.com/2020/10/14/odonnell-capps-and-clendenin-added-to-attack-ad-lawsuit/');
INSERT INTO sources (person_id, url) VALUES ('james-clendenin', 'https://www.wibw.com/2022/02/22/former-lawmakers-going-trial-defamation-lawsuit-brought-by-wichita-mayor/');
INSERT OR REPLACE INTO people (id, name, status, level, state, office, crime_description, summary, still_in_office, offense_year, conviction_year, event_date) VALUES ('michael-o-donnell', 'Michael O’Donnell', 'alleged', 'state', 'KS', 'State Senator', 'Rape Culture', 'Michael O’Donnell was a Republican member of the Sedgwick County Commission, a former Kansas state senator, and a former member of the Wichita City Council. He joined in a conspiracy with James Clendenin and Michael Capps to smear Wichita mayoral candidate Brandon Whipple with false sexual harassmen', NULL, NULL, NULL, '2020-09-14');
INSERT INTO crime_types (person_id, crime_type) VALUES ('michael-o-donnell', 'rape');
INSERT INTO crime_types (person_id, crime_type) VALUES ('michael-o-donnell', 'harassment');
INSERT INTO sources (person_id, url) VALUES ('michael-o-donnell', 'https://goppredators.wordpress.com/2023/02/27/574-michael-odonnell/');
INSERT INTO sources (person_id, url) VALUES ('michael-o-donnell', 'https://www.kansas.com/news/politics-government/article246669242.html');
INSERT INTO sources (person_id, url) VALUES ('michael-o-donnell', 'https://en.wikipedia.org/wiki/Michael_O''Donnell_(Kansas_politician)');
INSERT INTO sources (person_id, url) VALUES ('michael-o-donnell', 'https://www.bizjournals.com/wichita/news/2020/10/28/odonnell-continues-to-deny-involvement-in-video.html');
INSERT OR REPLACE INTO people (id, name, status, level, state, office, crime_description, summary, still_in_office, offense_year, conviction_year, event_date) VALUES ('scott-miller', 'Scott Miller', 'alleged', 'adjacent', 'UT', '', 'Sexual Harassment, Organizational Cover-up', 'Scott Miller was the chair of the Salt Lake County Republicans. When several women reported harassment and abuse by Dave Robinson , he ignored them.', NULL, NULL, NULL, '2021-03-29');
INSERT INTO crime_types (person_id, crime_type) VALUES ('scott-miller', 'enablement');
INSERT INTO crime_types (person_id, crime_type) VALUES ('scott-miller', 'organizational-coverup');
INSERT INTO crime_types (person_id, crime_type) VALUES ('scott-miller', 'harassment');
INSERT INTO sources (person_id, url) VALUES ('scott-miller', 'https://goppredators.wordpress.com/2023/02/27/573-scott-miller/');
INSERT INTO sources (person_id, url) VALUES ('scott-miller', 'https://apnews.com/article/salt-lake-city-utah-ffaf7ea6d273772ad9e4e45b4c5a127a');
INSERT INTO sources (person_id, url) VALUES ('scott-miller', 'https://www.sltrib.com/news/politics/2021/04/23/former-salt-lake-county/');
INSERT INTO sources (person_id, url) VALUES ('scott-miller', 'https://www.fox13now.com/news/local-news/ex-sl-co-gop-officials-file-lawsuits-against-dozens-of-utah-political-leaders');
INSERT OR REPLACE INTO people (id, name, status, level, state, office, crime_description, summary, still_in_office, offense_year, conviction_year, event_date) VALUES ('dave-robinson', 'Dave Robinson', 'alleged', 'state', 'UT', '', 'Sexual Harassment', 'Dave Robinson was Salt Lake County Republican Committee''s unofficial communications manager. He was also abusive and bullying, particularly toward women.', NULL, NULL, NULL, '2021-04-07');
INSERT INTO crime_types (person_id, crime_type) VALUES ('dave-robinson', 'harassment');
INSERT INTO sources (person_id, url) VALUES ('dave-robinson', 'https://goppredators.wordpress.com/2023/02/26/572-dave-robinson/');
INSERT INTO sources (person_id, url) VALUES ('dave-robinson', 'https://www.sltrib.com/news/politics/2021/03/27/republican-women-say-they/');
INSERT INTO sources (person_id, url) VALUES ('dave-robinson', 'https://utahstories.com/2021/04/how-did-dave-robinson-get-away-with-sexual-misconduct-for-so-long/');
INSERT INTO sources (person_id, url) VALUES ('dave-robinson', 'https://www.sltrib.com/news/2022/06/23/judge-tosses-out-ex-gop/');
INSERT OR REPLACE INTO people (id, name, status, level, state, office, crime_description, summary, still_in_office, offense_year, conviction_year, event_date) VALUES ('bruce-bickford', 'Bruce Bickford', 'alleged', 'state', 'ME', 'State Representative', 'Rape Culture', 'Bruce Bickford was a state representative in Maine, representing Auburn. He left office in December 2022.', NULL, NULL, NULL, '2021-03-26');
INSERT INTO crime_types (person_id, crime_type) VALUES ('bruce-bickford', 'rape');
INSERT INTO crime_types (person_id, crime_type) VALUES ('bruce-bickford', 'harassment');
INSERT INTO sources (person_id, url) VALUES ('bruce-bickford', 'https://goppredators.wordpress.com/2023/02/26/571-bruce-bickford/');
INSERT INTO sources (person_id, url) VALUES ('bruce-bickford', 'https://www.pressherald.com/2021/03/25/maine-lawmaker-attends-legislative-zoom-meeting-with-weinstein-backdrop/');
INSERT INTO sources (person_id, url) VALUES ('bruce-bickford', 'https://www.vice.com/en/article/z3vp9a/republican-legislator-is-very-sorry-about-his-harvey-weinstein-themed-zoom-background');
INSERT OR REPLACE INTO people (id, name, status, level, state, office, crime_description, summary, still_in_office, offense_year, conviction_year, event_date) VALUES ('tom-reed', 'Tom Reed', 'alleged', 'adjacent', 'NY', 'Lobbyist', 'Sexual Misconduct', 'Tom Reed was a Congressman from New York. A woman accused him of sexual misconduct after he accosted her at a dinner in downtown Minneapolis.', NULL, NULL, NULL, '2021-03-20');
INSERT INTO crime_types (person_id, crime_type) VALUES ('tom-reed', 'other');
INSERT INTO sources (person_id, url) VALUES ('tom-reed', 'https://goppredators.wordpress.com/2023/02/21/570-tom-reed/');
INSERT INTO sources (person_id, url) VALUES ('tom-reed', 'https://talkingpointsmemo.com/news/former-lobbyist-accuses-republican-rep-tom-reed-of-sexual-misconduct');
INSERT INTO sources (person_id, url) VALUES ('tom-reed', 'https://www.npr.org/2021/03/22/979875304/gop-rep-tom-reed-wont-seek-elected-office-following-sexual-misconduct-claims');
INSERT INTO sources (person_id, url) VALUES ('tom-reed', 'https://apnews.com/article/elections-new-york-presidential-election-2020-tom-reed-b7173b0292b11725a207c499dedfe11f');
INSERT OR REPLACE INTO people (id, name, status, level, state, office, crime_description, summary, still_in_office, offense_year, conviction_year, event_date) VALUES ('kevin-hohn', 'Kevin Hohn', 'convicted', 'local', 'FL', 'Mayor', 'Possession &amp; Production of Child Sexual Abuse Material', 'Kevin Hohn was the mayor of Brookville, FL, and ran an unsuccessful campaign for Hernando County Commission. He was convicted of producing child sexual exploitation material by secretly recording children in his home.', NULL, NULL, NULL, '2021-02-21');
INSERT INTO crime_types (person_id, crime_type) VALUES ('kevin-hohn', 'csam');
INSERT INTO crime_types (person_id, crime_type) VALUES ('kevin-hohn', 'assault');
INSERT INTO sources (person_id, url) VALUES ('kevin-hohn', 'https://goppredators.wordpress.com/2023/02/20/569-kevin-hohn/');
INSERT INTO sources (person_id, url) VALUES ('kevin-hohn', 'https://www.tampabay.com/news/hernando/2022/02/22/former-brooksville-mayor-sentenced-to-15-years-for-making-child-pornography/');
INSERT INTO sources (person_id, url) VALUES ('kevin-hohn', 'https://apnews.com/article/tampa-florida-child-pornography-brooksville-b19cc476443dca52bd0312c5e68dbfae');
INSERT OR REPLACE INTO people (id, name, status, level, state, office, crime_description, summary, still_in_office, offense_year, conviction_year, event_date) VALUES ('brian-chisholm', 'Brian Chisholm', 'alleged', 'state', 'MD', '', 'Retaliation', 'Brian Chisholm and his fellow Maryland state legislator Sid Saab owned a gym together. An employee who had worked for them for thirteen years reported that she was sexually harassed for two years by one of their managers.', NULL, NULL, NULL, NULL);
INSERT INTO crime_types (person_id, crime_type) VALUES ('brian-chisholm', 'other');
INSERT INTO sources (person_id, url) VALUES ('brian-chisholm', 'https://goppredators.wordpress.com/2023/02/20/568-brian-chisholm/');
INSERT INTO sources (person_id, url) VALUES ('brian-chisholm', 'https://www.capitalgazette.com/politics/ac-cn-lawsuit-chisholm-saab-gym-20210226-20210226-ybunuoo5djcbxmlcqerbklo4fy-story.html');
INSERT INTO sources (person_id, url) VALUES ('brian-chisholm', 'https://casetext.com/case/kubas-v-331b-llc');
INSERT OR REPLACE INTO people (id, name, status, level, state, office, crime_description, summary, still_in_office, offense_year, conviction_year, event_date) VALUES ('sid-saab', 'Sid Saab', 'alleged', 'state', 'MD', '', 'Retaliation', 'Sid Saab and his fellow Maryland state legislator Brian Chisholm owned a gym together. An employee who had worked for them for thirteen years reported that she was sexually harassed for two years by one of their managers.', NULL, NULL, NULL, NULL);
INSERT INTO crime_types (person_id, crime_type) VALUES ('sid-saab', 'other');
INSERT INTO sources (person_id, url) VALUES ('sid-saab', 'https://goppredators.wordpress.com/2023/02/20/567-sid-saab/');
INSERT INTO sources (person_id, url) VALUES ('sid-saab', 'https://www.capitalgazette.com/politics/ac-cn-lawsuit-chisholm-saab-gym-20210226-20210226-ybunuoo5djcbxmlcqerbklo4fy-story.html');
INSERT INTO sources (person_id, url) VALUES ('sid-saab', 'https://casetext.com/case/kubas-v-331b-llc');
INSERT OR REPLACE INTO people (id, name, status, level, state, office, crime_description, summary, still_in_office, offense_year, conviction_year, event_date) VALUES ('dick-donovan', 'Dick Donovan', 'convicted', 'adjacent', 'GA', '', 'Sexual Harassment', 'Dick Donovan was the District Attorney for Paulding County, a suburban county near Atlanta. He was indicted for bribery when he dismissed a Paulding County case in exchange for another prosecutor dismissing a shoplifting case against a woman he was sexually harassing.', NULL, NULL, NULL, '2021-02-19');
INSERT INTO crime_types (person_id, crime_type) VALUES ('dick-donovan', 'harassment');
INSERT INTO sources (person_id, url) VALUES ('dick-donovan', 'https://goppredators.wordpress.com/2023/02/20/566-dick-donovan/');
INSERT INTO sources (person_id, url) VALUES ('dick-donovan', 'https://apnews.com/article/georgia-municipal-courts-atlanta-courts-1f7ad9c211b2a3efd76ecd38f9dc2ec9');
INSERT INTO sources (person_id, url) VALUES ('dick-donovan', 'https://www.ajc.com/news/crime--law/new-today-300k-settlement-for-woman-sexual-harassment-suit-paulding/hJ3UIYbbip5qr0uW5UHHBN/');
INSERT INTO sources (person_id, url) VALUES ('dick-donovan', 'https://thegeorgiasun.com/2022/01/07/ex-georgia-official-pleads-guilty-in-sexual-harassment-case/');
INSERT OR REPLACE INTO people (id, name, status, level, state, office, crime_description, summary, still_in_office, offense_year, conviction_year, event_date) VALUES ('luke-simons', 'Luke Simons', 'alleged', 'state', 'ND', 'State Representative', 'Sexual Harassment', 'Luke Simons is a former North Dakota state representative. He also managed to be expelled from the legislature for sexual harassment by his fellow Republicans.', NULL, NULL, NULL, '2021-03-05');
INSERT INTO crime_types (person_id, crime_type) VALUES ('luke-simons', 'harassment');
INSERT INTO sources (person_id, url) VALUES ('luke-simons', 'https://goppredators.wordpress.com/2023/02/20/565-luke-simons/');
INSERT INTO sources (person_id, url) VALUES ('luke-simons', 'https://www.thedailybeast.com/rep-emily-obrien-alleges-she-had-to-move-desks-to-escape-harassment-from-rep-luke-simons');
INSERT INTO sources (person_id, url) VALUES ('luke-simons', 'https://thehill.com/homenews/state-watch/541757-nd-house-expels-lawmaker-after-sexual-harassment-allegations/');
INSERT INTO sources (person_id, url) VALUES ('luke-simons', 'https://www.grandforksherald.com/news/north-dakota-house-expels-rep-luke-simons-after-sexual-harassment-allegations');
INSERT OR REPLACE INTO people (id, name, status, level, state, office, crime_description, summary, still_in_office, offense_year, conviction_year, event_date) VALUES ('donovan-ray-crowl', 'Donovan Ray Crowl', 'charged', 'adjacent', 'OH', '', 'Domestic Violence', 'Donovan Ray Crowl is an insurrectionist. He is a member of the Oath Keepers.', NULL, NULL, NULL, '2021-01-30');
INSERT INTO crime_types (person_id, crime_type) VALUES ('donovan-ray-crowl', 'domestic-violence');
INSERT INTO sources (person_id, url) VALUES ('donovan-ray-crowl', 'https://goppredators.wordpress.com/2023/02/20/564-donovan-ray-crowl/');
INSERT INTO sources (person_id, url) VALUES ('donovan-ray-crowl', 'https://www.huffpost.com/entry/nine-far-right-insurrectionists-have-a-history-of-violence-against-women_n_60198d1ec5b6bde2f5c35bd6');
INSERT INTO sources (person_id, url) VALUES ('donovan-ray-crowl', 'https://www.cnn.com/interactive/2021/06/us/capitol-riot-paths-to-insurrection/donovan-crowl.html');
INSERT OR REPLACE INTO people (id, name, status, level, state, office, crime_description, summary, still_in_office, offense_year, conviction_year, event_date) VALUES ('andrew-ryan-bennett', 'Andrew Ryan Bennett', 'convicted', 'adjacent', 'MD', '', 'Domestic Violence', 'Andrew Ryan Bennett is an insurrectionist. On January 6th, he was chanting "break it down" when he entered the Capitol.', NULL, NULL, NULL, '2021-12-12');
INSERT INTO crime_types (person_id, crime_type) VALUES ('andrew-ryan-bennett', 'domestic-violence');
INSERT INTO sources (person_id, url) VALUES ('andrew-ryan-bennett', 'https://goppredators.wordpress.com/2023/02/20/563-andrew-ryan-bennett/');
INSERT INTO sources (person_id, url) VALUES ('andrew-ryan-bennett', 'https://www.businessinsider.com/nine-capitol-rioters-have-history-of-violence-against-women-report-2021-2');
INSERT INTO sources (person_id, url) VALUES ('andrew-ryan-bennett', 'https://www.huffpost.com/entry/nine-far-right-insurrectionists-have-a-history-of-violence-against-women_n_60198d1ec5b6bde2f5c35bd6');
INSERT OR REPLACE INTO people (id, name, status, level, state, office, crime_description, summary, still_in_office, offense_year, conviction_year, event_date) VALUES ('dominic-pezzola', 'Dominic Pezzola', 'charged', 'adjacent', 'NY', '', 'Domestic Violence', 'Dominic Pezzola, of Rochester, New York, is an insurrectionist and has been charged with seditionist conspiracy. He is also a member of the Proud Boys.', NULL, NULL, NULL, '2021-01-30');
INSERT INTO crime_types (person_id, crime_type) VALUES ('dominic-pezzola', 'domestic-violence');
INSERT INTO sources (person_id, url) VALUES ('dominic-pezzola', 'https://goppredators.wordpress.com/2023/02/20/562-dominic-pezzola/');
INSERT INTO sources (person_id, url) VALUES ('dominic-pezzola', 'https://www.huffpost.com/entry/nine-far-right-insurrectionists-have-a-history-of-violence-against-women_n_60198d1ec5b6bde2f5c35bd6');
INSERT INTO sources (person_id, url) VALUES ('dominic-pezzola', 'https://www.risetopeace.org/2022/06/17/the-role-of-the-proud-boys-in-the-january-6th-attack/risetopece/');
INSERT INTO sources (person_id, url) VALUES ('dominic-pezzola', 'https://ctc.westpoint.edu/pride-prejudice-the-violent-evolution-of-the-proud-boys/');
INSERT OR REPLACE INTO people (id, name, status, level, state, office, crime_description, summary, still_in_office, offense_year, conviction_year, event_date) VALUES ('samuel-pinho-camargo', 'Samuel Pinho Camargo', 'charged', 'adjacent', 'FL', '', 'Domestic Violence', 'Samuel Pinho Camargo is an insurrectionist. He was also arrested for battery of his sister.', NULL, NULL, NULL, '2021-01-24');
INSERT INTO crime_types (person_id, crime_type) VALUES ('samuel-pinho-camargo', 'domestic-violence');
INSERT INTO sources (person_id, url) VALUES ('samuel-pinho-camargo', 'https://goppredators.wordpress.com/2023/02/20/561-samuel-pinho-camargo/');
INSERT INTO sources (person_id, url) VALUES ('samuel-pinho-camargo', 'https://domesticviolencedatabase.net/registry_fl/?co=Broward&amp;abc=C&amp;pg=2');
INSERT INTO sources (person_id, url) VALUES ('samuel-pinho-camargo', 'https://www.huffpost.com/entry/nine-far-right-insurrectionists-have-a-history-of-violence-against-women_n_60198d1ec5b6bde2f5c35bd6');
INSERT INTO sources (person_id, url) VALUES ('samuel-pinho-camargo', 'https://www.local10.com/news/local/2021/01/19/broward-man-bragged-about-role-in-capitol-siege-on-social-media-feds-say/');
INSERT OR REPLACE INTO people (id, name, status, level, state, office, crime_description, summary, still_in_office, offense_year, conviction_year, event_date) VALUES ('jacob-lewis', 'Jacob Lewis', 'charged', 'adjacent', 'CA', '', 'Domestic Violence', 'Jacob Lewis is an insurrectionist. He has a restraining order against him for domestic violence.', NULL, NULL, NULL, NULL);
INSERT INTO crime_types (person_id, crime_type) VALUES ('jacob-lewis', 'domestic-violence');
INSERT INTO sources (person_id, url) VALUES ('jacob-lewis', 'https://goppredators.wordpress.com/2023/02/20/560-jacob-lewis/');
INSERT INTO sources (person_id, url) VALUES ('jacob-lewis', 'https://www.vvdailypress.com/story/opinion/columns/2020/06/21/opinion-two-viruses-in-our-community/42183097/');
INSERT INTO sources (person_id, url) VALUES ('jacob-lewis', 'https://www.huffpost.com/entry/nine-far-right-insurrectionists-have-a-history-of-violence-against-women_n_60198d1ec5b6bde2f5c35bd6');
INSERT INTO sources (person_id, url) VALUES ('jacob-lewis', 'https://www.businessinsider.in/politics/world/news/nine-capitol-rioters-were-charged-with-sexual-assault-or-had-restraining-orders-for-domestic-violence-report/articleshow/80899437.cms');
INSERT OR REPLACE INTO people (id, name, status, level, state, office, crime_description, summary, still_in_office, offense_year, conviction_year, event_date) VALUES ('mathew-capsel', 'Mathew Capsel', 'charged', 'adjacent', 'IL', '', 'Domestic Violence', 'Mathew Capsel is an insurrectionist. He was on arrested on January 6th and two days later violated a protection order filed by a former romantic partner after he was violent.', NULL, NULL, NULL, NULL);
INSERT INTO crime_types (person_id, crime_type) VALUES ('mathew-capsel', 'domestic-violence');
INSERT INTO sources (person_id, url) VALUES ('mathew-capsel', 'https://goppredators.wordpress.com/2023/02/20/559-mathew-capsel/');
INSERT INTO sources (person_id, url) VALUES ('mathew-capsel', 'https://www.huffpost.com/entry/nine-far-right-insurrectionists-have-a-history-of-violence-against-women_n_60198d1ec5b6bde2f5c35bd6');
INSERT INTO sources (person_id, url) VALUES ('mathew-capsel', 'https://lawandcrime.com/u-s-capitol-breach/qanon-adherent-seen-shoving-national-guard-officials-during-jan-6-capitol-attack-pleads-guilty-to-a-felony/');
INSERT OR REPLACE INTO people (id, name, status, level, state, office, crime_description, summary, still_in_office, offense_year, conviction_year, event_date) VALUES ('guy-reffitt', 'Guy Reffitt', 'alleged', 'adjacent', 'TX', '', 'Domestic Violence', 'Guy Reffitt is an insurrectionist. He also abused his wife, including putting her in a chokehold, strangling her, and threatening her with a gun.', NULL, NULL, NULL, NULL);
INSERT INTO crime_types (person_id, crime_type) VALUES ('guy-reffitt', 'domestic-violence');
INSERT INTO sources (person_id, url) VALUES ('guy-reffitt', 'https://goppredators.wordpress.com/2023/02/20/558-guy-reffitt/');
INSERT INTO sources (person_id, url) VALUES ('guy-reffitt', 'https://www.bbc.com/news/world-us-canada-60671723');
INSERT INTO sources (person_id, url) VALUES ('guy-reffitt', 'https://www.huffpost.com/entry/nine-far-right-insurrectionists-have-a-history-of-violence-against-women_n_60198d1ec5b6bde2f5c35bd6');
INSERT OR REPLACE INTO people (id, name, status, level, state, office, crime_description, summary, still_in_office, offense_year, conviction_year, event_date) VALUES ('larry-rendall-brock-jr', 'Larry Rendall Brock Jr', 'convicted', 'adjacent', 'TX', '', 'Domestic Violence', 'Edward Hemenway is a January 6th insurrectionist from Indiana. He also served five years after confining his ex-wife in a motel room and raping her.', NULL, NULL, NULL, NULL);
INSERT INTO crime_types (person_id, crime_type) VALUES ('larry-rendall-brock-jr', 'domestic-violence');
INSERT INTO sources (person_id, url) VALUES ('larry-rendall-brock-jr', 'https://goppredators.wordpress.com/2023/02/18/557-edward-hemenway/');
INSERT INTO sources (person_id, url) VALUES ('larry-rendall-brock-jr', 'https://www.kpcnews.com/article_ad8059dc-9856-5ace-a241-9bade2d10777.html');
INSERT INTO sources (person_id, url) VALUES ('larry-rendall-brock-jr', 'https://www.huffpost.com/entry/more-capitol-insurrectionists-histories-violence-against-women_n_60c0f897e4b0b449dc34e0cf');
INSERT INTO sources (person_id, url) VALUES ('larry-rendall-brock-jr', 'https://www.winchesterstar.com/winchester_star/capitol-insurrectionist-gets-45-days/article_137b2115-5b3f-5b2d-a972-0cf1ab8e0d5f.html');
INSERT OR REPLACE INTO people (id, name, status, level, state, office, crime_description, summary, still_in_office, offense_year, conviction_year, event_date) VALUES ('edward-hemenway', 'Edward Hemenway', 'alleged', 'adjacent', 'VA', '', 'Rape, Kidnapping', 'Edward Hemenway (VA): Rape, Kidnapping.', NULL, NULL, NULL, NULL);
INSERT INTO crime_types (person_id, crime_type) VALUES ('edward-hemenway', 'rape');
INSERT INTO sources (person_id, url) VALUES ('edward-hemenway', 'https://goppredators.wordpress.com/2026/03/13/556-edward-hemenway/');
INSERT OR REPLACE INTO people (id, name, status, level, state, office, crime_description, summary, still_in_office, offense_year, conviction_year, event_date) VALUES ('chad-michael-salsman', 'Chad Michael Salsman', 'convicted', 'state', 'PA', '', 'Rape', 'Chad Michael Salsman was elected as District Attorney. He was an active volunteer at his church.', NULL, NULL, NULL, NULL);
INSERT INTO crime_types (person_id, crime_type) VALUES ('chad-michael-salsman', 'rape');
INSERT INTO sources (person_id, url) VALUES ('chad-michael-salsman', 'https://goppredators.wordpress.com/2023/02/07/554-chad-michael-salsman/');
INSERT INTO sources (person_id, url) VALUES ('chad-michael-salsman', 'https://www.thedailybeast.com/pennsylvania-district-attorney-chad-michael-salsman-raped-clients-on-his-office-desk-attorney-general-says');
INSERT INTO sources (person_id, url) VALUES ('chad-michael-salsman', 'https://www.stargazette.com/story/news/public-safety/2021/07/09/bradford-county-da-chad-salsman-sentenced-sex-charges/7918516002/');
INSERT OR REPLACE INTO people (id, name, status, level, state, office, crime_description, summary, still_in_office, offense_year, conviction_year, event_date) VALUES ('ed-sniffen', 'Ed Sniffen', 'charged', 'state', 'AK', 'Coach', 'Sexual Misconduct', 'Ed Sniffen was the Attorney General of Alaska. He resigned when the details of a sexual relationship he had with a high school student were revealed by the Anchorage Daily News and ProPublica.', NULL, NULL, NULL, '2022-05-31');
INSERT INTO crime_types (person_id, crime_type) VALUES ('ed-sniffen', 'other');
INSERT INTO sources (person_id, url) VALUES ('ed-sniffen', 'https://goppredators.wordpress.com/2023/02/07/553-clyde-ed-sniffen/');
INSERT INTO sources (person_id, url) VALUES ('ed-sniffen', 'https://www.propublica.org/article/sexual-misconduct-allegations-prompt-another-alaska-attorney-general-to-resign');
INSERT INTO sources (person_id, url) VALUES ('ed-sniffen', 'https://www.ktoo.org/2022/09/21/anchorage-grand-jury-indicts-ed-sniffen-former-acting-attorney-general-on-child-sex-abuse-charges-from-1991/');
INSERT INTO sources (person_id, url) VALUES ('ed-sniffen', 'https://www.newsminer.com/news/alaska_news/detective-testifies-in-former-acting-attorney-generals-sex-assault-case/article_42654770-8d29-11ed-9bf0-c77a67ce0a20.html');
INSERT INTO sources (person_id, url) VALUES ('ed-sniffen', 'https://www.propublica.org/article/ed-sniffen-sex-abuse-case-dismissed');
INSERT OR REPLACE INTO people (id, name, status, level, state, office, crime_description, summary, still_in_office, offense_year, conviction_year, event_date) VALUES ('john-moorlach', 'John Moorlach', 'alleged', 'state', 'CA', 'State Senator', 'Organizational Cover-up', 'John Moorlach was a Republican Orange County (CA) Supervisor. He was a Republican State Senator.', NULL, NULL, NULL, '2020-12-06');
INSERT INTO crime_types (person_id, crime_type) VALUES ('john-moorlach', 'enablement');
INSERT INTO crime_types (person_id, crime_type) VALUES ('john-moorlach', 'organizational-coverup');
INSERT INTO sources (person_id, url) VALUES ('john-moorlach', 'https://goppredators.wordpress.com/2023/02/06/552-john-moorlach/');
INSERT INTO sources (person_id, url) VALUES ('john-moorlach', 'https://www.ocregister.com/2020/12/10/sacramento-failed-patricia-todd/');
INSERT INTO sources (person_id, url) VALUES ('john-moorlach', 'https://www.sacbee.com/news/politics-government/capitol-alert/article247598525.html');
INSERT OR REPLACE INTO people (id, name, status, level, state, office, crime_description, summary, still_in_office, offense_year, conviction_year, event_date) VALUES ('steven-sumner', 'Steven Sumner', 'charged', 'adjacent', 'IN', 'Pastor', 'Child Molestation/Child Sexual Abuse Material', 'Steven Sumner was a Republican county councilman for Madison County, Indiana. He is also the pastor of Lighthouse Baptist Church.', NULL, NULL, NULL, '2023-07-27');
INSERT INTO crime_types (person_id, crime_type) VALUES ('steven-sumner', 'csam');
INSERT INTO crime_types (person_id, crime_type) VALUES ('steven-sumner', 'child-molestation');
INSERT INTO crime_types (person_id, crime_type) VALUES ('steven-sumner', 'assault');
INSERT INTO sources (person_id, url) VALUES ('steven-sumner', 'https://goppredators.wordpress.com/2023/02/06/551-steven-sumner/');
INSERT INTO sources (person_id, url) VALUES ('steven-sumner', 'https://indianapublicradio.org/news/2020/12/madison-county-councilman-arrested-for-child-seduction/');
INSERT INTO sources (person_id, url) VALUES ('steven-sumner', 'https://public.courts.in.gov/mycase/#/vw/CaseSummary/eyJ2Ijp7IkNhc2VUb2tlbiI6IjRfLUJBbjg5OUxwRWczYUZvMGFnNGhMMzl5dVNwVV9YcmdyQzFpaTQ3QjgxIn19');
INSERT INTO sources (person_id, url) VALUES ('steven-sumner', 'https://public.courts.in.gov/mycase/#/vw/SearchResults/eyJ2Ijp7Ik1vZGUiOiJCeUNhc2UiLCJDYXNlTnVtIjoiNDhDMDMtMjIwNi1GMS0wMDE1NDgiLCJDaXRlTnVtIjpudWxsLCJDcm9zc1JlZk51bSI6bnVsbCwiRmlyc3QiOm51bGwsIk1pZGRsZSI6bnVsbCwiTGFzdCI6bnVsbCwiQnVzaW5lc3MiOm51bGwsIkRvQlN0YXJ0IjpudWxsLCJEb0JFbmQiOm51bGwsIk9BTnVtIjpudWxsLCJCYXJOdW0iOm51bGwsIlNvdW5kRXgiOmZhbHNlLCJDb3VydEl0ZW1JRCI6OTIsIkNhdGVnb3JpZXMiOm51bGwsIkxpbWl0cyI6bnVsbCwiQWR2YW5jZWQiOmZhbHNlLCJBY3RpdmVGbGFnIjoiQWxsIiwiRmlsZVN0YXJ0IjpudWxsLCJGaWxlRW5kIjpudWxsLCJDb3VudHlDb2RlIjpudWxsfX0=');
INSERT INTO sources (person_id, url) VALUES ('steven-sumner', 'https://www.heraldbulletin.com/news/courts/trial-of-former-madison-county-councilman-on-sex-related-charges-moved-to-october/article_d51a55a0-cc82-11ec-8373-af5996e33a50.html');
INSERT INTO sources (person_id, url) VALUES ('steven-sumner', 'https://www.heraldbulletin.com/news/courts/sumner-charged-with-four-new-felony-counts-including-level-1-child-molest/article_58f663ce-dde9-11ec-a14c-5f903966f5b8.html');
INSERT INTO sources (person_id, url) VALUES ('steven-sumner', 'https://fox59.com/news/indycrime/warrant-issued-for-former-madison-co-councilman-accused-of-rape-child-seduction/');
INSERT OR REPLACE INTO people (id, name, status, level, state, office, crime_description, summary, still_in_office, offense_year, conviction_year, event_date) VALUES ('adam-donaghey', 'Adam Donaghey', 'charged', 'adjacent', 'TX', '', 'Child Molestation/Rape/Sexual Harassment', 'Adam Donaghey was a producer for Cinestate, a film studio founded to create populist movies for the rightwing crowd. For example, " Dragged Across Concrete " with Mel Gibson is a film where the racists are the heroes.', NULL, NULL, NULL, '2020-05-18');
INSERT INTO crime_types (person_id, crime_type) VALUES ('adam-donaghey', 'rape');
INSERT INTO crime_types (person_id, crime_type) VALUES ('adam-donaghey', 'child-molestation');
INSERT INTO crime_types (person_id, crime_type) VALUES ('adam-donaghey', 'harassment');
INSERT INTO sources (person_id, url) VALUES ('adam-donaghey', 'https://goppredators.wordpress.com/2023/02/06/550-adam-donaghey/');
INSERT INTO sources (person_id, url) VALUES ('adam-donaghey', 'https://www.thedailybeast.com/mel-gibsons-new-police-brutality-movie-is-a-vile-racist-right-wing-fantasy');
INSERT INTO sources (person_id, url) VALUES ('adam-donaghey', 'https://www.thedailybeast.com/the-ugly-backstory-of-ben-shapiros-first-movie-run-hide-fight');
INSERT INTO sources (person_id, url) VALUES ('adam-donaghey', 'https://www.thedailybeast.com/how-a-right-wing-movie-studio-enabled-the-harvey-weinstein-of-indie-film');
INSERT INTO sources (person_id, url) VALUES ('adam-donaghey', 'https://www.indiewire.com/2020/05/adam-donaghey-sexual-assault-1202231229/');
INSERT OR REPLACE INTO people (id, name, status, level, state, office, crime_description, summary, still_in_office, offense_year, conviction_year, event_date) VALUES ('john-weaver', 'John Weaver', 'alleged', 'adjacent', 'DC', '', 'Sexual Harassment, Grooming', 'John Weaver is a long-time Republican consultant who was one of the founders of The Lincoln Project , a successful PAC dedicated to fighting Trump. He also sent inappropriate sexual messages to people on social media, promising mentorship and career advantages to men in exchange for sex.', NULL, NULL, NULL, '2021-02-12');
INSERT INTO crime_types (person_id, crime_type) VALUES ('john-weaver', 'grooming');
INSERT INTO crime_types (person_id, crime_type) VALUES ('john-weaver', 'harassment');
INSERT INTO sources (person_id, url) VALUES ('john-weaver', 'https://goppredators.wordpress.com/2023/02/06/549-john-weaver/');
INSERT INTO sources (person_id, url) VALUES ('john-weaver', 'https://www.axios.com/2021/01/15/john-weaver-lincoln-project-co-founder-acknowledges-inappropriate-messages');
INSERT INTO sources (person_id, url) VALUES ('john-weaver', 'https://www.nytimes.com/2021/01/31/us/politics/john-weaver-lincoln-project-harassment.html');
INSERT INTO sources (person_id, url) VALUES ('john-weaver', 'https://www.axios.com/authors/lmarkay');
INSERT OR REPLACE INTO people (id, name, status, level, state, office, crime_description, summary, still_in_office, offense_year, conviction_year, event_date) VALUES ('texas-board-of-education', 'Texas Board of Education', 'alleged', 'adjacent', 'TX', '', 'Rape Culture', 'The Texas Board of Education produced a revision of their Sex Education curriculum in 2020. They made Sex Ed an elective that was opt-in, not opt-out.', NULL, NULL, NULL, '2020-11-22');
INSERT INTO crime_types (person_id, crime_type) VALUES ('texas-board-of-education', 'rape');
INSERT INTO crime_types (person_id, crime_type) VALUES ('texas-board-of-education', 'harassment');
INSERT INTO sources (person_id, url) VALUES ('texas-board-of-education', 'https://goppredators.wordpress.com/2023/02/06/548-texas-board-of-education/');
INSERT INTO sources (person_id, url) VALUES ('texas-board-of-education', 'https://scrippsnews.com/stories/how-texas-quashed-sex-ed-lessons-on-consent/');
INSERT INTO sources (person_id, url) VALUES ('texas-board-of-education', 'https://www.npr.org/sections/health-shots/2022/04/30/1094446995/texas-got-a-sex-ed-update-but-students-and-educators-say-theres-still-a-lot-miss');
INSERT INTO sources (person_id, url) VALUES ('texas-board-of-education', 'https://www.texastribune.org/2020/11/18/Texas-sex-education-LGBTQ/');
INSERT OR REPLACE INTO people (id, name, status, level, state, office, crime_description, summary, still_in_office, offense_year, conviction_year, event_date) VALUES ('jerry-lewis', 'Jerry Lewis', 'alleged', 'local', 'CA', 'County Commissioner', 'Domestic Violence', 'George Halcovage was a Schuykill County Commissioner who was accused of sexual harassment by four county employees. The harassment includes allegations of sexual assault.', NULL, NULL, NULL, '2022-05-13');
INSERT INTO crime_types (person_id, crime_type) VALUES ('jerry-lewis', 'domestic-violence');
INSERT INTO sources (person_id, url) VALUES ('jerry-lewis', 'https://goppredators.wordpress.com/2023/01/22/547-george-halcovage/');
INSERT INTO sources (person_id, url) VALUES ('jerry-lewis', 'https://news.bloomberglaw.com/litigation/pennsylvania-courthouse-workers-advance-sexual-harassment-suit');
INSERT INTO sources (person_id, url) VALUES ('jerry-lewis', 'https://www.bloomberglaw.com/public/desktop/document/DoeetalvSchuylkillCountyCourthouseetalDocketNo321cv00477MDPaMar16/1?doc_id=X7VD3QQFKM481UAAC3TNO87CML1');
INSERT INTO sources (person_id, url) VALUES ('jerry-lewis', 'https://www.victoriaadvocate.com/feds-schuylkill-county-resolve-sexual-harassment-suit/article_c7d9b767-0f79-5679-9101-2a28d66485cb.html');
INSERT OR REPLACE INTO people (id, name, status, level, state, office, crime_description, summary, still_in_office, offense_year, conviction_year, event_date) VALUES ('ben-gibson', 'Ben Gibson', 'charged', 'state', 'LA', '', 'Child Sexual Abuse Material', 'Ben Gibson ran to represent LA-4 in Congress but fortunately, he lost. He was one month later for four counts of possession of child sexual exploitation material involving juveniles.', NULL, NULL, NULL, '2020-12-12');
INSERT INTO crime_types (person_id, crime_type) VALUES ('ben-gibson', 'csam');
INSERT INTO crime_types (person_id, crime_type) VALUES ('ben-gibson', 'assault');
INSERT INTO sources (person_id, url) VALUES ('ben-gibson', 'https://goppredators.wordpress.com/2023/02/04/546-ben-gibson/');
INSERT INTO sources (person_id, url) VALUES ('ben-gibson', 'https://www.ksla.com/2020/12/10/past-us-congressional-candidate-arrested-alleged-child-pornography/');
INSERT INTO sources (person_id, url) VALUES ('ben-gibson', 'https://wgno.com/yleh/bafb-airman-unsuccessful-gop-challenger-in-la-dist-4-race-charged-with-child-pornography/');
INSERT OR REPLACE INTO people (id, name, status, level, state, office, crime_description, summary, still_in_office, offense_year, conviction_year, event_date) VALUES ('dan-crenshaw', 'Dan Crenshaw', 'alleged', 'federal', 'TX', 'U.S. Congressman', 'Organizational Coverup', 'Dan Crenshaw is a Congressman from Texas and a former Navy SEAL where he lost an eye to an IED. He is more cosmopolitan than most of his fellow representatives having lived in Scotland, Ecuador, and Colombia and graduating from Tufts and Harvard universities.', NULL, NULL, NULL, '2020-12-11');
INSERT INTO crime_types (person_id, crime_type) VALUES ('dan-crenshaw', 'enablement');
INSERT INTO crime_types (person_id, crime_type) VALUES ('dan-crenshaw', 'organizational-coverup');
INSERT INTO sources (person_id, url) VALUES ('dan-crenshaw', 'https://goppredators.wordpress.com/2023/02/04/545-dan-crenshaw/');
INSERT INTO sources (person_id, url) VALUES ('dan-crenshaw', 'https://www.va.gov/oig/pubs/VAOIG-20-01766-36.pdf');
INSERT INTO sources (person_id, url) VALUES ('dan-crenshaw', 'https://www.houstonchronicle.com/politics/texas/article/Nearly-500-veterans-rebuke-Rep-Dan-Crenshaw-over-15808348.php');
INSERT INTO sources (person_id, url) VALUES ('dan-crenshaw', 'https://www.propublica.org/article/va-secretary-focused-on-smearing-woman-who-said-she-was-sexually-assaulted-in-a-va-hospital-probe-finds');
INSERT INTO sources (person_id, url) VALUES ('dan-crenshaw', 'https://www.mediamatters.org/local-news/investigation-found-rep-dan-crenshaw-helped-va-secretary-smear-veteran-reporting-sexual');
INSERT OR REPLACE INTO people (id, name, status, level, state, office, crime_description, summary, still_in_office, offense_year, conviction_year, event_date) VALUES ('mellissa-carone', 'Mellissa Carone', 'convicted', 'adjacent', 'MI', '', 'Harassment', 'Mellissa Carone was Giuliani''s star witness in Michigan and one of the conspirators in an attempted coup. If it were not our democracy at stake, she would have been funny.', NULL, NULL, NULL, '2020-12-04');
INSERT INTO crime_types (person_id, crime_type) VALUES ('mellissa-carone', 'harassment');
INSERT INTO sources (person_id, url) VALUES ('mellissa-carone', 'https://goppredators.wordpress.com/2023/02/04/544-mellissa-carone/');
INSERT INTO sources (person_id, url) VALUES ('mellissa-carone', 'https://t.co/Eko6S2yGZn');
INSERT INTO sources (person_id, url) VALUES ('mellissa-carone', 'https://www.deadlinedetroit.com/articles/26813/giuliani_s_michigan_witness_mellissa_carone_harassed_sent_sex_videos_to_boyfriend_s_ex');
INSERT INTO sources (person_id, url) VALUES ('mellissa-carone', 'https://www.thedailybeast.com/rudy-giulianis-star-election-witness-melissa-carone-harassed-boyfriends-ex-with-sex-tapes');
INSERT INTO sources (person_id, url) VALUES ('mellissa-carone', 'https://lawandcrime.com/2020-election/star-giuliani-witness-mellissa-carone-was-recently-on-probation-because-of-raunchy-recording/');
INSERT OR REPLACE INTO people (id, name, status, level, state, office, crime_description, summary, still_in_office, offense_year, conviction_year, event_date) VALUES ('darrell-cafasso', 'Darrell Cafasso', 'alleged', 'state', 'NY', 'Judge', 'Sexual Harassment, Organizational Coverup', 'Darrell Cafasso was head of litigation at Goldman Sachs and a GOP donor who has even donated to Ron DeSantis. He was also accused of sexual harassment and Goldman Sachs was accused of covering it up.', NULL, NULL, NULL, '2020-10-27');
INSERT INTO crime_types (person_id, crime_type) VALUES ('darrell-cafasso', 'enablement');
INSERT INTO crime_types (person_id, crime_type) VALUES ('darrell-cafasso', 'organizational-coverup');
INSERT INTO crime_types (person_id, crime_type) VALUES ('darrell-cafasso', 'harassment');
INSERT INTO sources (person_id, url) VALUES ('darrell-cafasso', 'https://goppredators.wordpress.com/2023/02/04/543-darrell-cafasso/');
INSERT INTO sources (person_id, url) VALUES ('darrell-cafasso', 'https://www.opensecrets.org/orgs/goldman-sachs/summary?id=d000000085');
INSERT INTO sources (person_id, url) VALUES ('darrell-cafasso', 'https://dockets.justia.com/docket/new-york/nysdce/1:2020cv09197/547426');
INSERT INTO sources (person_id, url) VALUES ('darrell-cafasso', 'https://news.bloomberglaw.com/business-and-practice/goldmans-top-lawyers-accused-of-covering-up-sexual-harassment');
INSERT INTO sources (person_id, url) VALUES ('darrell-cafasso', 'https://today.westlaw.com/Document/I8c3dd76076ea11ebbdeeb22b668e9fd5/View/FullText.html?transitionType=Default&amp;contextData=(sc.Default)&amp;firstPage=true');
INSERT INTO sources (person_id, url) VALUES ('darrell-cafasso', 'https://www.brokeandbroker.com/6770/finra-racism-sexism/');
INSERT OR REPLACE INTO people (id, name, status, level, state, office, crime_description, summary, still_in_office, offense_year, conviction_year, event_date) VALUES ('joe-scarnati', 'Joe Scarnati', 'alleged', 'state', 'PA', 'State Senator', 'Enabling, Rape Culture', 'Joe Scarnati was a Republican state senator in Pennsylvania. He served as President pro tempore for thirteen years until his 2020 retirement.', NULL, NULL, NULL, '2020-10-06');
INSERT INTO crime_types (person_id, crime_type) VALUES ('joe-scarnati', 'rape');
INSERT INTO crime_types (person_id, crime_type) VALUES ('joe-scarnati', 'enablement');
INSERT INTO crime_types (person_id, crime_type) VALUES ('joe-scarnati', 'harassment');
INSERT INTO sources (person_id, url) VALUES ('joe-scarnati', 'https://goppredators.wordpress.com/2023/02/04/542-joe-scarnati/');
INSERT INTO sources (person_id, url) VALUES ('joe-scarnati', 'https://www.spotlightpa.org/news/2020/11/pennsylvania-victim-advocate-jennifer-storm-senate-republicans-rejected/');
INSERT INTO sources (person_id, url) VALUES ('joe-scarnati', 'https://www.northcentralpa.com/features/spotlight_pa/ethics-panel-closes-investigation-into-former-pa-victim-advocate-jennifer-storm/article_eb527974-de8a-11eb-9cc7-0b2305e7af68.html');
INSERT OR REPLACE INTO people (id, name, status, level, state, office, crime_description, summary, still_in_office, offense_year, conviction_year, event_date) VALUES ('lauren-boebert', 'Lauren Boebert', 'charged', 'adjacent', 'CO', '', 'Rape Culture', 'Lauren Boebert contributes to rape culture by blaming the victim. According to her, women would not get raped if they carried a gun.', NULL, NULL, NULL, '2021-12-11');
INSERT INTO crime_types (person_id, crime_type) VALUES ('lauren-boebert', 'rape');
INSERT INTO crime_types (person_id, crime_type) VALUES ('lauren-boebert', 'harassment');
INSERT INTO sources (person_id, url) VALUES ('lauren-boebert', 'https://goppredators.wordpress.com/2023/02/04/541-lauren-boebert/');
INSERT INTO sources (person_id, url) VALUES ('lauren-boebert', 'https://annelandmanblog.com/2020/10/republican-cd-3-candidate-lauren-boeberts-husband-arrested-in-04-for-indecent-exposure/');
INSERT INTO sources (person_id, url) VALUES ('lauren-boebert', 'https://annelandmanblog.com/wp-content/uploads/2020/10/Boebert-Jason-record-2.pdf');
INSERT INTO sources (person_id, url) VALUES ('lauren-boebert', 'https://finance.yahoo.com/news/lauren-boebert-says-rape-victims-054814634.html');
INSERT OR REPLACE INTO people (id, name, status, level, state, office, crime_description, summary, still_in_office, offense_year, conviction_year, event_date) VALUES ('ken-kurson', 'Ken Kurson', 'charged', 'local', 'NY', '', 'Stalking/Harassment', 'Ken Kurson is a friend of Jared Kushner, editing Kushner''s New York Observer. He was also a Giuliani confidante and a political consultant.', NULL, NULL, NULL, '2021-08-19');
INSERT INTO crime_types (person_id, crime_type) VALUES ('ken-kurson', 'harassment');
INSERT INTO crime_types (person_id, crime_type) VALUES ('ken-kurson', 'stalking');
INSERT INTO sources (person_id, url) VALUES ('ken-kurson', 'https://goppredators.wordpress.com/2023/01/31/540-ken-kurson/');
INSERT INTO sources (person_id, url) VALUES ('ken-kurson', 'https://www.cnbc.com/2020/10/23/jared-kushner-friend-ken-kurson-charged-with-stalking.html');
INSERT INTO sources (person_id, url) VALUES ('ken-kurson', 'https://www.nytimes.com/2022/02/16/nyregion/ken-kurson-trump-kushner-plea.html');
INSERT OR REPLACE INTO people (id, name, status, level, state, office, crime_description, summary, still_in_office, offense_year, conviction_year, event_date) VALUES ('george-rutler', 'George Rutler', 'alleged', 'adjacent', 'NY', '', 'Sexual Assault', 'George Rutler is a reactionary Catholic priest who advocates for conservative causes, mocks liberals, and attacks Pope Francis. He has had his own radio show, a church in midtown Manhattan, writes opinion pieces for a few Catholic magazines, and has written books on Catholic history.', NULL, NULL, NULL, NULL);
INSERT INTO crime_types (person_id, crime_type) VALUES ('george-rutler', 'assault');
INSERT INTO sources (person_id, url) VALUES ('george-rutler', 'https://goppredators.wordpress.com/2023/01/31/539-george-rutler/');
INSERT INTO sources (person_id, url) VALUES ('george-rutler', 'https://www.patheos.com/blogs/davearmstrong/2019/05/fr-george-rutlers-shameful-ad-hominem-against-jimmy-akin.html');
INSERT INTO sources (person_id, url) VALUES ('george-rutler', 'https://www.crisismagazine.com/opinion/a-misplaced-grief-the-vatican-and-david-bowie');
INSERT INTO sources (person_id, url) VALUES ('george-rutler', 'https://www.nytimes.com/2020/12/04/nyregion/new-york-priest-sexual-assault.html');
INSERT INTO sources (person_id, url) VALUES ('george-rutler', 'https://bronx.news12.com/prestigious-nyc-priest-accused-by-bronx-woman-of-forcible-touching');
INSERT INTO sources (person_id, url) VALUES ('george-rutler', 'https://www.metroweekly.com/2020/12/antigay-priest-accused-of-assault-after-he-was-caught-watching-gay-adult-film/');
INSERT OR REPLACE INTO people (id, name, status, level, state, office, crime_description, summary, still_in_office, offense_year, conviction_year, event_date) VALUES ('ricky-schroder', 'Ricky Schroder', 'charged', 'adjacent', 'CA', '', 'Domestic Violence', 'Ricky Schroder is an actor who had been a vocal advocate for President Trump. He is also the person who paid Kyle Rittenhouse''s bail.', NULL, NULL, NULL, NULL);
INSERT INTO crime_types (person_id, crime_type) VALUES ('ricky-schroder', 'domestic-violence');
INSERT INTO sources (person_id, url) VALUES ('ricky-schroder', 'https://goppredators.wordpress.com/2023/01/31/538-ricky-schroder/');
INSERT INTO sources (person_id, url) VALUES ('ricky-schroder', 'https://www.etonline.com/ricky-schroder-will-not-be-charged-for-second-alleCCged-domestic-violence-incident-with-girlfriend');
INSERT INTO sources (person_id, url) VALUES ('ricky-schroder', 'https://www.wdrb.com/news/national/actor-rick-schroder-arrested-for-domestic-violence-twice-in-the-past-30-days/article_69651032-6cce-11e9-bfb4-9f61863f5129.html');
INSERT OR REPLACE INTO people (id, name, status, level, state, office, crime_description, summary, still_in_office, offense_year, conviction_year, event_date) VALUES ('daryl-brooks', 'Daryl Brooks', 'convicted', 'adjacent', 'PA', '', 'Child Indecency', 'Daryl Brooks has run for Congress and the Senate in New Jersey. He was one of those perennial unserious candidates who would file $75 to see their name on the ballot.', NULL, NULL, NULL, '2020-11-13');
INSERT INTO crime_types (person_id, crime_type) VALUES ('daryl-brooks', 'other');
INSERT INTO sources (person_id, url) VALUES ('daryl-brooks', 'https://goppredators.wordpress.com/2023/01/31/537-daryl-brooks/');
INSERT INTO sources (person_id, url) VALUES ('daryl-brooks', 'https://www.dailykos.com/stories/2020/11/9/1994330/-Key-witness-for-Giuliani-s-Four-Seasons-Total-humiliation-press-conference-is-convicted-sex-offender');
INSERT OR REPLACE INTO people (id, name, status, level, state, office, crime_description, summary, still_in_office, offense_year, conviction_year, event_date) VALUES ('david-farley', 'David Farley', 'alleged', 'adjacent', 'OR', '', 'Sexual Assault', 'David Farley was an Oregon doctor and GOP donor. He lost his license to practice medicine after several patients came forward with complaints that he sexually assaulted them.', NULL, NULL, NULL, NULL);
INSERT INTO crime_types (person_id, crime_type) VALUES ('david-farley', 'assault');
INSERT INTO sources (person_id, url) VALUES ('david-farley', 'https://goppredators.wordpress.com/2023/01/31/536-david-farley/');
INSERT INTO sources (person_id, url) VALUES ('david-farley', 'https://www.opb.org/article/2022/09/29/alleged-victims-say-criminal-case-against-west-linn-oregon-doctor-mishandled/');
INSERT INTO sources (person_id, url) VALUES ('david-farley', 'https://www.opb.org/article/2022/11/29/west-linn-oregon-doctor-sex-abuse-case-police-records/');
INSERT INTO sources (person_id, url) VALUES ('david-farley', 'https://www.portlandtribune.com/news/west-linn-doctor-accused-of-abuse-sues-to-keep-records-shut/article_3cb2e8f5-c305-56cd-a58c-de0c17787d0d.html');
INSERT INTO sources (person_id, url) VALUES ('david-farley', 'https://kpic.com/news/local/oregon-law-for-sexual-misconduct-by-doctors-trails-other-states-katu-investigation-finds');
INSERT OR REPLACE INTO people (id, name, status, level, state, office, crime_description, summary, still_in_office, offense_year, conviction_year, event_date) VALUES ('brett-favre', 'Brett Favre', 'alleged', 'adjacent', 'MS', '', 'Sexual Harassment', 'Brett Favre was a famous and successful quarterback. He played for the Green Bay Packers during the prime of his career.', NULL, NULL, NULL, NULL);
INSERT INTO crime_types (person_id, crime_type) VALUES ('brett-favre', 'harassment');
INSERT INTO sources (person_id, url) VALUES ('brett-favre', 'https://goppredators.wordpress.com/2023/01/31/535-brett-favre/');
INSERT INTO sources (person_id, url) VALUES ('brett-favre', 'https://www.thedailybeast.com/brett-favre-was-a-sexually-harassing-creep-long-before-allegedly-robbing-mississippis-poor');
INSERT INTO sources (person_id, url) VALUES ('brett-favre', 'https://wisportsheroics.com/its-not-just-mississippi-brett-farves-long-history-of-sexual-harassment-and-misconduct-allegations/');
INSERT INTO sources (person_id, url) VALUES ('brett-favre', 'https://www.nydailynews.com/sports/football/jets/exclusive-tv-star-harassed-brett-favre-blasts-nfl-handling-violence-article-1.1945121');
INSERT OR REPLACE INTO people (id, name, status, level, state, office, crime_description, summary, still_in_office, offense_year, conviction_year, event_date) VALUES ('rick-roeber', 'Rick Roeber', 'alleged', 'state', 'MO', '', 'Child Abuse, Sexual Abuse, Incest', 'Rick Roeber was a Republican representative for Missouri state House District 34. when his children came forward to tell people about his physical and sexual abuse of them during their childhood.', NULL, NULL, NULL, '2020-10-29');
INSERT INTO crime_types (person_id, crime_type) VALUES ('rick-roeber', 'assault');
INSERT INTO crime_types (person_id, crime_type) VALUES ('rick-roeber', 'incest');
INSERT INTO sources (person_id, url) VALUES ('rick-roeber', 'https://goppredators.wordpress.com/2023/01/30/534-rick-roeber/');
INSERT INTO sources (person_id, url) VALUES ('rick-roeber', 'https://www.nytimes.com/2021/04/21/us/politics/rick-roeber-missouri-children.html');
INSERT OR REPLACE INTO people (id, name, status, level, state, office, crime_description, summary, still_in_office, offense_year, conviction_year, event_date) VALUES ('robert-anderson-strickland', 'Robert Anderson Strickland', 'charged', 'local', 'SC', 'Sheriff', 'Assault', 'Robert Anderson Strickland was a Sheriff in South Carolina. He was accused of punching a woman in the face with a closed fist more than once, taking away her cell phone so she could not call for help or for medical assistance.', NULL, NULL, NULL, '2020-10-24');
INSERT INTO crime_types (person_id, crime_type) VALUES ('robert-anderson-strickland', 'other');
INSERT INTO sources (person_id, url) VALUES ('robert-anderson-strickland', 'https://goppredators.wordpress.com/2023/01/30/533-robert-anderson-strickland/');
INSERT INTO sources (person_id, url) VALUES ('robert-anderson-strickland', 'https://apnews.com/article/2fcc4c66af3b4736b239e88ab9d7ea27');
INSERT INTO sources (person_id, url) VALUES ('robert-anderson-strickland', 'https://www.thestate.com/news/local/crime/article246664783.html');
INSERT OR REPLACE INTO people (id, name, status, level, state, office, crime_description, summary, still_in_office, offense_year, conviction_year, event_date) VALUES ('ian-charles-schenkel', 'Ian Charles Schenkel', 'charged', 'adjacent', 'CA', '', 'Child Molestation', 'Ian Charles Schenkel was the CEO of Halliburton and a reliable Republican donor. He lost his job when he was arrested for "prostitution with a 15-year-old and a 16-year-old." You can read the charges below.', NULL, NULL, NULL, NULL);
INSERT INTO crime_types (person_id, crime_type) VALUES ('ian-charles-schenkel', 'child-molestation');
INSERT INTO sources (person_id, url) VALUES ('ian-charles-schenkel', 'https://goppredators.wordpress.com/2023/01/30/532-ian-charles-schenkel/');
INSERT INTO sources (person_id, url) VALUES ('ian-charles-schenkel', 'https://www.cbsnews.com/losangeles/news/ceo-haliburton-international-foods-charged-prostitution-2-teenage-girls/');
INSERT INTO sources (person_id, url) VALUES ('ian-charles-schenkel', 'https://orangecountyda.org/press/ceo-of-haliburton-international-foods-charged-with-engaging-in-prostitution-with-underage-girls/');
INSERT INTO sources (person_id, url) VALUES ('ian-charles-schenkel', 'https://www.foxbusiness.com/lifestyle/ceo-of-haliburton-international-foods-quits-accused-having-sex-teenage-girls');
INSERT OR REPLACE INTO people (id, name, status, level, state, office, crime_description, summary, still_in_office, offense_year, conviction_year, event_date) VALUES ('tony-yocham', 'Tony Yocham', 'charged', 'local', 'TX', '', 'Child Molestation', 'Tony Yocham was the Chief of Police for Hamilton, Texas. He also ran for Sheriff of Somervell County but lost the Republican primary.', NULL, NULL, NULL, '2020-09-16');
INSERT INTO crime_types (person_id, crime_type) VALUES ('tony-yocham', 'child-molestation');
INSERT INTO sources (person_id, url) VALUES ('tony-yocham', 'https://goppredators.wordpress.com/2023/01/30/531-tony-yocham/');
INSERT INTO sources (person_id, url) VALUES ('tony-yocham', 'https://www.star-telegram.com/news/local/crime/article245757045.html');
INSERT INTO sources (person_id, url) VALUES ('tony-yocham', 'https://us105fm.com/hamilton-police-chief-arrested-for-child-sex-crime/');
INSERT OR REPLACE INTO people (id, name, status, level, state, office, crime_description, summary, still_in_office, offense_year, conviction_year, event_date) VALUES ('brad-parscale', 'Brad Parscale', 'alleged', 'party-official', 'FL', 'Campaign Official', 'Domestic Violence', 'Brad Parscale was President Trump''s Campaign Manager who navigated the new social media systems exceedingly well in 2016. In 2020, he was a Senior Adviser to the campaign.', NULL, NULL, NULL, '2020-12-03');
INSERT INTO crime_types (person_id, crime_type) VALUES ('brad-parscale', 'domestic-violence');
INSERT INTO sources (person_id, url) VALUES ('brad-parscale', 'https://goppredators.wordpress.com/2023/01/29/530-brad-parscale/');
INSERT INTO sources (person_id, url) VALUES ('brad-parscale', 'https://www.sun-sentinel.com/local/broward/fort-lauderdale/fl-ne-brad-parscale-suicide-attempt-saved-by-cop-friend-20200928-irc2wvhvczblhakhnsdnfeppme-story.html');
INSERT INTO sources (person_id, url) VALUES ('brad-parscale', 'https://www.politico.com/states/florida/story/2020/09/28/brad-parscale-hits-her-trumps-former-campaign-manager-accused-of-domestic-violence-1318907');
INSERT INTO sources (person_id, url) VALUES ('brad-parscale', 'https://www.nydailynews.com/news/national/ny-brad-parscale-wife-trump-domestic-violence-20201001-6ladkpk75jfw7cwlarycta7zxm-story.html');
INSERT OR REPLACE INTO people (id, name, status, level, state, office, crime_description, summary, still_in_office, offense_year, conviction_year, event_date) VALUES ('andrew-napolitano', 'Andrew Napolitano', 'alleged', 'adjacent', 'NJ', 'Judge', 'Sexual Assault', 'Andrew Napolitano was a Superior Court Judge in New Jersey and worked for FOX News for twenty-four years as an on-air expert in legal matters. He also offered his opinions (very conservative) on other issues.', NULL, NULL, NULL, NULL);
INSERT INTO crime_types (person_id, crime_type) VALUES ('andrew-napolitano', 'assault');
INSERT INTO sources (person_id, url) VALUES ('andrew-napolitano', 'https://goppredators.wordpress.com/2023/01/29/529-andrew-napolitano/');
INSERT INTO sources (person_id, url) VALUES ('andrew-napolitano', 'https://www.nydailynews.com/new-york/ny-fox-news-napolitano-bizarre-sex-act-assault-suit-20200928-toelftxj7fbrfl654ujcqngfuy-story.html');
INSERT INTO sources (person_id, url) VALUES ('andrew-napolitano', 'https://www.adweek.com/tvnewser/judge-andrew-napolitano-is-out-at-fox-news-following-sexual-harrassment-allegation/484589/');
INSERT INTO sources (person_id, url) VALUES ('andrew-napolitano', 'https://www.nj.com/bergen/2020/09/second-man-makes-sex-assault-claim-against-fox-news-analyst-former-nj-judge-andrew-napolitano.html');
INSERT OR REPLACE INTO people (id, name, status, level, state, office, crime_description, summary, still_in_office, offense_year, conviction_year, event_date) VALUES ('dan-snyder', 'Dan Snyder', 'alleged', 'adjacent', 'DC', '', 'Sexual Assault/Harassment/Cover-Up', 'Dan Snyder was the owner of the NFL franchise in Washington, D.C., the Washington Commanders, that previously had a notoriously racist name which Snyder repeatedly ignored the public pressure to change. He was alleged to have allowed a hostile work environment for the team''s cheerleaders and for lew', NULL, NULL, NULL, '2021-10-27');
INSERT INTO crime_types (person_id, crime_type) VALUES ('dan-snyder', 'assault');
INSERT INTO crime_types (person_id, crime_type) VALUES ('dan-snyder', 'enablement');
INSERT INTO crime_types (person_id, crime_type) VALUES ('dan-snyder', 'organizational-coverup');
INSERT INTO crime_types (person_id, crime_type) VALUES ('dan-snyder', 'harassment');
INSERT INTO sources (person_id, url) VALUES ('dan-snyder', 'https://goppredators.wordpress.com/2023/01/29/528-dan-snyder/');
INSERT INTO sources (person_id, url) VALUES ('dan-snyder', 'https://bleacherreport.com/articles/2906323-dan-snyder-accused-of-propositioning-cheerleader-treating-women-like-servants');
INSERT INTO sources (person_id, url) VALUES ('dan-snyder', 'https://www.washingtonpost.com/sports/2022/06/21/dan-snyder-sexual-assault-allegation/');
INSERT INTO sources (person_id, url) VALUES ('dan-snyder', 'https://bleacherreport.com/articles/10052260-report-daniel-snyder-offered-sexual-assault-accuser-at-least-1m-not-to-talk-to-nfl');
INSERT INTO sources (person_id, url) VALUES ('dan-snyder', 'https://news.bloomberglaw.com/daily-labor-report/washington-commanders-owner-snyder-sued-by-dc-attorney-general');
INSERT OR REPLACE INTO people (id, name, status, level, state, office, crime_description, summary, still_in_office, offense_year, conviction_year, event_date) VALUES ('frank-sapareto', 'Frank Sapareto', 'convicted', 'state', 'NH', '', 'Domestic Violence', 'Frank Sapareto was a state legislator in New Hampshire. He lost re-election in 2018 after being sued for hitting the producer of a porn video he played a role in.', NULL, NULL, NULL, '2018-10-30');
INSERT INTO crime_types (person_id, crime_type) VALUES ('frank-sapareto', 'domestic-violence');
INSERT INTO sources (person_id, url) VALUES ('frank-sapareto', 'https://goppredators.wordpress.com/2023/01/29/527-frank-sapareto/');
INSERT INTO sources (person_id, url) VALUES ('frank-sapareto', 'https://www.eagletribune.com/news/local_news/derry-lawmaker-fights-assault-conviction/article_964861ef-0ed2-5673-b637-1cce13f85647.html');
INSERT INTO sources (person_id, url) VALUES ('frank-sapareto', 'https://ktla.com/news/local-news/lawsuit-alleges-new-hampshire-lawmaker-assaulted-porn-film-maker-in-simi-valley/');
INSERT OR REPLACE INTO people (id, name, status, level, state, office, crime_description, summary, still_in_office, offense_year, conviction_year, event_date) VALUES ('james-spillane', 'James Spillane', 'convicted', 'state', 'NH', '', 'Domestic Violence', 'James Spillane represents Rockingham2 in the New Hampshire legislature and has since 2014. He was elected in spite of pleading guilty to trying to strangle his wife.', NULL, NULL, NULL, '2019-06-29');
INSERT INTO crime_types (person_id, crime_type) VALUES ('james-spillane', 'domestic-violence');
INSERT INTO sources (person_id, url) VALUES ('james-spillane', 'https://goppredators.wordpress.com/2023/01/29/526-james-spillane/');
INSERT INTO sources (person_id, url) VALUES ('james-spillane', 'https://miscellanyblue.com/post/151915915302');
INSERT INTO sources (person_id, url) VALUES ('james-spillane', 'https://forumhome.org/reps-legal-troubles-and-why-they-matter-p26221-1.htm');
INSERT INTO sources (person_id, url) VALUES ('james-spillane', 'https://www.concordmonitor.com/AG-Investigating-N-H-Rep-s-Facebook-Post-About-Looting-Burning-Homes-With-Black-Lives-Matter-Signs-36086041');
INSERT OR REPLACE INTO people (id, name, status, level, state, office, crime_description, summary, still_in_office, offense_year, conviction_year, event_date) VALUES ('michael-weeden', 'Michael Weeden', 'convicted', 'state', 'NH', 'State Representative', 'Menacing', 'Michael Weeden is a former Dover, NH, City Councilor and a NH state representative. In 2015.', NULL, NULL, NULL, '2014-05-22');
INSERT INTO crime_types (person_id, crime_type) VALUES ('michael-weeden', 'other');
INSERT INTO sources (person_id, url) VALUES ('michael-weeden', 'https://goppredators.wordpress.com/2023/01/24/525-michael-weeden/');
INSERT INTO sources (person_id, url) VALUES ('michael-weeden', 'https://www.seacoastonline.com/story/news/crime/2015/07/09/ex-state-rep-gets-1/33910430007/');
INSERT INTO sources (person_id, url) VALUES ('michael-weeden', 'https://www.fosters.com/story/news/crime/2014/12/02/witness-weeden-drank-heavily-sodomized/34928322007/');
INSERT INTO sources (person_id, url) VALUES ('michael-weeden', 'https://www.fosters.com/story/news/crime/2014/12/03/weeden-found-not-guilty-aggravated/34928183007/');
INSERT OR REPLACE INTO people (id, name, status, level, state, office, crime_description, summary, still_in_office, offense_year, conviction_year, event_date) VALUES ('michael-sylvia', 'Michael Sylvia', 'alleged', 'adjacent', 'NH', '', 'Rape Culture', 'Michael Sylvia (NH): Rape Culture.', NULL, NULL, NULL, NULL);
INSERT INTO crime_types (person_id, crime_type) VALUES ('michael-sylvia', 'rape');
INSERT INTO crime_types (person_id, crime_type) VALUES ('michael-sylvia', 'harassment');
INSERT INTO sources (person_id, url) VALUES ('michael-sylvia', 'https://goppredators.wordpress.com/2026/03/13/524-michael-sylvia/');
INSERT OR REPLACE INTO people (id, name, status, level, state, office, crime_description, summary, still_in_office, offense_year, conviction_year, event_date) VALUES ('howard-pearl', 'Howard Pearl', 'charged', 'state', 'NH', '', 'Child Sexual Assault', 'Howard Pearl was a member of the New Hampshire House from 2016 to 2022 when he won election to the New Hampshire Senate. In 2014, he was charged with misdemeanor sexual assault, accused of touching a 15-year-old girl.', NULL, NULL, NULL, '2014-08-10');
INSERT INTO crime_types (person_id, crime_type) VALUES ('howard-pearl', 'assault');
INSERT INTO sources (person_id, url) VALUES ('howard-pearl', 'https://goppredators.wordpress.com/2023/01/24/523-howard-pearl/');
INSERT INTO sources (person_id, url) VALUES ('howard-pearl', 'https://web.archive.org/web/20180625141555/http://www.concordmonitor.com/Archive/2014/08/webpearl-cm-080914');
INSERT INTO sources (person_id, url) VALUES ('howard-pearl', 'https://web.archive.org/web/20221102135517/https://www.concordmonitor.com/Howard-Pearl-State-Rep-Run-Loudon-NH-4559590');
INSERT OR REPLACE INTO people (id, name, status, level, state, office, crime_description, summary, still_in_office, offense_year, conviction_year, event_date) VALUES ('jack-tomczak', 'Jack Tomczak', 'alleged', 'adjacent', 'MN', '', 'Stalking/Harassment', 'Jack Tomczak has a 24-year history in Republican organizing and communications. With a stint as a conservative radio host and podcaster, he was for a time the communications director for the Minnesota Republican Party.', NULL, NULL, NULL, NULL);
INSERT INTO crime_types (person_id, crime_type) VALUES ('jack-tomczak', 'harassment');
INSERT INTO crime_types (person_id, crime_type) VALUES ('jack-tomczak', 'stalking');
INSERT INTO sources (person_id, url) VALUES ('jack-tomczak', 'https://goppredators.wordpress.com/2023/01/24/522-jack-tomczak/');
INSERT INTO sources (person_id, url) VALUES ('jack-tomczak', 'https://minnesotareformer.com/2020/08/26/judge-grants-temporary-restraining-order-to-ex-wife-of-minnesota-gop-communications-director/');
INSERT INTO sources (person_id, url) VALUES ('jack-tomczak', 'https://minnesotareformer.com/2020/12/07/ex-wife-of-minnesota-gop-communications-director-jack-tomczak-granted-restraining-order-against-him/');
INSERT OR REPLACE INTO people (id, name, status, level, state, office, crime_description, summary, still_in_office, offense_year, conviction_year, event_date) VALUES ('c-davis', 'C Davis', 'alleged', 'local', 'WA', 'County Commissioner', 'Sexual Harassment', 'C Davis was a Republican candidate for Thurston County Commissioner in Washington. Several women complained of his approaching them, making inappropriate sexual comments.', NULL, NULL, NULL, '2020-08-28');
INSERT INTO crime_types (person_id, crime_type) VALUES ('c-davis', 'harassment');
INSERT INTO sources (person_id, url) VALUES ('c-davis', 'https://goppredators.wordpress.com/2023/01/24/521-c-davis/');
INSERT INTO sources (person_id, url) VALUES ('c-davis', 'https://www.thejoltnews.com/stories/candidate-for-county-commissioner-accused-of-sexual-harassment,335');
INSERT INTO sources (person_id, url) VALUES ('c-davis', 'https://www.theolympian.com/news/politics-government/election/article245279415.html');
INSERT OR REPLACE INTO people (id, name, status, level, state, office, crime_description, summary, still_in_office, offense_year, conviction_year, event_date) VALUES ('j-r-romano', 'J. R. Romano', 'charged', 'party-official', 'NH', '', 'Organizational Cover-Up', 'J. R. Romano (NH): Organizational Cover-Up.', NULL, NULL, NULL, '2021-01-14');
INSERT INTO crime_types (person_id, crime_type) VALUES ('j-r-romano', 'enablement');
INSERT INTO crime_types (person_id, crime_type) VALUES ('j-r-romano', 'organizational-coverup');
INSERT INTO sources (person_id, url) VALUES ('j-r-romano', 'https://goppredators.wordpress.com/2023/01/24/520-j-r-romano/');
INSERT INTO sources (person_id, url) VALUES ('j-r-romano', 'http://onlyinbridgeport.com/wordpress/top-legislative-republican-asserts-gop-party-leader-must-step-down-for-hushing-congressional-candidates-domestic-abuse-allegations/');
INSERT INTO sources (person_id, url) VALUES ('j-r-romano', 'https://www.courant.com/politics/hc-pol-romano-out-gop-chairman-20210113-k6dpjgwqavhbbbkm53oy55qeee-story.html');
INSERT OR REPLACE INTO people (id, name, status, level, state, office, crime_description, summary, still_in_office, offense_year, conviction_year, event_date) VALUES ('john-gallman', 'John Gallman', 'alleged', 'state', 'SC', '', 'Domestic Violence', 'John Gallman was a Republican primary candidate for South Carolina''s state senate. He was accused of domestic violence.', NULL, NULL, NULL, '2020-06-17');
INSERT INTO crime_types (person_id, crime_type) VALUES ('john-gallman', 'domestic-violence');
INSERT INTO sources (person_id, url) VALUES ('john-gallman', 'https://goppredators.wordpress.com/2023/01/23/519-john-gallman/');
INSERT INTO sources (person_id, url) VALUES ('john-gallman', 'https://www.myhorrynews.com/news/local/horry_county/state-senate-candidates-spar-in-series-of-press-conferences-statements/article_ffc72d48-b279-11ea-a1f0-534033e74c18.html');
INSERT INTO sources (person_id, url) VALUES ('john-gallman', 'https://www.myhorrynews.com/news/local/horry_county/state-senate-candidate-disputes-domestic-abuse-allegations-in-court-records/article_17a3ef14-afe1-11ea-9fb1-dbb2629e463c.html');
INSERT OR REPLACE INTO people (id, name, status, level, state, office, crime_description, summary, still_in_office, offense_year, conviction_year, event_date) VALUES ('robert-forsythe', 'Robert Forsythe', 'charged', 'state', 'NH', 'State Representative', 'Domestic Violence', 'Robert Forsythe was a New Hampshire state representative. While running for re-election, he was accused of domestic violence, choking an intimate partner who was pregnant at the time and kneeing her in the back.', NULL, NULL, NULL, NULL);
INSERT INTO crime_types (person_id, crime_type) VALUES ('robert-forsythe', 'domestic-violence');
INSERT INTO sources (person_id, url) VALUES ('robert-forsythe', 'https://goppredators.wordpress.com/2023/01/22/518-robert-forsythe/');
INSERT INTO sources (person_id, url) VALUES ('robert-forsythe', 'https://www.concordmonitor.com/NH-state-representative-Robert-Forsythe-domestic-violence-case-Boscawen-35924576');
INSERT INTO sources (person_id, url) VALUES ('robert-forsythe', 'https://www.concordmonitor.com/Robert-Forsythe-hearing-38601585');
INSERT OR REPLACE INTO people (id, name, status, level, state, office, crime_description, summary, still_in_office, offense_year, conviction_year, event_date) VALUES ('george-halcovage', 'George Halcovage', 'alleged', 'adjacent', 'NY', '', 'Sexual Harassment', 'George Halcovage (NY): Sexual Harassment.', NULL, NULL, NULL, NULL);
INSERT INTO crime_types (person_id, crime_type) VALUES ('george-halcovage', 'harassment');
INSERT INTO sources (person_id, url) VALUES ('george-halcovage', 'https://goppredators.wordpress.com/2026/03/13/517-george-halcovage/');
INSERT OR REPLACE INTO people (id, name, status, level, state, office, crime_description, summary, still_in_office, offense_year, conviction_year, event_date) VALUES ('david-hawk', 'David Hawk', 'convicted', 'state', 'TN', 'State Representative', 'Domestic Violence', 'David Hawk is a Tennessee State Representative. He also ran in the primary for US House District 1, but only got about 5% of the vote.', NULL, NULL, NULL, '2013-09-20');
INSERT INTO crime_types (person_id, crime_type) VALUES ('david-hawk', 'domestic-violence');
INSERT INTO sources (person_id, url) VALUES ('david-hawk', 'https://goppredators.wordpress.com/2023/01/22/516-david-hawk/');
INSERT INTO sources (person_id, url) VALUES ('david-hawk', 'https://archive.knoxnews.com/news/local/state-rep-david-hawks-indictment-would-bar-leadership-appointment-ep-359519777-356396051.html/');
INSERT INTO sources (person_id, url) VALUES ('david-hawk', 'https://wcyb.com/news/tennessee-news/rep-david-hawk-convicted-of-reckless-endangerment');
INSERT OR REPLACE INTO people (id, name, status, level, state, office, crime_description, summary, still_in_office, offense_year, conviction_year, event_date) VALUES ('loren-culp', 'Loren Culp', 'convicted', 'state', 'WA', '', 'Rape Culture', 'Loren Culp is a former police chief. He came in second in the open primary for governor, a Republican running against Democratic incumbent Jay Inslee of Washington.', NULL, NULL, NULL, '2022-12-04');
INSERT INTO crime_types (person_id, crime_type) VALUES ('loren-culp', 'rape');
INSERT INTO crime_types (person_id, crime_type) VALUES ('loren-culp', 'harassment');
INSERT INTO sources (person_id, url) VALUES ('loren-culp', 'https://goppredators.wordpress.com/2023/01/22/515-loren-culp/');
INSERT INTO sources (person_id, url) VALUES ('loren-culp', 'https://www.seattletimes.com/seattle-news/politics/lawsuit-accuses-gop-gubernatorial-candidate-loren-culp-of-mishandling-child-sex-abuse-investigation/');
INSERT INTO sources (person_id, url) VALUES ('loren-culp', 'https://www.ifiberone.com/columbia_basin/275-000-dealt-to-victim-after-lawsuit-blames-loren-culp-and-others-in-alleged-mishandling/article_dfbfe942-72a0-11ed-be26-43dbf7a247f4.html');
INSERT OR REPLACE INTO people (id, name, status, level, state, office, crime_description, summary, still_in_office, offense_year, conviction_year, event_date) VALUES ('marcie-adkins', 'Marcie Adkins', 'convicted', 'state', 'FL', 'Campaign Official', 'Enabling', 'Marcie Adkins was a Florida primary candidate for the State Legislature. She hired a campaign manager whose criminal record is disturbing.', NULL, NULL, NULL, '2020-07-08');
INSERT INTO crime_types (person_id, crime_type) VALUES ('marcie-adkins', 'enablement');
INSERT INTO sources (person_id, url) VALUES ('marcie-adkins', 'https://goppredators.wordpress.com/2023/01/22/514-marcie-adkins/');
INSERT INTO sources (person_id, url) VALUES ('marcie-adkins', 'https://www.floridatoday.com/story/news/2020/07/07/randy-fine-calls-out-opponent-rape-allegations-against-campaign-manager/5389690002/');
INSERT INTO sources (person_id, url) VALUES ('marcie-adkins', 'https://floridapolitics.com/archives/348064-randy-fine-confronts-marcie-adkins-over-campaign-managers-criminal-past/');
INSERT OR REPLACE INTO people (id, name, status, level, state, office, crime_description, summary, still_in_office, offense_year, conviction_year, event_date) VALUES ('robert-burns', 'Robert Burns', 'convicted', 'party-official', 'FL', 'Campaign Official', 'Rape', 'Robert Burns was the campaign manager for Marcie Adkins, a Republican primary candidate competing against Republican Rep. Randy Fine.', NULL, NULL, NULL, '2020-07-08');
INSERT INTO crime_types (person_id, crime_type) VALUES ('robert-burns', 'rape');
INSERT INTO sources (person_id, url) VALUES ('robert-burns', 'https://goppredators.wordpress.com/2023/01/22/513-robert-burns/');
INSERT INTO sources (person_id, url) VALUES ('robert-burns', 'https://www.floridatoday.com/story/news/2020/07/07/randy-fine-calls-out-opponent-rape-allegations-against-campaign-manager/5389690002/');
INSERT INTO sources (person_id, url) VALUES ('robert-burns', 'https://floridapolitics.com/archives/348064-randy-fine-confronts-marcie-adkins-over-campaign-managers-criminal-past/');
INSERT OR REPLACE INTO people (id, name, status, level, state, office, crime_description, summary, still_in_office, offense_year, conviction_year, event_date) VALUES ('tucker-carlson', 'Tucker Carlson', 'convicted', 'adjacent', 'FL', '', 'Sexual Harassment/Rape Culture', 'Tucker Carlson is the most popular host on FOX News. A white nationalist who foments racist violence by promoting the "Great Replacement" theory that inspired the Holocaust, has also been accused of sexual harassment.', NULL, NULL, NULL, NULL);
INSERT INTO crime_types (person_id, crime_type) VALUES ('tucker-carlson', 'rape');
INSERT INTO crime_types (person_id, crime_type) VALUES ('tucker-carlson', 'harassment');
INSERT INTO sources (person_id, url) VALUES ('tucker-carlson', 'https://goppredators.wordpress.com/2023/01/22/512-tucker-carlson/');
INSERT INTO sources (person_id, url) VALUES ('tucker-carlson', 'https://abcnews.go.com/US/warren-jeffs-guilty-child-rape/story?id=14228198');
INSERT INTO sources (person_id, url) VALUES ('tucker-carlson', 'https://www.sltrib.com/news/nation-world/2019/03/11/tucker-carlson-wont/');
INSERT INTO sources (person_id, url) VALUES ('tucker-carlson', 'https://casetext.com/case/areu-v-fox-news-network-llc-2');
INSERT INTO sources (person_id, url) VALUES ('tucker-carlson', 'https://www.businessinsider.com/tucker-carlson-defended-teen-adult-relationships-samantha-bee-tapes-2019-3');
INSERT OR REPLACE INTO people (id, name, status, level, state, office, crime_description, summary, still_in_office, offense_year, conviction_year, event_date) VALUES ('sean-hannity', 'Sean Hannity', 'alleged', 'adjacent', 'NY', '', 'Sexual Harassment', 'Sean Hannity is a popular FOX News host and was an informal Trump advisor. He has been accused of sexual misconduct by two women.', NULL, NULL, NULL, '2017-04-25');
INSERT INTO crime_types (person_id, crime_type) VALUES ('sean-hannity', 'harassment');
INSERT INTO sources (person_id, url) VALUES ('sean-hannity', 'https://goppredators.wordpress.com/2023/01/22/511-sean-hannity/');
INSERT INTO sources (person_id, url) VALUES ('sean-hannity', 'https://www.newschannel5.com/news/national/sean-hannity-the-latest-fox-news-host-to-be-accused-of-sexual-harassment');
INSERT INTO sources (person_id, url) VALUES ('sean-hannity', 'https://www.thedailybeast.com/sean-hannity-accused-of-sexually-harassing-fox-news-contributor');
INSERT INTO sources (person_id, url) VALUES ('sean-hannity', 'https://casetext.com/case/areu-v-fox-news-network-llc-2');
INSERT INTO sources (person_id, url) VALUES ('sean-hannity', 'https://www.salon.com/2017/11/22/sean-hannity-continues-to-defend-sexual-abusers_partner/');
INSERT OR REPLACE INTO people (id, name, status, level, state, office, crime_description, summary, still_in_office, offense_year, conviction_year, event_date) VALUES ('madison-cawthorn', 'Madison Cawthorn', 'alleged', 'federal', 'NC', 'U.S. Congressman', 'Sexual Assault', 'Madison Cawthorn was a U.S. Congressman famous for abusing trees.', NULL, NULL, NULL, '2020-08-23');
INSERT INTO crime_types (person_id, crime_type) VALUES ('madison-cawthorn', 'assault');
INSERT INTO sources (person_id, url) VALUES ('madison-cawthorn', 'https://goppredators.wordpress.com/2023/01/21/510-madison-cawthorn/');
INSERT INTO sources (person_id, url) VALUES ('madison-cawthorn', 'https://www.thenation.com/article/politics/madison-cawthorn-paralympics/');
INSERT INTO sources (person_id, url) VALUES ('madison-cawthorn', 'https://www.cnn.com/2021/03/01/politics/madison-cawthorn-sexual-misconduct-allegations/index.html');
INSERT INTO sources (person_id, url) VALUES ('madison-cawthorn', 'https://nymag.com/intelligencer/tags/the-national-interest/');
INSERT INTO sources (person_id, url) VALUES ('madison-cawthorn', 'https://www.buzzfeednews.com/article/addybaird/madison-cawthorn-sexual-misconduct-allegations-patrick');
INSERT OR REPLACE INTO people (id, name, status, level, state, office, crime_description, summary, still_in_office, offense_year, conviction_year, event_date) VALUES ('augustus-sol-invictus', 'Augustus Sol Invictus', 'alleged', 'adjacent', 'SC', '', 'Domestic Violence, Kidnapping', 'Augustus Sol Invictus is a white nationalist associated with the Nazi group AtomWaffen. He used to be a Libertarian but changed to Republican after Trump was elected.', NULL, NULL, NULL, NULL);
INSERT INTO crime_types (person_id, crime_type) VALUES ('augustus-sol-invictus', 'domestic-violence');
INSERT INTO sources (person_id, url) VALUES ('augustus-sol-invictus', 'https://goppredators.wordpress.com/2023/01/21/509-augustus-sol-invictus/');
INSERT INTO sources (person_id, url) VALUES ('augustus-sol-invictus', 'https://www.splcenter.org/hatewatch/2020/01/09/augustus-invictus-charged-kidnapping-domestic-violence-south-carolina');
INSERT INTO sources (person_id, url) VALUES ('augustus-sol-invictus', 'https://www.heraldonline.com/news/local/crime/article260542287.html#storylink=cpy');
INSERT INTO sources (person_id, url) VALUES ('augustus-sol-invictus', 'https://www.thedailybeast.com/anna-invictus-slams-white-supremacist-augustus-sol-invictus-calls-him-a-master-manipulator');
INSERT OR REPLACE INTO people (id, name, status, level, state, office, crime_description, summary, still_in_office, offense_year, conviction_year, event_date) VALUES ('brian-mast', 'Brian Mast', 'alleged', 'federal', 'FL', 'U.S. Congressman', 'Rape Culture', 'Brian Mast is a Congressman from Florida. He is an active presence on social media posting daily, often with belligerent and misleading statements.', NULL, NULL, NULL, '2020-08-27');
INSERT INTO crime_types (person_id, crime_type) VALUES ('brian-mast', 'rape');
INSERT INTO crime_types (person_id, crime_type) VALUES ('brian-mast', 'harassment');
INSERT INTO sources (person_id, url) VALUES ('brian-mast', 'https://goppredators.wordpress.com/2023/01/21/508-brian-mast/');
INSERT INTO sources (person_id, url) VALUES ('brian-mast', 'https://floridapolitics.com/archives/361943-mast-apologizes-joking-rape/');
INSERT INTO sources (person_id, url) VALUES ('brian-mast', 'https://www.sun-sentinel.com/news/politics/fl-ne-brian-mast-facebook-posts-20200825-mqkpcpbfdrgeblz4vht5xpcqf4-story.html');
INSERT INTO sources (person_id, url) VALUES ('brian-mast', 'https://www.palmbeachpost.com/story/opinion/2020/09/04/congressman-mast-should-immediately-resign-over-rape-jokes/3448869001/');
INSERT OR REPLACE INTO people (id, name, status, level, state, office, crime_description, summary, still_in_office, offense_year, conviction_year, event_date) VALUES ('becki-falwell', 'Becki Falwell', 'alleged', 'adjacent', 'VA', '', 'Sexual Harassment', 'Becki Falwell is the wife of Jerry Falwell, Jr. former president of Liberty University.', NULL, NULL, NULL, NULL);
INSERT INTO crime_types (person_id, crime_type) VALUES ('becki-falwell', 'harassment');
INSERT INTO sources (person_id, url) VALUES ('becki-falwell', 'https://goppredators.wordpress.com/2023/01/21/507-becki-falwell/');
INSERT INTO sources (person_id, url) VALUES ('becki-falwell', 'https://www.foxnews.com/us/former-liberty-student-alleges-sexual-encounter-with-becki-falwell-claims-she-was-aggressor');
INSERT INTO sources (person_id, url) VALUES ('becki-falwell', 'https://www.theatlantic.com/sexes/archive/2013/04/being-gay-at-jerry-falwells-university/274578/');
INSERT INTO sources (person_id, url) VALUES ('becki-falwell', 'https://www.politico.com/news/2020/08/27/becki-falwell-affair-liberty-university-student-band-jerry-402559');
INSERT OR REPLACE INTO people (id, name, status, level, state, office, crime_description, summary, still_in_office, offense_year, conviction_year, event_date) VALUES ('kevin-clarkson', 'Kevin Clarkson', 'alleged', 'state', 'AK', '', 'Sexual Harassment', 'Kevin Clarkson was the Attorney General of Alaska when he abruptly resigned after ProPublica published a story about him sending more than 500 text messages to a state employee. The messages frequently commented on her appearance and asked her to come to his home.', NULL, NULL, NULL, NULL);
INSERT INTO crime_types (person_id, crime_type) VALUES ('kevin-clarkson', 'harassment');
INSERT INTO sources (person_id, url) VALUES ('kevin-clarkson', 'https://goppredators.wordpress.com/2023/01/21/506-kevin-clarkson/');
INSERT INTO sources (person_id, url) VALUES ('kevin-clarkson', 'https://www.propublica.org/article/alaskas-attorney-general-on-unpaid-leave-after-sending-hundreds-of-uncomfortable-texts-to-a-young-colleague?utm_source=twitter&amp;utm_medium=social#990902');
INSERT INTO sources (person_id, url) VALUES ('kevin-clarkson', 'https://www.alaskasnewssource.com/2020/08/25/attorney-general-kevin-clarkson-resigns-after-inappropriate-text-messages/');
INSERT OR REPLACE INTO people (id, name, status, level, state, office, crime_description, summary, still_in_office, offense_year, conviction_year, event_date) VALUES ('joel-greenberg', 'Joel Greenberg', 'convicted', 'adjacent', 'FL', '', 'Child Sex Trafficking', 'Joel Greenberg was the Seminole County Tax Collector in Florida. He was endorsed by Roger Stone and was a close confidant of Matt Gaetz .', NULL, NULL, NULL, '2021-04-03');
INSERT INTO crime_types (person_id, crime_type) VALUES ('joel-greenberg', 'trafficking');
INSERT INTO sources (person_id, url) VALUES ('joel-greenberg', 'https://goppredators.wordpress.com/2023/01/21/505-joel-greenberg/');
INSERT INTO sources (person_id, url) VALUES ('joel-greenberg', 'https://www.wesh.com/article/seminole-county-tax-collector-child-sex-trafficking-joel-greenberg/33667096');
INSERT INTO sources (person_id, url) VALUES ('joel-greenberg', 'https://en.wikipedia.org/wiki/Joel_Greenberg_(politician)');
INSERT INTO sources (person_id, url) VALUES ('joel-greenberg', 'https://abcnews.go.com/US/gaetz-associate-sentenced-11-years-sources-probe-florida/story?id=94225875');
INSERT INTO sources (person_id, url) VALUES ('joel-greenberg', 'https://www.orlandosentinel.com/politics/joel-greenberg/');
INSERT OR REPLACE INTO people (id, name, status, level, state, office, crime_description, summary, still_in_office, offense_year, conviction_year, event_date) VALUES ('thomas-gilmer', 'Thomas Gilmer', 'charged', 'party-official', 'CT', '', 'Domestic Violence', 'Thomas Gilmer, a Q conspiracist, ran for Congress in Connecticut. He entered the Republican primary, was endorsed by the party convention, but was arrested for domestic violence the evening before votes were cast and withdrew the morning of the primary.', NULL, NULL, NULL, '2020-09-07');
INSERT INTO crime_types (person_id, crime_type) VALUES ('thomas-gilmer', 'domestic-violence');
INSERT INTO sources (person_id, url) VALUES ('thomas-gilmer', 'https://goppredators.wordpress.com/2023/01/21/504-thomas-gilmer/');
INSERT INTO sources (person_id, url) VALUES ('thomas-gilmer', 'https://ctmirror.org/2020/08/13/the-candidate-was-arrested-then-it-got-complicated/');
INSERT INTO sources (person_id, url) VALUES ('thomas-gilmer', 'https://www.ctpost.com/politics/article/GOP-candidate-for-Congress-arrested-bows-out-on-15475171.php');
INSERT INTO sources (person_id, url) VALUES ('thomas-gilmer', 'https://www.courant.com/politics/hc-pol-connecticut-congressional-candidate-domestic-violence-arrest-20200814-dw3pq2pfsvdkbbmx3sbj4ulz2y-story.html');
INSERT INTO sources (person_id, url) VALUES ('thomas-gilmer', 'https://www.ctpost.com/author/emilie-munson/');
INSERT OR REPLACE INTO people (id, name, status, level, state, office, crime_description, summary, still_in_office, offense_year, conviction_year, event_date) VALUES ('ed-henry', 'Ed Henry', 'alleged', 'adjacent', 'NY', '', 'Sexual Harassment', 'Ed Henry (NY): Sexual Harassment.', NULL, NULL, NULL, NULL);
INSERT INTO crime_types (person_id, crime_type) VALUES ('ed-henry', 'harassment');
INSERT INTO sources (person_id, url) VALUES ('ed-henry', 'https://goppredators.wordpress.com/2026/03/13/503-ed-henry/');
INSERT OR REPLACE INTO people (id, name, status, level, state, office, crime_description, summary, still_in_office, offense_year, conviction_year, event_date) VALUES ('john-minnis', 'John Minnis', 'alleged', 'state', 'OR', 'Police Officer', 'Sexual Assault/Sexual Harassment', 'John Minnis is a former police officer who was appointed to the Oregon State Legislature when his district''s representative was recalled after serving only 67 days because he falsified support letters in the Voter''s Pamphlet. He took his place and was subsequently re-elected until he was termed out.', NULL, NULL, NULL, '2010-01-08');
INSERT INTO crime_types (person_id, crime_type) VALUES ('john-minnis', 'assault');
INSERT INTO crime_types (person_id, crime_type) VALUES ('john-minnis', 'harassment');
INSERT INTO sources (person_id, url) VALUES ('john-minnis', 'https://goppredators.wordpress.com/2023/01/20/502-john-minnis/');
INSERT INTO sources (person_id, url) VALUES ('john-minnis', 'https://www.oregonlive.com/politics/2009/12/public_safety_chief_john_minni.html');
INSERT INTO sources (person_id, url) VALUES ('john-minnis', 'https://web.archive.org/web/20091217000400/http://blogs.wweek.com/news/2009/12/08/breaking-ag-releases-minnis-investigation-file-declines-to-file-charges');
INSERT INTO sources (person_id, url) VALUES ('john-minnis', 'https://web.archive.org/web/20091222075722/http://media.wweek.com/attach/2009/12/08/Minnis_Letter.pdf');
INSERT OR REPLACE INTO people (id, name, status, level, state, office, crime_description, summary, still_in_office, offense_year, conviction_year, event_date) VALUES ('josh-moore', 'Josh Moore', 'alleged', 'state', 'NH', 'State Representative', 'Rape Culture', 'Josh Moore is a former state representative in New Hampshire. He introduced a bill that would make a woman exposing her nipple a misdemeanor crime.', NULL, NULL, NULL, '2015-12-30');
INSERT INTO crime_types (person_id, crime_type) VALUES ('josh-moore', 'rape');
INSERT INTO crime_types (person_id, crime_type) VALUES ('josh-moore', 'harassment');
INSERT INTO sources (person_id, url) VALUES ('josh-moore', 'https://goppredators.wordpress.com/2023/01/20/501-josh-moore/');
INSERT INTO sources (person_id, url) VALUES ('josh-moore', 'https://t.co/7lvrtGlKjC');
INSERT INTO sources (person_id, url) VALUES ('josh-moore', 'https://www.huffpost.com/entry/new-hampshire-house-nipples-breastfeeding_n_568437bce4b0b958f65b19d6');
INSERT INTO sources (person_id, url) VALUES ('josh-moore', 'https://www.boston.com/news/local-news/2015/12/31/this-facebook-comment-about-indecent-exposure-brought-a-nh-lawmaker-backlash/');
INSERT OR REPLACE INTO people (id, name, status, level, state, office, crime_description, summary, still_in_office, offense_year, conviction_year, event_date) VALUES ('michael-caputo', 'Michael Caputo', 'alleged', 'adjacent', 'NY', 'Lobbyist', 'Sexual Harassment', 'Michael Caputo is a former member of the Trump Administration, appointed as spokesperson for Health and Human Services. He is now a fierce rightwing advocate, a political strategist, and a lobbyist.', NULL, NULL, NULL, NULL);
INSERT INTO crime_types (person_id, crime_type) VALUES ('michael-caputo', 'harassment');
INSERT INTO sources (person_id, url) VALUES ('michael-caputo', 'https://goppredators.wordpress.com/2023/01/19/500-michael-caputo/');
INSERT INTO sources (person_id, url) VALUES ('michael-caputo', 'https://www.cnn.com/2020/05/01/politics/michael-caputo-sexist-tweets/');
INSERT INTO sources (person_id, url) VALUES ('michael-caputo', 'https://archive.org/details/twitter-caputo/page/n2423/mode/2up');
INSERT INTO sources (person_id, url) VALUES ('michael-caputo', 'https://nowthisnews.com/videos/politics/who-is-michael-caputo-narrated-by-sunita-mani');
INSERT INTO sources (person_id, url) VALUES ('michael-caputo', 'https://occupydemocrats.com/2020/05/01/cnn-unearths-crude-and-wildly-sexist-deleted-tweets-from-trumps-top-health-spokesman/');
INSERT OR REPLACE INTO people (id, name, status, level, state, office, crime_description, summary, still_in_office, offense_year, conviction_year, event_date) VALUES ('eddie-farnsworth', 'Eddie Farnsworth', 'alleged', 'state', 'AZ', 'State Senator', 'Rape Culture', 'Eddie Farnsworth was an Arizona state legislator and later state senator until his retirement in 2021. He is most well-known for his endless effort to protect marital rapists.', NULL, NULL, NULL, '2005-02-18');
INSERT INTO crime_types (person_id, crime_type) VALUES ('eddie-farnsworth', 'rape');
INSERT INTO crime_types (person_id, crime_type) VALUES ('eddie-farnsworth', 'harassment');
INSERT INTO sources (person_id, url) VALUES ('eddie-farnsworth', 'https://goppredators.wordpress.com/2023/01/19/499-eddie-farnsworth/');
INSERT INTO sources (person_id, url) VALUES ('eddie-farnsworth', 'https://www.phoenixnewtimes.com/news/arizona-married-rape-parents-rights-victoria-steele-eddie-farnsworth-assault-11446765');
INSERT INTO sources (person_id, url) VALUES ('eddie-farnsworth', 'https://www.azmirror.com/blog/farnsworth-accused-of-trying-to-protect-spousal-rape-not-for-the-first-time/');
INSERT OR REPLACE INTO people (id, name, status, level, state, office, crime_description, summary, still_in_office, offense_year, conviction_year, event_date) VALUES ('michael-tonne', 'Michael Tonne', 'alleged', 'adjacent', 'TX', 'Pastor', 'Child Molestation Charge Dismissed', 'Michael Tonne was the associate children''s minister at The Village Church and staff at the Children''s Bible Camp. While at the camp, he allegedly raped an eleven-year-old girl.', NULL, NULL, NULL, NULL);
INSERT INTO crime_types (person_id, crime_type) VALUES ('michael-tonne', 'child-molestation');
INSERT INTO sources (person_id, url) VALUES ('michael-tonne', 'https://goppredators.wordpress.com/2023/01/19/498-michael-tonne/');
INSERT INTO sources (person_id, url) VALUES ('michael-tonne', 'https://www.nytimes.com/2019/06/10/us/southern-baptist-convention-sex-abuse.html');
INSERT INTO sources (person_id, url) VALUES ('michael-tonne', 'https://thewartburgwatch.com/2022/08/10/the-village-church-hurt-a-victim-and-her-family-with-their-knuckleheaded-self-serving-statement/');
INSERT INTO sources (person_id, url) VALUES ('michael-tonne', 'https://www.thevillagechurch.net/events/2012-kids-camp-updates');
INSERT INTO sources (person_id, url) VALUES ('michael-tonne', 'https://www.proquest.com/docview/2237757530?accountid=37296');
INSERT OR REPLACE INTO people (id, name, status, level, state, office, crime_description, summary, still_in_office, offense_year, conviction_year, event_date) VALUES ('anthony-moore', 'Anthony Moore', 'alleged', 'adjacent', 'TX', 'Pastor', 'Invasive Recording', 'Anthony Moore worked as a pastor at the Texas megachurch The Village Church in Fort Worth, Texas until 2017 when he was caught filming a youth pastor while showering. The man had noticed a phone wrapped in a towel on a window ledge by the shower.', NULL, NULL, NULL, NULL);
INSERT INTO crime_types (person_id, crime_type) VALUES ('anthony-moore', 'other');
INSERT INTO sources (person_id, url) VALUES ('anthony-moore', 'https://goppredators.wordpress.com/2023/01/19/497-anthony-moore/');
INSERT INTO sources (person_id, url) VALUES ('anthony-moore', 'https://www.christianpost.com/news/cedarville-university-fires-professor-with-history-of-sex-abuse-president-apologizes.html');
INSERT INTO sources (person_id, url) VALUES ('anthony-moore', 'https://www.christianitytoday.com/news/2020/april/cedarville-white-anthony-moore-christian-leaders-abuse.html');
INSERT INTO sources (person_id, url) VALUES ('anthony-moore', 'https://religionnews.com/2020/04/28/cedarvilles-plan-to-save-anthony-moore-abandoned-its-students-and-moore/');
INSERT OR REPLACE INTO people (id, name, status, level, state, office, crime_description, summary, still_in_office, offense_year, conviction_year, event_date) VALUES ('michael-letts', 'Michael Letts', 'charged', 'state', 'SC', 'Police Officer', 'Incest, Child Molestation', 'Michael Allan Letts founded a charity that provides bullet-proof vests to police departments than cannot afford them. He also filed as a Republican state senate primary candidate in 2020 but was disqualified from the ballot.', NULL, NULL, NULL, NULL);
INSERT INTO crime_types (person_id, crime_type) VALUES ('michael-letts', 'child-molestation');
INSERT INTO crime_types (person_id, crime_type) VALUES ('michael-letts', 'incest');
INSERT INTO sources (person_id, url) VALUES ('michael-letts', 'https://goppredators.wordpress.com/2023/01/19/496-michael-letts/');
INSERT INTO sources (person_id, url) VALUES ('michael-letts', 'https://www.cbs17.com/news/south/sc-senate-candidate-bulletproof-vest-charity-ceo-charged-with-incest-rape/');
INSERT INTO sources (person_id, url) VALUES ('michael-letts', 'https://wach.com/news/local/deputies-man-charged-with-sexually-abusing-minor');
INSERT OR REPLACE INTO people (id, name, status, level, state, office, crime_description, summary, still_in_office, offense_year, conviction_year, event_date) VALUES ('ronny-jackson', 'Ronny Jackson', 'alleged', 'federal', 'TX', 'U.S. Congressman', 'Sexual Harassment', 'Ronny Jackson is a U.S. Congressman from Texas.', NULL, NULL, NULL, '2021-03-04');
INSERT INTO crime_types (person_id, crime_type) VALUES ('ronny-jackson', 'harassment');
INSERT INTO sources (person_id, url) VALUES ('ronny-jackson', 'https://goppredators.wordpress.com/2023/01/19/495-ronny-jackson/');
INSERT INTO sources (person_id, url) VALUES ('ronny-jackson', 'https://www.cnn.com/2018/04/24/politics/ronny-jackson-door-allegations/index.html');
INSERT INTO sources (person_id, url) VALUES ('ronny-jackson', 'https://www.nbcnews.com/politics/congress/scathing-report-finds-rep-ronny-jackson-engaged-inappropriate-conduct-white-n1259437');
INSERT INTO sources (person_id, url) VALUES ('ronny-jackson', 'https://www.npr.org/2021/03/03/973343296/ronny-jackson-bullied-subordinates-and-broke-alcohol-rules-pentagon-report-finds');
INSERT INTO sources (person_id, url) VALUES ('ronny-jackson', 'https://www.dodig.mil/reports.html/Article/2522300/report-of-investigation-rear-admiral-lower-half-ronny-lynn-jackson-md-us-navy-r/');
INSERT OR REPLACE INTO people (id, name, status, level, state, office, crime_description, summary, still_in_office, offense_year, conviction_year, event_date) VALUES ('kelly-toppin', 'Kelly Toppin', 'alleged', 'local', 'OH', 'City Councilmember', 'Sexual Harassment', 'Kelly Toppin was president of the Stow-Munroe Falls Board of Education and a Stow City Council candidate. In January 2020, he and the Board were sued for sexual harassment stemming from an incident where he placed hand on the backside of a employee and patted it as she was leaving the table at a res', NULL, NULL, NULL, '2020-01-09');
INSERT INTO crime_types (person_id, crime_type) VALUES ('kelly-toppin', 'harassment');
INSERT INTO sources (person_id, url) VALUES ('kelly-toppin', 'https://goppredators.wordpress.com/2023/01/17/493-kelly-toppin/');
INSERT INTO sources (person_id, url) VALUES ('kelly-toppin', 'https://www.beaconjournal.com/story/news/2020/01/08/ex-district-official-accuses-stow/1934401007/');
INSERT INTO sources (person_id, url) VALUES ('kelly-toppin', 'https://www.record-courier.com/news/20200107/ex-district-official-accuses-stow-school-board-former-president-of-sexual-harassment-retaliation');
INSERT OR REPLACE INTO people (id, name, status, level, state, office, crime_description, summary, still_in_office, offense_year, conviction_year, event_date) VALUES ('c-j-covati', 'C.J Covati', 'convicted', 'adjacent', 'CA', 'Judge', 'Assault and Battery', 'C.J Covati was an attorney in Roanoke, Virginia and sometimes served as a substitute judge. He was also managing a strip club and it was there that he assaulted a dancer.', NULL, NULL, NULL, NULL);
INSERT INTO crime_types (person_id, crime_type) VALUES ('c-j-covati', 'other');
INSERT INTO sources (person_id, url) VALUES ('c-j-covati', 'https://goppredators.wordpress.com/2023/01/17/492-c-j-covati/');
INSERT INTO sources (person_id, url) VALUES ('c-j-covati', 'https://valawyersweekly.com/2019/09/22/roanoke-lawyer-convicted-of-assaulting-dancer/');
INSERT INTO sources (person_id, url) VALUES ('c-j-covati', 'https://inns.innsofcourt.org/media/195378/inn-of-court-oct-2020-ethics-program-01645534xac2b5.pdf');
INSERT INTO sources (person_id, url) VALUES ('c-j-covati', 'https://www.roanoke.com/news/crime/roanoke-attorney-former-substitute-judge-guilty-of-assaulting-dancer-at/article_bd02d495-9666-55d5-a691-a13df76901c7.html');
INSERT OR REPLACE INTO people (id, name, status, level, state, office, crime_description, summary, still_in_office, offense_year, conviction_year, event_date) VALUES ('john-valdivia', 'John Valdivia', 'alleged', 'state', 'CA', 'Mayor', 'Sexual Harassment', 'John Valdivia is the former mayor of San Bernadino, California, and was a candidate for California State House District 31 in the open primary until he dropped out. He was accused of sexual harassment by two former City employees.', NULL, NULL, NULL, NULL);
INSERT INTO crime_types (person_id, crime_type) VALUES ('john-valdivia', 'harassment');
INSERT INTO sources (person_id, url) VALUES ('john-valdivia', 'https://goppredators.wordpress.com/2023/01/16/491-john-valdivia/');
INSERT INTO sources (person_id, url) VALUES ('john-valdivia', 'https://thehill.com/homenews/media/482170-two-women-accuse-california-mayor-of-sexual-harassment/');
INSERT INTO sources (person_id, url) VALUES ('john-valdivia', 'https://www.sbsun.com/2020/08/18/san-bernardino-mayor-asked-top-aide-to-fake-poor-evaluations-of-his-accusers-new-claim-says/');
INSERT INTO sources (person_id, url) VALUES ('john-valdivia', 'https://www.sbsun.com/2020/08/18/san-bernardino-mayor-asked-top-aide-to-fake-poor-evaluations-of-his-accusers-new-claim-says/?share=facebook&amp;nb=1');
INSERT OR REPLACE INTO people (id, name, status, level, state, office, crime_description, summary, still_in_office, offense_year, conviction_year, event_date) VALUES ('jamie-berryhill', 'Jamie Berryhill', 'alleged', 'adjacent', 'TX', '', 'Rape Culture', 'Jamie Berryhill was a Republican primary candidate in Texas'' 11th Congressional district, an open seat with the retirement of Rep. Mike Conaway.', NULL, NULL, NULL, NULL);
INSERT INTO crime_types (person_id, crime_type) VALUES ('jamie-berryhill', 'rape');
INSERT INTO crime_types (person_id, crime_type) VALUES ('jamie-berryhill', 'harassment');
INSERT INTO sources (person_id, url) VALUES ('jamie-berryhill', 'https://goppredators.wordpress.com/2023/01/16/490-jamie-berryhill/');
INSERT INTO sources (person_id, url) VALUES ('jamie-berryhill', 'https://www.mrt.com/news/article/Congressional-candidate-Jamie-Berryhill-compares-15068947.php');
INSERT INTO sources (person_id, url) VALUES ('jamie-berryhill', 'https://www.texastribune.org/2020/02/19/republican-congressional-candidate-jamie-berryhill-makes-sexist-crude/');
INSERT INTO sources (person_id, url) VALUES ('jamie-berryhill', 'https://www.cbs7.com/content/news/Congressional-candidate-Jamie-Berryhill-writes-Facebook-post-comparing--567991901.html');
INSERT OR REPLACE INTO people (id, name, status, level, state, office, crime_description, summary, still_in_office, offense_year, conviction_year, event_date) VALUES ('dennis-nielsen', 'Dennis Nielsen', 'alleged', 'state', 'NC', '', 'Domestic Violence', 'Dennis Nielsen is a gun shop owner and was a Republican primary candidate for District 11 in North Carolina''s state senate. He lost the primary.', NULL, NULL, NULL, '2020-01-26');
INSERT INTO crime_types (person_id, crime_type) VALUES ('dennis-nielsen', 'domestic-violence');
INSERT INTO sources (person_id, url) VALUES ('dennis-nielsen', 'https://goppredators.wordpress.com/2023/01/16/489-dennis-nielsen/');
INSERT INTO sources (person_id, url) VALUES ('dennis-nielsen', 'https://www.newsobserver.com/news/politics-government/election/article239622118.html');
INSERT INTO sources (person_id, url) VALUES ('dennis-nielsen', 'https://restorationnewsmedia.com/articles/editorials-johnstonian/nielsens-sexism-disqualifies-him-from-state-senate/');
INSERT INTO sources (person_id, url) VALUES ('dennis-nielsen', 'https://www.wral.com/nc-senate-candidate-faces-domestic-violence-order-allegedly-said-women-shouldn-t-hold-office/18905503/');
INSERT OR REPLACE INTO people (id, name, status, level, state, office, crime_description, summary, still_in_office, offense_year, conviction_year, event_date) VALUES ('michelle-ugenti-rita', 'Michelle Ugenti-Rita', 'alleged', 'state', 'AZ', 'State Senator', 'Sexual Harassment', 'Michelle Ugenti-Rita was a Republican state senator in Arizona and a state representative before that. She was accused of sexual harassment by a female lobbyist who claimed that Ugenti-Rita and her husband were soliciting her for a threesome.', NULL, NULL, NULL, '2020-02-07');
INSERT INTO crime_types (person_id, crime_type) VALUES ('michelle-ugenti-rita', 'harassment');
INSERT INTO sources (person_id, url) VALUES ('michelle-ugenti-rita', 'https://goppredators.wordpress.com/2023/01/15/488-michelle-ugenti-rita/');
INSERT INTO sources (person_id, url) VALUES ('michelle-ugenti-rita', 'https://www.azhouse.gov/alispdfs/Rep_ShooterRep_Ugenti-Rita.pdf');
INSERT INTO sources (person_id, url) VALUES ('michelle-ugenti-rita', 'https://www.kgun9.com/news/local-news/lobbyist-says-she-felt-harassed-by-arizona-lawmaker');
INSERT INTO sources (person_id, url) VALUES ('michelle-ugenti-rita', 'https://www.azcentral.com/story/news/politics/arizona/2020/02/05/lobbyist-details-harassment-claims-involving-arizona-senator-michelle-ugenti-rita-brian-townsend/4647264002/');
INSERT OR REPLACE INTO people (id, name, status, level, state, office, crime_description, summary, still_in_office, offense_year, conviction_year, event_date) VALUES ('richard-bucci', 'Richard Bucci', 'alleged', 'adjacent', 'RI', '', 'Enabling', 'Richard Bucci is a Catholic priest who took it upon himself to excommunicate forty-four Rhode Island legislators who voted to codify abortion rights. He sent out a notice informing the public that the named people could not receive communion, witness a marriage, read during a funeral, or serve as go', NULL, NULL, NULL, '2020-02-04');
INSERT INTO crime_types (person_id, crime_type) VALUES ('richard-bucci', 'enablement');
INSERT INTO sources (person_id, url) VALUES ('richard-bucci', 'https://goppredators.wordpress.com/2023/01/15/487-richard-bucci/');
INSERT INTO sources (person_id, url) VALUES ('richard-bucci', 'https://www.theguardian.com/us-news/2020/feb/11/rhode-island-richard-bucci-priest-abortion');
INSERT INTO sources (person_id, url) VALUES ('richard-bucci', 'https://www.cbsnews.com/news/catholic-priest-says-pedophilia-doesnt-kill-anyone-but-abortion-does/');
INSERT OR REPLACE INTO people (id, name, status, level, state, office, crime_description, summary, still_in_office, offense_year, conviction_year, event_date) VALUES ('rene-pedrosa', 'Rene Pedrosa', 'convicted', 'local', 'FL', 'Mayor', 'Child Sexual Abuse Material/Molestation', 'Rene Pedrosa was a spokesperson for Miami Mayor Francis Suarez until he was charged with battery (groping) a minor and sending that minor a pornographic image. Those were state charges, then the federal government filed additional charges that include producing child pornography, receiving child por', NULL, NULL, 2023, '2020-02-06');
INSERT INTO crime_types (person_id, crime_type) VALUES ('rene-pedrosa', 'csam');
INSERT INTO crime_types (person_id, crime_type) VALUES ('rene-pedrosa', 'assault');
INSERT INTO sources (person_id, url) VALUES ('rene-pedrosa', 'https://goppredators.wordpress.com/2023/01/15/486-rene-pedrosa/');
INSERT INTO sources (person_id, url) VALUES ('rene-pedrosa', 'https://apnews.com/article/8a24eaa1b76288aedcbe5beddb4993d1');
INSERT INTO sources (person_id, url) VALUES ('rene-pedrosa', 'https://www.wtsp.com/article/news/regional/florida/miami-mayor-communications-director-accused-luring-teen/67-4f72017c-6aca-4a74-9e74-33f3ef84566d');
INSERT INTO sources (person_id, url) VALUES ('rene-pedrosa', 'https://www.cbsnews.com/miami/news/rene-pedrosa-boy-groped-payment-approved/');
INSERT INTO sources (person_id, url) VALUES ('rene-pedrosa', 'https://www.pacermonitor.com/public/case/40445138/USA_v_Pedrosa');
INSERT INTO sources (person_id, url) VALUES ('rene-pedrosa', 'https://www.miamiherald.com/news/local/crime/article275733856.html');
INSERT OR REPLACE INTO people (id, name, status, level, state, office, crime_description, summary, still_in_office, offense_year, conviction_year, event_date) VALUES ('robert-wilkie', 'Robert Wilkie', 'alleged', 'federal', 'DC', '', 'Organizational Cover-Up', 'Robert Wilkie is a white nationalist extremist appointed by President Trump as Secretary of Veteran Affairs. A long-time member of the Sons of the Confederate Veterans, he said abolitionists were radical, dishonest, and enemies of liberty.', NULL, NULL, NULL, '2020-12-14');
INSERT INTO crime_types (person_id, crime_type) VALUES ('robert-wilkie', 'enablement');
INSERT INTO crime_types (person_id, crime_type) VALUES ('robert-wilkie', 'organizational-coverup');
INSERT INTO sources (person_id, url) VALUES ('robert-wilkie', 'https://goppredators.wordpress.com/2023/01/15/485-robert-wilkie/');
INSERT INTO sources (person_id, url) VALUES ('robert-wilkie', 'https://jezebel.com/he-was-implying-i-was-a-liar-what-happened-after-i-was-1841353444');
INSERT INTO sources (person_id, url) VALUES ('robert-wilkie', 'https://www.propublica.org/article/va-secretary-focused-on-smearing-woman-who-said-she-was-sexually-assaulted-in-a-va-hospital-probe-finds');
INSERT INTO sources (person_id, url) VALUES ('robert-wilkie', 'https://www.va.gov/oig/pubs/VAOIG-20-01766-36.pdf');
INSERT INTO sources (person_id, url) VALUES ('robert-wilkie', 'https://www.nytimes.com/2020/01/16/us/politics/sexual-assault-va-hospitals.html');
INSERT OR REPLACE INTO people (id, name, status, level, state, office, crime_description, summary, still_in_office, offense_year, conviction_year, event_date) VALUES ('randall-hunt', 'Randall Hunt', 'alleged', 'state', 'FL', '', 'Domestic Violence', 'Randall Hunt was appointed to lead the Florida lottery by Republican Governor Ron DeSantis. However, appointments like that require confirmation by the Florida Senate.', NULL, NULL, NULL, '2020-01-28');
INSERT INTO crime_types (person_id, crime_type) VALUES ('randall-hunt', 'domestic-violence');
INSERT INTO sources (person_id, url) VALUES ('randall-hunt', 'https://goppredators.wordpress.com/2023/01/15/484-randall-hunt/');
INSERT INTO sources (person_id, url) VALUES ('randall-hunt', 'https://www.orlandosentinel.com/news/os-ne-randall-hunt-ron-desantis-domestic-violence-20200127-o5mqlyc3kvbohcqkudurkwkjam-story.html');
INSERT INTO sources (person_id, url) VALUES ('randall-hunt', 'https://floridapolitics.com/archives/316787-randall-hunt-resigns-as-florida-lottery-secretary/');
INSERT OR REPLACE INTO people (id, name, status, level, state, office, crime_description, summary, still_in_office, offense_year, conviction_year, event_date) VALUES ('chad-lupinacci', 'Chad Lupinacci', 'alleged', 'adjacent', 'NY', '', 'Sexual Assault', 'Chad Lupinacci (NY): Sexual Assault.', NULL, NULL, NULL, NULL);
INSERT INTO crime_types (person_id, crime_type) VALUES ('chad-lupinacci', 'assault');
INSERT INTO sources (person_id, url) VALUES ('chad-lupinacci', 'https://goppredators.wordpress.com/2026/03/13/483-chad-lupinacci/');
INSERT OR REPLACE INTO people (id, name, status, level, state, office, crime_description, summary, still_in_office, offense_year, conviction_year, event_date) VALUES ('ciro-adams', 'Ciro Adams', 'alleged', 'local', 'DE', 'City Councilmember', 'Sexual Harassment', 'Ciro Adams, a former member of the Wilmington, Delaware, City Council and the City of Wilmington were sued by a former employee who claimed he sexually and racially harassed her at a social event. She was so disturbed by the interaction, she took Family Medical Leave Act time off.', NULL, NULL, NULL, '2020-01-07');
INSERT INTO crime_types (person_id, crime_type) VALUES ('ciro-adams', 'harassment');
INSERT INTO sources (person_id, url) VALUES ('ciro-adams', 'https://goppredators.wordpress.com/2023/01/14/482-ciro-adams/');
INSERT INTO sources (person_id, url) VALUES ('ciro-adams', 'https://www.delawarepublic.org/politics-government/2020-01-06/wilmington-city-councilman-accused-of-sexual-racial-harassment-in-suit-against-city');
INSERT INTO sources (person_id, url) VALUES ('ciro-adams', 'https://casetext.com/case/wooten-v-city-of-wilmington');
INSERT INTO sources (person_id, url) VALUES ('ciro-adams', 'https://whyy.org/articles/ex-wilmington-employees-lawsuit-says-councilman-ciro-adams-sexually-harassed-her/');
INSERT OR REPLACE INTO people (id, name, status, level, state, office, crime_description, summary, still_in_office, offense_year, conviction_year, event_date) VALUES ('glenn-aronow', 'Glenn Aronow', 'convicted', 'state', 'NY', 'State Senator', 'Sexual Harassment', 'Glenn Aronow was an aide to New York Republican State Senator Maziarz who was majority leader at the time. A co-worker sued him, Sen.', NULL, NULL, NULL, '2012-10-05');
INSERT INTO crime_types (person_id, crime_type) VALUES ('glenn-aronow', 'harassment');
INSERT INTO sources (person_id, url) VALUES ('glenn-aronow', 'https://goppredators.wordpress.com/2023/01/12/481-glenn-aronow/');
INSERT INTO sources (person_id, url) VALUES ('glenn-aronow', 'https://www.niagara-gazette.com/news/local_news/harassment-suit-settled/article_d40e4c94-b6d4-5b2e-b464-5c75908b2fa8.html');
INSERT INTO sources (person_id, url) VALUES ('glenn-aronow', 'https://www.lockportjournal.com/news/local_news/gop-loyalist-glenn-aronow-secures-a-county-post/article_16e42956-3703-11ea-b129-bbf9700b0850.html');
INSERT OR REPLACE INTO people (id, name, status, level, state, office, crime_description, summary, still_in_office, offense_year, conviction_year, event_date) VALUES ('robert-ray', 'Robert Ray', 'charged', 'adjacent', 'NJ', '', 'Stalking', 'Robert Ray was a Whitewater prosecutor, the Independent Counsel that followed Ken Starr, wrapping up the investigation and publishing the final reports. He also pursued the Republican nomination for U.', NULL, NULL, NULL, '2006-05-12');
INSERT INTO crime_types (person_id, crime_type) VALUES ('robert-ray', 'stalking');
INSERT INTO sources (person_id, url) VALUES ('robert-ray', 'https://goppredators.wordpress.com/2023/01/10/480-robert-ray/');
INSERT INTO sources (person_id, url) VALUES ('robert-ray', 'https://www.nbcnews.com/id/wbna12758683');
INSERT INTO sources (person_id, url) VALUES ('robert-ray', 'https://www.nytimes.com/2006/05/12/nyregion/12stalk.html');
INSERT INTO sources (person_id, url) VALUES ('robert-ray', 'https://www.washingtonpost.com/archive/politics/2006/05/13/lewinsky-cases-prosecutor-accused-of-stalking-woman/2f9356ca-3eaf-4e2c-8db6-04da07671d25/');
INSERT OR REPLACE INTO people (id, name, status, level, state, office, crime_description, summary, still_in_office, offense_year, conviction_year, event_date) VALUES ('peter-lucido', 'Peter Lucido', 'alleged', 'state', 'MI', 'State Senator', 'Sexual Misconduct', 'Peter Lucido was a Michigan state senator. He was the majority whip while in the Senate.', NULL, NULL, NULL, '2020-03-06');
INSERT INTO crime_types (person_id, crime_type) VALUES ('peter-lucido', 'other');
INSERT INTO sources (person_id, url) VALUES ('peter-lucido', 'https://goppredators.wordpress.com/2023/01/10/479-peter-lucido/');
INSERT INTO sources (person_id, url) VALUES ('peter-lucido', 'https://michiganadvance.com/2020/01/15/i-tried-to-interview-sen-peter-lucido-he-told-me-a-group-of-schoolboys-could-have-a-lot-of-fun-with-me/');
INSERT INTO sources (person_id, url) VALUES ('peter-lucido', 'https://www.clickondetroit.com/news/michigan/2020/03/05/rep-peter-lucido-removed-from-michigan-senate-committee-after-sexual-harassment-allegations/');
INSERT INTO sources (person_id, url) VALUES ('peter-lucido', 'https://www.metrotimes.com/news/lucido-under-investigation-for-alleged-sexual-harassment-at-macomb-co-office-29657370');
INSERT OR REPLACE INTO people (id, name, status, level, state, office, crime_description, summary, still_in_office, offense_year, conviction_year, event_date) VALUES ('matt-bevin', 'Matt Bevin', 'convicted', 'state', 'KY', '', 'Enabling', 'Matt Bevin was the governor of Kentucky. After he lost to Andy Beshear in 2018, he pardoned several people as he was leaving office.', NULL, NULL, NULL, '2019-12-16');
INSERT INTO crime_types (person_id, crime_type) VALUES ('matt-bevin', 'enablement');
INSERT INTO sources (person_id, url) VALUES ('matt-bevin', 'https://goppredators.wordpress.com/2023/01/10/478-matt-bevin/');
INSERT INTO sources (person_id, url) VALUES ('matt-bevin', 'https://www.washingtonpost.com/nation/2019/12/20/matt-bevin-micah-schoettle-child-rapist-hymen-intact-pardon/');
INSERT INTO sources (person_id, url) VALUES ('matt-bevin', 'https://www.courier-journal.com/story/news/local/joseph-gerth/2019/12/13/matt-bevin-pardons-letting-rapists-killers-go-shows-true-identity/2638295001/');
INSERT OR REPLACE INTO people (id, name, status, level, state, office, crime_description, summary, still_in_office, offense_year, conviction_year, event_date) VALUES ('robert-murray', 'Robert Murray', 'alleged', 'federal', 'WV', 'U.S. Congressman', 'Sexual Harassment', 'Robert Murray of Murray Energy was a huge Trump supporter. As the head of Murray Energy that was the largest privately-held coal company before its bankruptcy, he was a huge Trump supporter and helped shape Trump''s energy policy.', NULL, NULL, NULL, NULL);
INSERT INTO crime_types (person_id, crime_type) VALUES ('robert-murray', 'harassment');
INSERT INTO sources (person_id, url) VALUES ('robert-murray', 'https://goppredators.wordpress.com/2023/01/10/477-robert-murray/');
INSERT INTO sources (person_id, url) VALUES ('robert-murray', 'https://en.wikipedia.org/wiki/Robert_E._Murray');
INSERT INTO sources (person_id, url) VALUES ('robert-murray', 'https://newrepublic.com/article/159949/bob-murray-vicious-workers-environment');
INSERT INTO sources (person_id, url) VALUES ('robert-murray', 'https://news.bloomberglaw.com/daily-labor-report/murray-energy-ceos-death-ends-suit-over-lawyer-confidentiality');
INSERT OR REPLACE INTO people (id, name, status, level, state, office, crime_description, summary, still_in_office, offense_year, conviction_year, event_date) VALUES ('jonathan-murray', 'Jonathan Murray', 'alleged', 'adjacent', 'WV', '', 'Child Molestation', 'Jonathan Murray of Murray Energy, once the largest privately-owned coal company in America, was a Trump donor and vocal supporter as well as a long-time GOP donor. You can check the DeSmog link for the sorry history of the polluting, climate-change denying company.', NULL, NULL, NULL, NULL);
INSERT INTO crime_types (person_id, crime_type) VALUES ('jonathan-murray', 'child-molestation');
INSERT INTO sources (person_id, url) VALUES ('jonathan-murray', 'https://goppredators.wordpress.com/2023/01/07/476-jonathan-murray/');
INSERT INTO sources (person_id, url) VALUES ('jonathan-murray', 'https://www.desmog.com/murray-energy/');
INSERT INTO sources (person_id, url) VALUES ('jonathan-murray', 'https://wvrecord.com/stories/520006955-newly-unsealed-case-accuses-murray-of-sexual-assault-of-a-second-child');
INSERT INTO sources (person_id, url) VALUES ('jonathan-murray', 'https://wvrecord.com/stories/512778896-son-of-murray-energy-ceo-accused-of-sexual-contact-with-his-adopted-daughter');
INSERT OR REPLACE INTO people (id, name, status, level, state, office, crime_description, summary, still_in_office, offense_year, conviction_year, event_date) VALUES ('guy-roberts', 'Guy Roberts', 'alleged', 'federal', 'DC', '', 'Sexual Harassment', 'Gen. Guy Roberts was a high-ranked Pentagon official.', NULL, NULL, NULL, '2019-12-12');
INSERT INTO crime_types (person_id, crime_type) VALUES ('guy-roberts', 'harassment');
INSERT INTO sources (person_id, url) VALUES ('guy-roberts', 'https://goppredators.wordpress.com/2023/01/07/475-guy-roberts/');
INSERT INTO sources (person_id, url) VALUES ('guy-roberts', 'https://www.usatoday.com/story/news/politics/2019/12/12/probe-finds-pentagons-nuclear-chief-roberts-sexually-harassed-staff/4407912002/');
INSERT INTO sources (person_id, url) VALUES ('guy-roberts', 'https://taskandpurpose.com/news/guy-roberts-pentagon-resignation-sexual-harassment/');
INSERT INTO sources (person_id, url) VALUES ('guy-roberts', 'https://apnews.com/article/9a60e760303af4595373ff213beb311d');
INSERT INTO sources (person_id, url) VALUES ('guy-roberts', 'https://www.dodig.mil/reports.html/Article/2038318/report-of-investigation-mr-guy-b-roberts-senior-executive-service-assistant-sec/');
INSERT OR REPLACE INTO people (id, name, status, level, state, office, crime_description, summary, still_in_office, offense_year, conviction_year, event_date) VALUES ('tommy-fisher', 'Tommy Fisher', 'convicted', 'adjacent', 'ND', '', 'Sexual Harassment', 'Tommy Fisher was Trump and Bannon''s choice to build "The Wall." A North Dakota businessman and long-time Republican donor, Fisher was accused of sexual harassment. Fisher is the president and CEO of Fisher Industries.', NULL, NULL, NULL, NULL);
INSERT INTO crime_types (person_id, crime_type) VALUES ('tommy-fisher', 'harassment');
INSERT INTO sources (person_id, url) VALUES ('tommy-fisher', 'https://goppredators.wordpress.com/2023/01/06/474-tommy-fisher/');
INSERT INTO sources (person_id, url) VALUES ('tommy-fisher', 'https://hpr1.com/index.php/feature/news/the-dark-side-of-trumps-wall');
INSERT INTO sources (person_id, url) VALUES ('tommy-fisher', 'https://www.thedickinsonpress.com/opinion/columns/mcfeely-tommy-fisher-wannabe-border-wall-builder-and-cramer-ally-thumbed-nose-at-government');
INSERT INTO sources (person_id, url) VALUES ('tommy-fisher', 'https://www.inforum.com/opinion/mcfeely-bannon-recently-called-n-d-contractor-tommy-fisher-a-mentor');
INSERT OR REPLACE INTO people (id, name, status, level, state, office, crime_description, summary, still_in_office, offense_year, conviction_year, event_date) VALUES ('tim-braun', 'Tim Braun', 'convicted', 'state', 'OH', '', 'Sexual Harassment', 'Tim Braun, the Republican Sandusky County prosecutor, was accused of sexual assault. He pled guilty to a lesser charge and even got to keep his job.', NULL, NULL, NULL, '2019-12-07');
INSERT INTO crime_types (person_id, crime_type) VALUES ('tim-braun', 'harassment');
INSERT INTO sources (person_id, url) VALUES ('tim-braun', 'https://goppredators.wordpress.com/2023/01/02/473-tim-braun/');
INSERT INTO sources (person_id, url) VALUES ('tim-braun', 'https://www.13abc.com/content/news/Major-Push-To-Remove-Sandusky-County-Prosecutor-Tim-Braun--566352331.html');
INSERT INTO sources (person_id, url) VALUES ('tim-braun', 'https://www.ohioattorneygeneral.gov/Media/News-Releases/January-2020/AG-Yost-Announces-Resignation-of-Sandusky-County-P');
INSERT INTO sources (person_id, url) VALUES ('tim-braun', 'https://www.wtol.com/article/news/crime/four-women-file-federal-lawsuit-against-former-sandusky-county-prosecutor/512-0325acb2-ebaf-465e-aeab-99b63397f82e');
INSERT OR REPLACE INTO people (id, name, status, level, state, office, crime_description, summary, still_in_office, offense_year, conviction_year, event_date) VALUES ('donald-sanborn', 'Donald Sanborn', 'alleged', 'adjacent', 'FL', '', 'Rape Culture', 'Donald Sanborn is a Catholic bishop who thinks women invite rape by how they dress. In a now-deleted post saved by the Wayback Machine , he complains that hems have gone higher and arms barer.', NULL, NULL, NULL, NULL);
INSERT INTO crime_types (person_id, crime_type) VALUES ('donald-sanborn', 'rape');
INSERT INTO crime_types (person_id, crime_type) VALUES ('donald-sanborn', 'harassment');
INSERT INTO sources (person_id, url) VALUES ('donald-sanborn', 'https://goppredators.wordpress.com/2023/01/02/472-donald-sanborn/');
INSERT INTO sources (person_id, url) VALUES ('donald-sanborn', 'https://web.archive.org/web/20191203040636/https://inveritateblog.com/2018/11/28/the-metoo-movement/');
INSERT INTO sources (person_id, url) VALUES ('donald-sanborn', 'https://web.archive.org/web/20220128071021/https://inveritateblog.com/2018/10/02/judging-the-judge/');
INSERT INTO sources (person_id, url) VALUES ('donald-sanborn', 'https://www.bishop-accountability.org/news2018/11_12/2018_12_11_Michael_Patheos_Bishop_Immodest.htm');
INSERT INTO sources (person_id, url) VALUES ('donald-sanborn', 'https://www.rawstory.com/2018/10/catholic-bishop-absolves-kavanaugh-culpability-alleged-rape-attempt-drunk-teen-time/');
INSERT OR REPLACE INTO people (id, name, status, level, state, office, crime_description, summary, still_in_office, offense_year, conviction_year, event_date) VALUES ('betsy-devos', 'Betsy DeVos', 'alleged', 'federal', 'MI', '', 'Rape Culture', 'Betsy DeVos was President Trump''s Secretary of Education. During her tenure, she focused heavily on reforming sexual misconduct rules for schools and universities to protect men who are accused.', NULL, NULL, NULL, '2017-09-08');
INSERT INTO crime_types (person_id, crime_type) VALUES ('betsy-devos', 'rape');
INSERT INTO crime_types (person_id, crime_type) VALUES ('betsy-devos', 'harassment');
INSERT INTO sources (person_id, url) VALUES ('betsy-devos', 'https://goppredators.wordpress.com/2023/01/02/471-betsy-devos/');
INSERT INTO sources (person_id, url) VALUES ('betsy-devos', 'https://www.motherjones.com/politics/2020/08/devos-campus-sexual-assault-title-ix/');
INSERT INTO sources (person_id, url) VALUES ('betsy-devos', 'https://mystudentvoices.com/betsy-devos-get-your-filthy-corrupt-hands-off-title-ix-3a6e84c3894a');
INSERT OR REPLACE INTO people (id, name, status, level, state, office, crime_description, summary, still_in_office, offense_year, conviction_year, event_date) VALUES ('paul-marciano', 'Paul Marciano', 'alleged', 'federal', 'CA', 'U.S. Congressman', 'Sexual Harassment', 'Paul Marciano is the co-founder of GUESS, the clothing company. He is also a generous Republican donor, giving $25,000 to the Trump Victory PAC in 2016.', NULL, NULL, NULL, NULL);
INSERT INTO crime_types (person_id, crime_type) VALUES ('paul-marciano', 'harassment');
INSERT INTO sources (person_id, url) VALUES ('paul-marciano', 'https://goppredators.wordpress.com/2023/01/02/470-paul-marciano/');
INSERT INTO sources (person_id, url) VALUES ('paul-marciano', 'https://qz.com/1304407/guess-cofounder-paul-marciano-has-resigned-after-sexual-misconduct-claims');
INSERT INTO sources (person_id, url) VALUES ('paul-marciano', 'https://www.campaignmoney.com/political/contributions/paul-marciano.asp?cycle=16');
INSERT INTO sources (person_id, url) VALUES ('paul-marciano', 'https://www.thedailybeast.com/guess-mogul-paul-marciano-reaches-dollar1-million-settlement-with-two-sexual-misconduct-accusers');
INSERT OR REPLACE INTO people (id, name, status, level, state, office, crime_description, summary, still_in_office, offense_year, conviction_year, event_date) VALUES ('travis-kalanick', 'Travis Kalanick', 'alleged', 'adjacent', 'CA', '', 'Sexual Harassment', 'Travis Kalanick was the CEO of Uber and for a short time was a member of Trump''s economic advisory board. He was forced out for his behavior, including bullying, harassment, and creating an environment that was markedly unprofessional.', NULL, NULL, NULL, '2017-06-22');
INSERT INTO crime_types (person_id, crime_type) VALUES ('travis-kalanick', 'harassment');
INSERT INTO sources (person_id, url) VALUES ('travis-kalanick', 'https://goppredators.wordpress.com/2022/12/28/469-travis-kalanick/');
INSERT INTO sources (person_id, url) VALUES ('travis-kalanick', 'https://www.susanjfowler.com/blog/2017/2/19/reflecting-on-one-very-strange-year-at-uber');
INSERT INTO sources (person_id, url) VALUES ('travis-kalanick', 'https://medium.com/@kealadenea/sexism-at-uber-from-female-management-uberstory-238874075bbb');
INSERT INTO sources (person_id, url) VALUES ('travis-kalanick', 'https://www.bbc.com/news/technology-40352868');
INSERT OR REPLACE INTO people (id, name, status, level, state, office, crime_description, summary, still_in_office, offense_year, conviction_year, event_date) VALUES ('dylan-howard', 'Dylan Howard', 'alleged', 'adjacent', 'NY', '', 'Organizational Cover-up', 'Dylan Howard was editor and chief content officer at The National Enquirer who became infamous for the gossip he did not print. He bought up stories with cash and an NDA to protect certain favored people, including Donald Trump.', NULL, NULL, NULL, '2020-04-23');
INSERT INTO crime_types (person_id, crime_type) VALUES ('dylan-howard', 'enablement');
INSERT INTO crime_types (person_id, crime_type) VALUES ('dylan-howard', 'organizational-coverup');
INSERT INTO sources (person_id, url) VALUES ('dylan-howard', 'https://goppredators.wordpress.com/2022/12/28/468-dylan-howard/');
INSERT INTO sources (person_id, url) VALUES ('dylan-howard', 'https://www.hollywoodreporter.com/news/general-news/national-enquirer-editor-dylan-howard-accused-harassment-sexual-misconduct-1064604/');
INSERT INTO sources (person_id, url) VALUES ('dylan-howard', 'https://www.latimes.com/entertainment-arts/business/story/2020-04-22/howards-end-why-infamous-tabloid-editor-dylan-howard-signed-off-at-american-media-inc');
INSERT INTO sources (person_id, url) VALUES ('dylan-howard', 'https://www.newyorker.com/news/news-desk/the-national-enquirer-a-donald-trump-rumor-and-another-secret-payment-to-buy-silence-dino-sajudin-david-pecker');
INSERT OR REPLACE INTO people (id, name, status, level, state, office, crime_description, summary, still_in_office, offense_year, conviction_year, event_date) VALUES ('gavin-mcinnes', 'Gavin McInnes', 'alleged', 'adjacent', 'NY', '', 'Rape Culture', 'Gavin McInnes is the founder of the Proud Boys. He is also a confirmed misogynist.', NULL, NULL, NULL, '2021-05-02');
INSERT INTO crime_types (person_id, crime_type) VALUES ('gavin-mcinnes', 'rape');
INSERT INTO crime_types (person_id, crime_type) VALUES ('gavin-mcinnes', 'harassment');
INSERT INTO sources (person_id, url) VALUES ('gavin-mcinnes', 'https://goppredators.wordpress.com/2022/12/27/467-gavin-mcinnes/');
INSERT INTO sources (person_id, url) VALUES ('gavin-mcinnes', 'https://www.mediamatters.org/maga-trolls/gavin-mcinnes-women-reporting-sexual-harassment-are-proof-women-dont-belong-workforce');
INSERT INTO sources (person_id, url) VALUES ('gavin-mcinnes', 'https://www.adl.org/resources/blog/venerating-housewife-primer-proud-boys-misogyny');
INSERT INTO sources (person_id, url) VALUES ('gavin-mcinnes', 'https://www.ttbook.org/interview/proud-boys-founder-gavin-mcinnes-youd-be-happier-housewife');
INSERT OR REPLACE INTO people (id, name, status, level, state, office, crime_description, summary, still_in_office, offense_year, conviction_year, event_date) VALUES ('michael-ferro', 'Michael Ferro', 'alleged', 'adjacent', 'IL', '', 'Sexual Misconduct', 'Michael Ferro was Chairman of TRONC, the Chicago Tribune publishing company and a big Republican donor. He was forced out after allegations of sexual misconduct were published by Fortune magazine.', NULL, NULL, NULL, '2018-03-20');
INSERT INTO crime_types (person_id, crime_type) VALUES ('michael-ferro', 'other');
INSERT INTO sources (person_id, url) VALUES ('michael-ferro', 'https://goppredators.wordpress.com/2022/12/26/466-michael-ferro/');
INSERT INTO sources (person_id, url) VALUES ('michael-ferro', 'https://fortune.com/2018/03/19/tronc-chairman-michael-ferro-allegations/');
INSERT INTO sources (person_id, url) VALUES ('michael-ferro', 'https://www.chicagotribune.com/business/ct-biz-ferro-retires-tronc-chairman-20180319-story.html');
INSERT OR REPLACE INTO people (id, name, status, level, state, office, crime_description, summary, still_in_office, offense_year, conviction_year, event_date) VALUES ('jamie-horowitz', 'Jamie Horowitz', 'alleged', 'adjacent', 'CA', '', 'Sexual Harassment', 'Jamie Horowitz was president of FOX Sports when he was forced to resign due to accusations of sexual harassment. The Ringer: What Jamie Horowitz Leaves Behind at Fox Sports Sports Illustrated: Fox Sports president Jamie Horowitz fired amid sexual harassment probe Awful Announcing: Details emerge of', NULL, NULL, NULL, NULL);
INSERT INTO crime_types (person_id, crime_type) VALUES ('jamie-horowitz', 'harassment');
INSERT INTO sources (person_id, url) VALUES ('jamie-horowitz', 'https://goppredators.wordpress.com/2022/12/26/465-jamie-horowitz/');
INSERT INTO sources (person_id, url) VALUES ('jamie-horowitz', 'https://www.theringer.com/2017/7/4/16042290/jamie-horowitz-fired-at-fox-sports-amid-scandal-c41593b2df94');
INSERT INTO sources (person_id, url) VALUES ('jamie-horowitz', 'https://www.si.com/media/2017/07/03/jamie-horowitz-fired-fox-sports-sexual-harassment');
INSERT INTO sources (person_id, url) VALUES ('jamie-horowitz', 'https://awfulannouncing.com/fox/jamie-horowitz-allegations-fox.html');
INSERT OR REPLACE INTO people (id, name, status, level, state, office, crime_description, summary, still_in_office, offense_year, conviction_year, event_date) VALUES ('gordon-sondland', 'Gordon Sondland', 'alleged', 'adjacent', 'OR', '', 'Sexual Harassment', 'Gordon Sondland was appointed Envoy to the European Union by Donald Trump. He was a central figure in Trump''s first impeachment trial and testified on Trump''s behalf that there was no quid pro quo.', NULL, NULL, NULL, '2019-11-29');
INSERT INTO crime_types (person_id, crime_type) VALUES ('gordon-sondland', 'harassment');
INSERT INTO sources (person_id, url) VALUES ('gordon-sondland', 'https://goppredators.wordpress.com/2022/12/26/464-gordon-sondland/');
INSERT INTO sources (person_id, url) VALUES ('gordon-sondland', 'https://www.propublica.org/article/multiple-women-recall-sexual-misconduct-and-retaliation-by-gordon-sondland');
INSERT INTO sources (person_id, url) VALUES ('gordon-sondland', 'https://www.theguardian.com/us-news/2019/nov/27/gordon-sondland-sexual-misconduct-allegations-trump-impeachment');
INSERT INTO sources (person_id, url) VALUES ('gordon-sondland', 'https://www.thedailybeast.com/gordon-sondland-accused-of-sexual-misconduct-by-three-women');
INSERT OR REPLACE INTO people (id, name, status, level, state, office, crime_description, summary, still_in_office, offense_year, conviction_year, event_date) VALUES ('eric-dudley', 'Eric Dudley', 'alleged', 'adjacent', 'TN', '', 'Sexual Misconduct', 'Eric Dudley was an Episcopal priest who left the church in 2005 because they promoted a gay man to the role of bishop. He then went on to found his own church, St..', NULL, NULL, NULL, '2019-11-27');
INSERT INTO crime_types (person_id, crime_type) VALUES ('eric-dudley', 'other');
INSERT INTO sources (person_id, url) VALUES ('eric-dudley', 'https://goppredators.wordpress.com/2022/12/26/463-eric-dudley/');
INSERT INTO sources (person_id, url) VALUES ('eric-dudley', 'https://www.advocate.com/religion/2019/11/26/report-antigay-priest-used-position-sexually-abuse-other-men');
INSERT INTO sources (person_id, url) VALUES ('eric-dudley', 'https://www.tallahassee.com/story/news/local/2019/11/26/eric-dudley-st-peters-founder-subjected-men-sexual-misconduct/4290537002/');
INSERT OR REPLACE INTO people (id, name, status, level, state, office, crime_description, summary, still_in_office, offense_year, conviction_year, event_date) VALUES ('eric-firkel', 'Eric Firkel', 'alleged', 'adjacent', 'NY', '', 'Sexual Harassment', 'Eric Firkel was the Cattaraugus County Attorney when he resigned after the County legislators announced they were investigating two sexual harassment claims against Firkel. He resigned.', NULL, NULL, NULL, NULL);
INSERT INTO crime_types (person_id, crime_type) VALUES ('eric-firkel', 'harassment');
INSERT INTO sources (person_id, url) VALUES ('eric-firkel', 'https://goppredators.wordpress.com/2022/12/26/462-eric-firkel/');
INSERT INTO sources (person_id, url) VALUES ('eric-firkel', 'https://www.oleantimesherald.com/news/cattaraugus-county-attorney-resigns-amid-harassment-investigation/article_2c359e52-3b19-11e9-8171-1b1b443d32b3.html');
INSERT INTO sources (person_id, url) VALUES ('eric-firkel', 'http://www.salamancapress.com/news/county-lawmakers-review-sexual-harassment-investigation/article_4c8036e0-0df5-11ea-9317-5f7846b39df6.html');
INSERT OR REPLACE INTO people (id, name, status, level, state, office, crime_description, summary, still_in_office, offense_year, conviction_year, event_date) VALUES ('dan-clark', 'Dan Clark', 'convicted', 'party-official', 'WA', '', 'Stalking, Child Endangerment', 'Dan Clark was a precinct committee officer elected to the Clark County Republican Party Bylaws and Resolutions Committee with 70% of the secret ballot vote. Those voting were well aware that he is a convicted child predator who repeatedly snuck into a fifteen-year-old girl''s bedroom, gave her alcoho', NULL, NULL, NULL, NULL);
INSERT INTO crime_types (person_id, crime_type) VALUES ('dan-clark', 'stalking');
INSERT INTO sources (person_id, url) VALUES ('dan-clark', 'https://goppredators.wordpress.com/2022/12/20/461-dan-clark/');
INSERT INTO sources (person_id, url) VALUES ('dan-clark', 'https://www.columbian.com/news/2019/oct/27/election-of-party-official-rocks-clark-county-gop/');
INSERT INTO sources (person_id, url) VALUES ('dan-clark', 'https://mavenroundtable.io/theintellectualist/news/washington-state-republicans-elect-alleged-child-predator-as-committee-chairman');
INSERT OR REPLACE INTO people (id, name, status, level, state, office, crime_description, summary, still_in_office, offense_year, conviction_year, event_date) VALUES ('joseph-maturo', 'Joseph Maturo', 'alleged', 'local', 'CT', 'Mayor', 'Sexual Harassment', 'Joseph Maturo was the mayor of East Haven. He was accused by a city employee of sexually harassing her and exposing himself to her.', NULL, NULL, NULL, '2018-06-26');
INSERT INTO crime_types (person_id, crime_type) VALUES ('joseph-maturo', 'harassment');
INSERT INTO sources (person_id, url) VALUES ('joseph-maturo', 'https://goppredators.wordpress.com/2022/12/20/460-joseph-maturo/');
INSERT INTO sources (person_id, url) VALUES ('joseph-maturo', 'https://ctnewsjunkie.com/2018/09/12/20180912_east_haven_settles_sexual_harassment_case_against_mayor/');
INSERT INTO sources (person_id, url) VALUES ('joseph-maturo', 'https://www.nhregister.com/metro/article/3-more-women-accuse-East-Haven-Mayor-Maturo-of-13240000.php');
INSERT INTO sources (person_id, url) VALUES ('joseph-maturo', 'https://patch.com/connecticut/easthaven/mayor-joseph-maturo-explains-why-he-settled-sex-harassment-case');
INSERT OR REPLACE INTO people (id, name, status, level, state, office, crime_description, summary, still_in_office, offense_year, conviction_year, event_date) VALUES ('jennifer-van-laar', 'Jennifer Van Laar', 'alleged', 'adjacent', 'CA', '', 'Nonconsensual Dissemination of Private Sexual Images', 'Jennifer Van Laar is a GOP campaign operative who worked for the Rep. Steve Knight re-election campaign that lost out to Katie Hill in 2018.', NULL, NULL, NULL, '2019-11-01');
INSERT INTO crime_types (person_id, crime_type) VALUES ('jennifer-van-laar', 'other');
INSERT INTO sources (person_id, url) VALUES ('jennifer-van-laar', 'https://goppredators.wordpress.com/2022/12/20/459-jennifer-van-laar/');
INSERT INTO sources (person_id, url) VALUES ('jennifer-van-laar', 'https://www.thefactual.com/blog/is-the-daily-mail-reliable/');
INSERT INTO sources (person_id, url) VALUES ('jennifer-van-laar', 'https://www.lamag.com/citythinkblog/katie-hill-jennifer-van-laar/');
INSERT INTO sources (person_id, url) VALUES ('jennifer-van-laar', 'https://www.politico.com/news/2019/10/28/reporter-katie-hill-scandal-gop-060576');
INSERT OR REPLACE INTO people (id, name, status, level, state, office, crime_description, summary, still_in_office, offense_year, conviction_year, event_date) VALUES ('s-vance-wilkins', 'S. Vance Wilkins', 'alleged', 'adjacent', 'VA', '', 'Sexual Harassment/Retaliation', 'S. Vance Wilkins was the Republican Speaker of the Virginia House of Delegates.', NULL, NULL, NULL, '2002-06-14');
INSERT INTO crime_types (person_id, crime_type) VALUES ('s-vance-wilkins', 'harassment');
INSERT INTO sources (person_id, url) VALUES ('s-vance-wilkins', 'https://goppredators.wordpress.com/2022/12/20/458-s-vance-wilkins/');
INSERT INTO sources (person_id, url) VALUES ('s-vance-wilkins', 'https://www.washingtonpost.com/archive/politics/2002/06/07/va-speaker-settles-sex-complaint/e66ad36c-2bc9-4ff3-8f28-c2d0467b81a7/');
INSERT INTO sources (person_id, url) VALUES ('s-vance-wilkins', 'https://www.nytimes.com/2002/06/14/us/speaker-quits-virginia-post-after-claims-of-groping.html');
INSERT OR REPLACE INTO people (id, name, status, level, state, office, crime_description, summary, still_in_office, offense_year, conviction_year, event_date) VALUES ('r-a-strickland', 'R. A. Strickland', 'alleged', 'adjacent', 'SC', '', 'Domestic Violence', 'R. A. Strickland (SC): Domestic Violence.', NULL, NULL, NULL, NULL);
INSERT INTO crime_types (person_id, crime_type) VALUES ('r-a-strickland', 'domestic-violence');
INSERT INTO sources (person_id, url) VALUES ('r-a-strickland', 'https://goppredators.wordpress.com/2026/03/13/457-r-a-strickland/');
INSERT OR REPLACE INTO people (id, name, status, level, state, office, crime_description, summary, still_in_office, offense_year, conviction_year, event_date) VALUES ('peter-o-rourke', 'Peter O’Rourke', 'alleged', 'adjacent', 'FL', '', 'Organizational Cover-Up', 'Peter O’Rourke (FL): Organizational Cover-Up.', NULL, NULL, NULL, NULL);
INSERT INTO crime_types (person_id, crime_type) VALUES ('peter-o-rourke', 'enablement');
INSERT INTO crime_types (person_id, crime_type) VALUES ('peter-o-rourke', 'organizational-coverup');
INSERT INTO sources (person_id, url) VALUES ('peter-o-rourke', 'https://goppredators.wordpress.com/2026/03/13/456-peter-o-rourke/');
INSERT OR REPLACE INTO people (id, name, status, level, state, office, crime_description, summary, still_in_office, offense_year, conviction_year, event_date) VALUES ('jon-bramnick', 'Jon Bramnick', 'charged', 'state', 'NJ', '', 'Rape Culture', 'Jon Bramnick is a Republican senator in the New Jersey state Senate. Before that he served in the New Jersey House of Representatives.', NULL, NULL, NULL, '2019-10-12');
INSERT INTO crime_types (person_id, crime_type) VALUES ('jon-bramnick', 'rape');
INSERT INTO crime_types (person_id, crime_type) VALUES ('jon-bramnick', 'harassment');
INSERT INTO sources (person_id, url) VALUES ('jon-bramnick', 'https://goppredators.wordpress.com/2022/12/19/455-jon-bramnick/');
INSERT INTO sources (person_id, url) VALUES ('jon-bramnick', 'https://newjerseyglobe.com/legislature/bramnick-promises-to-discredit-victims-of-sexual-assault-as-defender-of-the-accused/');
INSERT INTO sources (person_id, url) VALUES ('jon-bramnick', 'https://www.politico.com/states/new-jersey/story/2019/10/10/bramnick-strategy-to-discredit-sexual-assault-accusers-disgusting-murphy-says-1225532');
INSERT OR REPLACE INTO people (id, name, status, level, state, office, crime_description, summary, still_in_office, offense_year, conviction_year, event_date) VALUES ('paul-petersen', 'Paul Petersen', 'convicted', 'adjacent', 'AR', '', 'Trafficking', 'Paul Petersen was a Republican elected county assessor in Maricopa County, Arizona. He was charged with human smuggling and selling babies in 2019 and pled guilty in 2020.', NULL, NULL, 2020, '2021-01-23');
INSERT INTO crime_types (person_id, crime_type) VALUES ('paul-petersen', 'trafficking');
INSERT INTO sources (person_id, url) VALUES ('paul-petersen', 'https://goppredators.wordpress.com/2022/12/19/454-paul-petersen/');
INSERT INTO sources (person_id, url) VALUES ('paul-petersen', 'https://www.ksl.com/article/46652706/utah-ag-charges-arizona-elected-official-with-felony-human-smuggling');
INSERT INTO sources (person_id, url) VALUES ('paul-petersen', 'https://www.azcentral.com/story/news/local/arizona/2021/04/21/paul-petersen-sentenced-utah-charges-adoption-scheme/7324590002/');
INSERT OR REPLACE INTO people (id, name, status, level, state, office, crime_description, summary, still_in_office, offense_year, conviction_year, event_date) VALUES ('paul-edward-acton-bowen', 'Paul Edward Acton Bowen', 'convicted', 'adjacent', 'AL', '', 'Rape/Child Molestation', 'Paul Edward Acton Bowen was a prominent Alabama Evangelical religious leader. He founded Acton Bowen Outreach which still has an active internet presence promoting rightwing and religious leaders and publishing three to four articles a month.', NULL, NULL, NULL, '2019-12-03');
INSERT INTO crime_types (person_id, crime_type) VALUES ('paul-edward-acton-bowen', 'rape');
INSERT INTO crime_types (person_id, crime_type) VALUES ('paul-edward-acton-bowen', 'child-molestation');
INSERT INTO sources (person_id, url) VALUES ('paul-edward-acton-bowen', 'https://goppredators.wordpress.com/2022/12/17/453-paul-edward-acton-bowen/');
INSERT INTO sources (person_id, url) VALUES ('paul-edward-acton-bowen', 'https://www.al.com/news/birmingham/2019/12/prosecutors-want-evangelist-acton-bowen-declared-a-sexually-violent-predator.html');
INSERT INTO sources (person_id, url) VALUES ('paul-edward-acton-bowen', 'https://www.gadsdentimes.com/story/news/crime/2019/09/26/bowen-slated-for-december-trial-on-all-etowah-charges/2688456007/');
INSERT OR REPLACE INTO people (id, name, status, level, state, office, crime_description, summary, still_in_office, offense_year, conviction_year, event_date) VALUES ('thomas-bruce', 'Thomas Bruce', 'convicted', 'adjacent', 'MO', 'Pastor', 'Rape, Murder', 'Thomas Bruce was an Evangelical pastor who frequently ranted about his support for Trump. He was a fan of Laura Ingraham as well.', NULL, NULL, NULL, '2021-10-23');
INSERT INTO crime_types (person_id, crime_type) VALUES ('thomas-bruce', 'rape');
INSERT INTO crime_types (person_id, crime_type) VALUES ('thomas-bruce', 'murder');
INSERT INTO sources (person_id, url) VALUES ('thomas-bruce', 'https://goppredators.wordpress.com/2022/12/17/452-thomas-bruce/');
INSERT INTO sources (person_id, url) VALUES ('thomas-bruce', 'https://spectrumnews1.com/ap-online/2019/11/18/innocence-project-seeks-to-clear-a-man-executed-13-years-ago');
INSERT INTO sources (person_id, url) VALUES ('thomas-bruce', 'https://www.riverfronttimes.com/news/thomas-bruce-catholic-supply-store-killer-pleads-guilty-to-murder-36470490');
INSERT INTO sources (person_id, url) VALUES ('thomas-bruce', 'https://www.ksdk.com/article/news/investigations/diane-bruce-husband-killer-catholic-supply-store-attack-missouri-2018/63-9e337a17-9b58-4d34-902d-d550fdba3dd3');
INSERT OR REPLACE INTO people (id, name, status, level, state, office, crime_description, summary, still_in_office, offense_year, conviction_year, event_date) VALUES ('eric-lin', 'Eric Lin', 'alleged', 'adjacent', 'MD', '', 'Menacing, Stalking, Harassment', 'Eric Lin (MD): Menacing, Stalking, Harassment.', NULL, NULL, NULL, NULL);
INSERT INTO crime_types (person_id, crime_type) VALUES ('eric-lin', 'harassment');
INSERT INTO crime_types (person_id, crime_type) VALUES ('eric-lin', 'stalking');
INSERT INTO sources (person_id, url) VALUES ('eric-lin', 'https://goppredators.wordpress.com/2026/03/13/451-eric-lin/');
INSERT OR REPLACE INTO people (id, name, status, level, state, office, crime_description, summary, still_in_office, offense_year, conviction_year, event_date) VALUES ('jodie-laubenberg', 'Jodie Laubenberg', 'alleged', 'state', 'TX', 'State Representative', 'Rape Culture', 'Jodie Laubenberg is a Texas state representative who retired in 2018. In 2013, during debate on an anti-abortion bill she sponsored, she opposed an amendment carving out an exception for rape and incest.', NULL, NULL, NULL, '2013-06-26');
INSERT INTO crime_types (person_id, crime_type) VALUES ('jodie-laubenberg', 'rape');
INSERT INTO crime_types (person_id, crime_type) VALUES ('jodie-laubenberg', 'harassment');
INSERT INTO sources (person_id, url) VALUES ('jodie-laubenberg', 'https://goppredators.wordpress.com/2022/12/17/450-jodie-laubenberg/');
INSERT INTO sources (person_id, url) VALUES ('jodie-laubenberg', 'https://www.politifact.com/factchecks/2013/jun/24/jodie-laubenberg/jodie-laubenberg-says-texas-rape-kit-dilation-and-/');
INSERT INTO sources (person_id, url) VALUES ('jodie-laubenberg', 'https://www.theatlantic.com/politics/archive/2013/06/new-texas-anti-abortion-bill-rape-kits/313947/');
INSERT INTO sources (person_id, url) VALUES ('jodie-laubenberg', 'https://www.huffpost.com/entry/jodie-laubenberg-rape-kits_b_3491715');
INSERT OR REPLACE INTO people (id, name, status, level, state, office, crime_description, summary, still_in_office, offense_year, conviction_year, event_date) VALUES ('cory-green', 'Cory Green', 'convicted', 'adjacent', 'UT', '', 'Sexual Battery', 'Cory Green, a Republican candidate for Congress in Utah, pleaded guilty to two sexual battery charges in a plea deal that took two more serious charges off the table for him. Now he says he is as innocent as Kavanaugh.', NULL, NULL, 2010, NULL);
INSERT INTO crime_types (person_id, crime_type) VALUES ('cory-green', 'rape');
INSERT INTO crime_types (person_id, crime_type) VALUES ('cory-green', 'assault');
INSERT INTO sources (person_id, url) VALUES ('cory-green', 'https://goppredators.wordpress.com/2022/12/14/449-cory-green/');
INSERT INTO sources (person_id, url) VALUES ('cory-green', 'https://www.sltrib.com/news/politics/2019/09/18/utah-congressional/');
INSERT INTO sources (person_id, url) VALUES ('cory-green', 'https://www.deseret.com/utah/2019/9/18/20872610/utah-congressional-candidate-confronts-convictions-of-sexual-battery');
INSERT OR REPLACE INTO people (id, name, status, level, state, office, crime_description, summary, still_in_office, offense_year, conviction_year, event_date) VALUES ('grey-may', 'Grey May', 'alleged', 'state', 'KY', '', 'Sexual Harassment', 'Greg May is a Republican businessman who appeared in an add supporting Gov. Mike Bevin.', NULL, NULL, NULL, '2019-10-05');
INSERT INTO crime_types (person_id, crime_type) VALUES ('grey-may', 'harassment');
INSERT INTO sources (person_id, url) VALUES ('grey-may', 'https://goppredators.wordpress.com/2022/12/14/448-greg-may/');
INSERT INTO sources (person_id, url) VALUES ('grey-may', 'https://apnews.com/article/921f7d4eec4e405e87b622fe045b5455');
INSERT INTO sources (person_id, url) VALUES ('grey-may', 'https://www.kentucky.com/news/state/kentucky/article235719772.html');
INSERT OR REPLACE INTO people (id, name, status, level, state, office, crime_description, summary, still_in_office, offense_year, conviction_year, event_date) VALUES ('stacey-dash', 'Stacey Dash', 'charged', 'local', 'FL', '', 'Domestic Violence', 'Stacey Dash is an actress who has become more widely know as a FOX News contributor. She also ran a short campaign to represent Congressional District 44 in California though she withdrew after just a month.', NULL, NULL, NULL, '2019-10-06');
INSERT INTO crime_types (person_id, crime_type) VALUES ('stacey-dash', 'domestic-violence');
INSERT INTO sources (person_id, url) VALUES ('stacey-dash', 'https://goppredators.wordpress.com/2022/12/14/447-stacey-dash/');
INSERT INTO sources (person_id, url) VALUES ('stacey-dash', 'https://www.imdb.com/name/nm0001107/?ref_=fn_al_nm_1');
INSERT INTO sources (person_id, url) VALUES ('stacey-dash', 'https://www.cnn.com/2018/03/30/politics/stacey-dash-withdraws-congressional-race/index.html');
INSERT INTO sources (person_id, url) VALUES ('stacey-dash', 'https://www.usatoday.com/story/entertainment/celebrities/2019/10/02/stacey-dash-bailed-out-jail-pleaded-not-guilty-domestic-battery/3847200002/');
INSERT INTO sources (person_id, url) VALUES ('stacey-dash', 'https://www.latimes.com/entertainment-arts/movies/story/2019-09-30/stacey-dash-arrested');
INSERT OR REPLACE INTO people (id, name, status, level, state, office, crime_description, summary, still_in_office, offense_year, conviction_year, event_date) VALUES ('southern-baptist-convention', 'Southern Baptist Convention', 'alleged', 'adjacent', 'TN', '', 'Organizational Cover-Up', 'The Southern Baptist Convention not only covered up for sexual predators among their fellowship, they often denigrated the survivors. They stonewalled and denied.', NULL, NULL, NULL, '2022-05-29');
INSERT INTO crime_types (person_id, crime_type) VALUES ('southern-baptist-convention', 'enablement');
INSERT INTO crime_types (person_id, crime_type) VALUES ('southern-baptist-convention', 'organizational-coverup');
INSERT INTO sources (person_id, url) VALUES ('southern-baptist-convention', 'https://goppredators.wordpress.com/2022/12/14/446-southern-baptist-convention/');
INSERT INTO sources (person_id, url) VALUES ('southern-baptist-convention', 'https://www.sbc.net/on-the-release-of-a-list-of-alleged-abusers%EF%BF%BC/');
INSERT INTO sources (person_id, url) VALUES ('southern-baptist-convention', 'https://sbcec.s3.amazonaws.com/FINAL+-+List+of+Alleged+Abusers+-+SBC+REDACTED.pdf');
INSERT INTO sources (person_id, url) VALUES ('southern-baptist-convention', 'https://www.npr.org/2022/05/22/1100616952/southern-baptists-sex-abuse');
INSERT OR REPLACE INTO people (id, name, status, level, state, office, crime_description, summary, still_in_office, offense_year, conviction_year, event_date) VALUES ('steven-pankey', 'Steven Pankey', 'alleged', 'adjacent', 'ID', 'Lobbyist', 'Child Rape, Murder', 'Richard McIntosh is a lobbyist in Missouri whose son was expelled for a Title IX violation from Washington University in St. Louis, Missouri.', NULL, NULL, NULL, '2019-06-09');
INSERT INTO crime_types (person_id, crime_type) VALUES ('steven-pankey', 'rape');
INSERT INTO crime_types (person_id, crime_type) VALUES ('steven-pankey', 'murder');
INSERT INTO sources (person_id, url) VALUES ('steven-pankey', 'https://goppredators.wordpress.com/2022/12/12/445-richard-mcintosh/');
INSERT INTO sources (person_id, url) VALUES ('steven-pankey', 'https://www.stltoday.com/entertainment/arts-and-theatre/emails-show-missouri-lobbyists-efforts-to-help-expelled-son/article_1970387b-a9f7-585c-9b76-d56dcd089762.html');
INSERT INTO sources (person_id, url) VALUES ('steven-pankey', 'https://spectrumlocalnews.com/tx/austin/ap-top-news/2019/04/26/after-son-was-expelled-lobbyist-tries-to-change-state-law');
INSERT INTO sources (person_id, url) VALUES ('steven-pankey', 'https://www.kansascity.com/news/politics-government/article228733614.html#storylink=cpy');
INSERT OR REPLACE INTO people (id, name, status, level, state, office, crime_description, summary, still_in_office, offense_year, conviction_year, event_date) VALUES ('richard-mcintosh', 'Richard McIntosh', 'alleged', 'adjacent', 'MO', '', 'Rape Culture', 'Richard McIntosh (MO): Rape Culture.', NULL, NULL, NULL, NULL);
INSERT INTO crime_types (person_id, crime_type) VALUES ('richard-mcintosh', 'rape');
INSERT INTO crime_types (person_id, crime_type) VALUES ('richard-mcintosh', 'harassment');
INSERT INTO sources (person_id, url) VALUES ('richard-mcintosh', 'https://goppredators.wordpress.com/2026/03/13/444-richard-mcintosh/');
INSERT OR REPLACE INTO people (id, name, status, level, state, office, crime_description, summary, still_in_office, offense_year, conviction_year, event_date) VALUES ('kenneth-lee', 'Kenneth Lee', 'alleged', 'adjacent', 'CA', '', 'Rape Culture', 'Kenneth Lee was appointed by Donald Trump to the 9th Circuit. He was confirmed with a party line vote, in large part because of his extreme and intemperate writing about race, homosexuality, sexual harassment, and rape.', NULL, NULL, NULL, '2018-10-12');
INSERT INTO crime_types (person_id, crime_type) VALUES ('kenneth-lee', 'rape');
INSERT INTO crime_types (person_id, crime_type) VALUES ('kenneth-lee', 'harassment');
INSERT INTO sources (person_id, url) VALUES ('kenneth-lee', 'https://goppredators.wordpress.com/2022/12/12/443-kenneth-lee/');
INSERT INTO sources (person_id, url) VALUES ('kenneth-lee', 'https://www.politico.com/story/2019/03/04/kenneth-lee-9th-circuit-1202707');
INSERT OR REPLACE INTO people (id, name, status, level, state, office, crime_description, summary, still_in_office, offense_year, conviction_year, event_date) VALUES ('scott-robert-jones', 'Scott Robert Jones', 'convicted', 'local', 'CA', '', 'Sexual Harassment', 'Scott Robert Jones is the sheriff of Sacramento County. He is retiring in January, 2023.', NULL, NULL, NULL, '2016-05-19');
INSERT INTO crime_types (person_id, crime_type) VALUES ('scott-robert-jones', 'harassment');
INSERT INTO sources (person_id, url) VALUES ('scott-robert-jones', 'https://goppredators.wordpress.com/2022/12/12/442-scott-robert-jones/');
INSERT INTO sources (person_id, url) VALUES ('scott-robert-jones', 'https://www.thedailybeast.com/scott-jones-mini-trump-sheriff-and-accused-sexual-harasser-behind-netflix-series-jailbirds');
INSERT INTO sources (person_id, url) VALUES ('scott-robert-jones', 'https://www.sacbee.com/news/politics-government/capitol-alert/article89480237.html');
INSERT INTO sources (person_id, url) VALUES ('scott-robert-jones', 'https://www.politifact.com/factchecks/2016/oct/17/scott-jones/scott-jones-falsely-claims-judges-ruled-allegation/');
INSERT OR REPLACE INTO people (id, name, status, level, state, office, crime_description, summary, still_in_office, offense_year, conviction_year, event_date) VALUES ('nick-hermann', 'Nick Hermann', 'alleged', 'adjacent', 'IL', '', 'Sexual Harassment/Retaliation', 'Nick Hermann was the County Prosecutor in Vanderburgh County, Illinois until he lost the Republican primary in May 2022. A likely contribution to his loss was the sexual harassment and retaliation lawsuit brought against him that he settled.', NULL, NULL, NULL, NULL);
INSERT INTO crime_types (person_id, crime_type) VALUES ('nick-hermann', 'harassment');
INSERT INTO sources (person_id, url) VALUES ('nick-hermann', 'https://goppredators.wordpress.com/2022/12/11/441-nick-hermann/');
INSERT INTO sources (person_id, url) VALUES ('nick-hermann', 'https://www.courierpress.com/story/news/local/2019/05/29/vanderburgh-county-prosecutor-nick-hermann-accused-sexual-harassment-ex-employee/1270312001/');
INSERT INTO sources (person_id, url) VALUES ('nick-hermann', 'https://news.wjct.org/2021-08-03/county-settles-sexual-harassment-suit-against-prosecutor');
INSERT INTO sources (person_id, url) VALUES ('nick-hermann', 'https://www.courierpress.com/story/news/local/2022/02/02/nick-hermann-sexual-harassment-lawsuit-vanderburgh-county-election-candidates/9292134002/?fbclid=IwAR1gC4uY6qOaSQcxHxU8me8tIeNYIIIm_QVu69N2xnSRrjRP4_c9ldaKU6I');
INSERT INTO sources (person_id, url) VALUES ('nick-hermann', 'https://www.courierpress.com/story/news/politics/2022/02/01/vanderburgh-prosecutor-nick-hermann-sexual-harassment-lawsuit-depositions-obtained/6586352001/');
INSERT OR REPLACE INTO people (id, name, status, level, state, office, crime_description, summary, still_in_office, offense_year, conviction_year, event_date) VALUES ('mark-adams', 'Mark Adams', 'alleged', 'adjacent', 'OH', '', 'Sexual Harassment', 'Mark Adams was the fiscal officer for Butler township and treasurer of Montgomery County GOP. HeIn 2019, he resigned after a woman accused him of theft and sexual harassment.', NULL, NULL, NULL, '2019-09-16');
INSERT INTO crime_types (person_id, crime_type) VALUES ('mark-adams', 'harassment');
INSERT INTO sources (person_id, url) VALUES ('mark-adams', 'https://goppredators.wordpress.com/2022/12/10/440-mark-adams/');
INSERT INTO sources (person_id, url) VALUES ('mark-adams', 'https://www.daytondailynews.com/news/local/township-official-leave-office-after-accusations/XiAC6iTBrxyVT5KN4Clq2L/');
INSERT OR REPLACE INTO people (id, name, status, level, state, office, crime_description, summary, still_in_office, offense_year, conviction_year, event_date) VALUES ('bill-brough', 'Bill Brough', 'alleged', 'state', 'CA', '', 'Sexual Harassment, Rape', 'Bill Brough was a California Republican Assemblyman representing Orange County. He was asked by his party to retire and withdraw from 2020 re-election race because of sexual harassment and assault allegations as well as an ethics investigation for using campaign funds for personal use.', NULL, NULL, NULL, '2020-12-06');
INSERT INTO crime_types (person_id, crime_type) VALUES ('bill-brough', 'rape');
INSERT INTO crime_types (person_id, crime_type) VALUES ('bill-brough', 'harassment');
INSERT INTO sources (person_id, url) VALUES ('bill-brough', 'https://goppredators.wordpress.com/2022/12/10/439-bill-brough/');
INSERT INTO sources (person_id, url) VALUES ('bill-brough', 'https://www.ocregister.com/2020/05/27/state-investigation-concludes-assemblyman-bill-brough-offered-political-favors-for-sex/');
INSERT INTO sources (person_id, url) VALUES ('bill-brough', 'https://apnews.com/article/sacramento-santa-ana-california-sexual-assault-e33789e9ec3b2b1e268dcdd86fddece2');
INSERT OR REPLACE INTO people (id, name, status, level, state, office, crime_description, summary, still_in_office, offense_year, conviction_year, event_date) VALUES ('james-manning', 'James Manning', 'alleged', 'adjacent', 'NY', 'Pastor', 'Child Abuse', 'James Manning is the pastor of ATLAH World Missionary Church which also operates two private religious schools, Great Tomorrow’s USA Elementary/Middle and Atlah High School.. Manning is a vicious homophobe advocating that gay people be stoned.', NULL, NULL, NULL, NULL);
INSERT INTO crime_types (person_id, crime_type) VALUES ('james-manning', 'other');
INSERT INTO sources (person_id, url) VALUES ('james-manning', 'https://goppredators.wordpress.com/2022/12/10/437-james-manning/');
INSERT INTO sources (person_id, url) VALUES ('james-manning', 'https://www.huffpost.com/entry/harlem-atlah-church-james-david-manning_n_5cba0a9ae4b06605e3ee5cde');
INSERT INTO sources (person_id, url) VALUES ('james-manning', 'https://www.wnyc.org/story/private-school-within-harlem-church-faces-abuse-accusations/');
INSERT OR REPLACE INTO people (id, name, status, level, state, office, crime_description, summary, still_in_office, offense_year, conviction_year, event_date) VALUES ('daniel-rodimer', 'Daniel Rodimer', 'convicted', 'adjacent', 'NV', '', 'Assault/Harassment', 'Daniel Rodimer is the retired professional wrestler Dan Rodman and an unsuccessful Republican candidate for Congress. He''s also been accused of domestic violence though no charges were filed and he remains married to his wife who twice called the police.', NULL, NULL, NULL, NULL);
INSERT INTO crime_types (person_id, crime_type) VALUES ('daniel-rodimer', 'harassment');
INSERT INTO sources (person_id, url) VALUES ('daniel-rodimer', 'https://goppredators.wordpress.com/2022/12/10/436-daniel-rodimer/');
INSERT INTO sources (person_id, url) VALUES ('daniel-rodimer', 'https://lasvegassun.com/news/2019/oct/04/wrestler-vying-for-us-house-seat-in-nevada-had-3-a/');
INSERT INTO sources (person_id, url) VALUES ('daniel-rodimer', 'https://www.thedailybeast.com/dan-rodimer-a-former-wrestling-star-involved-in-a-waffle-house-assault-is-running-for-congress');
INSERT OR REPLACE INTO people (id, name, status, level, state, office, crime_description, summary, still_in_office, offense_year, conviction_year, event_date) VALUES ('joshua-powell', 'Joshua Powell', 'alleged', 'adjacent', 'VA', '', 'Sexual Harassment', 'Joshua Powell was formerly NRA CEO Wayne LaPierre''s Chief of Staff though before he was fired, he had been demoted to senior strategist. He was accused of sexual harassment by at least two women who were paid settlements from NRA funds.', NULL, NULL, NULL, '2020-02-02');
INSERT INTO crime_types (person_id, crime_type) VALUES ('joshua-powell', 'harassment');
INSERT INTO sources (person_id, url) VALUES ('joshua-powell', 'https://goppredators.wordpress.com/2022/12/10/435-joshua-powell/');
INSERT INTO sources (person_id, url) VALUES ('joshua-powell', 'https://washingtonpress.com/2019/08/30/a-top-nra-official-has-been-exposed-quietly-settling-two-sex-harassment-complaints/');
INSERT INTO sources (person_id, url) VALUES ('joshua-powell', 'https://www.usatoday.com/story/news/politics/2020/09/04/guns-former-nra-official-joshua-powell-describes-corruption/5700750002/');
INSERT INTO sources (person_id, url) VALUES ('joshua-powell', 'https://www.thetrace.org/2019/08/nra-josh-powell-sexual-harassment-ackerman-mcqueen/');
INSERT INTO sources (person_id, url) VALUES ('joshua-powell', 'https://www.insider.com/nra-official-josh-powell-accused-of-sexual-harassment-let-go-2020-2');
INSERT OR REPLACE INTO people (id, name, status, level, state, office, crime_description, summary, still_in_office, offense_year, conviction_year, event_date) VALUES ('phillip-todd-wilson', 'Phillip Todd Wilson', 'charged', 'adjacent', 'KY', '', 'Child Sexual Abuse Material', 'Phillip Todd Wilson was a high school principal who came to national news attention for banning school library books with gay content. In all four books were banned because he said they were pornographic.', NULL, NULL, NULL, '2019-08-28');
INSERT INTO crime_types (person_id, crime_type) VALUES ('phillip-todd-wilson', 'csam');
INSERT INTO crime_types (person_id, crime_type) VALUES ('phillip-todd-wilson', 'assault');
INSERT INTO sources (person_id, url) VALUES ('phillip-todd-wilson', 'https://goppredators.wordpress.com/2022/12/09/434-phillip-todd-wilson/');
INSERT INTO sources (person_id, url) VALUES ('phillip-todd-wilson', 'https://t.co/4GwT2S5lJ1');
INSERT INTO sources (person_id, url) VALUES ('phillip-todd-wilson', 'https://www.courier-journal.com/story/news/local/2019/08/29/kentucky-principal-facing-child-porn-charges-once-banned-books/2149974001/');
INSERT INTO sources (person_id, url) VALUES ('phillip-todd-wilson', 'https://www.winchestersun.com/2019/09/26/principals-child-porn-case-sent-to-grand-jury/');
INSERT INTO sources (person_id, url) VALUES ('phillip-todd-wilson', 'https://www.wtvq.com/clark-county-principal-facing-child-pornography-charges/');
INSERT INTO sources (person_id, url) VALUES ('phillip-todd-wilson', 'https://www.morelaw.com/verdicts/case.asp?n=19-CR-00358%20&#038;s=KY&#038;d=163871');
INSERT OR REPLACE INTO people (id, name, status, level, state, office, crime_description, summary, still_in_office, offense_year, conviction_year, event_date) VALUES ('meghan-wiggins', 'Meghan Wiggins', 'charged', 'adjacent', 'TX', '', 'Child Abuse/Trafficking', 'Meghan Wiggins and her husband Gary operated Joshua Home, an anti-gay conversion camp, in Alabama, Missouri, and Texas, moving on when closed by authorities for abusing and trafficking the children. In Alabama, eight boys escaped the camp and told authorities they were punished with forced labor, so', NULL, NULL, NULL, '2020-12-27');
INSERT INTO crime_types (person_id, crime_type) VALUES ('meghan-wiggins', 'trafficking');
INSERT INTO sources (person_id, url) VALUES ('meghan-wiggins', 'https://goppredators.wordpress.com/2022/12/07/433-meghan-wiggins/');
INSERT INTO sources (person_id, url) VALUES ('meghan-wiggins', 'https://www.insider.com/couple-who-ran-conversion-therapy-camp-indicted-for-human-trafficking-2019-8');
INSERT INTO sources (person_id, url) VALUES ('meghan-wiggins', 'https://fortworthbusiness.com/government/couple-who-ran-texas-boarding-home-indicted-for-trafficking/');
INSERT OR REPLACE INTO people (id, name, status, level, state, office, crime_description, summary, still_in_office, offense_year, conviction_year, event_date) VALUES ('gary-wiggins', 'Gary Wiggins', 'charged', 'adjacent', 'TX', '', 'Child Abuse/Trafficking', 'Gary Wiggins ran an anti-gay "conversion" camp with his wife Meghan. They were both indicted for trafficking the children sent to their camp.', NULL, NULL, NULL, '2018-06-05');
INSERT INTO crime_types (person_id, crime_type) VALUES ('gary-wiggins', 'trafficking');
INSERT INTO sources (person_id, url) VALUES ('gary-wiggins', 'https://goppredators.wordpress.com/2022/12/07/432-gary-wiggins/');
INSERT INTO sources (person_id, url) VALUES ('gary-wiggins', 'https://cbsaustin.com/news/local/owners-of-burnet-county-home-for-troubled-boys-arrested-accused-of-trafficking-children');
INSERT INTO sources (person_id, url) VALUES ('gary-wiggins', 'https://www.dallasnews.com/news/texas/2018/08/01/8-removed-from-texas-home-for-troubled-boys-as-authorities-investigate-claims-of-abuse/');
INSERT OR REPLACE INTO people (id, name, status, level, state, office, crime_description, summary, still_in_office, offense_year, conviction_year, event_date) VALUES ('monica-wehby', 'Monica Wehby', 'charged', 'adjacent', 'OR', '', 'Stalking/Harassment', 'Monica Wehby was an Oregon Republican candidate for U.S. Senate.', NULL, NULL, NULL, '2014-05-20');
INSERT INTO crime_types (person_id, crime_type) VALUES ('monica-wehby', 'harassment');
INSERT INTO crime_types (person_id, crime_type) VALUES ('monica-wehby', 'stalking');
INSERT INTO sources (person_id, url) VALUES ('monica-wehby', 'https://goppredators.wordpress.com/2022/12/07/431-monica-wehby/');
INSERT INTO sources (person_id, url) VALUES ('monica-wehby', 'https://www.politico.com/story/2014/05/ore-senate-hopeful-accused-of-stalking-boyfriend-106751');
INSERT INTO sources (person_id, url) VALUES ('monica-wehby', 'https://www.statesmanjournal.com/story/news/politics/2014/06/10/monica-wehby-harassment/10298365/');
INSERT INTO sources (person_id, url) VALUES ('monica-wehby', 'https://www.msnbc.com/msnbc/gop-hopeful-monica-wehby-accused-harrassment-stalking-msna331741');
INSERT OR REPLACE INTO people (id, name, status, level, state, office, crime_description, summary, still_in_office, offense_year, conviction_year, event_date) VALUES ('paxton-singer', 'Paxton Singer', 'convicted', 'adjacent', 'IL', 'Pastor', 'Sexual Exploitation of Minor', 'Paxton Singer was an anti-gay youth minister at Harvest Bible Chapel in Aurora, Illinois. He was convicted of disorderly conduct for sending text messages to a minor.', NULL, NULL, NULL, NULL);
INSERT INTO crime_types (person_id, crime_type) VALUES ('paxton-singer', 'other');
INSERT INTO sources (person_id, url) VALUES ('paxton-singer', 'https://goppredators.wordpress.com/2022/12/06/430-paxton-singer/');
INSERT INTO sources (person_id, url) VALUES ('paxton-singer', 'https://www.thefreelibrary.com/Ex-youth+minister+sentenced+to+one+year+of+supervision.-a0624343040');
INSERT INTO sources (person_id, url) VALUES ('paxton-singer', 'https://www.aazios.com/articles/anti-gay-pastor-charged-sexually-exploiting-least-3-teen-boys');
INSERT OR REPLACE INTO people (id, name, status, level, state, office, crime_description, summary, still_in_office, offense_year, conviction_year, event_date) VALUES ('steve-king', 'Steve King', 'alleged', 'federal', 'IA', 'U.S. Congressman', 'Rape Culture', 'Steve King was a Republican U.S. representative from Iowa from 2003 to 2019.', NULL, NULL, NULL, '2019-08-17');
INSERT INTO crime_types (person_id, crime_type) VALUES ('steve-king', 'rape');
INSERT INTO crime_types (person_id, crime_type) VALUES ('steve-king', 'harassment');
INSERT INTO sources (person_id, url) VALUES ('steve-king', 'https://goppredators.wordpress.com/2022/12/06/429-steve-king/');
INSERT INTO sources (person_id, url) VALUES ('steve-king', 'https://www.thedailybeast.com/rep-steve-king-humanity-wouldnt-exist-without-rape-incest');
INSERT INTO sources (person_id, url) VALUES ('steve-king', 'https://www.desmoinesregister.com/story/news/politics/2019/08/14/steve-king-abortion-rape-incest-westside-conservative-iowa-representative-birth-iowa-civilization/2007230001/');
INSERT OR REPLACE INTO people (id, name, status, level, state, office, crime_description, summary, still_in_office, offense_year, conviction_year, event_date) VALUES ('omar-navarro', 'Omar Navarro', 'convicted', 'adjacent', 'CA', '', 'Stalking, Intimidation', 'Omar Navarro has challenged California Representative Maxine Waters four times. He got 22% in 2022.', NULL, NULL, NULL, '2019-12-15');
INSERT INTO crime_types (person_id, crime_type) VALUES ('omar-navarro', 'stalking');
INSERT INTO sources (person_id, url) VALUES ('omar-navarro', 'https://goppredators.wordpress.com/2022/12/06/428-omar-navarro/');
INSERT INTO sources (person_id, url) VALUES ('omar-navarro', 'https://www.dailybreeze.com/2017/10/19/congressional-candidate-omar-navarro-on-probation-for-illegal-use-of-tracking-device/');
INSERT INTO sources (person_id, url) VALUES ('omar-navarro', 'https://www.thedailybeast.com/did-a-far-right-star-recruit-jacob-wohl-to-terrorize-women');
INSERT INTO sources (person_id, url) VALUES ('omar-navarro', 'https://www.dailybreeze.com/2017/10/19/congressional-candidate-omar-navarro-on-probation-for-illegal-use-of-tracking-device/?share=facebook&amp;nb=1');
INSERT OR REPLACE INTO people (id, name, status, level, state, office, crime_description, summary, still_in_office, offense_year, conviction_year, event_date) VALUES ('bill-post', 'Bill Post', 'alleged', 'state', 'OR', 'State Representative', 'Sexual Harassment', 'Bill Post was an Oregon state representative and a rightwing radio host who always rushed to the extreme right, anti-gay, anti-abortion, anti-immigrant, anti-gun control, anti-woman, and definitely opposed to making work safe for women. He tweeted a meme that mocked sexual assault victims and only d', NULL, NULL, NULL, '2018-10-15');
INSERT INTO crime_types (person_id, crime_type) VALUES ('bill-post', 'harassment');
INSERT INTO sources (person_id, url) VALUES ('bill-post', 'https://goppredators.wordpress.com/2022/12/06/427-bill-post/');
INSERT INTO sources (person_id, url) VALUES ('bill-post', 'https://www.portlandmercury.com/news/2018/10/08/23498934/oregon-gop-rep-bill-post-mocks-sexual-assault-victims-on-twitter');
INSERT INTO sources (person_id, url) VALUES ('bill-post', 'https://www.opb.org/news/article/oregon-capitol-sexual-harassment-hostile-workplace/');
INSERT OR REPLACE INTO people (id, name, status, level, state, office, crime_description, summary, still_in_office, offense_year, conviction_year, event_date) VALUES ('andrew-knarr', 'Andrew Knarr', 'alleged', 'state', 'CO', 'State Senator', 'Sexual Harassment', 'Andrew Knarr was an aide to Colorado Republican state senator Jim Smallwood until he was fired for mocking sexual harassment and making a homophobic slur. He posted a photo on social media complaining "and they aren''t even gonna show me the proper way to grab a woman''s ass.', NULL, NULL, NULL, NULL);
INSERT INTO crime_types (person_id, crime_type) VALUES ('andrew-knarr', 'harassment');
INSERT INTO sources (person_id, url) VALUES ('andrew-knarr', 'https://goppredators.wordpress.com/2022/12/06/426-andrew-knarr/');
INSERT INTO sources (person_id, url) VALUES ('andrew-knarr', 'https://www.denverpost.com/2018/03/22/jim-smallwood-aide-fired-sexual-harassment/');
INSERT INTO sources (person_id, url) VALUES ('andrew-knarr', 'https://patch.com/colorado/denver/f-n-gay-colorado-legislative-aide-fired-over-snapchat');
INSERT INTO sources (person_id, url) VALUES ('andrew-knarr', 'https://www.coloradopols.com/diary/105893/victim-blaming-broservative-hack-reporter-do-granthams-dirty-work');
INSERT OR REPLACE INTO people (id, name, status, level, state, office, crime_description, summary, still_in_office, offense_year, conviction_year, event_date) VALUES ('michael-henne', 'Michael Henne', 'alleged', 'adjacent', 'OH', '', 'Sexual Harassment', 'Michael Henne (OH): Sexual Harassment.', NULL, NULL, NULL, NULL);
INSERT INTO crime_types (person_id, crime_type) VALUES ('michael-henne', 'harassment');
INSERT INTO sources (person_id, url) VALUES ('michael-henne', 'https://goppredators.wordpress.com/2026/03/13/425-michael-henne/');
INSERT OR REPLACE INTO people (id, name, status, level, state, office, crime_description, summary, still_in_office, offense_year, conviction_year, event_date) VALUES ('mark-huffman', 'Mark Huffman', 'alleged', 'adjacent', 'OH', '', 'Sexual Harassment', 'Mark Huffman (OH): Sexual Harassment.', NULL, NULL, NULL, NULL);
INSERT INTO crime_types (person_id, crime_type) VALUES ('mark-huffman', 'harassment');
INSERT INTO sources (person_id, url) VALUES ('mark-huffman', 'https://goppredators.wordpress.com/2026/03/13/424-mark-huffman/');
INSERT OR REPLACE INTO people (id, name, status, level, state, office, crime_description, summary, still_in_office, offense_year, conviction_year, event_date) VALUES ('bill-seitz', 'Bill Seitz', 'alleged', 'state', 'OH', '', 'Sexual Harassment', 'Bill Seitz was accused of sexual harassment after a going-away party for a Republican staffer. In his comments, he disparaged women in the legislature and made light of sexual harassment.', NULL, NULL, NULL, '2018-02-02');
INSERT INTO crime_types (person_id, crime_type) VALUES ('bill-seitz', 'harassment');
INSERT INTO sources (person_id, url) VALUES ('bill-seitz', 'https://goppredators.wordpress.com/2022/12/05/423-bill-seitz/');
INSERT INTO sources (person_id, url) VALUES ('bill-seitz', 'https://www.wcbe.org/news/2018-06-16/ap-law-firm-that-once-employed-seitz-clears-him-of-sexual-harassment');
INSERT INTO sources (person_id, url) VALUES ('bill-seitz', 'https://www.cincinnati.com/story/news/politics/2018/02/01/female-democratic-lawmakers-want-rep-bill-seitz-resign-roast-comments/1085949001/');
INSERT INTO sources (person_id, url) VALUES ('bill-seitz', 'https://apnews.com/article/370dfe31841b4d50886eae82d864a38d');
INSERT OR REPLACE INTO people (id, name, status, level, state, office, crime_description, summary, still_in_office, offense_year, conviction_year, event_date) VALUES ('jim-stewart-iii', 'Jim Stewart III', 'alleged', 'state', 'KY', 'State Representative', 'Sexual Harassment', 'Jim Stewart III is a Kentucky state representative. In 2015, he was accused of sexual harassment.', NULL, NULL, NULL, '2022-02-07');
INSERT INTO crime_types (person_id, crime_type) VALUES ('jim-stewart-iii', 'harassment');
INSERT INTO sources (person_id, url) VALUES ('jim-stewart-iii', 'https://goppredators.wordpress.com/2022/12/04/422-jim-stewart-iii/');
INSERT INTO sources (person_id, url) VALUES ('jim-stewart-iii', 'https://www.courier-journal.com/story/news/politics/2018/03/16/memo-details-allegations-jim-stewart-iii-sexually-harassed-staffer-2015/431989002/');
INSERT INTO sources (person_id, url) VALUES ('jim-stewart-iii', 'https://www.thetimestribune.com/news/local_news/ky-court-rules-for-newspaper-to-get-harassment-records-against-former-rep-stewart/article_b9ea0ed5-01fd-5e1d-8726-3c13e311b17e.html');
INSERT OR REPLACE INTO people (id, name, status, level, state, office, crime_description, summary, still_in_office, offense_year, conviction_year, event_date) VALUES ('james-holtzclaw', 'James Holtzclaw', 'alleged', 'state', 'ID', 'Lobbyist', 'Sexual Harassment', 'James Holtzclaw is an Idaho Republican representative. In 2017, a complaint was filed revealing that at least two women objected to what he said to them.', NULL, NULL, NULL, '2017-12-13');
INSERT INTO crime_types (person_id, crime_type) VALUES ('james-holtzclaw', 'harassment');
INSERT INTO sources (person_id, url) VALUES ('james-holtzclaw', 'https://goppredators.wordpress.com/2022/12/04/421-james-holtzclaw/');
INSERT INTO sources (person_id, url) VALUES ('james-holtzclaw', 'https://www.kivitv.com/news/complaint-says-idaho-lawmaker-acted-inappropriately');
INSERT INTO sources (person_id, url) VALUES ('james-holtzclaw', 'https://www.ksl.com/article/46244747/idaho-statehouse-page-says-lawmakers-lobbyist-harassed-her');
INSERT OR REPLACE INTO people (id, name, status, level, state, office, crime_description, summary, still_in_office, offense_year, conviction_year, event_date) VALUES ('joel-anderson', 'Joel Anderson', 'alleged', 'state', 'CA', 'State Senator', 'Sexual Harassment', 'Joel Anderson is a San Diego County Supervisor and a former Republican state senator in California. He was reprimanded for threatening a woman who was a lobbyist in a bar.', NULL, NULL, NULL, '2018-09-27');
INSERT INTO crime_types (person_id, crime_type) VALUES ('joel-anderson', 'harassment');
INSERT INTO sources (person_id, url) VALUES ('joel-anderson', 'https://goppredators.wordpress.com/2022/12/03/420-joel-anderson/');
INSERT INTO sources (person_id, url) VALUES ('joel-anderson', 'https://www.nbcsandiego.com/local/sen-joel-anderson-reprimanded-for-threatening-lobbyist-in-sacramento-bar/154132/');
INSERT INTO sources (person_id, url) VALUES ('joel-anderson', 'https://www.latimes.com/politics/la-pol-ca-joel-anderson-complaint-20180821-story.html');
INSERT OR REPLACE INTO people (id, name, status, level, state, office, crime_description, summary, still_in_office, offense_year, conviction_year, event_date) VALUES ('barry-hovis', 'Barry Hovis', 'alleged', 'state', 'MO', 'Police Officer', 'Rape Culture', 'Barry Hovis is a Republican state representative in Missouri. He is anti-abortion and supported a ban on abortion after eight weeks.', NULL, NULL, NULL, '2019-05-18');
INSERT INTO crime_types (person_id, crime_type) VALUES ('barry-hovis', 'rape');
INSERT INTO crime_types (person_id, crime_type) VALUES ('barry-hovis', 'harassment');
INSERT INTO sources (person_id, url) VALUES ('barry-hovis', 'https://goppredators.wordpress.com/2022/12/03/419-barry-hovis/');
INSERT INTO sources (person_id, url) VALUES ('barry-hovis', 'https://www.washingtonpost.com/politics/2019/05/17/gop-lawmaker-used-phrase-consensual-rape-during-abortion-debate-he-says-he-misspoke/');
INSERT INTO sources (person_id, url) VALUES ('barry-hovis', 'https://www.kmbc.com/article/missouri-lawmakers-consensual-rape-remark-met-with-hisses-barry-hovis/27509959');
INSERT OR REPLACE INTO people (id, name, status, level, state, office, crime_description, summary, still_in_office, offense_year, conviction_year, event_date) VALUES ('dinesh-d-souza', 'Dinesh D’Souza', 'convicted', 'adjacent', 'NY', '', 'Domestic Violence', 'Dinesh D’Souza is a right-wing, Trump-loving political commentator. He pretends to be an historian but is more accurately described as a conspiracy theorist.', NULL, NULL, NULL, '2014-09-24');
INSERT INTO crime_types (person_id, crime_type) VALUES ('dinesh-d-souza', 'domestic-violence');
INSERT INTO sources (person_id, url) VALUES ('dinesh-d-souza', 'https://goppredators.wordpress.com/2022/12/03/418-dinesh-dsouza/');
INSERT INTO sources (person_id, url) VALUES ('dinesh-d-souza', 'https://en.wikipedia.org/wiki/Dinesh_D%27Souza');
INSERT INTO sources (person_id, url) VALUES ('dinesh-d-souza', 'https://www.thesmokinggun.com/sites/default/files/assets/dixiedsouzaletter.pdf');
INSERT INTO sources (person_id, url) VALUES ('dinesh-d-souza', 'https://lawandcrime.com/high-profile/that-time-dinesh-dsouzas-ex-wife-hoped-judge-would-throw-the-book-at-him/');
INSERT INTO sources (person_id, url) VALUES ('dinesh-d-souza', 'https://nymag.com/intelligencer/2014/09/dinesh-dsouza-avoids-prison-in-obamas-america.html');
INSERT OR REPLACE INTO people (id, name, status, level, state, office, crime_description, summary, still_in_office, offense_year, conviction_year, event_date) VALUES ('robert-foster', 'Robert Foster', 'alleged', 'state', 'MS', 'State Representative', 'Rape Culture', 'Robert Foster is a former state representative in Mississippi. He ran for governor but lost the Republican primary with less than 18% of the vote.', NULL, NULL, NULL, '2019-07-11');
INSERT INTO crime_types (person_id, crime_type) VALUES ('robert-foster', 'rape');
INSERT INTO crime_types (person_id, crime_type) VALUES ('robert-foster', 'harassment');
INSERT INTO sources (person_id, url) VALUES ('robert-foster', 'https://goppredators.wordpress.com/2022/12/03/417-robert-foster/');
INSERT INTO sources (person_id, url) VALUES ('robert-foster', 'https://www.theguardian.com/us-news/2019/jul/10/female-journalist-told-she-needs-male-chaperone-to-cover-politicians-campaign');
INSERT INTO sources (person_id, url) VALUES ('robert-foster', 'https://www.washingtonpost.com/politics/2019/07/10/governor-candidate-says-female-journalist-cant-shadow-him-unless-she-brings-man-along/');
INSERT INTO sources (person_id, url) VALUES ('robert-foster', 'https://mississippitoday.org/2019/07/09/robert-foster-gop-governor-candidate-denies-woman-reporter-access-because-of-her-gender/');
INSERT INTO sources (person_id, url) VALUES ('robert-foster', 'https://www.mississippifreepress.org/22283/ex-gop-gov-candidate-calls-for-firing-squad-for-trans-rights-supporters-political-foes');
INSERT OR REPLACE INTO people (id, name, status, level, state, office, crime_description, summary, still_in_office, offense_year, conviction_year, event_date) VALUES ('mitch-mcconnell', 'Mitch MCConnell', 'alleged', 'adjacent', 'KY', '', 'Rape Culture', 'Mitch McConnell is the Republican leader in the U.S. Senate.', NULL, NULL, NULL, '2019-08-07');
INSERT INTO crime_types (person_id, crime_type) VALUES ('mitch-mcconnell', 'rape');
INSERT INTO crime_types (person_id, crime_type) VALUES ('mitch-mcconnell', 'harassment');
INSERT INTO sources (person_id, url) VALUES ('mitch-mcconnell', 'https://goppredators.wordpress.com/2022/12/03/416-mitch-mcconnell/');
INSERT INTO sources (person_id, url) VALUES ('mitch-mcconnell', 'https://www.nydailynews.com/news/politics/ny-ocasio-cortez-mcconnell-cut-out-groping-20190806-ggehtijrhzbj5gj2cndv3b2cye-story.html');
INSERT INTO sources (person_id, url) VALUES ('mitch-mcconnell', 'https://www.washingtonpost.com/nation/2019/08/06/aoc-mcconnell-cardboard-cut-out-groping-choking/');
INSERT OR REPLACE INTO people (id, name, status, level, state, office, crime_description, summary, still_in_office, offense_year, conviction_year, event_date) VALUES ('john-fickas', 'John Fickas', 'convicted', 'adjacent', 'CA', 'Coach', 'Rape, Child Molestation', 'John Fickas was a Republican campaign consultant in California. He was also a volunteer high school track and field coach.', NULL, NULL, NULL, '2019-09-07');
INSERT INTO crime_types (person_id, crime_type) VALUES ('john-fickas', 'rape');
INSERT INTO crime_types (person_id, crime_type) VALUES ('john-fickas', 'child-molestation');
INSERT INTO sources (person_id, url) VALUES ('john-fickas', 'https://goppredators.wordpress.com/2022/12/02/415-john-fickas/');
INSERT INTO sources (person_id, url) VALUES ('john-fickas', 'https://voicesofmontereybay.org/2019/07/25/salinas-rape-case-spills-over-into-politics/');
INSERT INTO sources (person_id, url) VALUES ('john-fickas', 'https://www.montereyherald.com/2021/04/02/salinas-coach-political-adviser-john-fickas-sentenced-to-28-years-for-sexual-assault/');
INSERT INTO sources (person_id, url) VALUES ('john-fickas', 'https://www.montereyherald.com/2021/04/02/salinas-coach-political-adviser-john-fickas-sentenced-to-28-years-for-sexual-assault/?share=facebook&amp;nb=1');
INSERT OR REPLACE INTO people (id, name, status, level, state, office, crime_description, summary, still_in_office, offense_year, conviction_year, event_date) VALUES ('john-jones', 'John Jones', 'charged', 'adjacent', 'TX', 'Judge', 'Rape', 'John Jones was the chief of intelligence and counter-terrorism for the Texas Dept. of Public Safety.', NULL, NULL, NULL, '2019-08-01');
INSERT INTO crime_types (person_id, crime_type) VALUES ('john-jones', 'rape');
INSERT INTO sources (person_id, url) VALUES ('john-jones', 'https://goppredators.wordpress.com/2022/12/02/414-john-jones/');
INSERT INTO sources (person_id, url) VALUES ('john-jones', 'https://cbsaustin.com/news/local/texas-dps-chief-of-intelligence-and-counterterrorism-fired-accused-of-sexual-assault');
INSERT INTO sources (person_id, url) VALUES ('john-jones', 'https://www.statesman.com/story/news/2021/03/04/former-dps-intel-chief-john-jones-charged-possessing-child-porn/6896755002/');
INSERT INTO sources (person_id, url) VALUES ('john-jones', 'https://www.kvue.com/article/news/crime/charges-dropped-former-dps-counterterrorism-chief/269-af3be966-ee64-41f6-815b-a1192d8fec2d');
INSERT OR REPLACE INTO people (id, name, status, level, state, office, crime_description, summary, still_in_office, offense_year, conviction_year, event_date) VALUES ('steven-seagal', 'Steven Seagal', 'alleged', 'adjacent', 'RU', '', 'Rape, Sexual Harassment', 'Steven Seagal is a martial arts instructor who became an actor in action films that featured martial arts in fight choreography. He had some early success in feature films but soon began starring in direct-to-video movies.', NULL, NULL, NULL, '2018-12-22');
INSERT INTO crime_types (person_id, crime_type) VALUES ('steven-seagal', 'rape');
INSERT INTO crime_types (person_id, crime_type) VALUES ('steven-seagal', 'harassment');
INSERT INTO sources (person_id, url) VALUES ('steven-seagal', 'https://goppredators.wordpress.com/2022/12/02/413-steven-seagal/');
INSERT INTO sources (person_id, url) VALUES ('steven-seagal', 'https://www.vulture.com/2019/02/steven-seagals-delusional-novel-and-trumps-america.html');
INSERT INTO sources (person_id, url) VALUES ('steven-seagal', 'https://www.theguardian.com/us-news/2018/jan/26/woman-accuses-film-star-steven-seagal-of-in-1993');
INSERT INTO sources (person_id, url) VALUES ('steven-seagal', 'https://www.washingtonpost.com/news/arts-and-entertainment/wp/2018/03/20/steven-seagal-accused-of-raping-an-18-year-old-adding-to-decades-of-claims-against-the-actor/');
INSERT INTO sources (person_id, url) VALUES ('steven-seagal', 'https://www.cbc.ca/radio/q/friday-may-28-2021-julianna-margulies-swizz-beatz-and-more-1.6041145/he-was-a-predator-julianna-margulies-on-her-troubling-encounter-with-steven-seagal-1.6043288');
INSERT OR REPLACE INTO people (id, name, status, level, state, office, crime_description, summary, still_in_office, offense_year, conviction_year, event_date) VALUES ('david-ralston', 'David Ralston', 'charged', 'state', 'GA', '', 'Enabling', 'David Ralston was the Speaker of the Georgia House until his death in November, 2022. During that time, he continued his practice as a lawyer.', NULL, NULL, NULL, '2019-02-24');
INSERT INTO crime_types (person_id, crime_type) VALUES ('david-ralston', 'enablement');
INSERT INTO sources (person_id, url) VALUES ('david-ralston', 'https://goppredators.wordpress.com/2022/12/02/412-david-ralston/');
INSERT INTO sources (person_id, url) VALUES ('david-ralston', 'https://www.onlineathens.com/story/news/crime/2019/07/19/ralston-client-gets-probation-in-delayed-sex-assault-case/4658041007/');
INSERT INTO sources (person_id, url) VALUES ('david-ralston', 'https://www.ajc.com/news/state--regional-govt--politics/justice-delayed/nJmIsk5XIHQ8LePmBRLPQI/');
INSERT OR REPLACE INTO people (id, name, status, level, state, office, crime_description, summary, still_in_office, offense_year, conviction_year, event_date) VALUES ('jason-brothers', 'Jason Brothers', 'convicted', 'adjacent', 'GA', 'Pastor', 'Child Molestation', 'Jason Brothers was a traveling Evangelist preacher who raped a child in 2012 but did not face justice until 2019 when he pleaded guilty to a lesser charge and avoided all jail time. His lawyer, David Ralston (412) used his position as a member of the Georgia House of Representatives to delay the tri', NULL, NULL, NULL, '2019-07-19');
INSERT INTO crime_types (person_id, crime_type) VALUES ('jason-brothers', 'child-molestation');
INSERT INTO sources (person_id, url) VALUES ('jason-brothers', 'https://goppredators.wordpress.com/2022/12/01/411-jason-brothers/');
INSERT INTO sources (person_id, url) VALUES ('jason-brothers', 'https://www.pressreader.com/usa/dayton-daily-news/20190810/281767040854638');
INSERT INTO sources (person_id, url) VALUES ('jason-brothers', 'https://people.com/crime/georgia-pastor-avoids-jail-sexually-abused-teen/');
INSERT OR REPLACE INTO people (id, name, status, level, state, office, crime_description, summary, still_in_office, offense_year, conviction_year, event_date) VALUES ('bernadette-comfort', 'Bernadette Comfort', 'alleged', 'party-official', 'PA', '', 'Organizational Cover-up', 'Bernadette Comfort is the vice-chair of the Pennsylvania Republican Party. She was also implicated in an effort to cover up the sexual harassment allegations that featured Valentino DiGiorgio III .', NULL, NULL, NULL, '2019-07-12');
INSERT INTO crime_types (person_id, crime_type) VALUES ('bernadette-comfort', 'enablement');
INSERT INTO crime_types (person_id, crime_type) VALUES ('bernadette-comfort', 'organizational-coverup');
INSERT INTO sources (person_id, url) VALUES ('bernadette-comfort', 'https://goppredators.wordpress.com/2022/12/01/410-bernadette-comfort/');
INSERT INTO sources (person_id, url) VALUES ('bernadette-comfort', 'https://www.usnews.com/news/best-states/pennsylvania/articles/2019-07-11/sexual-harassment-allegations-shadow-race-for-gop-chair');
INSERT OR REPLACE INTO people (id, name, status, level, state, office, crime_description, summary, still_in_office, offense_year, conviction_year, event_date) VALUES ('corey-lewandowski', 'Corey Lewandowski', 'charged', 'party-official', 'NH', 'Campaign Official', 'Sexual Assault', 'Corey Lewandowski was one of Donald Trump''s 2016 campaign managers. Though he was fired, He continued to be part of the Trump world until 2021 after he was alleged to assault a Trump donor.', NULL, NULL, NULL, '2016-03-30');
INSERT INTO crime_types (person_id, crime_type) VALUES ('corey-lewandowski', 'assault');
INSERT INTO sources (person_id, url) VALUES ('corey-lewandowski', 'https://goppredators.wordpress.com/2022/12/01/409-corey-lewandowski/');
INSERT INTO sources (person_id, url) VALUES ('corey-lewandowski', 'https://www.cnn.com/2017/12/26/politics/joy-villa-corey-lewandowski-police-report');
INSERT INTO sources (person_id, url) VALUES ('corey-lewandowski', 'https://www.theguardian.com/us-news/2017/dec/27/ex-trump-campaign-manager-corey-lewandowski-accused-of-sexual-assault');
INSERT INTO sources (person_id, url) VALUES ('corey-lewandowski', 'https://www.politico.com/news/2022/09/28/lewandowski-cuts-deal-sexual-charges-00059269');
INSERT OR REPLACE INTO people (id, name, status, level, state, office, crime_description, summary, still_in_office, offense_year, conviction_year, event_date) VALUES ('jefferey-short', 'Jefferey Short', 'charged', 'adjacent', 'OK', 'City Councilmember', 'Child Molestation', 'Jefferey Short was an Asher, Oklahoma, city councilman and a former ICE agent. He was indicted for the rape of two minor children.', NULL, NULL, NULL, NULL);
INSERT INTO crime_types (person_id, crime_type) VALUES ('jefferey-short', 'child-molestation');
INSERT INTO sources (person_id, url) VALUES ('jefferey-short', 'https://goppredators.wordpress.com/2022/12/01/408-jeffrey-short/');
INSERT INTO sources (person_id, url) VALUES ('jefferey-short', 'https://kfor.com/news/asher-city-councilman-former-ice-agent-accused-of-preying-on-teenage-girls/');
INSERT OR REPLACE INTO people (id, name, status, level, state, office, crime_description, summary, still_in_office, offense_year, conviction_year, event_date) VALUES ('greg-abbott', 'Greg Abbott', 'charged', 'federal', 'TX', '', 'Rape Culture', 'Greg Abbott is the Republican governor of Texas who just won re-election in 2022. He contributed to rape culture by vetoing a bill to protect children from being prosecuted when they are the victims of sex traffickers.', NULL, NULL, NULL, NULL);
INSERT INTO crime_types (person_id, crime_type) VALUES ('greg-abbott', 'rape');
INSERT INTO crime_types (person_id, crime_type) VALUES ('greg-abbott', 'harassment');
INSERT INTO sources (person_id, url) VALUES ('greg-abbott', 'https://goppredators.wordpress.com/2022/12/01/407-greg-abbott/');
INSERT INTO sources (person_id, url) VALUES ('greg-abbott', 'https://www.texastribune.org/2019/06/21/abbott-vetos-child-prostitution-bill/');
INSERT INTO sources (person_id, url) VALUES ('greg-abbott', 'https://lonestarproject.net/2021/09/14/abbotts-assault-on-texas-women-kids/');
INSERT INTO sources (person_id, url) VALUES ('greg-abbott', 'https://www.texastribune.org/2022/03/10/texas-shelter-sex-trafficking-children/');
INSERT OR REPLACE INTO people (id, name, status, level, state, office, crime_description, summary, still_in_office, offense_year, conviction_year, event_date) VALUES ('amanda-chase', 'Amanda Chase', 'alleged', 'state', 'VA', 'State Senator', 'Rape Culture', 'Amanda Chase is a Republican state senator in Virginia. She''s well-known for a few outrageous things she has said.', NULL, NULL, NULL, '2019-10-16');
INSERT INTO crime_types (person_id, crime_type) VALUES ('amanda-chase', 'rape');
INSERT INTO crime_types (person_id, crime_type) VALUES ('amanda-chase', 'harassment');
INSERT INTO sources (person_id, url) VALUES ('amanda-chase', 'https://goppredators.wordpress.com/2022/12/01/406-amanda-chase/');
INSERT INTO sources (person_id, url) VALUES ('amanda-chase', 'https://www.nbc12.com/2019/07/05/virginia-senator-faces-criticism-after-online-controversial-rape-comment/');
INSERT INTO sources (person_id, url) VALUES ('amanda-chase', 'https://vadogwood.com/2020/02/24/sen-amanda-chase-has-said-some-really-wild-things-now-she-wants-to-be-governor/');
INSERT INTO sources (person_id, url) VALUES ('amanda-chase', 'https://www.chesterfieldobserver.com/articles/chase-takes-heat-for-rape-comment/');
INSERT OR REPLACE INTO people (id, name, status, level, state, office, crime_description, summary, still_in_office, offense_year, conviction_year, event_date) VALUES ('harry-thomas', 'Harry Thomas', 'convicted', 'adjacent', 'NJ', 'Pastor', 'Child Molestation', 'Harry Thomas was a conservative New Jersey pastor. He founded the Creation Festival, a Christian musical festival and Come Alive, a missionary organization.', NULL, NULL, NULL, '2018-07-29');
INSERT INTO crime_types (person_id, crime_type) VALUES ('harry-thomas', 'child-molestation');
INSERT INTO sources (person_id, url) VALUES ('harry-thomas', 'https://goppredators.wordpress.com/2022/12/01/405-harry-thomas/');
INSERT INTO sources (person_id, url) VALUES ('harry-thomas', 'https://www.courierpostonline.com/story/news/crime/2018/02/16/medford-pastor-harry-thomas-sexual-assault/345834002/');
INSERT INTO sources (person_id, url) VALUES ('harry-thomas', 'https://www.christianitytoday.com/news/2022/june/obit-harry-thomas-dead-creation-festival-child-sexual-abuse.html');
INSERT OR REPLACE INTO people (id, name, status, level, state, office, crime_description, summary, still_in_office, offense_year, conviction_year, event_date) VALUES ('john-martin', 'John Martin', 'convicted', 'adjacent', 'AL', 'Pastor', 'Child Molestation', 'John Martin was the head pastor of Lighthouse Baptist Church, a conservative anti-gay church. He confessed an "affair" to his wife, which is an odd way of describing child molestation.', NULL, NULL, NULL, '2019-07-03');
INSERT INTO crime_types (person_id, crime_type) VALUES ('john-martin', 'child-molestation');
INSERT INTO sources (person_id, url) VALUES ('john-martin', 'https://goppredators.wordpress.com/2022/12/01/404-john-martin/');
INSERT INTO sources (person_id, url) VALUES ('john-martin', 'https://www.nydailynews.com/news/crime/ny-alabama-anti-gay-pastor-sexually-abusing-boys-john-martin-20190703-iz2kejvf3fcszpnfhnsewt7rsa-story.html');
INSERT INTO sources (person_id, url) VALUES ('john-martin', 'https://www.wtvy.com/2022/04/18/former-florence-pastor-pleads-guilty-sexual-abuse/');
INSERT OR REPLACE INTO people (id, name, status, level, state, office, crime_description, summary, still_in_office, offense_year, conviction_year, event_date) VALUES ('marcia-silva', 'Marcia Silva', 'alleged', 'adjacent', 'NJ', 'Judge', 'Pro-Rape Judge', 'Marcia Silva was a Republican and a family court judge who refused to allow a teen rapist be tried as an adult because she believed the twelve-year-old victim wasn''t seriously harmed other than losing her virginity, which the judge decided wasn''t particularly serious even though the girl was left bl', NULL, NULL, NULL, '2019-07-09');
INSERT INTO crime_types (person_id, crime_type) VALUES ('marcia-silva', 'rape');
INSERT INTO sources (person_id, url) VALUES ('marcia-silva', 'https://goppredators.wordpress.com/2022/12/01/403-marcia-silva/');
INSERT INTO sources (person_id, url) VALUES ('marcia-silva', 'https://newjersey.news12.com/judge-faces-backlash-for-saying-12yearold-rape-victim-didnt-suffer-40756242');
INSERT INTO sources (person_id, url) VALUES ('marcia-silva', 'https://nj1015.com/nj-judge-is-scolded-but-wont-be-punished-for-downplaying-girls-rape/');
INSERT OR REPLACE INTO people (id, name, status, level, state, office, crime_description, summary, still_in_office, offense_year, conviction_year, event_date) VALUES ('james-troiano', 'James Troiano', 'charged', 'adjacent', 'NJ', 'Judge', 'Pro-Rape Judge', 'James Troiano, a Republican New Jersey family court judge, refused to allow a predatory sixteen-year-old rapist to be tried as an adult because he came from "a good family" and was accepted into a good school. Trying minors as adults is questionable practice, but the totality of this case is extraor', NULL, NULL, NULL, '2019-07-12');
INSERT INTO crime_types (person_id, crime_type) VALUES ('james-troiano', 'rape');
INSERT INTO sources (person_id, url) VALUES ('james-troiano', 'https://goppredators.wordpress.com/2022/12/01/402-james-troiano/');
INSERT INTO sources (person_id, url) VALUES ('james-troiano', 'https://www.cnn.com/2019/07/03/us/new-jersey-rape-minor-teen-judge-case-trnd/index.html');
INSERT INTO sources (person_id, url) VALUES ('james-troiano', 'https://www.washingtonpost.com/nation/2019/07/18/judges-rape-sexual-assault-new-jersey-resign-removed/');
INSERT INTO sources (person_id, url) VALUES ('james-troiano', 'https://law.justia.com/cases/new-jersey/appellate-division-unpublished/2019/a0223-18.html');
INSERT OR REPLACE INTO people (id, name, status, level, state, office, crime_description, summary, still_in_office, offense_year, conviction_year, event_date) VALUES ('todd-poole', 'Todd Poole', 'charged', 'adjacent', 'NC', '', 'Domestic Violence', 'Todd Poole was the Executive Director of the North Carolina Republican Party and later went to work for several Republican officials. In 2019, he was working for U.', NULL, NULL, NULL, '2019-06-04');
INSERT INTO crime_types (person_id, crime_type) VALUES ('todd-poole', 'domestic-violence');
INSERT INTO sources (person_id, url) VALUES ('todd-poole', 'https://goppredators.wordpress.com/2022/11/21/401-todd-poole/');
INSERT INTO sources (person_id, url) VALUES ('todd-poole', 'https://journalnow.com/news/local/davie-county-man-a-prominent-gop-figure-loses-budd-job/article_00c86bc2-9ede-5e66-b0f8-92cbf1e89a60.html');
INSERT INTO sources (person_id, url) VALUES ('todd-poole', 'https://www.newsobserver.com/news/politics-government/article230957388.html');
INSERT OR REPLACE INTO people (id, name, status, level, state, office, crime_description, summary, still_in_office, offense_year, conviction_year, event_date) VALUES ('valentino-digiorgio-iii', 'Valentino DiGiorgio III', 'charged', 'local', 'PA', 'City Councilmember', 'Sexual Harassment', 'Valentino DiGiorgio III was chair of the Pennsylvania Republican Party but was forced to resign after he sent unwelcome sexual texts to a woman who was running for Philadelphia City Council. They connected over Facebook and then began texting each other, some of the texts were flirtatious, but then', NULL, NULL, NULL, '2019-06-26');
INSERT INTO crime_types (person_id, crime_type) VALUES ('valentino-digiorgio-iii', 'harassment');
INSERT INTO sources (person_id, url) VALUES ('valentino-digiorgio-iii', 'https://goppredators.wordpress.com/2022/11/21/400-valentino-digiorgio-iii/');
INSERT INTO sources (person_id, url) VALUES ('valentino-digiorgio-iii', 'https://www.inquirer.com/news/pennsylvania-republican-party-valentino-val-digiorgio-president-donald-trump-irina-goldstein-online-messages-20190625.html#loaded');
INSERT INTO sources (person_id, url) VALUES ('valentino-digiorgio-iii', 'https://www.foxnews.com/politics/pennsylvania-gop-chair-resigns-amid-sexting-scandal-with-former-philadelphia-city-council-candidate');
INSERT INTO sources (person_id, url) VALUES ('valentino-digiorgio-iii', 'https://www.politicspa.com/digiorgio-resigns-after-inquirer-bombshell-about-racy-texts-photo/91567/');
INSERT OR REPLACE INTO people (id, name, status, level, state, office, crime_description, summary, still_in_office, offense_year, conviction_year, event_date) VALUES ('stephen-bratton', 'Stephen Bratton', 'convicted', 'adjacent', 'TX', 'Pastor', 'Child Molestation', 'Stephen Bratton was a Southern Baptist pastor in Texas. He supported a bill that would charge women who had an abortion with murder.', NULL, NULL, NULL, '2019-06-17');
INSERT INTO crime_types (person_id, crime_type) VALUES ('stephen-bratton', 'child-molestation');
INSERT INTO sources (person_id, url) VALUES ('stephen-bratton', 'https://goppredators.wordpress.com/2022/11/20/399-stephen-bratton/');
INSERT INTO sources (person_id, url) VALUES ('stephen-bratton', 'https://www.houstonchronicle.com/news/houston-texas/crime/article/Former-pastor-of-Cypress-station-church-sentenced-16377614.php#:~:text=A%20former%20pastor%20of%20a,child%20under%2014%20in%20February.');
INSERT INTO sources (person_id, url) VALUES ('stephen-bratton', 'https://julieroys.com/houston-pastor-stephen-bratton-imprisoned/');
INSERT OR REPLACE INTO people (id, name, status, level, state, office, crime_description, summary, still_in_office, offense_year, conviction_year, event_date) VALUES ('douglas-perlitz', 'Douglas Perlitz', 'convicted', 'adjacent', 'CT', '', 'Child Molestation', 'Douglas Perlitz founded a school in Haiti with support and funding of Fairfield University in Connecticut, the Order of Malta, the Society of Jesus in New England, and Haiti Fund, Inc. During the years he ran that school, he groomed and abused the children.', NULL, NULL, NULL, '2009-10-29');
INSERT INTO crime_types (person_id, crime_type) VALUES ('douglas-perlitz', 'child-molestation');
INSERT INTO sources (person_id, url) VALUES ('douglas-perlitz', 'https://goppredators.wordpress.com/2022/11/20/398-douglas-perlitz/');
INSERT INTO sources (person_id, url) VALUES ('douglas-perlitz', 'http://www.cnn.com/2009/CRIME/09/17/us.haiti.sex.abuse.charge/');
INSERT INTO sources (person_id, url) VALUES ('douglas-perlitz', 'https://apnews.com/article/03a0f20918d94f2b936cc0ca7acb4413');
INSERT INTO sources (person_id, url) VALUES ('douglas-perlitz', 'https://www.westword.com/news/douglas-perlitz-guilty-plea-by-founder-of-haiti-boys-school-whose-students-he-sexually-abused-5857263');
INSERT INTO sources (person_id, url) VALUES ('douglas-perlitz', 'https://www.simmonsfirm.com/news/item/douglas-perlitz-pedophile-class-action-settlement/');
INSERT OR REPLACE INTO people (id, name, status, level, state, office, crime_description, summary, still_in_office, offense_year, conviction_year, event_date) VALUES ('shawn-brooks', 'Shawn Brooks', 'alleged', 'adjacent', 'NY', '', 'Domestic Violence', 'Shawn Brooks is a Trump super-fan, sports blogger, and keyboard misogynist. He runs several political and sports blogs.', NULL, NULL, NULL, NULL);
INSERT INTO crime_types (person_id, crime_type) VALUES ('shawn-brooks', 'domestic-violence');
INSERT INTO sources (person_id, url) VALUES ('shawn-brooks', 'https://goppredators.wordpress.com/2022/11/20/396-shawn-brooks/');
INSERT INTO sources (person_id, url) VALUES ('shawn-brooks', 'https://www.thedailybeast.com/we-found-shawn-brooks-the-guy-behind-the-viral-drunk-pelosi-video?ref=home');
INSERT INTO sources (person_id, url) VALUES ('shawn-brooks', 'https://nymag.com/intelligencer/2019/06/a-facebook-source-leaked-shawn-brookss-name-whats-next.html');
INSERT INTO sources (person_id, url) VALUES ('shawn-brooks', 'https://www.cjr.org/analysis/daily-beast-drunk-pelosi.php');
INSERT OR REPLACE INTO people (id, name, status, level, state, office, crime_description, summary, still_in_office, offense_year, conviction_year, event_date) VALUES ('thomas-tobin', 'Thomas Tobin', 'alleged', 'adjacent', 'PA', '', 'Organizational Cover-up', 'Thomas Tobin was auxiliary bishop in Pittsburgh when he learned of sexual abuse happening within his diocese. He did nothing because, he said, his work was administrative, and so it was not his responsibility.', NULL, NULL, NULL, '2013-12-13');
INSERT INTO crime_types (person_id, crime_type) VALUES ('thomas-tobin', 'enablement');
INSERT INTO crime_types (person_id, crime_type) VALUES ('thomas-tobin', 'organizational-coverup');
INSERT INTO sources (person_id, url) VALUES ('thomas-tobin', 'https://goppredators.wordpress.com/2022/11/20/395-thomas-tobin/');
INSERT INTO sources (person_id, url) VALUES ('thomas-tobin', 'https://www.providencejournal.com/story/news/2018/08/22/providence-bishop-thomas-j-tobin-says-abuse-was-outside-his-responsibility/10979433007/');
INSERT INTO sources (person_id, url) VALUES ('thomas-tobin', 'https://www.snapnetwork.org/new_case_exposes_cover_up_by_bishop_tobin_statement_by_snap_and_bishopaccountability');
INSERT INTO sources (person_id, url) VALUES ('thomas-tobin', 'https://www.churchmilitant.com/news/article/bp.-thomas-tobin-claims-he-wasnt-involved-in-cover-up');
INSERT OR REPLACE INTO people (id, name, status, level, state, office, crime_description, summary, still_in_office, offense_year, conviction_year, event_date) VALUES ('anthony-kern', 'Anthony Kern', 'alleged', 'party-official', 'AZ', '', 'Enabling, Rape Culture', 'Anthony Kern was the Republican chair of the Arizona House Rules Committee that was deciding what to do with legislation that would affect abuse survivors'' ability to sue their abusers. There were three bills floating around addressing legal issues about child sex abuse such as changing the statute', NULL, NULL, NULL, '2019-05-21');
INSERT INTO crime_types (person_id, crime_type) VALUES ('anthony-kern', 'rape');
INSERT INTO crime_types (person_id, crime_type) VALUES ('anthony-kern', 'enablement');
INSERT INTO crime_types (person_id, crime_type) VALUES ('anthony-kern', 'harassment');
INSERT INTO sources (person_id, url) VALUES ('anthony-kern', 'https://goppredators.wordpress.com/2022/11/18/394-anthony-kern/');
INSERT INTO sources (person_id, url) VALUES ('anthony-kern', 'https://www.phoenixnewtimes.com/news/republicans-block-survivor-testimony-on-arizona-child-sex-abuse-bill-11298548');
INSERT INTO sources (person_id, url) VALUES ('anthony-kern', 'https://www.azmirror.com/2019/05/20/critics-call-gop-sexual-abuse-bill-a-sham-that-protects-institutions-not-victims/');
INSERT OR REPLACE INTO people (id, name, status, level, state, office, crime_description, summary, still_in_office, offense_year, conviction_year, event_date) VALUES ('eric-bodenweiser', 'Eric Bodenweiser', 'convicted', 'state', 'DE', '', 'Child Sex Abuse', 'Eric Bodenweiser was the Republican nominee to a Delaware State Senate seat in 2012. A few weeks before the election he was charged with several counts of felony sex abuse of a minor under sixteen.', NULL, NULL, NULL, '2012-10-13');
INSERT INTO crime_types (person_id, crime_type) VALUES ('eric-bodenweiser', 'assault');
INSERT INTO sources (person_id, url) VALUES ('eric-bodenweiser', 'https://goppredators.wordpress.com/2022/11/18/393-eric-bodenweiser/');
INSERT INTO sources (person_id, url) VALUES ('eric-bodenweiser', 'https://www.delawareonline.com/story/news/crime/2015/03/18/bodenweiser-pleads-contest-lesser-sex-crimes/24951229/');
INSERT INTO sources (person_id, url) VALUES ('eric-bodenweiser', 'https://www.wrde.com/bodenweiser-gets-sentenced-for-rape-charges/article_a9e1ce5c-40c9-586b-b67f-96326776605d.html');
INSERT INTO sources (person_id, url) VALUES ('eric-bodenweiser', 'https://www.capegazette.com/article/bodenweiser%E2%80%99s-accuser-takes-stand/66610');
INSERT INTO sources (person_id, url) VALUES ('eric-bodenweiser', 'https://www.capegazette.com/article/bodenweisers-accuser-steps-down/66961');
INSERT OR REPLACE INTO people (id, name, status, level, state, office, crime_description, summary, still_in_office, offense_year, conviction_year, event_date) VALUES ('david-narramore', 'David Narramore', 'charged', 'adjacent', 'KY', '', 'Indecent Exposure', 'David Narramore was a member of the Kentucky Republican Party''s State Central Committee. He was also chair of the Letcher County Republican Party.', NULL, NULL, NULL, '2017-07-20');
INSERT INTO crime_types (person_id, crime_type) VALUES ('david-narramore', 'indecent-exposure');
INSERT INTO sources (person_id, url) VALUES ('david-narramore', 'https://goppredators.wordpress.com/2022/11/18/392-david-narramore/');
INSERT INTO sources (person_id, url) VALUES ('david-narramore', 'http://www.mapinc.org/drugnews/v04/n803/a01.html');
INSERT INTO sources (person_id, url) VALUES ('david-narramore', 'https://www.courier-journal.com/story/news/crime/2017/07/19/ky-gop-official-accused-indecent-exposure-tennessee-department-store/491185001/');
INSERT INTO sources (person_id, url) VALUES ('david-narramore', 'https://www.wymt.com/content/news/Police-Whitesburg-dentist-tazed-after-exposing-himself-in-Belk-435172513.html');
INSERT INTO sources (person_id, url) VALUES ('david-narramore', 'https://www.themountaineagle.com/articles/attorney-says-report-factually-inaccurate/');
INSERT OR REPLACE INTO people (id, name, status, level, state, office, crime_description, summary, still_in_office, offense_year, conviction_year, event_date) VALUES ('jonathan-parker', 'Jonathan Parker', 'convicted', 'party-official', 'ID', '', 'Stalking, Public Indecency', 'Jonathan Parker was the Idaho Republican Party chairman. In 2019, he was arrested for hiding in the bushes, in a woman''s wig, looking in the windows at his ex-wife''s apartment building while masturbating.', NULL, NULL, NULL, '2019-07-13');
INSERT INTO crime_types (person_id, crime_type) VALUES ('jonathan-parker', 'indecent-exposure');
INSERT INTO crime_types (person_id, crime_type) VALUES ('jonathan-parker', 'stalking');
INSERT INTO sources (person_id, url) VALUES ('jonathan-parker', 'https://goppredators.wordpress.com/2022/11/18/391-jonathan-parker/');
INSERT INTO sources (person_id, url) VALUES ('jonathan-parker', 'https://lmtribune.com/opinion/statesman-editorial-parker-does-two-weeks-for-a-lifetime-s-worth-of-harm/article_04caa371-c0d7-5285-8318-a4c4067dd2d2.html');
INSERT INTO sources (person_id, url) VALUES ('jonathan-parker', 'https://www.ktvb.com/article/news/crime/jonathan-parker-former-idaho-republican-party-chairman-stalking-plea/277-83f78dbe-aa75-438f-9644-97cab6c934ed');
INSERT INTO sources (person_id, url) VALUES ('jonathan-parker', 'https://allthatsinteresting.com/jonathan-parker-stalking-charges');
INSERT INTO sources (person_id, url) VALUES ('jonathan-parker', 'https://www.idahostatesman.com/news/local/crime/article253611003.html');
INSERT INTO sources (person_id, url) VALUES ('jonathan-parker', 'https://www.idahopress.com/news/local/former-idaho-gop-chairman-arrested-for-meth-use/article_06570610-f1ea-5852-a5a3-db18f7928ed5.html');
INSERT OR REPLACE INTO people (id, name, status, level, state, office, crime_description, summary, still_in_office, offense_year, conviction_year, event_date) VALUES ('doug-mcleod', 'Doug McLeod', 'charged', 'state', 'MS', '', 'Domestic Violence', 'Doug McLeod was arrested in 2017 for hitting his wife in the face. She claimed it was because she didn''t undress quickly enough when he wanted sex.', NULL, NULL, NULL, '2020-02-22');
INSERT INTO crime_types (person_id, crime_type) VALUES ('doug-mcleod', 'domestic-violence');
INSERT INTO sources (person_id, url) VALUES ('doug-mcleod', 'https://goppredators.wordpress.com/2022/11/17/390-doug-mcleod/');
INSERT INTO sources (person_id, url) VALUES ('doug-mcleod', 'https://www.usatoday.com/story/news/nation/2019/05/21/mcleod-lawmaker-resign-speaker-gunn-assault-wife-domestic-violence/3760945002/');
INSERT OR REPLACE INTO people (id, name, status, level, state, office, crime_description, summary, still_in_office, offense_year, conviction_year, event_date) VALUES ('steve-sword', 'Steve Sword', 'convicted', 'state', 'TN', 'Pastor', 'Rape Culture/Pro-Rape Judge', 'Steve Sword is a Tennessee Criminal Court judge appointed by Governor Bill Haslem, a Republican. Since his appointment, he was re-elected in 2012 and 2014 and he was unopposed in 2022.', NULL, NULL, NULL, '2019-05-19');
INSERT INTO crime_types (person_id, crime_type) VALUES ('steve-sword', 'rape');
INSERT INTO crime_types (person_id, crime_type) VALUES ('steve-sword', 'harassment');
INSERT INTO sources (person_id, url) VALUES ('steve-sword', 'https://goppredators.wordpress.com/2022/11/17/389-steve-sword/');
INSERT INTO sources (person_id, url) VALUES ('steve-sword', 'https://www.knoxnews.com/story/news/crime/2019/05/09/former-pastor-nets-12-year-prison-term-rape-adopted-daughter-david-lynn-richards/1143006001/');
INSERT INTO sources (person_id, url) VALUES ('steve-sword', 'https://www.columbiadailyherald.com/story/news/2019/05/21/judge-faces-backlash-over-sentencing/5097562007/');
INSERT OR REPLACE INTO people (id, name, status, level, state, office, crime_description, summary, still_in_office, offense_year, conviction_year, event_date) VALUES ('travis-allen', 'Travis Allen', 'alleged', 'state', 'CA', '', 'Sexual Harassment', 'Travis Allen represented Orange County for three terms in the California Assembly before unsuccessfully campaigning for governor. He came in fourth in a top-two primary packed with 32 candidates from all parties.', NULL, NULL, NULL, '2018-02-03');
INSERT INTO crime_types (person_id, crime_type) VALUES ('travis-allen', 'harassment');
INSERT INTO sources (person_id, url) VALUES ('travis-allen', 'https://goppredators.wordpress.com/2022/11/17/388-travis-allen/');
INSERT INTO sources (person_id, url) VALUES ('travis-allen', 'https://www.mercurynews.com/2018/02/05/can-travis-allens-campaign-for-governor-survive-sexual-harassment-allegations/');
INSERT INTO sources (person_id, url) VALUES ('travis-allen', 'https://www.mcclatchydc.com/news/politics-government/article198169144.html#storylink=cpy');
INSERT INTO sources (person_id, url) VALUES ('travis-allen', 'https://www.mercurynews.com/2018/02/05/can-travis-allens-campaign-for-governor-survive-sexual-harassment-allegations/?share=facebook&amp;nb=1');
INSERT OR REPLACE INTO people (id, name, status, level, state, office, crime_description, summary, still_in_office, offense_year, conviction_year, event_date) VALUES ('gerald-antinoro', 'Gerald Antinoro', 'alleged', 'state', 'NV', '', 'Sexual Harassment, Rape', 'Gerald Antinoro is the sheriff of Storey County, Nevada. He has served four terms but did not run for re-election in Nov.', NULL, NULL, NULL, '2019-12-25');
INSERT INTO crime_types (person_id, crime_type) VALUES ('gerald-antinoro', 'rape');
INSERT INTO crime_types (person_id, crime_type) VALUES ('gerald-antinoro', 'harassment');
INSERT INTO sources (person_id, url) VALUES ('gerald-antinoro', 'https://goppredators.wordpress.com/2022/11/17/387-gerald-antinoro/');
INSERT INTO sources (person_id, url) VALUES ('gerald-antinoro', 'https://thenevadaindependent.com/article/indy-exclusive-melanie-keener-former-storey-county-deputy-sheriff-talks-about-conditions-that-led-to-her-lawsuit');
INSERT INTO sources (person_id, url) VALUES ('gerald-antinoro', 'https://knpr.org/headline/2019-12/ex-deputy-settles-sexual-harassment-lawsuit-250000');
INSERT INTO sources (person_id, url) VALUES ('gerald-antinoro', 'https://knpr.org/headline/2018-09/california-police-investigating-rural-nevada-sheriff-rape-case');
INSERT INTO sources (person_id, url) VALUES ('gerald-antinoro', 'https://knpr.org/headline/2018-07/report-embattled-northern-nevada-sheriff-wont-face-charges');
INSERT INTO sources (person_id, url) VALUES ('gerald-antinoro', 'https://www.rgj.com/story/news/2019/06/03/nevada-bill-targets-elected-officials-engaged-sexual-harassment/1307557001/');
INSERT INTO sources (person_id, url) VALUES ('gerald-antinoro', 'https://www.rgj.com/story/news/2019/02/27/storey-sheriff-antinoro-npr-article-plus-other-rgj-coverage/3009708002/');
INSERT OR REPLACE INTO people (id, name, status, level, state, office, crime_description, summary, still_in_office, offense_year, conviction_year, event_date) VALUES ('josiah-magnuson', 'Josiah Magnuson', 'convicted', 'state', 'SC', 'State Senator', 'Rape Culture', 'John McGee was an Idaho state senator who was offered a choice between facing a states ethics panel or resigning after being accused of sexual harassment. He chose to resign.', NULL, NULL, NULL, '2012-09-26');
INSERT INTO crime_types (person_id, crime_type) VALUES ('josiah-magnuson', 'rape');
INSERT INTO crime_types (person_id, crime_type) VALUES ('josiah-magnuson', 'harassment');
INSERT INTO sources (person_id, url) VALUES ('josiah-magnuson', 'https://goppredators.wordpress.com/2022/11/05/386-john-mcgee/');
INSERT INTO sources (person_id, url) VALUES ('josiah-magnuson', 'https://www.heraldnet.com/news/idaho-gop-senator-quits-on-sexual-harassment-allegations/');
INSERT INTO sources (person_id, url) VALUES ('josiah-magnuson', 'https://www.idahopress.com/news/state/a-timeline-of-harassment-claims-against-john-mcgee/article_35be801a-f205-5631-b4a7-dd57966a2cf7.html');
INSERT INTO sources (person_id, url) VALUES ('josiah-magnuson', 'https://www.idahostatejournal.com/opinion/columns/john-mcgee-makes-life-fixes-where-they-count/article_6d71df77-bdb9-5427-bce2-00a1fdcdfcb8.html');
INSERT OR REPLACE INTO people (id, name, status, level, state, office, crime_description, summary, still_in_office, offense_year, conviction_year, event_date) VALUES ('trice-harvey', 'Trice Harvey', 'alleged', 'state', 'CA', 'State Representative', 'Sexual Harassment', 'Trice Harvey was a Republican California state representative. The state Legislature paid $10,000 to settle a sexual harassment complaint.', NULL, NULL, NULL, '1995-11-14');
INSERT INTO crime_types (person_id, crime_type) VALUES ('trice-harvey', 'harassment');
INSERT INTO sources (person_id, url) VALUES ('trice-harvey', 'https://goppredators.wordpress.com/2022/11/15/385-trice-harvey/');
INSERT INTO sources (person_id, url) VALUES ('trice-harvey', 'https://www.latimes.com/archives/la-xpm-1995-11-14-mn-3046-story.html');
INSERT INTO sources (person_id, url) VALUES ('trice-harvey', 'https://www.sfgate.com/news/article/WAS-HE-JUST-KIDDING-3158160.php');
INSERT OR REPLACE INTO people (id, name, status, level, state, office, crime_description, summary, still_in_office, offense_year, conviction_year, event_date) VALUES ('tom-ganley', 'Tom Ganley', 'charged', 'adjacent', 'NY', '', 'Sexual Harassment, Sexual Assault', 'Tom Ganley was a Republican congressional candidate in Ohio. He lost his election in 2010.', NULL, NULL, NULL, '2010-10-01');
INSERT INTO crime_types (person_id, crime_type) VALUES ('tom-ganley', 'assault');
INSERT INTO crime_types (person_id, crime_type) VALUES ('tom-ganley', 'harassment');
INSERT INTO sources (person_id, url) VALUES ('tom-ganley', 'https://goppredators.wordpress.com/2022/11/15/384-tom-ganley/');
INSERT INTO sources (person_id, url) VALUES ('tom-ganley', 'https://www.politico.com/story/2010/10/ganley-again-faces-sexual-harassment-allegations-044375');
INSERT INTO sources (person_id, url) VALUES ('tom-ganley', 'https://www.cleveland.com/metro/2010/09/car_dealer_and_congressional_c.html');
INSERT INTO sources (person_id, url) VALUES ('tom-ganley', 'https://www.morningjournal.com/2011/03/16/tom-ganley-indicted-on-sex-charges/');
INSERT INTO sources (person_id, url) VALUES ('tom-ganley', 'https://www.courthousenews.com/mother-of-four-says-congressionalcandidate-sexually-assaulted-her/');
INSERT OR REPLACE INTO people (id, name, status, level, state, office, crime_description, summary, still_in_office, offense_year, conviction_year, event_date) VALUES ('scott-brown', 'Scott Brown', 'alleged', 'state', 'MA', '', 'Sexual Harassment', 'Scott Brown named former Massachusetts governor Scott Brown was named by a FOX News reporter Andrea Tantaros in her lawsuit against the network for allowing sexual harassment to continue. She claimed her made inappropriate comments and touched her waist.', NULL, NULL, NULL, '2017-10-26');
INSERT INTO crime_types (person_id, crime_type) VALUES ('scott-brown', 'harassment');
INSERT INTO sources (person_id, url) VALUES ('scott-brown', 'https://goppredators.wordpress.com/2022/11/15/383-scott-brown/');
INSERT INTO sources (person_id, url) VALUES ('scott-brown', 'https://www.buzzfeednews.com/article/kyleblaine/andrea-tantaros-names-oreilly-scott-brown-in-sexual-harrasme');
INSERT INTO sources (person_id, url) VALUES ('scott-brown', 'https://www.theguardian.com/world/2017/oct/26/scott-brown-more-complaints-surface-over-behaviour-of-us-ambassador-to-new-zealand');
INSERT INTO sources (person_id, url) VALUES ('scott-brown', 'https://www.theguardian.com/us-news/2017/oct/27/us-ambassador-to-new-zealand-scott-brown-counselled-over-behaviour-at-party');
INSERT INTO sources (person_id, url) VALUES ('scott-brown', 'https://www.cbsnews.com/boston/news/andrea-tantaros-fox-news-scott-brown-harassment-outnumbered/');
INSERT INTO sources (person_id, url) VALUES ('scott-brown', 'https://www.cbsnews.com/boston/');
INSERT OR REPLACE INTO people (id, name, status, level, state, office, crime_description, summary, still_in_office, offense_year, conviction_year, event_date) VALUES ('steve-bannon', 'Steve Bannon', 'charged', 'adjacent', 'CA', '', 'Sexual Assault, Sexual Harassment', 'Steve Bannon was the co-founder of Breitbart News, the media engine that drove the alt-right into power in the Republican party. They''ve been fact-checked eight times by PolitiFact and only one story was mostly true .', NULL, NULL, NULL, '1996-06-01');
INSERT INTO crime_types (person_id, crime_type) VALUES ('steve-bannon', 'assault');
INSERT INTO crime_types (person_id, crime_type) VALUES ('steve-bannon', 'harassment');
INSERT INTO sources (person_id, url) VALUES ('steve-bannon', 'https://goppredators.wordpress.com/2022/11/14/382-steve-bannon/');
INSERT INTO sources (person_id, url) VALUES ('steve-bannon', 'https://www.politifact.com/personalities/breitbart/');
INSERT INTO sources (person_id, url) VALUES ('steve-bannon', 'http://tucsoncitizen.com/morgue2/1996/05/24/147580-manager-vowed-revenge-on-alling-her-lawyer-says/');
INSERT INTO sources (person_id, url) VALUES ('steve-bannon', 'https://www.newsweek.com/donald-trumps-chief-strategist-steve-bannon-and-his-history-attacks-against-521240');
INSERT INTO sources (person_id, url) VALUES ('steve-bannon', 'https://www.politico.com/story/2016/08/steve-bannon-domestic-violence-case-police-report-227432');
INSERT OR REPLACE INTO people (id, name, status, level, state, office, crime_description, summary, still_in_office, offense_year, conviction_year, event_date) VALUES ('mickey-conroy', 'Mickey Conroy', 'alleged', 'adjacent', 'CA', '', 'Sexual Harassment', 'Mickey Conroy (CA): Sexual Harassment.', NULL, NULL, NULL, NULL);
INSERT INTO crime_types (person_id, crime_type) VALUES ('mickey-conroy', 'harassment');
INSERT INTO sources (person_id, url) VALUES ('mickey-conroy', 'https://goppredators.wordpress.com/2026/03/13/381-mickey-conroy/');
INSERT OR REPLACE INTO people (id, name, status, level, state, office, crime_description, summary, still_in_office, offense_year, conviction_year, event_date) VALUES ('norman-mcallister', 'Norman McAllister', 'convicted', 'state', 'VT', 'State Senator', 'Sexual Harassment', 'Norman McAllister was a Vermont state senator who was accused of soliciting sex from women who worked for him or rented from him. One of the women who accused him died before trial, one of the women lied about testimony unrelated to her allegation, so the case centered on one remaining woman.', NULL, NULL, NULL, NULL);
INSERT INTO crime_types (person_id, crime_type) VALUES ('norman-mcallister', 'harassment');
INSERT INTO sources (person_id, url) VALUES ('norman-mcallister', 'https://goppredators.wordpress.com/2022/11/12/380-norman-mcallister/');
INSERT INTO sources (person_id, url) VALUES ('norman-mcallister', 'https://www.burlingtonfreepress.com/story/news/local/2017/01/10/former-state-senator-norm-mcallister-strikes-plea-deal/96415634/');
INSERT INTO sources (person_id, url) VALUES ('norman-mcallister', 'https://www.burlingtonfreepress.com/story/news/local/2017/07/14/mcallister-relationship-farmhand-consensual/462839001/');
INSERT INTO sources (person_id, url) VALUES ('norman-mcallister', 'https://www.burlingtonfreepress.com/story/news/local/2018/11/16/norman-mcallister-tenant-sex-conviction-overturned-new-trial-ordered/2024509002/');
INSERT INTO sources (person_id, url) VALUES ('norman-mcallister', 'https://vtdigger.org/2019/10/23/mcallister-not-guilty-in-latest-trial-on-prostitution-charge/');
INSERT INTO sources (person_id, url) VALUES ('norman-mcallister', 'https://www.law.umich.edu/special/exoneration/Pages/casedetail.aspx?caseid=5634');
INSERT OR REPLACE INTO people (id, name, status, level, state, office, crime_description, summary, still_in_office, offense_year, conviction_year, event_date) VALUES ('paris-dennard', 'Paris Dennard', 'alleged', 'state', 'AZ', '', 'Sexual Harassment', 'Kevin Garn was the House Majority Leader in the Utah legislature. In 1985, when he was 28, he took a fifteen-year-old girl who worked for him, his business partner''s daughter, to Salt Lake City and took her hot-tubbing.', NULL, NULL, NULL, '2010-03-22');
INSERT INTO crime_types (person_id, crime_type) VALUES ('paris-dennard', 'harassment');
INSERT INTO sources (person_id, url) VALUES ('paris-dennard', 'https://goppredators.wordpress.com/2022/11/11/379-kevin-garn/');
INSERT INTO sources (person_id, url) VALUES ('paris-dennard', 'https://www.ksl.com/article/9983313/garn-confession-i-made-a-mistake-that-has-come-back-to-haunt-me');
INSERT INTO sources (person_id, url) VALUES ('paris-dennard', 'https://www.deseret.com/2010/3/13/20101877/cheryl-maher-says-kevin-garn-lied-about-hot-tub-contact');
INSERT INTO sources (person_id, url) VALUES ('paris-dennard', 'https://www.bishop-accountability.org/news2010/03_04/2010_03_14_Gehrke_LDSChurch.htm');
INSERT INTO sources (person_id, url) VALUES ('paris-dennard', 'https://www.concordmonitor.com/Archive/2011/07/999731459-999731459-1107-CM');
INSERT OR REPLACE INTO people (id, name, status, level, state, office, crime_description, summary, still_in_office, offense_year, conviction_year, event_date) VALUES ('kevin-garn', 'Kevin Garn', 'alleged', 'adjacent', 'ID', '', 'Child Indecency', 'Kevin Garn (ID): Child Indecency.', NULL, NULL, NULL, NULL);
INSERT INTO crime_types (person_id, crime_type) VALUES ('kevin-garn', 'other');
INSERT INTO sources (person_id, url) VALUES ('kevin-garn', 'https://goppredators.wordpress.com/2026/03/13/378-kevin-garn/');
INSERT OR REPLACE INTO people (id, name, status, level, state, office, crime_description, summary, still_in_office, offense_year, conviction_year, event_date) VALUES ('josh-duggar', 'Josh Duggar', 'alleged', 'adjacent', 'AR', '', 'Child Molestation, Sexual Exploitation Material', 'Josh Duggar (AR): Child Molestation, Sexual Exploitation Material.', NULL, NULL, NULL, NULL);
INSERT INTO crime_types (person_id, crime_type) VALUES ('josh-duggar', 'csam');
INSERT INTO crime_types (person_id, crime_type) VALUES ('josh-duggar', 'child-molestation');
INSERT INTO sources (person_id, url) VALUES ('josh-duggar', 'https://goppredators.wordpress.com/2026/03/13/377-josh-duggar/');
INSERT OR REPLACE INTO people (id, name, status, level, state, office, crime_description, summary, still_in_office, offense_year, conviction_year, event_date) VALUES ('john-mcgee', 'John McGee', 'alleged', 'adjacent', 'ID', '', 'Sexual Harassment', 'John McGee (ID): Sexual Harassment.', NULL, NULL, NULL, NULL);
INSERT INTO crime_types (person_id, crime_type) VALUES ('john-mcgee', 'harassment');
INSERT INTO sources (person_id, url) VALUES ('john-mcgee', 'https://goppredators.wordpress.com/2026/03/13/376-john-mcgee/');
INSERT OR REPLACE INTO people (id, name, status, level, state, office, crime_description, summary, still_in_office, offense_year, conviction_year, event_date) VALUES ('john-diehl', 'John Diehl', 'alleged', 'state', 'MO', '', 'Sexual Harassment', 'John Diehl was Speaker of the Missouri House of Representatives. When news broke that he had been sexting with a nineteen-year-old intern, he resigned.', NULL, NULL, NULL, NULL);
INSERT INTO crime_types (person_id, crime_type) VALUES ('john-diehl', 'harassment');
INSERT INTO sources (person_id, url) VALUES ('john-diehl', 'https://goppredators.wordpress.com/2022/11/05/375-john-diehl/');
INSERT INTO sources (person_id, url) VALUES ('john-diehl', 'https://www.politico.com/story/2015/05/missouri-house-speaker-john-diehlsays-sexting-scandal-117949');
INSERT INTO sources (person_id, url) VALUES ('john-diehl', 'https://www.kansascity.com/news/politics-government/article217972975.html#storylink=cpy');
INSERT OR REPLACE INTO people (id, name, status, level, state, office, crime_description, summary, still_in_office, offense_year, conviction_year, event_date) VALUES ('j-e-8220-buster-8221-brown', 'J. E. &#8220;Buster&#8221; Brown', 'alleged', 'state', 'TX', 'State Senator', 'Sexual Harassment', 'J. E. &#8220;Buster&#8221; Brown (TX): Sexual Harassment.', NULL, NULL, NULL, '1999-12-11');
INSERT INTO crime_types (person_id, crime_type) VALUES ('j-e-8220-buster-8221-brown', 'harassment');
INSERT INTO sources (person_id, url) VALUES ('j-e-8220-buster-8221-brown', 'https://goppredators.wordpress.com/2022/11/05/374-j-e-buster-brown/');
INSERT INTO sources (person_id, url) VALUES ('j-e-8220-buster-8221-brown', 'https://www.texastribune.org/1999/09/20/ten-little-nine-little-eight-little-lite-guvs/');
INSERT INTO sources (person_id, url) VALUES ('j-e-8220-buster-8221-brown', 'https://www.chron.com/news/houston-texas/article/Buster-Brown-quits-after-22-years-in-Senate-2103530.php');
INSERT OR REPLACE INTO people (id, name, status, level, state, office, crime_description, summary, still_in_office, offense_year, conviction_year, event_date) VALUES ('gene-abdallah', 'Gene Abdallah', 'alleged', 'state', 'SD', 'Lobbyist', 'Sexual Harassment', 'Gene Abdallah was a South Dakota state legislator. When he was nominated for the Board of Pardons and Paroles, a woman came forward alleging when he was a lawmaker and she was an ACLU lobbyist he asked if he could watch her pee.', NULL, NULL, NULL, '2017-11-29');
INSERT INTO crime_types (person_id, crime_type) VALUES ('gene-abdallah', 'harassment');
INSERT INTO sources (person_id, url) VALUES ('gene-abdallah', 'https://goppredators.wordpress.com/2022/11/05/373-gene-abdallah/');
INSERT INTO sources (person_id, url) VALUES ('gene-abdallah', 'https://www.argusleader.com/story/news/politics/2018/01/16/abdallah-withdraws-board-after-report-sexual-harassment/1033935001/');
INSERT INTO sources (person_id, url) VALUES ('gene-abdallah', 'https://dakotafreepress.com/2017/11/28/abdallahs-brutish-response-to-sexual-harassment-allegation-shows-unfitness-for-parole-board/');
INSERT OR REPLACE INTO people (id, name, status, level, state, office, crime_description, summary, still_in_office, offense_year, conviction_year, event_date) VALUES ('edward-southard', 'Edward Southard', 'alleged', 'state', 'SC', 'State Representative', 'Sexual Harassment', 'Edward Southard was a SC state representative. He was accused of sexual harassment by a female page.', NULL, NULL, NULL, '2016-06-16');
INSERT INTO crime_types (person_id, crime_type) VALUES ('edward-southard', 'harassment');
INSERT INTO sources (person_id, url) VALUES ('edward-southard', 'https://goppredators.wordpress.com/2022/11/05/372-edward-southard/');
INSERT INTO sources (person_id, url) VALUES ('edward-southard', 'https://www.berkeleyobserver.com/2016/04/28/moncks-corner-lawmaker-steps-amid-sexual-harassment-allegations/');
INSERT INTO sources (person_id, url) VALUES ('edward-southard', 'https://www.thestate.com/news/politics-government/politics-columns-blogs/the-buzz/article78144977.html');
INSERT OR REPLACE INTO people (id, name, status, level, state, office, crime_description, summary, still_in_office, offense_year, conviction_year, event_date) VALUES ('dante-acosta', 'Dante Acosta', 'alleged', 'local', 'CA', 'Mayor', 'Sexual Harassment', 'Dante Acosta was Mayor Pro Temp of Santa Clarita and ran for the California Assembly in 2016. He lost to Democrat Christy Smith in 2018.', NULL, NULL, NULL, '2016-11-03');
INSERT INTO crime_types (person_id, crime_type) VALUES ('dante-acosta', 'harassment');
INSERT INTO sources (person_id, url) VALUES ('dante-acosta', 'https://goppredators.wordpress.com/2022/11/05/371-dante-acosta/');
INSERT INTO sources (person_id, url) VALUES ('dante-acosta', 'https://www.mediaite.com/politics/reporter-behind-story-on-katie-hill-affair-worked-for-republican-candidates-who-ran-against-hill/');
INSERT INTO sources (person_id, url) VALUES ('dante-acosta', 'https://www.latimes.com/politics/la-pol-ca-dante-acosta-assembly-santa-clarita-allegations-20161027-story.html');
INSERT INTO sources (person_id, url) VALUES ('dante-acosta', 'https://abc7.com/sex-scandal-assembly-dante-acosta/1579848/');
INSERT OR REPLACE INTO people (id, name, status, level, state, office, crime_description, summary, still_in_office, offense_year, conviction_year, event_date) VALUES ('august-wolf', 'August Wolf', 'alleged', 'adjacent', 'CT', 'Campaign Official', 'Sexual Harassment', 'August (Augie) Wolf was a candidate for the Republican nomination to run for U.S. Senate in Connecticut in 2016.', NULL, NULL, NULL, '2016-06-22');
INSERT INTO crime_types (person_id, crime_type) VALUES ('august-wolf', 'harassment');
INSERT INTO sources (person_id, url) VALUES ('august-wolf', 'https://goppredators.wordpress.com/2022/11/05/370-august-wolf/');
INSERT INTO sources (person_id, url) VALUES ('august-wolf', 'https://www.courant.com/politics/hc-wolf-senate-20160226-story.html');
INSERT INTO sources (person_id, url) VALUES ('august-wolf', 'https://www.courant.com/politics/capitol-watch/hc-august-wolf-lawsuit-story.html');
INSERT INTO sources (person_id, url) VALUES ('august-wolf', 'https://courant.search.yahoo.com/click/_ylt=AwrO.X1q3WZjB9AOtCD_nIlQ;_ylu=Y29sbwNncTEEcG9zAzIEdnRpZAMEc2VjA3Nj/RV=2/RE=1667714538/RO=10/RU=https%3a%2f%2fwww.courant.com%2fpolitics%2fcapitol-watch%2fhc-august-wolf-countersuit-story.html/RK=2/RS=kbskEbJ9rFRpZ7fw4WQ7_fZUuC4-');
INSERT INTO sources (person_id, url) VALUES ('august-wolf', 'https://rollcall.com/2016/06/02/ex-adviser-says-senate-candidate-frequently-referred-to-his-penis/');
INSERT INTO sources (person_id, url) VALUES ('august-wolf', 'https://ctmirror.org/2016/06/21/with-parting-shot-at-insiders-august-wolf-folds-his-campaign-tent/');
INSERT OR REPLACE INTO people (id, name, status, level, state, office, crime_description, summary, still_in_office, offense_year, conviction_year, event_date) VALUES ('arnold-schwarzenegger', 'Arnold Schwarzenegger', 'alleged', 'state', 'CA', '', 'Sexual Harassment', 'Arnold Schwarzenegger, former Republican governor of California, was accused of groping six women while he was an actor. In 2002, three women told the L.A.', NULL, NULL, NULL, '2003-10-02');
INSERT INTO crime_types (person_id, crime_type) VALUES ('arnold-schwarzenegger', 'harassment');
INSERT INTO sources (person_id, url) VALUES ('arnold-schwarzenegger', 'https://goppredators.wordpress.com/2022/11/05/369-arnold-schwarzenegger/');
INSERT INTO sources (person_id, url) VALUES ('arnold-schwarzenegger', 'https://www.washingtonexaminer.com/news/arnold-schwarzenegger-i-stepped-over-the-line-several-times-with-women');
INSERT INTO sources (person_id, url) VALUES ('arnold-schwarzenegger', 'https://www.latimes.com/local/la-me-archive-schwarzenegger-women-story.html');
INSERT INTO sources (person_id, url) VALUES ('arnold-schwarzenegger', 'https://www.washingtonpost.com/blogs/celebritology/post/arnold-schwarzenegger-a-history-of-accusations-and-denials/2011/05/17/AF7Clo5G_blog.html');
INSERT OR REPLACE INTO people (id, name, status, level, state, office, crime_description, summary, still_in_office, offense_year, conviction_year, event_date) VALUES ('anthony-bucco', 'Anthony Bucco', 'alleged', 'state', 'NJ', 'State Senator', 'Sexual Harassment', 'Anthony Bucco is a New Jersey state senator and currently the Republican Party Whip. In 2002, a woman filed a complaint alleging that Bucco made a sexual relationship a requirement of employment.', NULL, NULL, NULL, '2004-08-12');
INSERT INTO crime_types (person_id, crime_type) VALUES ('anthony-bucco', 'harassment');
INSERT INTO sources (person_id, url) VALUES ('anthony-bucco', 'https://goppredators.wordpress.com/2022/11/05/368-anthony-bucco/');
INSERT INTO sources (person_id, url) VALUES ('anthony-bucco', 'https://www.nj.com/news/2011/05/wharton_mayor_chegwidden_alleg_1.html');
INSERT INTO sources (person_id, url) VALUES ('anthony-bucco', 'https://www.newjerseyhills.com/sen-bucco-named-in-federal-sexual-harassment-suit/article_857eea40-3ae5-52ec-86bb-71b4b8d0713e.html');
INSERT OR REPLACE INTO people (id, name, status, level, state, office, crime_description, summary, still_in_office, offense_year, conviction_year, event_date) VALUES ('james-p-mcclusky', 'James P. McClusky', 'convicted', 'adjacent', 'NY', '', 'Rape Culture', 'James P. McClusky sentenced a school bus driver who confessed to raping a fourteen-year-old girl to probation, ten years probation, and designated him a Level 1 Sex Offender which meant he was not placed on the Sex Offender registry.', NULL, NULL, NULL, '2025-12-31');
INSERT INTO crime_types (person_id, crime_type) VALUES ('james-p-mcclusky', 'rape');
INSERT INTO crime_types (person_id, crime_type) VALUES ('james-p-mcclusky', 'harassment');
INSERT INTO sources (person_id, url) VALUES ('james-p-mcclusky', 'https://goppredators.wordpress.com/2022/11/05/367-james-p-mcclusky/');
INSERT INTO sources (person_id, url) VALUES ('james-p-mcclusky', 'https://www.newyorkupstate.com/northern-ny/2019/04/former-watertown-bus-drivers-admits-to-raping-teen-gets-no-jail-time.html');
INSERT INTO sources (person_id, url) VALUES ('james-p-mcclusky', 'https://www.usatoday.com/story/news/nation/2019/05/01/james-mcclusky-new-york-judge-backlash-rape-sentence/3645924002/');
INSERT OR REPLACE INTO people (id, name, status, level, state, office, crime_description, summary, still_in_office, offense_year, conviction_year, event_date) VALUES ('daniel-edmonds', 'Daniel Edmonds', 'charged', 'federal', 'OK', '', 'Child Molestation', 'Daniel Edmonds ran for the Republican nomination for US Congress in 2010, but he lost. In 2019, he was arrested for having inappropriate sexual contact with a child over a four-year period.', NULL, NULL, NULL, '2019-01-16');
INSERT INTO crime_types (person_id, crime_type) VALUES ('daniel-edmonds', 'child-molestation');
INSERT INTO sources (person_id, url) VALUES ('daniel-edmonds', 'https://goppredators.wordpress.com/2022/11/04/366-daniel-edmonds/');
INSERT INTO sources (person_id, url) VALUES ('daniel-edmonds', 'https://www1.odcr.com/detail?court=051-&amp;casekey=051-CF++1900037');
INSERT OR REPLACE INTO people (id, name, status, level, state, office, crime_description, summary, still_in_office, offense_year, conviction_year, event_date) VALUES ('rene-rodriguez', 'Rene Rodriguez', 'convicted', 'local', 'ID', '', 'Child Molestation', 'Rene Rodriguez had been a deputy in Blaine County before being elected Sheriff in Lincoln County Idaho as a Republican. In 2019, he was arrested and charged with one count of sexual abuse of a child under the age of 16, four counts of lewd conduct with a minor and two counts of rape, all felonies.', NULL, NULL, NULL, '2019-11-21');
INSERT INTO crime_types (person_id, crime_type) VALUES ('rene-rodriguez', 'child-molestation');
INSERT INTO sources (person_id, url) VALUES ('rene-rodriguez', 'https://goppredators.wordpress.com/2022/11/04/365-rene-rodriguez/');
INSERT INTO sources (person_id, url) VALUES ('rene-rodriguez', 'https://www.mtexpress.com/news/cops_courts/lincoln-county-sheriff-facing-felony-charges/article_af892aea-5a3f-11e9-a92d-c3e114c41198.html');
INSERT INTO sources (person_id, url) VALUES ('rene-rodriguez', 'https://www.idahostatesman.com/news/local/crime/article228990579.html#storylink=cpy');
INSERT INTO sources (person_id, url) VALUES ('rene-rodriguez', 'https://www.kmvt.com/content/news/Day-4--565366622.html');
INSERT INTO sources (person_id, url) VALUES ('rene-rodriguez', 'https://www.mtexpress.com/news/cops_courts/former-sheriff-sentenced-to-minimum-of-14-years-in-prison/article_24ccdc18-9bb0-11ea-9d2b-6758a2a9ee4a.html');
INSERT INTO sources (person_id, url) VALUES ('rene-rodriguez', 'https://casetext.com/case/state-v-rodriguez-6302182');
INSERT OR REPLACE INTO people (id, name, status, level, state, office, crime_description, summary, still_in_office, offense_year, conviction_year, event_date) VALUES ('robert-goforth', 'Robert Goforth', 'convicted', 'state', 'KY', 'State Representative', 'Domestic Violence', 'Robert Goforth was a Kentucky state representative and a gubernatorial candidate. He was arrested in 2020 for strangulation and domestic violence charges.', NULL, NULL, NULL, '2021-01-15');
INSERT INTO crime_types (person_id, crime_type) VALUES ('robert-goforth', 'domestic-violence');
INSERT INTO sources (person_id, url) VALUES ('robert-goforth', 'https://goppredators.wordpress.com/2022/11/03/364-robert-goforth/');
INSERT INTO sources (person_id, url) VALUES ('robert-goforth', 'https://www.courier-journal.com/story/news/politics/2022/07/19/robert-goforth-former-kentucky-lawmaker-pleads-to-domestic-violence-charge/65376975007/');
INSERT INTO sources (person_id, url) VALUES ('robert-goforth', 'https://www.wlky.com/article/republican-state-rep-robert-goforth-charged-in-domestic-dispute-case-resigns/37388741');
INSERT INTO sources (person_id, url) VALUES ('robert-goforth', 'https://www.newspapers.com/paper/kentucky-new-era/1087/');
INSERT OR REPLACE INTO people (id, name, status, level, state, office, crime_description, summary, still_in_office, offense_year, conviction_year, event_date) VALUES ('bo-dresner', 'Bo Dresner', 'convicted', 'adjacent', 'TX', '', 'Child Molestation', 'Bo Dresner was a Republican county official, sergeant of arms, and a precinct chair in Hays County, Texas. He has been charged with aggravated sexual assault of one victim over the course of seven years.', NULL, NULL, NULL, NULL);
INSERT INTO crime_types (person_id, crime_type) VALUES ('bo-dresner', 'child-molestation');
INSERT INTO sources (person_id, url) VALUES ('bo-dresner', 'https://goppredators.wordpress.com/2022/11/02/363-bo-dresner/');
INSERT INTO sources (person_id, url) VALUES ('bo-dresner', 'https://www.statesman.com/story/news/crime/2019/04/06/hays-county-gop-precinct-chair-charged-with-sexual-assault/5519322007/');
INSERT INTO sources (person_id, url) VALUES ('bo-dresner', 'https://www.sanmarcosrecord.com/breaking-news-news-news-mobile/former-hays-county-gop-official-arrested-sexual-assault-child');
INSERT OR REPLACE INTO people (id, name, status, level, state, office, crime_description, summary, still_in_office, offense_year, conviction_year, event_date) VALUES ('jack-burkman', 'Jack Burkman', 'convicted', 'local', 'VA', 'Lobbyist', 'Rape Culture', 'Jack Burkman is a conservative activist and lobbyist. He is one of the people who fostered the Seth Rich conspiracy theory.', NULL, NULL, NULL, '2018-10-31');
INSERT INTO crime_types (person_id, crime_type) VALUES ('jack-burkman', 'rape');
INSERT INTO crime_types (person_id, crime_type) VALUES ('jack-burkman', 'harassment');
INSERT INTO sources (person_id, url) VALUES ('jack-burkman', 'https://goppredators.wordpress.com/2022/11/02/362-jack-burkman/');
INSERT INTO sources (person_id, url) VALUES ('jack-burkman', 'https://en.wikipedia.org/wiki/Murder_of_Seth_Rich#Conspiracy_theories');
INSERT INTO sources (person_id, url) VALUES ('jack-burkman', 'https://www.cleveland.com/court-justice/2022/10/jacob-wohl-jack-burkman-plead-guilty-to-felony-for-2020-election-robocalls-targeting-cleveland-voters.html');
INSERT INTO sources (person_id, url) VALUES ('jack-burkman', 'https://www.thedailybeast.com/pete-buttigieg-accuser-hunter-kelly-says-jacob-wohl-and-jack-burkman-tricked-him-into-sex-assault-hoax');
INSERT INTO sources (person_id, url) VALUES ('jack-burkman', 'https://lawandcrime.com/high-profile/special-counsels-office-has-referred-false-sexual-assault-allegation-plot-against-mueller-to-the-fbi/');
INSERT OR REPLACE INTO people (id, name, status, level, state, office, crime_description, summary, still_in_office, offense_year, conviction_year, event_date) VALUES ('jacob-wohl', 'Jacob Wohl', 'convicted', 'adjacent', 'CA', '', 'Rape Culture', 'Jacob Wohl is a conspiracist and rightwing extremist who was banned for life from the National Futures Association when he was just twenty years old. He has a bingo card of security fraud charges and illegal securities sales, but despite his corrupt criminal history, he has been welcomed by Republic', NULL, NULL, NULL, '2019-05-02');
INSERT INTO crime_types (person_id, crime_type) VALUES ('jacob-wohl', 'rape');
INSERT INTO crime_types (person_id, crime_type) VALUES ('jacob-wohl', 'harassment');
INSERT INTO sources (person_id, url) VALUES ('jacob-wohl', 'https://goppredators.wordpress.com/2022/10/31/361-jacob-wohl/');
INSERT INTO sources (person_id, url) VALUES ('jacob-wohl', 'https://www.theverge.com/2022/7/22/23273280/jacob-wohl-jack-burkman-predator-dc-film-shoot-assault-allegations-payment');
INSERT INTO sources (person_id, url) VALUES ('jacob-wohl', 'https://www.harpercollins.com/products/credible-deborah-tuerkheimer?variant=33063780909090');
INSERT INTO sources (person_id, url) VALUES ('jacob-wohl', 'https://www.thecut.com/2020/05/who-is-jacob-wohl-failed-smears.html');
INSERT INTO sources (person_id, url) VALUES ('jacob-wohl', 'https://www.usatoday.com/story/news/politics/elections/2019/04/30/pete-buttigieg-false-accusation-fabricated-jacob-wohl-jack-burkman/3623084002/');
INSERT INTO sources (person_id, url) VALUES ('jacob-wohl', 'https://www.usatoday.com/story/news/politics/2019/02/26/robert-mueller-hoax-how-jacob-wohl-created-sexual-harassment-plot/2993799002/');
INSERT INTO sources (person_id, url) VALUES ('jacob-wohl', 'https://www.lamag.com/citythinkblog/jacob-wohl-assault-claims/');
INSERT OR REPLACE INTO people (id, name, status, level, state, office, crime_description, summary, still_in_office, offense_year, conviction_year, event_date) VALUES ('john-russo-jr', 'John Russo, Jr', 'alleged', 'adjacent', 'NJ', 'Judge', 'Rape Culture', 'John Russo, Jr. was appointed Superior Court Judge by former New Jersey Chris Christie.', NULL, NULL, NULL, '2018-03-28');
INSERT INTO crime_types (person_id, crime_type) VALUES ('john-russo-jr', 'rape');
INSERT INTO crime_types (person_id, crime_type) VALUES ('john-russo-jr', 'harassment');
INSERT INTO sources (person_id, url) VALUES ('john-russo-jr', 'https://goppredators.wordpress.com/2022/10/31/360-john-russo-jr/');
INSERT INTO sources (person_id, url) VALUES ('john-russo-jr', 'https://www.nj.com/ocean/2018/03/judge_to_alleged_rape_victim_close_your_legs.html');
INSERT INTO sources (person_id, url) VALUES ('john-russo-jr', 'https://www.nj.com/news/2020/06/judge-who-told-woman-to-close-your-legs-settles-sex-harassment-suit-from-ex-clerk-for-250k.html');
INSERT INTO sources (person_id, url) VALUES ('john-russo-jr', 'https://law.justia.com/cases/new-jersey/supreme-court/2020/d-100-18.html');
INSERT INTO sources (person_id, url) VALUES ('john-russo-jr', 'https://www.app.com/story/news/2020/05/26/close-your-legs-judge-russo-removed-bench-supreme-court/5258777002/');
INSERT OR REPLACE INTO people (id, name, status, level, state, office, crime_description, summary, still_in_office, offense_year, conviction_year, event_date) VALUES ('glen-casada', 'Glen Casada', 'charged', 'federal', 'TN', 'State Representative', 'Rape Culture', 'Glen Casada is a Tennessee state representative. He was Speaker of the House until 2019 when he resigned due to losing the confidence of his party after a few scandals and roughhouse tactics that cost him support.', NULL, NULL, NULL, NULL);
INSERT INTO crime_types (person_id, crime_type) VALUES ('glen-casada', 'rape');
INSERT INTO crime_types (person_id, crime_type) VALUES ('glen-casada', 'harassment');
INSERT INTO sources (person_id, url) VALUES ('glen-casada', 'https://goppredators.wordpress.com/2022/10/31/359-glen-casada/');
INSERT INTO sources (person_id, url) VALUES ('glen-casada', 'https://www.tennessean.com/story/news/politics/2019/02/19/tennessee-house-speaker-defends-rep-david-byrd-accused-sexual-assault-if-i-was-raped-i-would-move/2915021002/');
INSERT INTO sources (person_id, url) VALUES ('glen-casada', 'https://tennesseelookout.com/2022/08/23/glen-casada-the-rise-and-fall-of-a-house-speaker/');
INSERT INTO sources (person_id, url) VALUES ('glen-casada', 'https://www.tennessean.com/story/news/politics/2022/08/23/who-glen-casada-and-what-know-his-indictment/7872991001/');
INSERT OR REPLACE INTO people (id, name, status, level, state, office, crime_description, summary, still_in_office, offense_year, conviction_year, event_date) VALUES ('cody-henson', 'Cody Henson', 'convicted', 'state', 'NC', 'State Representative', 'Harassment, Cyberstalking', 'Cody Henson was a Republican state representative in North Carolina, representing the Transylvania and Mills River area. His wife left him while she was pregnant with their second child, claiming he was overly controlling, frequently threatened her with violence, threw a full can of beer at her in f', NULL, NULL, NULL, '2019-07-25');
INSERT INTO crime_types (person_id, crime_type) VALUES ('cody-henson', 'harassment');
INSERT INTO crime_types (person_id, crime_type) VALUES ('cody-henson', 'stalking');
INSERT INTO sources (person_id, url) VALUES ('cody-henson', 'https://goppredators.wordpress.com/2022/10/31/358-cody-henson/');
INSERT INTO sources (person_id, url) VALUES ('cody-henson', 'https://www.citizen-times.com/story/news/local/2019/02/07/state-rep-cody-henson-rosman-ordered-stay-away-wife/2804890002/');
INSERT INTO sources (person_id, url) VALUES ('cody-henson', 'https://www.whkp.com/news/6690-state-rep-henson-now-accused-of-cyber-stalking.html?fb_comment_id=1836627476443511_1838133436292915');
INSERT INTO sources (person_id, url) VALUES ('cody-henson', 'https://www.citizen-times.com/story/news/local/2019/03/08/republicans-not-defending-rep-cody-henson-after-domestic-violence-court-order-cyberstalking-charge/3106684002/');
INSERT INTO sources (person_id, url) VALUES ('cody-henson', 'https://www.transylvaniatimes.com/news/n-c-rep-cody-henson-pleads-guilty-to-cyberstalking-brevard-nc/article_16edb73f-6b0a-5d27-ad67-7ae0fe6585af.html');
INSERT OR REPLACE INTO people (id, name, status, level, state, office, crime_description, summary, still_in_office, offense_year, conviction_year, event_date) VALUES ('morton-klein', 'Morton Klein', 'alleged', 'adjacent', 'NY', '', 'Sexual Assault, Domestic Violence', 'Morton Klein is the head of the Zionists of America, a far-right group closely allied with Republican politicians and heavily funded by Republican donors. There are allegations of sexual harassment against him.', NULL, NULL, NULL, NULL);
INSERT INTO crime_types (person_id, crime_type) VALUES ('morton-klein', 'assault');
INSERT INTO crime_types (person_id, crime_type) VALUES ('morton-klein', 'domestic-violence');
INSERT INTO sources (person_id, url) VALUES ('morton-klein', 'https://goppredators.wordpress.com/2022/10/29/357-morton-klein/');
INSERT INTO sources (person_id, url) VALUES ('morton-klein', 'https://www.tabletmag.com/sections/news/articles/morton-klein-and-the-future-of-american-zionism');
INSERT INTO sources (person_id, url) VALUES ('morton-klein', 'https://mycitypaper.com/articles/061401/sl.slant.shtml');
INSERT INTO sources (person_id, url) VALUES ('morton-klein', 'http://www.savethezoa.com/category/exposed/');
INSERT INTO sources (person_id, url) VALUES ('morton-klein', 'https://forward.com/news/524836/lawsuit-accuses-mort-klein-of-sexist-racist-behavior-as-head-of-zoa/');
INSERT OR REPLACE INTO people (id, name, status, level, state, office, crime_description, summary, still_in_office, offense_year, conviction_year, event_date) VALUES ('steven-mu-oz', 'Steven Muñoz', 'alleged', 'federal', 'SC', 'U.S. Congressman', 'Sexual Assault', 'Steven Muñoz worked on Rick Santorum''s campaign and was hired by the Trump Administration for a job in the State Department making arrangements for official visits of foreign heads of state. He was a graduate of The Citadel, a military college.', NULL, NULL, NULL, '2017-05-06');
INSERT INTO crime_types (person_id, crime_type) VALUES ('steven-mu-oz', 'assault');
INSERT INTO sources (person_id, url) VALUES ('steven-mu-oz', 'https://goppredators.wordpress.com/2022/10/29/356-steven-munoz/');
INSERT INTO sources (person_id, url) VALUES ('steven-mu-oz', 'https://www.linkedin.com/in/stevenmunoz/');
INSERT INTO sources (person_id, url) VALUES ('steven-mu-oz', 'https://www.propublica.org/article/trump-administration-hires-official-five-students-accused-sexual-assault');
INSERT INTO sources (person_id, url) VALUES ('steven-mu-oz', 'https://www.charlotteobserver.com/news/politics-government/article148596959.html');
INSERT OR REPLACE INTO people (id, name, status, level, state, office, crime_description, summary, still_in_office, offense_year, conviction_year, event_date) VALUES ('david-stringer', 'David Stringer', 'convicted', 'state', 'AZ', 'State Representative', 'Child Sexual Abuse Material', 'David Stringer was a Republican state representative in Arizona when it came out that he had reached a plea deal decades earlier that cleaned up his criminal record, a record with child pornography and child molestation. When the story broke that he had a criminal record that had been expunged, he c', NULL, NULL, NULL, '2019-03-31');
INSERT INTO crime_types (person_id, crime_type) VALUES ('david-stringer', 'csam');
INSERT INTO crime_types (person_id, crime_type) VALUES ('david-stringer', 'assault');
INSERT INTO sources (person_id, url) VALUES ('david-stringer', 'https://goppredators.wordpress.com/2022/10/29/355-david-stringer/');
INSERT INTO sources (person_id, url) VALUES ('david-stringer', 'https://arizonadailyindependent.com/2019/01/16/experience-drives-david-stringers-empathy-for-those-trapped-in-unjust-system/');
INSERT INTO sources (person_id, url) VALUES ('david-stringer', 'https://www.phoenixnewtimes.com/news/report-david-stringer-molested-children-including-disabled-teen-11261187');
INSERT INTO sources (person_id, url) VALUES ('david-stringer', 'https://www.phoenixnewtimes.com/news/court-records-arizona-lawmaker-david-stringer-charged-child-porn-1983-11183294');
INSERT INTO sources (person_id, url) VALUES ('david-stringer', 'https://www.abc15.com/news/state/house-ethics-committee-releases-documents-about-former-rep-david-stringer');
INSERT OR REPLACE INTO people (id, name, status, level, state, office, crime_description, summary, still_in_office, offense_year, conviction_year, event_date) VALUES ('jared-prunty', 'Jared Prunty', 'charged', 'federal', 'FL', 'U.S. Congressman', 'Soliciting Trafficked Women', 'Jerod Prunty, aide to Louisiana Republican congressman Clay Higgins, was arrested for pandering along with eight other people in a trafficking case in Lafayette Parish. The trafficking operation was centered around five massage parlors.', NULL, NULL, NULL, '2019-02-19');
INSERT INTO crime_types (person_id, crime_type) VALUES ('jared-prunty', 'solicitation');
INSERT INTO sources (person_id, url) VALUES ('jared-prunty', 'https://goppredators.wordpress.com/2022/10/29/354-jerod-prunty/');
INSERT INTO sources (person_id, url) VALUES ('jared-prunty', 'https://www.klfy.com/top-stories-news/louisiana-republican-congressional-aide-arrested-on-pandering-charges/');
INSERT INTO sources (person_id, url) VALUES ('jared-prunty', 'https://www.bayoubrief.com/2019/03/03/district-director-for-u-s-rep-clay-higgins-at-the-center-of-alleged-human-trafficking-ring/');
INSERT INTO sources (person_id, url) VALUES ('jared-prunty', 'https://www.theadvocate.com/acadiana/news/crime_police/article_38383980-2fd4-11e9-bc98-179292b1574c.html');
INSERT OR REPLACE INTO people (id, name, status, level, state, office, crime_description, summary, still_in_office, offense_year, conviction_year, event_date) VALUES ('john-childs', 'John Childs', 'charged', 'local', 'FL', '', 'Soliciting Trafficked Women', 'John Childs Childs owns J.W. Childs Associates, a private equity firm based in Massachusetts.', NULL, NULL, NULL, '2019-02-27');
INSERT INTO crime_types (person_id, crime_type) VALUES ('john-childs', 'solicitation');
INSERT INTO sources (person_id, url) VALUES ('john-childs', 'https://goppredators.wordpress.com/2022/10/28/353-john-childs/');
INSERT INTO sources (person_id, url) VALUES ('john-childs', 'https://www.nytimes.com/2019/02/23/us/robert-kraft-trafficking-florida.html');
INSERT INTO sources (person_id, url) VALUES ('john-childs', 'https://www.cnn.com/2019/03/21/politics/john-childs-florida-investigation-rnc-donation');
INSERT INTO sources (person_id, url) VALUES ('john-childs', 'https://apnews.com/article/b69ad76692db41ecb03dedb93bd04459');
INSERT OR REPLACE INTO people (id, name, status, level, state, office, crime_description, summary, still_in_office, offense_year, conviction_year, event_date) VALUES ('michael-silvestri', 'Michael Silvestri', 'alleged', 'local', 'NJ', 'Mayor', 'Sexual Assault, Harassment', 'Michael Silvestri had run for mayor of Trenton, New Jersey, and for freeholder position, an archaic title for county elected officials. ( It''s been eliminated as of January 2021.', NULL, NULL, NULL, NULL);
INSERT INTO crime_types (person_id, crime_type) VALUES ('michael-silvestri', 'assault');
INSERT INTO crime_types (person_id, crime_type) VALUES ('michael-silvestri', 'harassment');
INSERT INTO sources (person_id, url) VALUES ('michael-silvestri', 'https://goppredators.wordpress.com/2022/10/27/352-michael-silvestri/');
INSERT INTO sources (person_id, url) VALUES ('michael-silvestri', 'https://whyy.org/articles/no-more-freeholders-n-j-drops-term-with-racist-origin-as-of-jan-1/');
INSERT INTO sources (person_id, url) VALUES ('michael-silvestri', 'https://nj1015.com/she-says-nj-candidate-sent-a-pic-of-privates-and-gop-fired-her/');
INSERT INTO sources (person_id, url) VALUES ('michael-silvestri', 'https://nj1015.com/goper-sent-pic-of-privates-says-hes-a-victim-of-revenge-porn/');
INSERT INTO sources (person_id, url) VALUES ('michael-silvestri', 'https://www.trentonian.com/2019/02/12/lawrence-cops-slap-nj-101-5-with-subpoena-after-publishing-sexual-harassment-story/');
INSERT INTO sources (person_id, url) VALUES ('michael-silvestri', 'https://www.trentonian.com/2019/02/14/lawrence-police-investigate-campaign-workers-sexual-assault-claim-against-silvestri-mercer-gop-leader-calls-her-liar/');
INSERT INTO sources (person_id, url) VALUES ('michael-silvestri', 'https://www.trentonian.com/2019/02/15/silvestri-on-accusations-i-never-raped-her-and-dont-have-guns/');
INSERT OR REPLACE INTO people (id, name, status, level, state, office, crime_description, summary, still_in_office, offense_year, conviction_year, event_date) VALUES ('fred-anderson', 'Fred Anderson', 'alleged', 'adjacent', 'MT', '', 'Organizational Cover-up', 'Fred Anderson is a Republican representative from Great Falls, Montana. He is running for re-election in 2022.', NULL, NULL, NULL, '2019-03-16');
INSERT INTO crime_types (person_id, crime_type) VALUES ('fred-anderson', 'enablement');
INSERT INTO crime_types (person_id, crime_type) VALUES ('fred-anderson', 'organizational-coverup');
INSERT INTO sources (person_id, url) VALUES ('fred-anderson', 'https://goppredators.wordpress.com/2022/10/26/351-fred-anderson/');
INSERT INTO sources (person_id, url) VALUES ('fred-anderson', 'https://ecitybeat.com/great-falls-republican-fred-anderson-answers-abortion-other-questions/');
INSERT INTO sources (person_id, url) VALUES ('fred-anderson', 'https://www.buzzfeednews.com/article/tylerkingkade/miles-city-james-jensen-fred-anderson-larry-nassar');
INSERT INTO sources (person_id, url) VALUES ('fred-anderson', 'https://billingsgazette.com/news/state-and-regional/govt-and-politics/political-brawl-among-republicans-raises-accusations-around-miles-city-sex/article_227bae9a-4268-51f3-8845-7672169a80c0.html');
INSERT OR REPLACE INTO people (id, name, status, level, state, office, crime_description, summary, still_in_office, offense_year, conviction_year, event_date) VALUES ('alexander-acosta', 'Alexander Acosta', 'alleged', 'federal', 'FL', '', 'Enabling', 'Alexander Acosta is an Republican politician. He began his career clerking for Justice Samuel Alito before getting hired by the world''s largest law firm Kirkland and Ellis, specializing in labor law.', NULL, NULL, NULL, '2017-03-05');
INSERT INTO crime_types (person_id, crime_type) VALUES ('alexander-acosta', 'enablement');
INSERT INTO sources (person_id, url) VALUES ('alexander-acosta', 'https://goppredators.wordpress.com/2022/10/25/350-alexander-acosta/');
INSERT INTO sources (person_id, url) VALUES ('alexander-acosta', 'https://en.wikipedia.org/wiki/Crime_Victims%27_Rights_Act');
INSERT INTO sources (person_id, url) VALUES ('alexander-acosta', 'https://www.miamiherald.com/news/local/article220097825.html');
INSERT INTO sources (person_id, url) VALUES ('alexander-acosta', 'https://www.nbcnews.com/think/opinion/jeffrey-epstein-s-slap-wrist-raises-lot-question-doj-needs-ncna946176');
INSERT INTO sources (person_id, url) VALUES ('alexander-acosta', 'https://www.miamiherald.com/news/state/florida/article230708394.html');
INSERT INTO sources (person_id, url) VALUES ('alexander-acosta', 'https://www.washingtonpost.com/politics/labor-secretary-to-hold-news-conference-to-defend-himself-amid-outcry-over-handling-of-epstein-plea-deal/2019/07/10/b136b9a4-a321-11e9-b7b4-95e30869bd15_story.html');
INSERT INTO sources (person_id, url) VALUES ('alexander-acosta', 'https://www.washingtonpost.com/politics/alex-acosta-resigns-as-labor-secretary-amid-intense-scrutiny-of-his-handling-of-jeffrey-epstein-case/2019/07/12/21954d50-a24b-11e9-b8c8-75dae2607e60_story.html');
INSERT OR REPLACE INTO people (id, name, status, level, state, office, crime_description, summary, still_in_office, offense_year, conviction_year, event_date) VALUES ('erick-bennett', 'Erick Bennett', 'convicted', 'adjacent', 'ME', '', 'Domestic Violence', 'Erick Bennett challenged Susan Collins in the GOP primary in Maine, hoping to replace her in the U.S. Senate.', NULL, NULL, 2003, '2013-12-31');
INSERT INTO crime_types (person_id, crime_type) VALUES ('erick-bennett', 'domestic-violence');
INSERT INTO sources (person_id, url) VALUES ('erick-bennett', 'https://goppredators.wordpress.com/2022/10/25/349-erick-bennett/');
INSERT INTO sources (person_id, url) VALUES ('erick-bennett', 'https://slate.com/human-interest/2014/01/erick-bennett-of-maine-vote-for-me-for-senate-because-i-was-convicted-of-domestic-violence.html');
INSERT INTO sources (person_id, url) VALUES ('erick-bennett', 'https://www.motherjones.com/politics/2014/01/maine-republican-senate-erick-bennett-court-documents/');
INSERT OR REPLACE INTO people (id, name, status, level, state, office, crime_description, summary, still_in_office, offense_year, conviction_year, event_date) VALUES ('brian-ellis', 'Brian Ellis', 'charged', 'state', 'PA', 'State Representative', 'Rape', 'Brian Ellis was a Republican state representative in Pennsylvania. He was at a bar in 2015, a woman had a fall.', NULL, NULL, NULL, '2019-03-13');
INSERT INTO crime_types (person_id, crime_type) VALUES ('brian-ellis', 'rape');
INSERT INTO sources (person_id, url) VALUES ('brian-ellis', 'https://goppredators.wordpress.com/2022/10/24/348-brian-ellis/');
INSERT INTO sources (person_id, url) VALUES ('brian-ellis', 'https://www.scribd.com/document/401735621/Sexual-assault-complaint-against-Pennsylvania-state-Rep-Brian-Ellis');
INSERT INTO sources (person_id, url) VALUES ('brian-ellis', 'https://www.pennlive.com/news/2019/01/pa-state-rep-facing-sexual-assault-allegation-dauphin-county-das-office-is-leading-investigation.html');
INSERT INTO sources (person_id, url) VALUES ('brian-ellis', 'https://www.pennlive.com/news/2019/08/former-butler-county-state-lawmaker-will-not-be-charged-in-sexual-misconduct-case.html');
INSERT OR REPLACE INTO people (id, name, status, level, state, office, crime_description, summary, still_in_office, offense_year, conviction_year, event_date) VALUES ('john-anthony', 'John Anthony', 'alleged', 'state', 'IL', 'State Representative', 'Sexual Assault', 'John Anthony was a former Republican Illinois state representative. He served three years before resigning to take a $10k/month job at the Illinois Department of Corrections.', NULL, NULL, NULL, NULL);
INSERT INTO crime_types (person_id, crime_type) VALUES ('john-anthony', 'assault');
INSERT INTO sources (person_id, url) VALUES ('john-anthony', 'https://goppredators.wordpress.com/2022/10/24/347-john-anthony/');
INSERT INTO sources (person_id, url) VALUES ('john-anthony', 'https://chicago.suntimes.com/politics/ex-ill-rep-fired-from-govt-job-for-groping-women-at-xmas-party/');
INSERT INTO sources (person_id, url) VALUES ('john-anthony', 'https://www.thecut.com/2016/12/ex-state-rep-john-anthony-fired-after-groping-women.html');
INSERT OR REPLACE INTO people (id, name, status, level, state, office, crime_description, summary, still_in_office, offense_year, conviction_year, event_date) VALUES ('samuel-pimm', 'Samuel Pimm', 'convicted', 'adjacent', 'NH', '', 'Sexual Assault', 'Samuel Pimm is a Republican Party consultant. According to his Linked-In profile , he specializes in primaries targeting RINOs (mainstream Republicans.) On a flight to London, he was seated next to a woman whom he groped while he thought she was sleeping.', NULL, NULL, NULL, '2018-08-07');
INSERT INTO crime_types (person_id, crime_type) VALUES ('samuel-pimm', 'assault');
INSERT INTO sources (person_id, url) VALUES ('samuel-pimm', 'https://goppredators.wordpress.com/2022/10/24/346-samuel-pimm/');
INSERT INTO sources (person_id, url) VALUES ('samuel-pimm', 'https://www.linkedin.com/in/sam-pimm-7360b91a/');
INSERT INTO sources (person_id, url) VALUES ('samuel-pimm', 'https://www.standard.co.uk/news/crime/former-us-republican-party-consultant-guilty-of-groping-woman-on-plane-to-heathrow-a3904976.html');
INSERT INTO sources (person_id, url) VALUES ('samuel-pimm', 'https://www.detroitnews.com/story/news/world/2018/08/06/britain-former-us-political-consultant-convicted-groping/37329207/');
INSERT OR REPLACE INTO people (id, name, status, level, state, office, crime_description, summary, still_in_office, offense_year, conviction_year, event_date) VALUES ('c-john-mccloskey', 'C. John McCloskey', 'alleged', 'adjacent', 'DC', 'Political Activist', 'Sexual Assault', 'C. John McCloskey is a Catholic priest of Opus Dei, the controversial Catholic organization, who was a sort of celebrity converter.', NULL, NULL, NULL, NULL);
INSERT INTO crime_types (person_id, crime_type) VALUES ('c-john-mccloskey', 'assault');
INSERT INTO sources (person_id, url) VALUES ('c-john-mccloskey', 'https://goppredators.wordpress.com/2022/10/24/345-c-john-mccloskey/');
INSERT INTO sources (person_id, url) VALUES ('c-john-mccloskey', 'https://www.washingtonpost.com/religion/2019/01/08/opus-dei-paid-settle-sexual-misconduct-claim-against-prominent-catholic-priest/');
INSERT INTO sources (person_id, url) VALUES ('c-john-mccloskey', 'https://opusdei.org/en-us/article/message-from-msgr-thomas-bohlin-2/');
INSERT INTO sources (person_id, url) VALUES ('c-john-mccloskey', 'https://www.theamericanconservative.com/celebrity-priest-was-a-groper-c-john-mccloskey/');
INSERT OR REPLACE INTO people (id, name, status, level, state, office, crime_description, summary, still_in_office, offense_year, conviction_year, event_date) VALUES ('rod-hamilton', 'Rod Hamilton', 'alleged', 'state', 'MN', 'State Representative', 'Sexual Misconduct', 'Rod Hamilton is a state representative in Minnesota. He is retiring this year.', NULL, NULL, NULL, '2018-04-27');
INSERT INTO crime_types (person_id, crime_type) VALUES ('rod-hamilton', 'other');
INSERT INTO sources (person_id, url) VALUES ('rod-hamilton', 'https://goppredators.wordpress.com/2022/10/24/344-rod-hamilton/');
INSERT INTO sources (person_id, url) VALUES ('rod-hamilton', 'https://www.cbsnews.com/minnesota/news/rep-rod-hamilton-sexual-misconduct-allegations/');
INSERT INTO sources (person_id, url) VALUES ('rod-hamilton', 'https://www.house.leg.state.mn.us/SessionDaily/Story/13301');
INSERT INTO sources (person_id, url) VALUES ('rod-hamilton', 'https://minnesotanewsnetwork.com/rep-hamilton-responds-to-sexual-assault-allegations/');
INSERT OR REPLACE INTO people (id, name, status, level, state, office, crime_description, summary, still_in_office, offense_year, conviction_year, event_date) VALUES ('david-sorenson', 'David Sorenson', 'alleged', 'state', 'ME', '', 'Domestic Violence', 'David Sorenson was a Trump Administration speechwriter. Previously he worked for Maine Governor LePage.', NULL, NULL, NULL, '2018-02-15');
INSERT INTO crime_types (person_id, crime_type) VALUES ('david-sorenson', 'domestic-violence');
INSERT INTO sources (person_id, url) VALUES ('david-sorenson', 'https://goppredators.wordpress.com/2022/10/23/343-david-sorenson/');
INSERT INTO sources (person_id, url) VALUES ('david-sorenson', 'https://www.washingtonpost.com/politics/second-white-house-official-departs-amids-abuse-allegations-which-he-denies/2018/02/09/72ba47e6-0d0d-11e8-8b0d-891602206fb7_story.html');
INSERT INTO sources (person_id, url) VALUES ('david-sorenson', 'https://www.bbc.com/news/world-us-canada-43012426');
INSERT INTO sources (person_id, url) VALUES ('david-sorenson', 'https://medium.com/@JessicaCorbett/the-consequences-of-speaking-up-about-abuse-from-a-powerful-man-bb85d2604948#id_token=eyJhbGciOiJSUzI1NiIsImtpZCI6ImVlMWI5Zjg4Y2ZlMzE1MWRkZDI4NGE2MWJmOGNlY2Y2NTliMTMwY2YiLCJ0eXAiOiJKV1QifQ.eyJpc3MiOiJodHRwczovL2FjY291bnRzLmdvb2dsZS5jb20iLCJuYmYiOjE2NjY1OTIxOTksImF1ZCI6IjIxNjI5NjAzNTgzNC1rMWs2cWUwNjBzMnRwMmEyamFtNGxqZGNtczAwc3R0Zy5hcHBzLmdvb2dsZXVzZXJjb250ZW50LmNvbSIsInN1YiI6IjEwMjk1MzgxNTU2NDcyMzEwNzkxOSIsImVtYWlsIjoiY2Fqc2EubGlsbGllaG9va0BnbWFpbC5jb20iLCJlbWFpbF92ZXJpZmllZCI6dHJ1ZSwiYXpwIjoiMjE2Mjk2MDM1ODM0LWsxazZxZTA2MHMydHAyYTJqYW00bGpkY21zMDBzdHRnLmFwcHMuZ29vZ2xldXNlcmNvbnRlbnQuY29tIiwibmFtZSI6IkNhanNhIExpbGxpZWhvb2siLCJwaWN0dXJlIjoiaHR0cHM6Ly9saDMuZ29vZ2xldXNlcmNvbnRlbnQuY29tL2EvQUxtNXd1M05CVU5XOVJZN3dVZXdRanR4WmJYdFM0SWxra205WmNWM184WVR2Zz1zOTYtYyIsImdpdmVuX25hbWUiOiJDYWpzYSIsImZhbWlseV9uYW1lIjoiTGlsbGllaG9vayIsImlhdCI6MTY2NjU5MjQ5OSwiZXhwIjoxNjY2NTk2MDk5LCJqdGkiOiJiMjI4Y2ZlMWM2MjJhMTA3NjljYjQ1Y2FkYTAxZmUzNjQwN2QzODMyIn0.iGCGMQIMtSMTVr6cgOpzE_Uj3rQD0twX75HPiUut7zsPHnRHbOD3L1jckPLS-P_7D17AhegJaosGyRVWXsAseE8dQEuER3ie3eNtXbwCDvOClxpjNQ7Vpewggiv8NmxD7RCQZZGC0Zrz8zLr9TYTQ8-spvRrZ1dptmueSRb4el-wmgmyMVCzUdJ1XlzqiGUcldD3KxHGatRMuqg7kN9ngPfhALw6idTy0QQseJiSBnXaaIIi0JHy8fdPR-wZORklrkl3xAnkuAsKibf-GJs7b7KoTae_ejioU_pmCPx-jrKFaaoO04EugGGtZxHqRd_S2eqKL8yHrabgiXnX529n6Q');
INSERT OR REPLACE INTO people (id, name, status, level, state, office, crime_description, summary, still_in_office, offense_year, conviction_year, event_date) VALUES ('john-moore', 'John Moore', 'alleged', 'state', 'MS', '', 'Sexual Harassment', 'John Moore chaired the State House Education Committee in the Mississippi House when he suddenly resigned for health concerns. However, the Speaker said he was facing sexual harassment allegations from several women.', NULL, NULL, NULL, '2017-12-12');
INSERT INTO crime_types (person_id, crime_type) VALUES ('john-moore', 'harassment');
INSERT INTO sources (person_id, url) VALUES ('john-moore', 'https://goppredators.wordpress.com/2022/10/23/342-john-moore/');
INSERT INTO sources (person_id, url) VALUES ('john-moore', 'https://www.clarionledger.com/story/news/politics/2017/12/11/john-moore-resignation-allegations-harassment-mississippi-legislature/940336001/');
INSERT INTO sources (person_id, url) VALUES ('john-moore', 'https://mississippitoday.org/2017/12/11/sexual-harassment-allegations-force-rep-john-moores-resignation/');
INSERT OR REPLACE INTO people (id, name, status, level, state, office, crime_description, summary, still_in_office, offense_year, conviction_year, event_date) VALUES ('tom-schedler', 'Tom Schedler', 'alleged', 'federal', 'LA', '', 'Sexual Harassment', 'Tom Schedler was the Louisiana Secretary of State. In 2018, he was sued for sexual harassment by his subordinate.', NULL, NULL, NULL, '2018-05-09');
INSERT INTO crime_types (person_id, crime_type) VALUES ('tom-schedler', 'harassment');
INSERT INTO sources (person_id, url) VALUES ('tom-schedler', 'https://goppredators.wordpress.com/2022/10/23/341-tom-schedler/');
INSERT INTO sources (person_id, url) VALUES ('tom-schedler', 'https://www.theadvocate.com/baton_rouge/news/politics/article_6e4e18b8-48c2-11e8-b673-3733a44a87bf.html?1524778620450');
INSERT INTO sources (person_id, url) VALUES ('tom-schedler', 'https://www.theadvocate.com/baton_rouge/news/politics/article_58ac1a66-49a1-11e8-9190-3fa9cdb411d1.html');
INSERT INTO sources (person_id, url) VALUES ('tom-schedler', 'https://www.theadvocate.com/baton_rouge/news/politics/article_10fb9484-4a51-11e8-a6c5-cbbe503d9535.html');
INSERT OR REPLACE INTO people (id, name, status, level, state, office, crime_description, summary, still_in_office, offense_year, conviction_year, event_date) VALUES ('bill-dix', 'Bill Dix', 'alleged', 'adjacent', 'IA', '', 'Organizational Cover-Up', 'Bill Dix was Majority Leader of the Iowa Senate when Kirsten Anderson was awarded $2.2 million in a sexual harassment suit. She settled for $1.75 million.', NULL, NULL, NULL, '2018-04-08');
INSERT INTO crime_types (person_id, crime_type) VALUES ('bill-dix', 'enablement');
INSERT INTO crime_types (person_id, crime_type) VALUES ('bill-dix', 'organizational-coverup');
INSERT INTO sources (person_id, url) VALUES ('bill-dix', 'https://goppredators.wordpress.com/2022/10/23/340-bill-dix/');
INSERT INTO sources (person_id, url) VALUES ('bill-dix', 'https://www.desmoinesregister.com/story/opinion/columnists/kathie-obradovich/2017/11/14/bill-dix-step-down-disastrous-news-conference-sex-harassment-case/864456001/');
INSERT INTO sources (person_id, url) VALUES ('bill-dix', 'https://www.desmoinesregister.com/story/opinion/columnists/kathie-obradovich/2018/03/12/bill-dixs-resignation-doesnt-solve-senate-gops-indifference-sexual-misconduct/417983002/');
INSERT OR REPLACE INTO people (id, name, status, level, state, office, crime_description, summary, still_in_office, offense_year, conviction_year, event_date) VALUES ('clint-reed', 'Clint Reed', 'alleged', 'adjacent', 'AR', '', 'Sexual Misconduct', 'Clint Reed was the Arkansas Republican Party director before he was hired by Sen. Mark Rubio as his Chief of Staff for sexual misconduct.', NULL, NULL, NULL, '2018-01-29');
INSERT INTO crime_types (person_id, crime_type) VALUES ('clint-reed', 'other');
INSERT INTO sources (person_id, url) VALUES ('clint-reed', 'https://goppredators.wordpress.com/2022/10/23/339-clint-reed/');
INSERT INTO sources (person_id, url) VALUES ('clint-reed', 'https://www.washingtonexaminer.com/marco-rubio-fires-chief-of-staff-amid-allegations-of-improper-conduct');
INSERT INTO sources (person_id, url) VALUES ('clint-reed', 'https://arktimes.com/arkansas-blog/2018/01/28/marco-rubio-fires-arkansan-clint-reed-as-chief-of-staff-for-improper-conduct');
INSERT INTO sources (person_id, url) VALUES ('clint-reed', 'https://www.politico.com/story/2018/01/28/rubio-fires-chief-of-staff-for-improper-relations-with-subordinates-373776');
INSERT OR REPLACE INTO people (id, name, status, level, state, office, crime_description, summary, still_in_office, offense_year, conviction_year, event_date) VALUES ('ritch-workman', 'Ritch Workman', 'alleged', 'state', 'FL', 'State Senator', 'Sexual Harassment', 'Florida Rep. Ritch Workman was appointed to the Public Service Commission that regulates Florida utilities but before he could serve, a state senator, a fellow Republican, came forward with an allegation of sexual misconduct.', NULL, NULL, NULL, '2017-12-05');
INSERT INTO crime_types (person_id, crime_type) VALUES ('ritch-workman', 'harassment');
INSERT INTO sources (person_id, url) VALUES ('ritch-workman', 'https://goppredators.wordpress.com/2022/10/23/338-ritch-workman/');
INSERT INTO sources (person_id, url) VALUES ('ritch-workman', 'https://www.miamiherald.com/news/politics-government/state-politics/article188042019.html#storylink=cpy');
INSERT INTO sources (person_id, url) VALUES ('ritch-workman', 'https://www.miamiherald.com/news/politics-government/state-politics/article188042019.html');
INSERT INTO sources (person_id, url) VALUES ('ritch-workman', 'https://www.floridatoday.com/story/opinion/2017/12/05/thumbs-down-national-story-hits-space-coast-ritch-workmans-alleged-vulgar-comments/921390001/');
INSERT OR REPLACE INTO people (id, name, status, level, state, office, crime_description, summary, still_in_office, offense_year, conviction_year, event_date) VALUES ('jack-tate', 'Jack Tate', 'alleged', 'state', 'CO', 'State Senator', 'Sexual Harassment', 'Jack Tate was a Republican state senator in Colorado when he was accused of sexual harassment. The accuser alleged he leered at her and made comments about what she was wearing.', NULL, NULL, NULL, '2018-03-30');
INSERT INTO crime_types (person_id, crime_type) VALUES ('jack-tate', 'harassment');
INSERT INTO sources (person_id, url) VALUES ('jack-tate', 'https://goppredators.wordpress.com/2022/10/23/337-jack-tate/');
INSERT INTO sources (person_id, url) VALUES ('jack-tate', 'https://www.denverpost.com/2018/03/29/jack-tate-sexual-harassment-letter/');
INSERT INTO sources (person_id, url) VALUES ('jack-tate', 'https://www.denverpost.com/2018/02/23/jack-tate-sexual-harassment-allegations/');
INSERT OR REPLACE INTO people (id, name, status, level, state, office, crime_description, summary, still_in_office, offense_year, conviction_year, event_date) VALUES ('larry-crowder', 'Larry Crowder', 'alleged', 'state', 'CO', 'State Senator', 'Sexual Harassment', 'Larry Crowder was a Colorado Republican state senator whose term ended when he was term limited out in 2021. He was accused of sexual harassment by a Democratic representative who alleged that he pinched her buttocks and made sexual comments.', NULL, NULL, NULL, '2018-02-10');
INSERT INTO crime_types (person_id, crime_type) VALUES ('larry-crowder', 'harassment');
INSERT INTO sources (person_id, url) VALUES ('larry-crowder', 'https://goppredators.wordpress.com/2022/10/22/336-larry-crowder/');
INSERT INTO sources (person_id, url) VALUES ('larry-crowder', 'https://www.aspenpublicradio.org/capitol-coverage-state/2018-02-08/colorado-sen-larry-crowder-accused-by-fellow-lawmaker-of-sexual-harassment');
INSERT INTO sources (person_id, url) VALUES ('larry-crowder', 'https://www.cbsnews.com/colorado/news/sexually-harassment-larry-crowder-susan-lontine/');
INSERT OR REPLACE INTO people (id, name, status, level, state, office, crime_description, summary, still_in_office, offense_year, conviction_year, event_date) VALUES ('mark-meadows', 'Mark Meadows', 'alleged', 'federal', 'NC', 'U.S. Congressman', 'Organization Cover-Up', 'Mark Meadows was a Republican Congressman from North Carolina before becoming Trump''s Chief of Staff. During his tenure in Congress, he was censured for his handling of sexual harassment complaints against his Chief of Staff Kenny West.', NULL, NULL, NULL, '2016-08-21');
INSERT INTO crime_types (person_id, crime_type) VALUES ('mark-meadows', 'enablement');
INSERT INTO crime_types (person_id, crime_type) VALUES ('mark-meadows', 'organizational-coverup');
INSERT INTO sources (person_id, url) VALUES ('mark-meadows', 'https://goppredators.wordpress.com/2022/10/22/335-mark-meadows/');
INSERT INTO sources (person_id, url) VALUES ('mark-meadows', 'https://www.congress.gov/congressional-report/115th-congress/house-report/1042/1?s=1&amp;r=5');
INSERT INTO sources (person_id, url) VALUES ('mark-meadows', 'https://www.usatoday.com/story/news/politics/elections/2018/11/16/ethics-panel-rebukes-gop-aide-over-sexual-harassment-aide/2027455002/');
INSERT INTO sources (person_id, url) VALUES ('mark-meadows', 'https://www.politico.com/story/2016/08/kenny-west-mark-meadows-harassment-227115');
INSERT OR REPLACE INTO people (id, name, status, level, state, office, crime_description, summary, still_in_office, offense_year, conviction_year, event_date) VALUES ('kenny-west', 'Kenny West', 'alleged', 'adjacent', 'NC', '', 'Sexual Harassment', 'Kenny West was the Chief of Staff for Rep. Mark Meadows of California.', NULL, NULL, NULL, '2015-10-18');
INSERT INTO crime_types (person_id, crime_type) VALUES ('kenny-west', 'harassment');
INSERT INTO sources (person_id, url) VALUES ('kenny-west', 'https://goppredators.wordpress.com/2022/10/22/334-kenny-west/');
INSERT INTO sources (person_id, url) VALUES ('kenny-west', 'https://www.huffpost.com/entry/mark-meadows-sexual-harassment-kenny-west_n_560f06eae4b0af3706e0fa1b');
INSERT INTO sources (person_id, url) VALUES ('kenny-west', 'https://pulse.ncpolicywatch.org/2015/10/08/nc-media-strangely-silent-on-sexual-harassment-scandal-involving-nc-congressmans-aide/');
INSERT OR REPLACE INTO people (id, name, status, level, state, office, crime_description, summary, still_in_office, offense_year, conviction_year, event_date) VALUES ('frank-hughes-high-school', 'Frank Hughes High School', 'alleged', 'state', 'TN', 'State Representative', 'Rape Culture', 'The administration of Frank Hughes High School handed out tee shirts that said ''Rep. David Byrd'', ''State Representative District 71.''and ''19'' to all the students and told them to wear them to the State Capitol on a field trip.', NULL, NULL, NULL, '2018-11-18');
INSERT INTO crime_types (person_id, crime_type) VALUES ('frank-hughes-high-school', 'rape');
INSERT INTO crime_types (person_id, crime_type) VALUES ('frank-hughes-high-school', 'harassment');
INSERT INTO sources (person_id, url) VALUES ('frank-hughes-high-school', 'https://goppredators.wordpress.com/2022/10/22/333-frank-hughes-high-school/');
INSERT INTO sources (person_id, url) VALUES ('frank-hughes-high-school', 'https://apnews.com/article/f484e9d34ad4420e8348a3b240aad67d');
INSERT INTO sources (person_id, url) VALUES ('frank-hughes-high-school', 'https://www.tennessean.com/story/news/politics/2018/10/15/tennessee-elections-wayne-county-seniors-given-david-byrd-t-shirts-capitol-field-trip/1652876002/');
INSERT OR REPLACE INTO people (id, name, status, level, state, office, crime_description, summary, still_in_office, offense_year, conviction_year, event_date) VALUES ('david-byrd', 'David Byrd', 'alleged', 'state', 'TN', 'State Representative', 'Sexual Misconduct with chris Minors', 'David Byrd is a Tennessee state representative. He has been re-elected since three women came forward and alleged he sexually assaulted them when they were on the high school basketball team while he was their coach.', NULL, NULL, NULL, '2019-11-13');
INSERT INTO crime_types (person_id, crime_type) VALUES ('david-byrd', 'other');
INSERT INTO sources (person_id, url) VALUES ('david-byrd', 'https://goppredators.wordpress.com/2022/10/21/332-david-byrd/');
INSERT INTO sources (person_id, url) VALUES ('david-byrd', 'https://www.tennessean.com/story/news/local/2019/02/20/david-byrd-tennessee-allegations/2927612002/');
INSERT INTO sources (person_id, url) VALUES ('david-byrd', 'https://fox17.com/news/local/accused-tennessee-lawmaker-david-byrd-reverses-will-seek-reelection');
INSERT OR REPLACE INTO people (id, name, status, level, state, office, crime_description, summary, still_in_office, offense_year, conviction_year, event_date) VALUES ('craig-rowland', 'Craig Rowland', 'convicted', 'local', 'ID', '', 'Rape Culture', 'Craig Rowland, Bingham County, Idaho''s Republican sheriff, was asked by a reporter about an Idaho bill that would require local police and county sheriffs to submit DNA evidence collected from rape victims within 30 days so it can be analyzed. The bill passed unanimously.', NULL, NULL, NULL, '2016-03-20');
INSERT INTO crime_types (person_id, crime_type) VALUES ('craig-rowland', 'rape');
INSERT INTO crime_types (person_id, crime_type) VALUES ('craig-rowland', 'harassment');
INSERT INTO sources (person_id, url) VALUES ('craig-rowland', 'https://goppredators.wordpress.com/2022/10/21/331-craig-rowland/');
INSERT INTO sources (person_id, url) VALUES ('craig-rowland', 'https://localnews8.com/news/2016/03/17/local-sheriff-reacts-to-rape-kit-legislation/');
INSERT INTO sources (person_id, url) VALUES ('craig-rowland', 'https://www.washingtonpost.com/news/wonk/wp/2016/03/18/idaho-sheriff-said-most-rape-victims-hes-worked-with-are-lying-the-numbers-disagree/');
INSERT INTO sources (person_id, url) VALUES ('craig-rowland', 'https://www.eastidahonews.com/2022/08/former-bingham-county-sheriff-pleads-guilty-to-aggravated-assault/');
INSERT OR REPLACE INTO people (id, name, status, level, state, office, crime_description, summary, still_in_office, offense_year, conviction_year, event_date) VALUES ('seth-carey', 'Seth Carey', 'charged', 'adjacent', 'ME', 'Judge', 'Stalking, Harassment', 'Seth Carey is a Maine Republican. He ran for DA for Androscoggin, Oxford and Franklin counties after a judge found that he had made unwanted sexual advances three times to a woman living in his home.', NULL, NULL, NULL, '2018-04-03');
INSERT INTO crime_types (person_id, crime_type) VALUES ('seth-carey', 'harassment');
INSERT INTO crime_types (person_id, crime_type) VALUES ('seth-carey', 'stalking');
INSERT INTO sources (person_id, url) VALUES ('seth-carey', 'https://goppredators.wordpress.com/2022/10/21/330-seth-carey/');
INSERT INTO sources (person_id, url) VALUES ('seth-carey', 'https://www.pressherald.com/2018/10/21/da-contender-seth-careys-checkered-past-the-key-issue-in-race/?rel=related');
INSERT INTO sources (person_id, url) VALUES ('seth-carey', 'https://www.centralmaine.com/2022/03/15/seth-carey-plans-to-run-for-district-attorney-again/');
INSERT OR REPLACE INTO people (id, name, status, level, state, office, crime_description, summary, still_in_office, offense_year, conviction_year, event_date) VALUES ('scott-baio', 'Scott Baio', 'charged', 'adjacent', 'CA', 'Political Activist', 'Sexual Assault', 'Scott Baio is a former actor. Chachi of Happy Days .', NULL, NULL, NULL, '2018-02-16');
INSERT INTO crime_types (person_id, crime_type) VALUES ('scott-baio', 'assault');
INSERT INTO sources (person_id, url) VALUES ('scott-baio', 'https://goppredators.wordpress.com/2022/10/20/329-scott-baio/');
INSERT INTO sources (person_id, url) VALUES ('scott-baio', 'https://variety.com/2018/tv/news/nicole-eggert-scott-baio-sexual-abuse-megyn-kelly-interview-1202681478/');
INSERT INTO sources (person_id, url) VALUES ('scott-baio', 'https://www.mercurynews.com/2018/05/24/scott-baio-wont-be-charged-in-sexual-assault-case-though-d-a-may-believe-nicole-eggerts-claims/');
INSERT INTO sources (person_id, url) VALUES ('scott-baio', 'https://www.theatlantic.com/entertainment/archive/2019/06/fixing-statute-limitation-laws-child-sexual-abuse/592627/');
INSERT INTO sources (person_id, url) VALUES ('scott-baio', 'https://www.mercurynews.com/2018/05/24/scott-baio-wont-be-charged-in-sexual-assault-case-though-d-a-may-believe-nicole-eggerts-claims/?share=facebook&amp;nb=1');
INSERT OR REPLACE INTO people (id, name, status, level, state, office, crime_description, summary, still_in_office, offense_year, conviction_year, event_date) VALUES ('james-rosen', 'James Rosen', 'alleged', 'adjacent', 'DC', '', 'Sexual Harassment', 'James Rosen was FOX New''s chief Washington correspondent. He was ousted in December 2017 without an explanation.', NULL, NULL, NULL, '2018-05-14');
INSERT INTO crime_types (person_id, crime_type) VALUES ('james-rosen', 'harassment');
INSERT INTO sources (person_id, url) VALUES ('james-rosen', 'https://goppredators.wordpress.com/2022/10/20/328-james-rosen/');
INSERT INTO sources (person_id, url) VALUES ('james-rosen', 'https://www.thewrap.com/fox-news-james-rosen-was-ousted-after-sexual-harassment-accusations-report/');
INSERT INTO sources (person_id, url) VALUES ('james-rosen', 'https://www.npr.org/2018/01/10/577093288/top-fox-news-d-c-reporter-james-rosen-left-network-after-harassment-claims');
INSERT OR REPLACE INTO people (id, name, status, level, state, office, crime_description, summary, still_in_office, offense_year, conviction_year, event_date) VALUES ('alex-jones', 'Alex Jones', 'alleged', 'adjacent', 'TX', '', 'Sexual Harassment, Assault,', 'Alex Jones is the Republican conspiracy theorist who founded InfoWars and made a fortune feeding off the pain of Sandy Hook families by lying and claiming their children didn''t die and that it was all fake, inciting attacks, harassment, and threats of violence against them. He is an indecent man wit', NULL, NULL, NULL, '2017-04-21');
INSERT INTO crime_types (person_id, crime_type) VALUES ('alex-jones', 'harassment');
INSERT INTO sources (person_id, url) VALUES ('alex-jones', 'https://goppredators.wordpress.com/2022/10/20/327-alex-jones/');
INSERT INTO sources (person_id, url) VALUES ('alex-jones', 'https://forward.com/fast-forward/395606/alex-jones-accused-of-anti-semitism-sexual-harassment/');
INSERT INTO sources (person_id, url) VALUES ('alex-jones', 'https://apnews.com/article/f27b8a34e36640acbc4bb33197d9632b');
INSERT INTO sources (person_id, url) VALUES ('alex-jones', 'https://www.courthousenews.com/alex-jones-sanctioned-after-calling-child-porn-a-set-up/');
INSERT OR REPLACE INTO people (id, name, status, level, state, office, crime_description, summary, still_in_office, offense_year, conviction_year, event_date) VALUES ('larry-cotton', 'Larry Cotton', 'alleged', 'adjacent', 'TX', 'Pastor', 'Organizational Cover-Up', 'Larry Cotton was Associate Pastor at Parkway Baptist Church when the seventeen-year-old Jules Woodson came to him and told him that the youth pastor had forced her to give him oral sex the night before. Instead of being concerned about the teenager who has just been sexually assaulted, he attacked h', NULL, NULL, NULL, '2018-01-05');
INSERT INTO crime_types (person_id, crime_type) VALUES ('larry-cotton', 'enablement');
INSERT INTO crime_types (person_id, crime_type) VALUES ('larry-cotton', 'organizational-coverup');
INSERT INTO sources (person_id, url) VALUES ('larry-cotton', 'https://goppredators.wordpress.com/2022/10/19/326-larry-cotton/');
INSERT INTO sources (person_id, url) VALUES ('larry-cotton', 'https://watchkeep.org/2018/01/silent-no-more-a-survivor-of-sexual-assault-by-prominent-memphis-pastor-andy-savage-shares-her-story-metoo-churchtoo-silenceisnotspiritual/');
INSERT INTO sources (person_id, url) VALUES ('larry-cotton', 'https://www.statesman.com/story/news/2018/01/11/austin-church-director-accused-of-covering-up-sexual-incident-on-leave/10144342007/');
INSERT OR REPLACE INTO people (id, name, status, level, state, office, crime_description, summary, still_in_office, offense_year, conviction_year, event_date) VALUES ('chris-conlee', 'Chris Conlee', 'alleged', 'adjacent', 'TN', 'Pastor', 'Organizational Cover-Up', 'Chris Conlee was the pastor at Highpoint Church in Memphis, Tennessee. He supervised Andy Savage [See GOP Predators 324: Andy Savage.', NULL, NULL, NULL, '2018-07-13');
INSERT INTO crime_types (person_id, crime_type) VALUES ('chris-conlee', 'enablement');
INSERT INTO crime_types (person_id, crime_type) VALUES ('chris-conlee', 'organizational-coverup');
INSERT INTO sources (person_id, url) VALUES ('chris-conlee', 'https://goppredators.wordpress.com/2022/10/19/325-chris-conlee/');
INSERT INTO sources (person_id, url) VALUES ('chris-conlee', 'https://watchkeep.org/2018/01/silent-no-more-a-survivor-of-sexual-assault-by-prominent-memphis-pastor-andy-savage-shares-her-story-metoo-churchtoo-silenceisnotspiritual/');
INSERT INTO sources (person_id, url) VALUES ('chris-conlee', 'https://ministrywatch.com/pastor-who-hired-supported-staff-member-accused-of-sexual-abuse-starts-new-church/');
INSERT OR REPLACE INTO people (id, name, status, level, state, office, crime_description, summary, still_in_office, offense_year, conviction_year, event_date) VALUES ('andy-savage', 'Andy Savage', 'alleged', 'adjacent', 'TN', 'Pastor', 'Child Molestation', 'Andy Savage sexually assaulted a seventeen-year-old girl when he was a youth pastor in 1998. At the time, she reported it to his supervisor the next day who decided since she complied with Savage''s coercion, she was a willing participant.', NULL, NULL, NULL, '2018-03-22');
INSERT INTO crime_types (person_id, crime_type) VALUES ('andy-savage', 'child-molestation');
INSERT INTO sources (person_id, url) VALUES ('andy-savage', 'https://goppredators.wordpress.com/2022/10/19/324-andy-savage/');
INSERT INTO sources (person_id, url) VALUES ('andy-savage', 'https://watchkeep.org/2018/01/silent-no-more-a-survivor-of-sexual-assault-by-prominent-memphis-pastor-andy-savage-shares-her-story-metoo-churchtoo-silenceisnotspiritual/');
INSERT INTO sources (person_id, url) VALUES ('andy-savage', 'https://wpln.org/post/when-southern-baptist-women-reported-sexual-abuse-a-man-almost-always-decided-what-to-do/');
INSERT INTO sources (person_id, url) VALUES ('andy-savage', 'https://www.nytimes.com/2018/03/09/opinion/jules-woodson-andy-savage-assault.html');
INSERT INTO sources (person_id, url) VALUES ('andy-savage', 'https://www.actionnews5.com/2019/10/29/embattled-memphis-pastor-andy-savage-files-state-documents-set-up-new-church/');
INSERT OR REPLACE INTO people (id, name, status, level, state, office, crime_description, summary, still_in_office, offense_year, conviction_year, event_date) VALUES ('ed-crane', 'Ed Crane', 'alleged', 'state', 'DC', '', 'Sexual Harassment', 'Ed Crane was co-founder of the Cato Institute . That makes him a Libertarian, not a Republican but until Trumpism, he was mostly aligned with Republicans.', NULL, NULL, NULL, NULL);
INSERT INTO crime_types (person_id, crime_type) VALUES ('ed-crane', 'harassment');
INSERT INTO sources (person_id, url) VALUES ('ed-crane', 'https://goppredators.wordpress.com/2022/10/17/323-ed-crane/');
INSERT INTO sources (person_id, url) VALUES ('ed-crane', 'https://www.politico.com/story/2018/02/08/ed-crane-cato-institute-sexual-harassment-398989');
INSERT INTO sources (person_id, url) VALUES ('ed-crane', 'https://thehill.com/blogs/blog-briefing-room/news/373024-multiple-former-employees-say-cato-institute-chief-sexually/');
INSERT INTO sources (person_id, url) VALUES ('ed-crane', 'https://nymag.com/intelligencer/2018/02/libertarian-think-tank-let-boss-sexually-harass-workers.html');
INSERT INTO sources (person_id, url) VALUES ('ed-crane', 'https://www.influencewatch.org/non-profit/cato-institute/');
INSERT OR REPLACE INTO people (id, name, status, level, state, office, crime_description, summary, still_in_office, offense_year, conviction_year, event_date) VALUES ('nick-sauer', 'Nick Sauer', 'charged', 'state', 'IL', '', 'Revenge Porn', 'Nick Sauer is a Republican politician who once served on the Lake County Board in Illinois and represented the 51st district in the Illinois House of Representatives. He was a member of the House Sexual Harassment and Discrimination Task Force.', NULL, NULL, NULL, '2018-08-02');
INSERT INTO crime_types (person_id, crime_type) VALUES ('nick-sauer', 'other');
INSERT INTO sources (person_id, url) VALUES ('nick-sauer', 'https://goppredators.wordpress.com/2022/10/17/322-nick-sauer/');
INSERT INTO sources (person_id, url) VALUES ('nick-sauer', 'https://circuitclerk.lakecountyil.gov/publicAccess/html/common/index.xhtml');
INSERT INTO sources (person_id, url) VALUES ('nick-sauer', 'https://www.politico.com/story/2018/08/01/illinois-lawmaker-nude-photos-754563');
INSERT INTO sources (person_id, url) VALUES ('nick-sauer', 'https://content.govdelivery.com/accounts/ILLAKE/bulletins/2270723');
INSERT INTO sources (person_id, url) VALUES ('nick-sauer', 'https://newschannel20.com/news/local/bond-set-for-ex-lawmaker-charged-with-posting-sexual-images');
INSERT INTO sources (person_id, url) VALUES ('nick-sauer', 'https://www.dailyherald.com/news/20190109/former-state-rep-nick-sauer-indicted-on-charges-he-posted-nude-photos-of-2-women');
INSERT OR REPLACE INTO people (id, name, status, level, state, office, crime_description, summary, still_in_office, offense_year, conviction_year, event_date) VALUES ('mark-halperin', 'Mark Halperin', 'alleged', 'adjacent', 'NY', '', 'Sexual Harassment', 'Mark Halperin was a conservative news reporter who worked for ABC, Bloomberg, MSNBC, NBC, and PBS. He now works for NewsMax, a newish news channel founded for people who think FOX is too liberal.', NULL, NULL, NULL, '2017-10-27');
INSERT INTO crime_types (person_id, crime_type) VALUES ('mark-halperin', 'harassment');
INSERT INTO sources (person_id, url) VALUES ('mark-halperin', 'https://goppredators.wordpress.com/2022/10/16/321-mark-halperin/');
INSERT INTO sources (person_id, url) VALUES ('mark-halperin', 'https://www.thedailybeast.com/newsmax-turns-to-accused-serial-sexual-harasser-mark-halperin-to-discuss-matt-gaetz');
INSERT INTO sources (person_id, url) VALUES ('mark-halperin', 'https://www.thecut.com/2020/02/mark-halperin-says-canceled-men-treated-worse-than-murderers.html');
INSERT INTO sources (person_id, url) VALUES ('mark-halperin', 'https://www.politico.com/story/2017/10/26/mark-halperin-accusations-sexual-harassment-244196');
INSERT OR REPLACE INTO people (id, name, status, level, state, office, crime_description, summary, still_in_office, offense_year, conviction_year, event_date) VALUES ('michael-moates', 'Michael Moates', 'alleged', 'adjacent', 'TX', '', 'Soliciting Minors', 'Michael Moates is a right-wing blogger/journalist who founded D.C. Chronicle, a site that is now, appropriately, a porn site.', NULL, NULL, NULL, NULL);
INSERT INTO crime_types (person_id, crime_type) VALUES ('michael-moates', 'solicitation');
INSERT INTO sources (person_id, url) VALUES ('michael-moates', 'https://goppredators.wordpress.com/2022/10/16/320-michael-moates/');
INSERT INTO sources (person_id, url) VALUES ('michael-moates', 'https://www.washingtonexaminer.com/author/michael-moates');
INSERT INTO sources (person_id, url) VALUES ('michael-moates', 'https://www.thedailybeast.com/michael-moates-qanon-guy-accused-of-inappropriately-texting-teens-quits-campaign?source=TDB&amp;via=FB_Page&amp;fbclid=IwAR1CTffO0JVE4Z_k9k933n7kOCzx3jOEa0G-pM3cPkmbdBfNkziiay2siZg');
INSERT INTO sources (person_id, url) VALUES ('michael-moates', 'https://heavy.com/news/2018/12/michael-moates/');
INSERT INTO sources (person_id, url) VALUES ('michael-moates', 'https://www.rightwingwatch.org/post/underage-girls-allege-that-michael-moates-sent-them-inappropriate-messages/');
INSERT INTO sources (person_id, url) VALUES ('michael-moates', 'https://washingtonpress.com/2018/10/09/a-prominent-media-of-the-pro-trump-media-just-got-busted-sending-lewd-messages-to-underage-girls-2/');
INSERT OR REPLACE INTO people (id, name, status, level, state, office, crime_description, summary, still_in_office, offense_year, conviction_year, event_date) VALUES ('steve-watkins', 'Steve Watkins', 'charged', 'federal', 'KS', 'U.S. Congressman', 'Sexual Harassment', 'Steve Watkins was a one-term Congressman from Kansas. During his 2016 race, he told several lies about his background, claiming endorsements and compliments that were not uttered.', NULL, NULL, NULL, NULL);
INSERT INTO crime_types (person_id, crime_type) VALUES ('steve-watkins', 'harassment');
INSERT INTO sources (person_id, url) VALUES ('steve-watkins', 'https://goppredators.wordpress.com/2022/10/16/319-steve-watkins/');
INSERT INTO sources (person_id, url) VALUES ('steve-watkins', 'https://en.wikipedia.org/wiki/Steve_Watkins');
INSERT INTO sources (person_id, url) VALUES ('steve-watkins', 'https://www.cjonline.com/story/news/politics/elections/2018/10/26/steve-watkins-gop-candidate-for-congress-confronts-allegations-of-sexual-misconduct/9438705007/');
INSERT OR REPLACE INTO people (id, name, status, level, state, office, crime_description, summary, still_in_office, offense_year, conviction_year, event_date) VALUES ('frank-sapareto', 'Frank Sapareto', 'convicted', 'state', 'NH', 'State Representative', 'Assault', 'Frank Sapareto was a New Hampshire Republican state representative. He was elected even though he was convicted of three counts of assault in 2013.', NULL, NULL, 2013, '2018-10-30');
INSERT INTO crime_types (person_id, crime_type) VALUES ('frank-sapareto', 'other');
INSERT INTO sources (person_id, url) VALUES ('frank-sapareto', 'https://goppredators.wordpress.com/2022/10/15/318-frank-sapareto/');
INSERT INTO sources (person_id, url) VALUES ('frank-sapareto', 'https://www.fosters.com/story/news/2016/12/21/nh-state-rep-convicted-of-assault-given-top-criminal-justice-post/23386145007/');
INSERT INTO sources (person_id, url) VALUES ('frank-sapareto', 'https://insidesources.com/nsfw-clip-from-cream-pie-apocalypse-appears-to-back-rep-saparetos-accusers-lawsuit/');
INSERT INTO sources (person_id, url) VALUES ('frank-sapareto', 'https://insidesources.com/attorney-says-poor-performance-in-porn-shoot-sparked-gop-pols-violence/');
INSERT OR REPLACE INTO people (id, name, status, level, state, office, crime_description, summary, still_in_office, offense_year, conviction_year, event_date) VALUES ('graham-jorgensen', 'Graham Jorgensen', 'convicted', 'adjacent', 'WA', '', 'Domestic Violence', 'Graham Jorgensen is a Vancouver, WA, Proud Boys member. He is also been convicted of domestic abuse and stalking.', NULL, NULL, NULL, NULL);
INSERT INTO crime_types (person_id, crime_type) VALUES ('graham-jorgensen', 'domestic-violence');
INSERT INTO sources (person_id, url) VALUES ('graham-jorgensen', 'https://goppredators.wordpress.com/2022/10/15/317-graham-jorgensen/');
INSERT INTO sources (person_id, url) VALUES ('graham-jorgensen', 'https://www.wweek.com/news/courts/2018/12/19/the-national-unraveling-of-the-proud-boys-began-in-vancouver-wash-with-a-revenge-plot-by-an-ex-boyfriend/');
INSERT INTO sources (person_id, url) VALUES ('graham-jorgensen', 'https://rosecityantifa.org/articles/pb-4/#graham-jorgensen');
INSERT INTO sources (person_id, url) VALUES ('graham-jorgensen', 'https://www.nbcnews.com/news/us-news/boy-girls-white-nationalism-proud-groups-labeled-extremist-newly-revealed-n938546');
INSERT OR REPLACE INTO people (id, name, status, level, state, office, crime_description, summary, still_in_office, offense_year, conviction_year, event_date) VALUES ('tyler-smith', 'Tyler Smith', 'convicted', 'adjacent', 'WA', '', 'Child Molestation', 'Tyler Smith, a member of right-wing militia group Patriot Prayer, was featured in the reality show in Season 3, Episode 4 of Doomsday Preppers , a show that amplifies the paranoid, reactionary, and the radical right. His group is called The Marauders because they plan to steal their supplies.', NULL, NULL, 2009, '2014-01-17');
INSERT INTO crime_types (person_id, crime_type) VALUES ('tyler-smith', 'child-molestation');
INSERT INTO sources (person_id, url) VALUES ('tyler-smith', 'https://goppredators.wordpress.com/2022/10/15/316-tyler-smith/');
INSERT INTO sources (person_id, url) VALUES ('tyler-smith', 'https://en.wikipedia.org/wiki/Doomsday_Preppers');
INSERT INTO sources (person_id, url) VALUES ('tyler-smith', 'https://www.theorganicprepper.com/doomsday-prepper-and-convicted-felon-tyler-smith-jailed-for-illegal-firearms/');
INSERT INTO sources (person_id, url) VALUES ('tyler-smith', 'https://www.king5.com/article/news/crime/pierce-co-doomsday-prepper-arrested-for-possessing-guns/281-246752299');
INSERT INTO sources (person_id, url) VALUES ('tyler-smith', 'https://www.splcenter.org/hatewatch/2014/01/21/doomsday-prepper-arrested-gun-charges-washington-state');
INSERT INTO sources (person_id, url) VALUES ('tyler-smith', 'https://www.huffpost.com/entry/tyler-smith_n_4612865');
INSERT OR REPLACE INTO people (id, name, status, level, state, office, crime_description, summary, still_in_office, offense_year, conviction_year, event_date) VALUES ('matthew-8220-deme-8221-cooper', 'Matthew &#8220;Deme&#8221; Cooper', 'charged', 'adjacent', 'WA', '', 'Child Molestation', 'Matthew Demetrius Cooper is a member of Patriot Prayer, one of the far right militia groups "standing by" to wage war on the United States. When he was in Virginia and was charged with two counts of raping a child.', NULL, NULL, NULL, NULL);
INSERT INTO crime_types (person_id, crime_type) VALUES ('matthew-8220-deme-8221-cooper', 'child-molestation');
INSERT INTO sources (person_id, url) VALUES ('matthew-8220-deme-8221-cooper', 'https://goppredators.wordpress.com/2022/10/13/315-matthew-deme-cooper/');
INSERT INTO sources (person_id, url) VALUES ('matthew-8220-deme-8221-cooper', 'https://www.wweek.com/news/2019/10/01/this-portland-cider-maker-fights-fascists-we-asked-how-his-business-became-the-antifascist-pub-and-whether-or-not-it-was-worth-it/');
INSERT INTO sources (person_id, url) VALUES ('matthew-8220-deme-8221-cooper', 'https://leftcoastrightwatch.org/articles/when-a-portland-trans-woman-was-attacked-a-patriot-prayer-associate-apaprently-claimed-responsibility-and-another-harassed-her-gofundme/');
INSERT INTO sources (person_id, url) VALUES ('matthew-8220-deme-8221-cooper', 'https://rosecityantifa.org/articles/csc/');
INSERT OR REPLACE INTO people (id, name, status, level, state, office, crime_description, summary, still_in_office, offense_year, conviction_year, event_date) VALUES ('scott-paul-beierle', 'Scott Paul Beierle', 'charged', 'adjacent', 'FL', '', 'Sexual Assault, Murder', 'Scott Beierle was a member of FSU Republicans and the Facebook group We Are Conservatives. He also was an open misogynist and racist who posted hate-filled videos on YouTube ranting against women and interracial marriage.', NULL, NULL, NULL, '2019-06-09');
INSERT INTO crime_types (person_id, crime_type) VALUES ('scott-paul-beierle', 'assault');
INSERT INTO crime_types (person_id, crime_type) VALUES ('scott-paul-beierle', 'murder');
INSERT INTO sources (person_id, url) VALUES ('scott-paul-beierle', 'https://goppredators.wordpress.com/2022/10/13/314-scott-paul-beierle/');
INSERT INTO sources (person_id, url) VALUES ('scott-paul-beierle', 'https://www.buzzfeednews.com/article/davidmack/tallahassee-yoga-shooter-incel-far-right-misogyny-video');
INSERT INTO sources (person_id, url) VALUES ('scott-paul-beierle', 'https://www.washingtontimes.com/news/2018/nov/5/yoga-studio-owner-shattered-and-horrified-by-shoot/');
INSERT INTO sources (person_id, url) VALUES ('scott-paul-beierle', 'https://www.nbcnews.com/politics/politics-news/gunman-attacked-florida-yoga-studio-gave-decades-warning-signs-secret-rcna19883');
INSERT OR REPLACE INTO people (id, name, status, level, state, office, crime_description, summary, still_in_office, offense_year, conviction_year, event_date) VALUES ('devon-mathis', 'Devon Mathis', 'alleged', 'adjacent', 'CA', '', 'Sexual Harassment', 'Devon Mathis is a Republican Assemblyman in California, representing a California Central Valley district. He has faced scrutiny a few times.', NULL, NULL, NULL, '2018-07-13');
INSERT INTO crime_types (person_id, crime_type) VALUES ('devon-mathis', 'harassment');
INSERT INTO sources (person_id, url) VALUES ('devon-mathis', 'https://goppredators.wordpress.com/2022/10/13/313-devon-mathis/');
INSERT INTO sources (person_id, url) VALUES ('devon-mathis', 'https://www.sacbee.com/news/politics-government/capitol-alert/article185109988.html');
INSERT INTO sources (person_id, url) VALUES ('devon-mathis', 'https://www.ourvalleyvoice.com/2017/11/13/resignation-letter-reveals-alleged-sexual-harassment-and-unfair-pay-by-assemblyman-mathis/');
INSERT INTO sources (person_id, url) VALUES ('devon-mathis', 'https://www.thedailybeast.com/she-wanted-it-california-lawmaker-sexually-harassed-assaulted-staffers-lawsuit-claims');
INSERT INTO sources (person_id, url) VALUES ('devon-mathis', 'https://www.ourvalleyvoice.com/2021/06/04/mathis-facing-renewed-harassment-lawsuit/');
INSERT INTO sources (person_id, url) VALUES ('devon-mathis', 'https://www.cbsnews.com/sacramento/news/assemblyman-devon-mathis-investigation/');
INSERT OR REPLACE INTO people (id, name, status, level, state, office, crime_description, summary, still_in_office, offense_year, conviction_year, event_date) VALUES ('ryan-nawrocki', 'Ryan Nawrocki', 'alleged', 'adjacent', 'MD', '', 'Domestic Violence', 'Ryan Nawrocki was the Republican candidate for Baltimore County, Maryland''s Sixth District council race. However, a past police report leaves questions.', NULL, NULL, NULL, '2018-11-07');
INSERT INTO crime_types (person_id, crime_type) VALUES ('ryan-nawrocki', 'domestic-violence');
INSERT INTO sources (person_id, url) VALUES ('ryan-nawrocki', 'https://goppredators.wordpress.com/2022/10/13/312-ryan-nawrocki/');
INSERT INTO sources (person_id, url) VALUES ('ryan-nawrocki', 'https://elections.maryland.gov/elections/2018/results/general/gen_results_2018_2_by_county_04-1.html');
INSERT INTO sources (person_id, url) VALUES ('ryan-nawrocki', 'https://digitaledition.baltimoresun.com/tribune/article_popover.aspx?guid=51fa3341-195d-4469-a2cb-6224fb0197cc');
INSERT OR REPLACE INTO people (id, name, status, level, state, office, crime_description, summary, still_in_office, offense_year, conviction_year, event_date) VALUES ('david-w-coderre', 'David W. Coderre', 'alleged', 'adjacent', 'CT', '', 'Domestic Violence', 'David W. Coderre (CT): Domestic Violence.', NULL, NULL, NULL, NULL);
INSERT INTO crime_types (person_id, crime_type) VALUES ('david-w-coderre', 'domestic-violence');
INSERT INTO sources (person_id, url) VALUES ('david-w-coderre', 'https://goppredators.wordpress.com/2026/03/13/311-david-w-coderre/');
INSERT OR REPLACE INTO people (id, name, status, level, state, office, crime_description, summary, still_in_office, offense_year, conviction_year, event_date) VALUES ('anthony-pappas', 'Anthony Pappas', 'alleged', 'adjacent', 'NY', '', 'Domestic Violence', 'Anthony Pappas was the Republican candidate taking on Alexandra Ocasio-Cortez. His ex-wife accused him of domestic violence and has a 20-year restraining order after he broke her jaw.', NULL, NULL, NULL, '2018-07-18');
INSERT INTO crime_types (person_id, crime_type) VALUES ('anthony-pappas', 'domestic-violence');
INSERT INTO sources (person_id, url) VALUES ('anthony-pappas', 'https://goppredators.wordpress.com/2022/10/10/310-anthony-pappas/');
INSERT INTO sources (person_id, url) VALUES ('anthony-pappas', 'https://nypost.com/2018/10/30/gop-ditches-ocasio-cortezs-opponent-after-domestic-violence-claims-surface/');
INSERT INTO sources (person_id, url) VALUES ('anthony-pappas', 'https://www.bxtimes.com/gop-congressional-candidate-anthony-pappas-faces-abuse-allegations/');
INSERT OR REPLACE INTO people (id, name, status, level, state, office, crime_description, summary, still_in_office, offense_year, conviction_year, event_date) VALUES ('jason-lewis', 'Jason Lewis', 'alleged', 'adjacent', 'MN', '', 'Rape Culture', 'Jason Lewis had a conservative radio show before he ran for Congress. He served one term and lost by 5 points.', NULL, NULL, NULL, '2020-10-04');
INSERT INTO crime_types (person_id, crime_type) VALUES ('jason-lewis', 'rape');
INSERT INTO crime_types (person_id, crime_type) VALUES ('jason-lewis', 'harassment');
INSERT INTO sources (person_id, url) VALUES ('jason-lewis', 'https://goppredators.wordpress.com/2022/10/10/309-jason-lewis/');
INSERT INTO sources (person_id, url) VALUES ('jason-lewis', 'https://www.cnn.com/2018/10/19/politics/kfile-jason-lewis-radio-comments-sexual-harassment');
INSERT INTO sources (person_id, url) VALUES ('jason-lewis', 'https://slate.com/news-and-politics/2018/10/jason-lewis-mock-sexual-harassment-herman-cain.html');
INSERT INTO sources (person_id, url) VALUES ('jason-lewis', 'https://emilyslist.org/news/entry/emilys-list-statement-on-rep.-jason-lewis-comments-mocking-sexual-assault-s');
INSERT OR REPLACE INTO people (id, name, status, level, state, office, crime_description, summary, still_in_office, offense_year, conviction_year, event_date) VALUES ('brian-linder', 'Brian Linder', 'alleged', 'state', 'KY', '', 'Sexual Harassment', 'Brian Linder is another Kentucky legislator who settled with a woman who complained of sexual harassment. He served from 2013 ro 2019.', NULL, NULL, NULL, '2018-03-06');
INSERT INTO crime_types (person_id, crime_type) VALUES ('brian-linder', 'harassment');
INSERT INTO sources (person_id, url) VALUES ('brian-linder', 'https://goppredators.wordpress.com/2022/10/10/308-brian-linder/');
INSERT INTO sources (person_id, url) VALUES ('brian-linder', 'https://www.cincinnati.com/story/news/local/boone-county/2017/11/08/nky-lawmaker-admits-signing-sex-harassment-settlement/845169001/');
INSERT INTO sources (person_id, url) VALUES ('brian-linder', 'https://www.washingtonpost.com/news/powerpost/wp/2017/11/05/kentucky-lawmakers-allegedly-settled-a-sexual-harassment-claim-the-governor-wants-them-to-resign/');
INSERT INTO sources (person_id, url) VALUES ('brian-linder', 'https://www.nkytribune.com/2017/11/rep-brian-linder-says-he-did-sign-settlement-with-staffer-on-sexual-harassment-accusations/');
INSERT OR REPLACE INTO people (id, name, status, level, state, office, crime_description, summary, still_in_office, offense_year, conviction_year, event_date) VALUES ('michael-meredith', 'Michael Meredith', 'alleged', 'state', 'KY', '', 'Sexual Harassment', 'Michael Meredith is one of the Kentucky representatives who settled a sexual harassment suit. According to the deposition, Meredith approached the woman and her supervisor and screamed at them asking why they would not fuck him, begging the woman to have sex with him.', NULL, NULL, NULL, '2017-12-01');
INSERT INTO crime_types (person_id, crime_type) VALUES ('michael-meredith', 'harassment');
INSERT INTO sources (person_id, url) VALUES ('michael-meredith', 'https://goppredators.wordpress.com/2022/10/10/307-michael-meredith/');
INSERT INTO sources (person_id, url) VALUES ('michael-meredith', 'https://www.courier-journal.com/story/news/politics/2018/12/06/kentucky-rep-michael-meredith-leadership-restored-after-sexual-harassment-case/2224243002/');
INSERT INTO sources (person_id, url) VALUES ('michael-meredith', 'https://www.bgdailynews.com/news/report-deposition-details-harassment-claims-against-meredith-decesare/article_203e23a4-4625-570b-822e-760baec11ef4.html');
INSERT OR REPLACE INTO people (id, name, status, level, state, office, crime_description, summary, still_in_office, offense_year, conviction_year, event_date) VALUES ('james-decesare', 'James DeCesare', 'alleged', 'state', 'KY', 'State Representative', 'Sexual Harassment', 'James DeCesare was a Kentucky state representative from 2005 to 2018. He was one of several Kentucky legislators who were accused of sexual harassment who settled a lawsuit with the accuser.', NULL, NULL, NULL, '2017-11-11');
INSERT INTO crime_types (person_id, crime_type) VALUES ('james-decesare', 'harassment');
INSERT INTO sources (person_id, url) VALUES ('james-decesare', 'https://goppredators.wordpress.com/2022/10/09/306-james-decesare/');
INSERT INTO sources (person_id, url) VALUES ('james-decesare', 'https://wkuherald.com/26736/news/bowling-green-state-representative-accused-of-sexual-harassment/');
INSERT INTO sources (person_id, url) VALUES ('james-decesare', 'https://www.wkyufm.org/politics/2019-09-16/hoover-other-legislators-drop-lawsuit-against-sexual-harassment-accuser');
INSERT OR REPLACE INTO people (id, name, status, level, state, office, crime_description, summary, still_in_office, offense_year, conviction_year, event_date) VALUES ('steve-von-loor', 'Steve Von Loor', 'alleged', 'state', 'NC', 'State Representative', 'Domestic Violence', 'Steve Von Loor won the Republican primary for the U.S. House of Representatives in North Carolina in a district backed with as many liberals as possible to dilute their voting power.', NULL, NULL, NULL, '2018-07-08');
INSERT INTO crime_types (person_id, crime_type) VALUES ('steve-von-loor', 'domestic-violence');
INSERT INTO sources (person_id, url) VALUES ('steve-von-loor', 'https://goppredators.wordpress.com/2022/10/09/305-steve-von-loor/');
INSERT INTO sources (person_id, url) VALUES ('steve-von-loor', 'https://splinternews.com/gop-congressional-candidate-in-north-carolina-has-long-1827375799');
INSERT INTO sources (person_id, url) VALUES ('steve-von-loor', 'https://www.newsobserver.com/news/politics-government/article214656400.html');
INSERT OR REPLACE INTO people (id, name, status, level, state, office, crime_description, summary, still_in_office, offense_year, conviction_year, event_date) VALUES ('joe-incoronato', 'Joe Incoronato', 'convicted', 'state', 'NY', '', 'Rape Culture', 'Joe Incoronato was a Dutchess County legislator when in a meeting he said women bring rape and harassment on themselves based on their behavior. The Dutchess Legislature voted 23-1 to censure him for his statements.', NULL, NULL, NULL, '2017-09-16');
INSERT INTO crime_types (person_id, crime_type) VALUES ('joe-incoronato', 'rape');
INSERT INTO crime_types (person_id, crime_type) VALUES ('joe-incoronato', 'harassment');
INSERT INTO sources (person_id, url) VALUES ('joe-incoronato', 'https://goppredators.wordpress.com/2022/10/09/304-joe-incoronato/');
INSERT INTO sources (person_id, url) VALUES ('joe-incoronato', 'https://www.poughkeepsiejournal.com/story/news/2018/01/23/legislature-censures-incoronato-sexual-assault-remarks/1056850001/');
INSERT INTO sources (person_id, url) VALUES ('joe-incoronato', 'https://www.dailyfreeman.com/2018/01/18/dutchess-county-lawmaker-joseph-incoronato-to-face-censure-vote-for-rape-remarks/');
INSERT OR REPLACE INTO people (id, name, status, level, state, office, crime_description, summary, still_in_office, offense_year, conviction_year, event_date) VALUES ('michael-kelsey', 'Michael Kelsey', 'convicted', 'state', 'NY', '', 'Child Molestation', 'Michael Kelsey was a Republican representative in the Dutchess County Legislature in New York. In 2014, he was also a Boy Scout leader who took some teenage boys on a camping trip where he molested two of them.', NULL, NULL, NULL, '2016-10-21');
INSERT INTO crime_types (person_id, crime_type) VALUES ('michael-kelsey', 'child-molestation');
INSERT INTO sources (person_id, url) VALUES ('michael-kelsey', 'https://goppredators.wordpress.com/2022/10/09/303-michael-kelsey/');
INSERT INTO sources (person_id, url) VALUES ('michael-kelsey', 'https://www.poughkeepsiejournal.com/story/news/2016/10/21/kelsey-sentenced-7-years-boy-scout-sex-abuse-case/92516600/');
INSERT INTO sources (person_id, url) VALUES ('michael-kelsey', 'https://midhudsonnews.com/2022/05/07/former-dutchess-legislator-convicted-of-sex-crimes-released-from-prison-2/');
INSERT INTO sources (person_id, url) VALUES ('michael-kelsey', 'https://law.justia.com/cases/new-york/appellate-division-third-department/2019/110652.html');
INSERT INTO sources (person_id, url) VALUES ('michael-kelsey', 'https://www.nbcnews.com/news/us-news/boy-scout-leader-sang-hakuna-matata-while-naked-organization-didn-n1048526');
INSERT OR REPLACE INTO people (id, name, status, level, state, office, crime_description, summary, still_in_office, offense_year, conviction_year, event_date) VALUES ('jon-landry', 'Jon Landry', 'convicted', 'adjacent', 'CT', '', 'Harassment, Coercion', 'Jon Landry was a Republican member of the Farmington Town Council. He met a girl online.', NULL, NULL, NULL, '2018-07-15');
INSERT INTO crime_types (person_id, crime_type) VALUES ('jon-landry', 'harassment');
INSERT INTO sources (person_id, url) VALUES ('jon-landry', 'https://goppredators.wordpress.com/2022/10/09/302-jon-landry/');
INSERT INTO sources (person_id, url) VALUES ('jon-landry', 'https://www.courant.com/politics/hc-pol-landry-court-20180706-story.html');
INSERT INTO sources (person_id, url) VALUES ('jon-landry', 'https://apnews.com/article/a094b2f9efa34865af556a4eb498823f');
INSERT INTO sources (person_id, url) VALUES ('jon-landry', 'https://www.courant.com/politics/government-watch/hc-pol-lender-jon-landry-name-change-20191025-cb7dleqfyrcunhmorz6i2jtbse-story.html');
INSERT OR REPLACE INTO people (id, name, status, level, state, office, crime_description, summary, still_in_office, offense_year, conviction_year, event_date) VALUES ('benjamin-sparks', 'Benjamin Sparks', 'charged', 'adjacent', 'NV', '', 'Rape', 'Benjamin Sparks was a Republican consultant for several candidates over the years, even Mitt Romney. Scott Walker, and others.', NULL, NULL, NULL, '2018-04-14');
INSERT INTO crime_types (person_id, crime_type) VALUES ('benjamin-sparks', 'rape');
INSERT INTO sources (person_id, url) VALUES ('benjamin-sparks', 'https://goppredators.wordpress.com/2022/10/09/301-benjamin-sparks/');
INSERT INTO sources (person_id, url) VALUES ('benjamin-sparks', 'https://www.reviewjournal.com/news/politics-and-government/nevada/charges-filed-against-gop-consultant-who-made-woman-his-sex-slave/');
INSERT INTO sources (person_id, url) VALUES ('benjamin-sparks', 'https://www.reviewjournal.com/news/politics-and-government/nevada/woman-says-las-vegas-gop-campaign-adviser-made-her-his-sex-slave/');
INSERT INTO sources (person_id, url) VALUES ('benjamin-sparks', 'https://www.reviewjournal.com/crime/sex-crimes/ex-gop-consultant-from-las-vegas-arrested-in-atlanta-rape-case-2149917/');
INSERT INTO sources (person_id, url) VALUES ('benjamin-sparks', 'https://www.11alive.com/article/news/crime/atlanta-police-search-for-rape-suspect-as-victim-speaks-out/85-bc6ab869-bf9d-4cee-84ea-5d16a70df6c7');
INSERT OR REPLACE INTO people (id, name, status, level, state, office, crime_description, summary, still_in_office, offense_year, conviction_year, event_date) VALUES ('todd-kincannon', 'Todd Kincannon', 'charged', 'adjacent', 'SC', '', 'Domestic Violence', 'Todd Kincannon was the Executive Director of the Republican Party. He was arrested in 2015 for domestic violence when his wife called in fear for her life.', NULL, NULL, NULL, '2015-09-06');
INSERT INTO crime_types (person_id, crime_type) VALUES ('todd-kincannon', 'domestic-violence');
INSERT INTO sources (person_id, url) VALUES ('todd-kincannon', 'https://goppredators.wordpress.com/2022/10/07/300-todd-kincannon/');
INSERT INTO sources (person_id, url) VALUES ('todd-kincannon', 'https://www.wonkette.com/south-carolina-republican-bravely-tweets-similarities-between-trayvon-martin-super-bowl');
INSERT INTO sources (person_id, url) VALUES ('todd-kincannon', 'https://charlestoncitypaper.com/ex-scgop-official-arrested-on-domestic-violence-charge/');
INSERT INTO sources (person_id, url) VALUES ('todd-kincannon', 'https://www.wyff4.com/article/report-former-scgop-exec-threatened-to-kill-wife-himself-family/7013902');
INSERT INTO sources (person_id, url) VALUES ('todd-kincannon', 'https://www.washingtonpost.com/news/post-nation/wp/2018/08/03/former-state-gop-leader-kills-mothers-dog-claims-hes-the-second-coming-of-christ-police-say/?noredirect=on');
INSERT OR REPLACE INTO people (id, name, status, level, state, office, crime_description, summary, still_in_office, offense_year, conviction_year, event_date) VALUES ('ralph-norman', 'Ralph Norman', 'alleged', 'federal', 'SC', 'U.S. Congressman', 'Rape Culture', 'Ralph Norman is a Republican Congressman from South Carolina. In 2018, he made a rape joke during a debate.', NULL, NULL, NULL, '2018-09-29');
INSERT INTO crime_types (person_id, crime_type) VALUES ('ralph-norman', 'rape');
INSERT INTO crime_types (person_id, crime_type) VALUES ('ralph-norman', 'harassment');
INSERT INTO sources (person_id, url) VALUES ('ralph-norman', 'https://goppredators.wordpress.com/2022/10/07/299-ralph-norman/');
INSERT INTO sources (person_id, url) VALUES ('ralph-norman', 'https://www.postandcourier.com/news/amid-kavanaugh-drama-sc-congressman-jokes-about-supreme-court-sexual/article_aa70b77c-bcf5-11e8-a7c7-ff6a511cd2db.html');
INSERT INTO sources (person_id, url) VALUES ('ralph-norman', 'https://www.politico.com/story/2018/09/20/ralph-norman-jokes-about-sexual-assault-833194');
INSERT OR REPLACE INTO people (id, name, status, level, state, office, crime_description, summary, still_in_office, offense_year, conviction_year, event_date) VALUES ('rob-brooks', 'Rob Brooks', 'alleged', 'state', 'WI', 'State Representative', 'Sexual Harassment', 'Rob Brooks is a Republican state representative, re-elected by Wisconsin voters after he was asked to resign y Republican governor Scott Walker. He did step down from his position as Assistant Majority Leader, but refused to resign.', NULL, NULL, NULL, '2018-09-27');
INSERT INTO crime_types (person_id, crime_type) VALUES ('rob-brooks', 'harassment');
INSERT INTO sources (person_id, url) VALUES ('rob-brooks', 'https://goppredators.wordpress.com/2022/10/07/298-rob-brooks/');
INSERT INTO sources (person_id, url) VALUES ('rob-brooks', 'https://www.jsonline.com/story/news/politics/elections/2018/09/26/wisconsin-gop-lawmaker-apologizes-comments-female-colleagues/1424728002/');
INSERT INTO sources (person_id, url) VALUES ('rob-brooks', 'https://www.wisn.com/article/wisconsin-governor-walker-calls-resignation-assembly-leader-brooks-racist-sexist-comments/23475889');
INSERT OR REPLACE INTO people (id, name, status, level, state, office, crime_description, summary, still_in_office, offense_year, conviction_year, event_date) VALUES ('george-faught', 'George Faught', 'alleged', 'state', 'OK', 'State Representative', 'Rape Culture', 'George Faught was a Republican state representative from 2007-2012 when he made an unsuccessful run for Congress. Heading back to the state house, he served from 2014-2017.', NULL, NULL, NULL, '2017-03-22');
INSERT INTO crime_types (person_id, crime_type) VALUES ('george-faught', 'rape');
INSERT INTO crime_types (person_id, crime_type) VALUES ('george-faught', 'harassment');
INSERT INTO sources (person_id, url) VALUES ('george-faught', 'https://goppredators.wordpress.com/2022/10/07/297-george-faught/');
INSERT INTO sources (person_id, url) VALUES ('george-faught', 'https://madison365.com/oklahoma-lawmaker-defends-anti-abortion-bill-says-rape-incest-will-god/');
INSERT INTO sources (person_id, url) VALUES ('george-faught', 'https://www.kswo.com/story/34973829/rape-incest-parental-rights-and-the-bible-take-center-stage-at-ok-anti-abortion-bill-debate/');
INSERT OR REPLACE INTO people (id, name, status, level, state, office, crime_description, summary, still_in_office, offense_year, conviction_year, event_date) VALUES ('john-boswell', 'John Boswell', 'convicted', 'adjacent', 'MO', 'Political Activist', 'Sexual Assault', 'John Boswell is a GOP donor and party activist. He''s also sexually assaulted two women in less than two years.', NULL, NULL, NULL, '2018-10-04');
INSERT INTO crime_types (person_id, crime_type) VALUES ('john-boswell', 'assault');
INSERT INTO sources (person_id, url) VALUES ('john-boswell', 'https://goppredators.wordpress.com/2022/10/07/296-john-boswell/');
INSERT INTO sources (person_id, url) VALUES ('john-boswell', 'https://dailycaring.com/9-ways-to-handle-alzheimers-and-sexually-inappropriate-behavior/');
INSERT INTO sources (person_id, url) VALUES ('john-boswell', 'https://www.washingtonpost.com/local/a-millionaire-a-hotel-maid-and-an-arrest-after-inauguration/2017/05/21/ceb3410e-397a-11e7-9e48-c4f199710b69_story.html?utm_term=.ff99e0cc3ddd');
INSERT INTO sources (person_id, url) VALUES ('john-boswell', 'https://www.palmbeachpost.com/story/news/crime/2018/10/02/updated-arrested-gop-donor-philanthropist/7909385007/');
INSERT OR REPLACE INTO people (id, name, status, level, state, office, crime_description, summary, still_in_office, offense_year, conviction_year, event_date) VALUES ('republican-voters', 'Republican Voters', 'alleged', 'party-official', 'US', '', 'Enabling', 'When Republican voters continue to vote for sexual predators and their enablers they become accomplices in creating a culture that tolerates sexual predators. Take Roy Moore who himself admitted he was dating teenagers when he was in his thirties, he received 91% of the vote.', NULL, NULL, NULL, '2022-08-24');
INSERT INTO crime_types (person_id, crime_type) VALUES ('republican-voters', 'enablement');
INSERT INTO sources (person_id, url) VALUES ('republican-voters', 'https://goppredators.wordpress.com/2022/10/07/295-republican-voters/');
INSERT INTO sources (person_id, url) VALUES ('republican-voters', 'https://theweek.com/speedreads/738999/poll-finds-more-republicans-vote-candidate-accused-sexual-harassment-than-not');
INSERT INTO sources (person_id, url) VALUES ('republican-voters', 'https://www.cnn.com/2017/12/13/politics/doug-jones-alabama-win-charts');
INSERT OR REPLACE INTO people (id, name, status, level, state, office, crime_description, summary, still_in_office, offense_year, conviction_year, event_date) VALUES ('chris-hoy', 'Chris Hoy', 'alleged', 'adjacent', 'ME', '', 'Domestic Violence', 'Chris Hoy ran as a Republican for Maine House District 33. He was asked to drop out by Republicans and Democrats due to his criminal history including violating a protective order, two domestic violence convictions, According to court records, he kicked a pregnant family member in the stomach, knock', NULL, NULL, NULL, '2018-10-19');
INSERT INTO crime_types (person_id, crime_type) VALUES ('chris-hoy', 'domestic-violence');
INSERT INTO sources (person_id, url) VALUES ('chris-hoy', 'https://goppredators.wordpress.com/2022/10/06/294-chris-hoy/');
INSERT INTO sources (person_id, url) VALUES ('chris-hoy', 'https://wgme.com/news/local/republican-legislative-candidate-asked-to-drop-out-of-race-due-to-criminal-history');
INSERT INTO sources (person_id, url) VALUES ('chris-hoy', 'https://www.pressherald.com/2018/09/11/so-portland-republican-candidate-for-house-has-criminal-history/');
INSERT OR REPLACE INTO people (id, name, status, level, state, office, crime_description, summary, still_in_office, offense_year, conviction_year, event_date) VALUES ('eric-schleien', 'Eric Schleien', 'convicted', 'state', 'NH', 'State Representative', 'Sexual Assault of Minor', 'Eric Schleien was a New Hampshire state representative for two terms. His role model was Rand Paul.', NULL, NULL, NULL, '2018-10-28');
INSERT INTO crime_types (person_id, crime_type) VALUES ('eric-schleien', 'assault');
INSERT INTO sources (person_id, url) VALUES ('eric-schleien', 'https://goppredators.wordpress.com/2022/10/06/293-eric-schleien/');
INSERT INTO sources (person_id, url) VALUES ('eric-schleien', 'https://www.eagletribune.com/news/new_hampshire/schleien-pleads-guilty-to-assault-on-teen/article_3807787a-106c-52b7-822a-3f9759c02453.html');
INSERT INTO sources (person_id, url) VALUES ('eric-schleien', 'https://www.newsweek.com/new-hampshire-eric-schleien-republican-warren-buffet-sexual-assault-finger-1054331');
INSERT INTO sources (person_id, url) VALUES ('eric-schleien', 'https://www.wmur.com/article/state-representative-sentenced-to-jail-after-pleading-guilty-to-assault/24890459');
INSERT OR REPLACE INTO people (id, name, status, level, state, office, crime_description, summary, still_in_office, offense_year, conviction_year, event_date) VALUES ('mark-bedell', 'Mark Bedell', 'charged', 'adjacent', 'ME', '', 'Domestic Violence', 'Mark Bedell ran as the Republican candidate for a Maine House seat. He was arrested on aggravated assault charges and was accused of domestic violence.', NULL, NULL, NULL, '2016-10-25');
INSERT INTO crime_types (person_id, crime_type) VALUES ('mark-bedell', 'domestic-violence');
INSERT INTO sources (person_id, url) VALUES ('mark-bedell', 'https://goppredators.wordpress.com/2022/10/06/292-mark-bedell/');
INSERT INTO sources (person_id, url) VALUES ('mark-bedell', 'https://m.washingtontimes.com/news/2016/oct/24/maine-house-candidate-charged-with-assault/');
INSERT INTO sources (person_id, url) VALUES ('mark-bedell', 'https://www.pressherald.com/2016/10/24/house-republican-candidate-from-saco-faces-domestic-assault-charges/');
INSERT OR REPLACE INTO people (id, name, status, level, state, office, crime_description, summary, still_in_office, offense_year, conviction_year, event_date) VALUES ('paige-patterson', 'Paige Patterson', 'alleged', 'adjacent', 'TX', '', 'Rape Culture, Organizational Cover-up', 'Paige Patterson is a Baptist religious leader who was a big part of the conservative takeover of the Southern Baptist Convention and served as the president of the Southwestern Baptist Theological Seminary. Typical of conservative fundamentalists, he opposed the ordination of women.', NULL, NULL, NULL, '2019-06-23');
INSERT INTO crime_types (person_id, crime_type) VALUES ('paige-patterson', 'rape');
INSERT INTO crime_types (person_id, crime_type) VALUES ('paige-patterson', 'enablement');
INSERT INTO crime_types (person_id, crime_type) VALUES ('paige-patterson', 'organizational-coverup');
INSERT INTO crime_types (person_id, crime_type) VALUES ('paige-patterson', 'harassment');
INSERT INTO sources (person_id, url) VALUES ('paige-patterson', 'https://goppredators.wordpress.com/2022/10/06/291-paige-patterson/');
INSERT INTO sources (person_id, url) VALUES ('paige-patterson', 'https://www.christianpost.com/news/paige-patterson-seminary-sued-over-alleged-mishandling-of-sex-abuse-claim.html');
INSERT INTO sources (person_id, url) VALUES ('paige-patterson', 'https://www.baptistpress.com/resource-library/news/patterson-attorney-claims-misrepresentation/');
INSERT INTO sources (person_id, url) VALUES ('paige-patterson', 'https://www.nydailynews.com/news/crime/ny-southern-baptist-leader-rape-good-thing-lawsuit-20190622-jm5luteclba4flf3rnx2drcqdy-story.html');
INSERT INTO sources (person_id, url) VALUES ('paige-patterson', 'https://casetext.com/case/roe-v-patterson-1');
INSERT INTO sources (person_id, url) VALUES ('paige-patterson', 'https://baptistnews.com/article/judge-delays-trial-date-for-jane-roes-case-against-patterson-and-southwestern-seminary/');
INSERT OR REPLACE INTO people (id, name, status, level, state, office, crime_description, summary, still_in_office, offense_year, conviction_year, event_date) VALUES ('mark-patterson', 'Mark Patterson', 'convicted', 'state', 'ID', 'State Representative', 'Rape', 'Mark Patterson was an Idaho state representative. He ended up resigning after it was revealed that he pleaded guilty to attempted rape in 1974.', NULL, NULL, 1974, NULL);
INSERT INTO crime_types (person_id, crime_type) VALUES ('mark-patterson', 'rape');
INSERT INTO sources (person_id, url) VALUES ('mark-patterson', 'https://goppredators.wordpress.com/2022/10/05/290-mark-patterson/');
INSERT INTO sources (person_id, url) VALUES ('mark-patterson', 'https://www.spokesman.com/stories/2013/dec/11/senator-wants-rep-mark-patterson-to-resign/');
INSERT INTO sources (person_id, url) VALUES ('mark-patterson', 'https://www.governing.com/news/headlines/idaho-lawmaker-succumbs-to-pressure-to-resign.html');
INSERT OR REPLACE INTO people (id, name, status, level, state, office, crime_description, summary, still_in_office, offense_year, conviction_year, event_date) VALUES ('dennis-hof', 'Dennis Hof', 'alleged', 'adjacent', 'NV', '', 'Sexual Assault', 'Dennis Hof was the Republican candidate for the Nevada Assembly. He was a legal brothel owner.', NULL, NULL, NULL, NULL);
INSERT INTO crime_types (person_id, crime_type) VALUES ('dennis-hof', 'assault');
INSERT INTO sources (person_id, url) VALUES ('dennis-hof', 'https://goppredators.wordpress.com/2022/10/05/289-dennis-hof/');
INSERT INTO sources (person_id, url) VALUES ('dennis-hof', 'https://www.theledger.com/story/news/nation-world/2018/10/16/dennis-hof-brothel-owner-gop-candidate-dies-at-72/9539030007/');
INSERT INTO sources (person_id, url) VALUES ('dennis-hof', 'https://thenevadaindependent.com/article/nevada-department-of-public-safety-investigating-sexual-assault-allegations-against-brothel-owner-dennis-hof');
INSERT INTO sources (person_id, url) VALUES ('dennis-hof', 'https://thenevadaindependent.com/article/former-prostitutes-allege-unwelcome-sexual-contact-from-brothel-owner-dennis-hof');
INSERT OR REPLACE INTO people (id, name, status, level, state, office, crime_description, summary, still_in_office, offense_year, conviction_year, event_date) VALUES ('tim-kapucian', 'Tim Kapucian', 'alleged', 'state', 'IA', 'State Senator', 'Inappropriate Conduct', 'Tim Kapucian was an Iowa state senator who served three terms until 2021. According to the successful sexual harassment/discrimination lawsuit, Kapucian was present during and laughing along with the "boys will be boys" talk about women, including malicious gossip about a Democratic woman senator sl', NULL, NULL, NULL, NULL);
INSERT INTO crime_types (person_id, crime_type) VALUES ('tim-kapucian', 'other');
INSERT INTO sources (person_id, url) VALUES ('tim-kapucian', 'https://goppredators.wordpress.com/2022/10/05/288-tim-kapucian/');
INSERT INTO sources (person_id, url) VALUES ('tim-kapucian', 'https://www.scribd.com/document/243252171/Kirsten-Anderson-Sexual-Harrassment-Lawsuit');
INSERT INTO sources (person_id, url) VALUES ('tim-kapucian', 'https://www.desmoinesregister.com/story/news/investigations/2018/10/14/iowa-capitol-legislature-sexual-harassment-allegations-pornography-depositions-lawmakers-anderson/1187983002/');
INSERT OR REPLACE INTO people (id, name, status, level, state, office, crime_description, summary, still_in_office, offense_year, conviction_year, event_date) VALUES ('bill-anderson', 'Bill Anderson', 'alleged', 'state', 'IA', 'State Senator', 'Inappropriate Conduct', 'Bill Anderson was an Iowa State Senator. The taxpayers of Iowa paid $1.75 million, a settlement on a $2.2 million lawsuit brought by a Republican staffer who complained about the sexual harassment that was pervasive in the GOP Senate Caucus and its staff.', NULL, NULL, NULL, NULL);
INSERT INTO crime_types (person_id, crime_type) VALUES ('bill-anderson', 'other');
INSERT INTO sources (person_id, url) VALUES ('bill-anderson', 'https://goppredators.wordpress.com/2022/10/05/287-bill-anderson/');
INSERT INTO sources (person_id, url) VALUES ('bill-anderson', 'https://www.desmoinesregister.com/story/news/investigations/2018/10/14/iowa-capitol-legislature-sexual-harassment-allegations-pornography-depositions-lawmakers-anderson/1187983002/');
INSERT OR REPLACE INTO people (id, name, status, level, state, office, crime_description, summary, still_in_office, offense_year, conviction_year, event_date) VALUES ('rick-bertrand', 'Rick Bertrand', 'alleged', 'state', 'IA', 'State Senator', 'Sexual Harassment', 'Rick Bertrand was a Republican Iowas state senator. When a woman won a $2.2 million lawsuit (She settled for $1.75 million) against the Republican caucus and the State of Iowa for the culture of sexual harassment that the Caucus allowed to fester for years and her retaliatory firing just seven hours', NULL, NULL, NULL, NULL);
INSERT INTO crime_types (person_id, crime_type) VALUES ('rick-bertrand', 'harassment');
INSERT INTO sources (person_id, url) VALUES ('rick-bertrand', 'https://goppredators.wordpress.com/2022/10/05/286-rick-bertrand/');
INSERT INTO sources (person_id, url) VALUES ('rick-bertrand', 'https://iowastartingline.com/2018/10/15/rick-bertrand-denounced-bill-dix-but-bertrand-was-part-of-the-problem/');
INSERT INTO sources (person_id, url) VALUES ('rick-bertrand', 'https://www.desmoinesregister.com/story/news/investigations/2018/10/14/iowa-capitol-legislature-sexual-harassment-allegations-pornography-depositions-lawmakers-anderson/1187983002/');
INSERT INTO sources (person_id, url) VALUES ('rick-bertrand', 'https://actionnetwork.org/forms/alecs-worst-of-the-worst?source=fb');
INSERT INTO sources (person_id, url) VALUES ('rick-bertrand', 'https://www.desmoinesregister.com/story/news/investigations/2018/10/14/iowa-capitol-legislature-sexual-harassment-me-too-depositions-lawmakers-porn-senate-kirsten-anderson/1187425002/');
INSERT OR REPLACE INTO people (id, name, status, level, state, office, crime_description, summary, still_in_office, offense_year, conviction_year, event_date) VALUES ('ed-failor-jr', 'Ed Failor Jr.', 'alleged', 'adjacent', 'IA', 'Lobbyist', 'Sexual Harassment', 'Ed Failor, Jr. was the senior aide to Iowa Senate Majority Leader Bill Dix.', NULL, NULL, NULL, NULL);
INSERT INTO crime_types (person_id, crime_type) VALUES ('ed-failor-jr', 'harassment');
INSERT INTO sources (person_id, url) VALUES ('ed-failor-jr', 'https://goppredators.wordpress.com/2022/10/04/285-ed-failor-jr/');
INSERT INTO sources (person_id, url) VALUES ('ed-failor-jr', 'https://www.desmoinesregister.com/story/news/investigations/2018/10/14/iowa-capitol-legislature-sexual-harassment-allegations-pornography-depositions-lawmakers-anderson/1187983002/');
INSERT INTO sources (person_id, url) VALUES ('ed-failor-jr', 'https://www.desmoinesregister.com/story/news/politics/2018/03/13/ed-failor-jr-top-aide-bill-dix-departs-post/422387002/');
INSERT OR REPLACE INTO people (id, name, status, level, state, office, crime_description, summary, still_in_office, offense_year, conviction_year, event_date) VALUES ('merlin-e-bartz', 'Merlin E. Bartz', 'alleged', 'state', 'IA', 'State Senator', 'Sexual Harassment', 'Merlin E. Bartz was an Iowa state senator until defeated in 2012.', NULL, NULL, NULL, NULL);
INSERT INTO crime_types (person_id, crime_type) VALUES ('merlin-e-bartz', 'harassment');
INSERT INTO sources (person_id, url) VALUES ('merlin-e-bartz', 'https://goppredators.wordpress.com/2022/10/04/284-merlin-bartz/');
INSERT INTO sources (person_id, url) VALUES ('merlin-e-bartz', 'https://www.desmoinesregister.com/story/news/investigations/2018/10/14/iowa-capitol-legislature-sexual-harassment-allegations-pornography-depositions-lawmakers-anderson/1187983002/');
INSERT INTO sources (person_id, url) VALUES ('merlin-e-bartz', 'https://www.washingtontimes.com/news/2014/oct/16/lawsuit-details-fired-iowa-senate-aides-claims/');
INSERT OR REPLACE INTO people (id, name, status, level, state, office, crime_description, summary, still_in_office, offense_year, conviction_year, event_date) VALUES ('shawn-hamerlinck', 'Shawn Hamerlinck', 'alleged', 'state', 'IA', 'State Senator', 'Sexual Harrasment', 'Shawn Hamerlinck was an Iowa state senator for one term. He lost his seat in 2012, a year before Kristen Anderson was fired for complaining about sexual harassment.', NULL, NULL, NULL, NULL);
INSERT INTO crime_types (person_id, crime_type) VALUES ('shawn-hamerlinck', 'other');
INSERT INTO sources (person_id, url) VALUES ('shawn-hamerlinck', 'https://goppredators.wordpress.com/2022/10/04/283-shawn-hamerlinck/');
INSERT INTO sources (person_id, url) VALUES ('shawn-hamerlinck', 'https://www.desmoinesregister.com/story/news/investigations/2018/10/14/iowa-capitol-legislature-sexual-harassment-allegations-pornography-depositions-lawmakers-anderson/1187983002/');
INSERT INTO sources (person_id, url) VALUES ('shawn-hamerlinck', 'https://www.clintonherald.com/news/local_news/hamerlinck-responds-to-gop-caucus-suit/article_7190c87a-0ac9-5103-b1df-f618a91c25f8.html');
INSERT INTO sources (person_id, url) VALUES ('shawn-hamerlinck', 'https://1430kasi.iheart.com/content/2017-07-13-iowa-senate-staffers-back-harassment-claim/');
INSERT OR REPLACE INTO people (id, name, status, level, state, office, crime_description, summary, still_in_office, offense_year, conviction_year, event_date) VALUES ('jim-friedrich', 'Jim Friedrich', 'alleged', 'adjacent', 'IA', '', 'Sexual Harassment', 'Jim Friedrich was an analyst working for Iowa Senate Republicans on oversight issues until he resigned in 2017 after his sexual harassment cost taxpayers $2.2 million. In 2013, Kirsten Anderson, at the time a Republican Caucus communications director, submitted a memo about how sexual harassment cre', NULL, NULL, NULL, NULL);
INSERT INTO crime_types (person_id, crime_type) VALUES ('jim-friedrich', 'harassment');
INSERT INTO sources (person_id, url) VALUES ('jim-friedrich', 'https://goppredators.wordpress.com/2022/10/04/282-jim-friedrich/');
INSERT INTO sources (person_id, url) VALUES ('jim-friedrich', 'https://www.desmoinesregister.com/story/news/politics/2017/09/15/iowa-senate-republicans-staffer-named-2-2-million-sex-harassment-suit-resigns/669690001/');
INSERT INTO sources (person_id, url) VALUES ('jim-friedrich', 'https://discriminationandsexualharassmentlawyers.com/iowa-gop-staffers-sexual-harassment-goes-to-jury/');
INSERT INTO sources (person_id, url) VALUES ('jim-friedrich', 'https://www.kcci.com/article/iowa-senate-gop-analyst-embroiled-in-discrimination-lawsuit-resigns/12256747');
INSERT OR REPLACE INTO people (id, name, status, level, state, office, crime_description, summary, still_in_office, offense_year, conviction_year, event_date) VALUES ('elliott-broidy', 'Elliott Broidy', 'convicted', 'party-official', 'CA', 'Judge', 'Sexual Abuse', 'Elliott Broidy was the Republican National Committee''s Finance Chair until he resigned after a woman sued him and alleged he physically abused her. She also alleged the anti-choice Broidy pressured her to have an abortion.', NULL, NULL, 2020, NULL);
INSERT INTO crime_types (person_id, crime_type) VALUES ('elliott-broidy', 'assault');
INSERT INTO sources (person_id, url) VALUES ('elliott-broidy', 'https://goppredators.wordpress.com/2022/10/03/281-elliott-broidy/');
INSERT INTO sources (person_id, url) VALUES ('elliott-broidy', 'https://www.fara.us/businessman-rnc-fundraiser-elliott-broidy-pleads-guilty-in-fara-case');
INSERT INTO sources (person_id, url) VALUES ('elliott-broidy', 'https://www.cnn.com/2018/09/08/politics/elliott-broidy-lawsuit-mistress-payment-breach/index.html');
INSERT INTO sources (person_id, url) VALUES ('elliott-broidy', 'https://www.axios.com/2018/09/08/new-documents-detail-allegations-of-abuse-by-former-rnc-official');
INSERT OR REPLACE INTO people (id, name, status, level, state, office, crime_description, summary, still_in_office, offense_year, conviction_year, event_date) VALUES ('roy-bolden', 'Roy Bolden', 'charged', 'party-official', 'RI', 'Pastor', 'Child Molestation', 'Roy Bolden was a pastor of the Legions of Christ Ministries in Providence, Rhode Island. It''s a church that happily risks its nonprofit status with openly partisan, pro-Republican teaching .', NULL, NULL, NULL, '2017-03-10');
INSERT INTO crime_types (person_id, crime_type) VALUES ('roy-bolden', 'child-molestation');
INSERT INTO sources (person_id, url) VALUES ('roy-bolden', 'https://goppredators.wordpress.com/2022/10/02/280-roy-bolden/');
INSERT INTO sources (person_id, url) VALUES ('roy-bolden', 'https://www.youtube.com/watch?v=TovbVXDD8a0');
INSERT INTO sources (person_id, url) VALUES ('roy-bolden', 'https://www.ri.gov/press/view/31369');
INSERT INTO sources (person_id, url) VALUES ('roy-bolden', 'https://publicportal.courts.ri.gov/app/RegisterOfActions/#/D5145ECDD68AFE0B1DB4BA7DF9B54223FAE466DEAA5A013AF8AF80BE0E4333D4F6302E63B81AFD97BEB12DA1DA13E520/anon/portalembed');
INSERT INTO sources (person_id, url) VALUES ('roy-bolden', 'https://www.golocalprov.com/news/breaking-chair-of-the-providence-gop-is-arrested-for-child-molestation');
INSERT INTO sources (person_id, url) VALUES ('roy-bolden', 'https://www.wpri.com/news/crime/pastor-ex-providence-gop-chair-charged-with-child-molestation/');
INSERT OR REPLACE INTO people (id, name, status, level, state, office, crime_description, summary, still_in_office, offense_year, conviction_year, event_date) VALUES ('michael-capps', 'Michael Capps', 'charged', 'state', 'KS', 'State Representative', 'Child Abuse', 'Michael Capps was a Kansas state representative who managed to disgust the Republican party enough they withdrew their support from him. He was accused of abuse of a foster child.', NULL, NULL, NULL, NULL);
INSERT INTO crime_types (person_id, crime_type) VALUES ('michael-capps', 'other');
INSERT INTO sources (person_id, url) VALUES ('michael-capps', 'https://goppredators.wordpress.com/2022/10/02/279-michael-capps/');
INSERT INTO sources (person_id, url) VALUES ('michael-capps', 'https://www.kcur.org/2018-08-31/kansas-gop-cuts-ties-with-michael-capps-after-child-abuse-accusations-surface');
INSERT INTO sources (person_id, url) VALUES ('michael-capps', 'https://www.kake.com/story/38999004/state-lawmaker-asked-to-step-down-tries-to-clear-name');
INSERT INTO sources (person_id, url) VALUES ('michael-capps', 'https://www.kansas.com/news/politics-government/article243165786.html');
INSERT INTO sources (person_id, url) VALUES ('michael-capps', 'https://www.kansas.com/news/politics-government/article243169441.html#storylink=related_inline');
INSERT INTO sources (person_id, url) VALUES ('michael-capps', 'https://www.kansas.com/news/politics-government/article243755637.html#storylink=related_inline');
INSERT INTO sources (person_id, url) VALUES ('michael-capps', 'https://www.kansas.com/news/politics-government/article246669242.html');
INSERT OR REPLACE INTO people (id, name, status, level, state, office, crime_description, summary, still_in_office, offense_year, conviction_year, event_date) VALUES ('gop-state-legislatures', 'GOP State Legislatures', 'alleged', 'state', 'US', '', 'Rape Culture, Enabling', 'Republicans control several state legislatures and are the major impediment to reforming the various state statutes of limitations (SOL) preventing victims of child sexual abuse victims from seeking justice. Child USA tracks the progress of SOL reform in the states.', NULL, NULL, NULL, NULL);
INSERT INTO crime_types (person_id, crime_type) VALUES ('gop-state-legislatures', 'rape');
INSERT INTO crime_types (person_id, crime_type) VALUES ('gop-state-legislatures', 'enablement');
INSERT INTO crime_types (person_id, crime_type) VALUES ('gop-state-legislatures', 'harassment');
INSERT INTO sources (person_id, url) VALUES ('gop-state-legislatures', 'https://goppredators.wordpress.com/2022/10/01/278-republican-state-legislatures/');
INSERT INTO sources (person_id, url) VALUES ('gop-state-legislatures', 'https://verdict.justia.com/2017/01/05/republican-fail-sex-assault-child-sex-abuse');
INSERT INTO sources (person_id, url) VALUES ('gop-state-legislatures', 'https://www.spokesman.com/stories/2022/mar/14/how-faith-healing-exemptions-remain-in-idaho-and-w/#:~:text=And%20because%20of%20Idaho''s%20religious,medical%20treatment%20for%20religious%20reasons.');
INSERT INTO sources (person_id, url) VALUES ('gop-state-legislatures', 'https://www.spokesman.com/blogs/boise/2016/aug/04/lawmakers-scrutinize-idahos-religious-exemption-child-neglect-manslaughter-charges/');
INSERT INTO sources (person_id, url) VALUES ('gop-state-legislatures', 'https://www.newsobserver.com/news/state/north-carolina/article266072436.html');
INSERT INTO sources (person_id, url) VALUES ('gop-state-legislatures', 'https://www.azmirror.com/2019/04/15/republicans-vote-down-bill-to-increase-statute-of-limitations-on-child-sex-abuse/');
INSERT INTO sources (person_id, url) VALUES ('gop-state-legislatures', 'https://pahouse.com/Rozzi/InTheNews/NewsRelease/?id=72356');
INSERT OR REPLACE INTO people (id, name, status, level, state, office, crime_description, summary, still_in_office, offense_year, conviction_year, event_date) VALUES ('gary-schaffrick', 'Gary Schaffrick', 'convicted', 'adjacent', 'CT', '', 'Child Endangerment', 'Gary Schaffrick was the Connecticut Republican State Central Committee Treasurer. He also was a paid employee of the party.', NULL, NULL, NULL, NULL);
INSERT INTO crime_types (person_id, crime_type) VALUES ('gary-schaffrick', 'other');
INSERT INTO sources (person_id, url) VALUES ('gary-schaffrick', 'https://goppredators.wordpress.com/2022/10/01/277-gary-schaffrick/');
INSERT INTO sources (person_id, url) VALUES ('gary-schaffrick', 'https://www.ctpost.com/local/article/State-GOP-treasurer-resigns-over-child-7213551.php');
INSERT INTO sources (person_id, url) VALUES ('gary-schaffrick', 'https://www.courant.com/breaking-news/hc-bristol-risk-of-injury-guilty-0318-20170317-story.html');
INSERT OR REPLACE INTO people (id, name, status, level, state, office, crime_description, summary, still_in_office, offense_year, conviction_year, event_date) VALUES ('frederick-eugene-wall', 'Frederick Eugene Wall', 'charged', 'local', 'SC', '', 'Child Sexual Abuse Material', 'Frederick Wall ran unsuccessfully in the Republican primary for South Carolina House District 27. That same year he was arrested for possession of child exploitation material.', NULL, NULL, NULL, NULL);
INSERT INTO crime_types (person_id, crime_type) VALUES ('frederick-eugene-wall', 'csam');
INSERT INTO crime_types (person_id, crime_type) VALUES ('frederick-eugene-wall', 'assault');
INSERT INTO sources (person_id, url) VALUES ('frederick-eugene-wall', 'https://goppredators.wordpress.com/2022/10/01/276-frederick-wall/');
INSERT INTO sources (person_id, url) VALUES ('frederick-eugene-wall', 'https://www.greenvilleonline.com/picture-gallery/news/2017/07/10/gcso-21-arrested-by-internet-crimes-against-children-unit/103575660/');
INSERT INTO sources (person_id, url) VALUES ('frederick-eugene-wall', 'https://www.wthr.com/article/news/nation-world/senate-candidate-denies-he-faces-child-pornography-charges/531-1e07382f-7535-4196-964e-68be979f9621');
INSERT INTO sources (person_id, url) VALUES ('frederick-eugene-wall', 'https://abcnews4.com/news/local/south-carolina-senate-candidate-denies-he-faces-child-pornography-charges');
INSERT INTO sources (person_id, url) VALUES ('frederick-eugene-wall', 'https://www.greenvilleonline.com/story/news/crime/2018/06/06/fred-wall-child-porn-charges-sc-house-candidate/663347002/');
INSERT INTO sources (person_id, url) VALUES ('frederick-eugene-wall', 'https://www2.greenvillecounty.org/SCJD/PublicIndex/PISearch.aspx');
INSERT INTO sources (person_id, url) VALUES ('frederick-eugene-wall', 'https://www2.greenvillecounty.org/SCJD/PublicIndex/CaseDetails.aspx?County=23&amp;CourtAgency=23001&amp;Casenum=2017A2310100031&amp;CaseType=C&amp;HKey=80122558551100102821058089103736589499766998770981191201028086121901126911054721017411911652556710552');
INSERT OR REPLACE INTO people (id, name, status, level, state, office, crime_description, summary, still_in_office, offense_year, conviction_year, event_date) VALUES ('travis-brauer', 'Travis Brauer', 'convicted', 'state', 'OK', '', 'Upskirt', 'Travis Brauer worked for Oklahoma Governor Mary Fallin. While on the job, he attended a legislative meeting.', NULL, NULL, NULL, NULL);
INSERT INTO crime_types (person_id, crime_type) VALUES ('travis-brauer', 'other');
INSERT INTO sources (person_id, url) VALUES ('travis-brauer', 'https://goppredators.wordpress.com/2022/10/01/275-travis-brauer/');
INSERT INTO sources (person_id, url) VALUES ('travis-brauer', 'https://kfor.com/news/woman-speaks-out-over-upskirt-photographs-allegedly-taken-by-former-aide-to-governor-fallin/');
INSERT INTO sources (person_id, url) VALUES ('travis-brauer', 'https://nondoc.com/2017/08/02/staffer-investigated-upskirt-photo-allegation/');
INSERT INTO sources (person_id, url) VALUES ('travis-brauer', 'https://www.oscn.net/dockets/GetCaseInformation.aspx?db=oklahoma&amp;number=CF-2017-5761&amp;cmid=3577398');
INSERT OR REPLACE INTO people (id, name, status, level, state, office, crime_description, summary, still_in_office, offense_year, conviction_year, event_date) VALUES ('rupert-tarsey', 'Rupert Tarsey', 'convicted', 'federal', 'FL', '', 'Assault', 'Rupert Tarsey was elected Secretary of the Broward County Executive Committee. He had worked hard on Trump''s election, registering Republican voters in a liberal county.', NULL, NULL, NULL, NULL);
INSERT INTO crime_types (person_id, crime_type) VALUES ('rupert-tarsey', 'other');
INSERT INTO sources (person_id, url) VALUES ('rupert-tarsey', 'https://goppredators.wordpress.com/2022/10/01/274-rupert-tarsey/');
INSERT INTO sources (person_id, url) VALUES ('rupert-tarsey', 'https://www.nydailynews.com/news/politics/gop-man-attacked-woman-hammer-post-article-1.3679183');
INSERT INTO sources (person_id, url) VALUES ('rupert-tarsey', 'https://www.latimes.com/local/lanow/la-me-ln-rupert-tarsey-20171129-htmlstory.html');
INSERT OR REPLACE INTO people (id, name, status, level, state, office, crime_description, summary, still_in_office, offense_year, conviction_year, event_date) VALUES ('bill-schuette', 'Bill Schuette', 'alleged', 'state', 'MI', '', 'Sexual Harassment', 'Bill Schuette was the Congressional representative for District 10 for three terms before he ran for US Senate and lost. He served two years in the Michigan Senate before becoming the Attorney General of Michigan from 2011 to 2018 and ran an unsuccessful campaign for governor against Gretchen Whitme', NULL, NULL, NULL, NULL);
INSERT INTO crime_types (person_id, crime_type) VALUES ('bill-schuette', 'harassment');
INSERT INTO sources (person_id, url) VALUES ('bill-schuette', 'https://goppredators.wordpress.com/2022/10/01/273-bill-schuette/');
INSERT INTO sources (person_id, url) VALUES ('bill-schuette', 'https://www.detroitnews.com/story/news/local/michigan/2018/10/25/new-details-1989-bill-schuette-video/1647785002/');
INSERT INTO sources (person_id, url) VALUES ('bill-schuette', 'https://www.eclectablog.com/2018/10/newly-released-video-of-bill-schuette-isnt-just-creepy-or-embarrassing-its-sexual-harassment.html');
INSERT OR REPLACE INTO people (id, name, status, level, state, office, crime_description, summary, still_in_office, offense_year, conviction_year, event_date) VALUES ('merril-robert-barter', 'Merril Robert Barter', 'convicted', 'state', 'ME', 'State Representative', 'Child Molestation', 'Merril Robert Barter was the Lincoln County GOP Commissioner for twenty-eight years and the Town Clerk of Boothbay Harbor, Maine, for forty-sex years. At age sixty-nine he went to the state Republican convention in Augusta and was arrested for having sex with a minor.', NULL, NULL, NULL, '1999-05-20');
INSERT INTO crime_types (person_id, crime_type) VALUES ('merril-robert-barter', 'child-molestation');
INSERT INTO sources (person_id, url) VALUES ('merril-robert-barter', 'https://goppredators.wordpress.com/2022/09/30/272-merril-robert-barter/');
INSERT OR REPLACE INTO people (id, name, status, level, state, office, crime_description, summary, still_in_office, offense_year, conviction_year, event_date) VALUES ('jack-w-gardner', 'Jack W. Gardner', 'convicted', 'party-official', 'PA', '', 'Child Molestation', 'Jack W. Gardner was convicted of child molesting over thirty years before the Republicans ran him for office.', NULL, NULL, 1970, '1970-06-19');
INSERT INTO crime_types (person_id, crime_type) VALUES ('jack-w-gardner', 'child-molestation');
INSERT INTO sources (person_id, url) VALUES ('jack-w-gardner', 'https://goppredators.wordpress.com/2022/09/30/271-jack-w-gardner/');
INSERT INTO sources (person_id, url) VALUES ('jack-w-gardner', 'https://lancasteronline.com/news/judge-tosses-4-candidates-off-the-ballot/article_a1b76630-2f5b-5343-be7a-3a258b323972.html');
INSERT OR REPLACE INTO people (id, name, status, level, state, office, crime_description, summary, still_in_office, offense_year, conviction_year, event_date) VALUES ('tim-murphy', 'Tim Murphy', 'alleged', 'state', 'PA', 'State Senator', 'Hostile Workplace', 'Tim Murphy was a Pennsylvania state senator before he ran for Congress and became a U.S. House member.', NULL, NULL, NULL, NULL);
INSERT INTO crime_types (person_id, crime_type) VALUES ('tim-murphy', 'other');
INSERT INTO sources (person_id, url) VALUES ('tim-murphy', 'https://goppredators.wordpress.com/2022/09/30/270-tim-murphy/');
INSERT INTO sources (person_id, url) VALUES ('tim-murphy', 'https://www.huffpost.com/entry/tim-murphy-toxic-office_n_59e0b4c9e4b0a52aca173676');
INSERT INTO sources (person_id, url) VALUES ('tim-murphy', 'https://www.thedailybeast.com/staffers-detail-widespread-abuse-in-mistress-abortion-rep-tim-murphys-office');
INSERT OR REPLACE INTO people (id, name, status, level, state, office, crime_description, summary, still_in_office, offense_year, conviction_year, event_date) VALUES ('john-butler', 'John Butler', 'convicted', 'adjacent', 'IL', '', 'Child Molestation, Incest', 'John Butler was the Cass County, Illinois, Republican Party chairman . He and his wife were convicted of sexually abusing his niece.', NULL, NULL, NULL, NULL);
INSERT INTO crime_types (person_id, crime_type) VALUES ('john-butler', 'child-molestation');
INSERT INTO crime_types (person_id, crime_type) VALUES ('john-butler', 'incest');
INSERT INTO sources (person_id, url) VALUES ('john-butler', 'https://goppredators.wordpress.com/2022/09/29/269-john-butler/');
INSERT INTO sources (person_id, url) VALUES ('john-butler', 'https://caselaw.findlaw.com/il-court-of-appeals/1113050.html');
INSERT OR REPLACE INTO people (id, name, status, level, state, office, crime_description, summary, still_in_office, offense_year, conviction_year, event_date) VALUES ('larry-weinstein', 'Larry Weinstein', 'convicted', 'party-official', 'PA', 'Judge', 'Sexual Assault', 'Larry Weinstein was a Northampton Township Supervisor and the campaign manager for GOP Rep. Scott Petri.', NULL, NULL, NULL, '2019-12-20');
INSERT INTO crime_types (person_id, crime_type) VALUES ('larry-weinstein', 'assault');
INSERT INTO sources (person_id, url) VALUES ('larry-weinstein', 'https://goppredators.wordpress.com/2022/09/29/268-larry-weinstein/');
INSERT INTO sources (person_id, url) VALUES ('larry-weinstein', 'https://www.newsweek.com/northampton-township-pennsylvania-lawrence-weinstein-supervisor-everclear-1167991');
INSERT INTO sources (person_id, url) VALUES ('larry-weinstein', 'https://bucks.crimewatchpa.com/da/29567/post/couple-ordered-jail-northampton-spy-glasses-privacy-invasion-case');
INSERT OR REPLACE INTO people (id, name, status, level, state, office, crime_description, summary, still_in_office, offense_year, conviction_year, event_date) VALUES ('paul-pressler', 'Paul Pressler', 'alleged', 'adjacent', 'TX', '', 'Child Molestation, Sexual Assault', 'Paul Pressler is one of those former Democrats who became a Republican to support Ronald Reagan. He only became more conservative over time.', NULL, NULL, NULL, NULL);
INSERT INTO crime_types (person_id, crime_type) VALUES ('paul-pressler', 'child-molestation');
INSERT INTO crime_types (person_id, crime_type) VALUES ('paul-pressler', 'assault');
INSERT INTO sources (person_id, url) VALUES ('paul-pressler', 'https://goppredators.wordpress.com/2022/09/29/267-paul-pressler/');
INSERT INTO sources (person_id, url) VALUES ('paul-pressler', 'https://www.houstonchronicle.com/news/houston-texas/houston/article/Lawsuit-accuses-retired-Texas-justice-of-sexual-12458341.php');
INSERT INTO sources (person_id, url) VALUES ('paul-pressler', 'https://www.houstonchronicle.com/news/houston-texas/houston/article/More-men-accuse-former-Texas-judge-Baptist-12831892.php');
INSERT INTO sources (person_id, url) VALUES ('paul-pressler', 'https://baptistnews.com/article/abuse-case-against-pressler-may-proceed-texas-supreme-court-rules/');
INSERT OR REPLACE INTO people (id, name, status, level, state, office, crime_description, summary, still_in_office, offense_year, conviction_year, event_date) VALUES ('mark-aderholt', 'Mark Aderholt', 'convicted', 'adjacent', 'TX', '', 'Child Molestation, Sexual Assault', 'Mark Aderholt was a Southern Baptist leader who was charged with the sexual assault of a teenager more than a decade after she reported it to church authorities. They investigated and wrote her a letter confirming their investigation suggested the abuse occurred.', NULL, NULL, NULL, NULL);
INSERT INTO crime_types (person_id, crime_type) VALUES ('mark-aderholt', 'child-molestation');
INSERT INTO crime_types (person_id, crime_type) VALUES ('mark-aderholt', 'assault');
INSERT INTO sources (person_id, url) VALUES ('mark-aderholt', 'https://goppredators.wordpress.com/2022/09/28/266-mark-aderholt/');
INSERT INTO sources (person_id, url) VALUES ('mark-aderholt', 'https://www.huffpost.com/entry/southern-baptist-leader-sexual-assault_n_5b48b77be4b022fdcc58d199');
INSERT INTO sources (person_id, url) VALUES ('mark-aderholt', 'https://annemariemiller.com/2018/07/13/anne-marie-millers-statement-on-her-sexual-abuse-story-and-the-international-mission-board-cover-up/');
INSERT INTO sources (person_id, url) VALUES ('mark-aderholt', 'https://www.houstonchronicle.com/news/houston-texas/houston/article/Former-Baptist-missionary-pleads-guilty-in-sex-14066542.php');
INSERT OR REPLACE INTO people (id, name, status, level, state, office, crime_description, summary, still_in_office, offense_year, conviction_year, event_date) VALUES ('frank-page', 'Frank Page', 'alleged', 'adjacent', 'TN', '', 'Sexual Misconduct, Organizational Coverup', 'Frank Page was president of the Southern Baptist Convention and president of the SBC Executive Committee until 2018 when he resigned due to what he called a "morally inappropriate relationship." That is not why he''s on this list because it may have been with a consenting adult. He said Trump voters', NULL, NULL, NULL, '2022-05-17');
INSERT INTO crime_types (person_id, crime_type) VALUES ('frank-page', 'enablement');
INSERT INTO crime_types (person_id, crime_type) VALUES ('frank-page', 'organizational-coverup');
INSERT INTO sources (person_id, url) VALUES ('frank-page', 'https://goppredators.wordpress.com/2022/09/28/265-frank-page/');
INSERT INTO sources (person_id, url) VALUES ('frank-page', 'https://www.christianitytoday.com/ct/2022/may-web-only/southern-baptist-abuse-apocalypse-russell-moore.html');
INSERT INTO sources (person_id, url) VALUES ('frank-page', 'https://www.greenvilleonline.com/story/news/local/2022/05/24/taylors-pastor-frank-page-named-report-on-southern-baptist-convention-sexual-abuse-scandal/9912216002/');
INSERT INTO sources (person_id, url) VALUES ('frank-page', 'https://www.baptiststandard.com/news/baptists/timeline-shows-sbc-sexual-abuse-crisis-40-years-in-the-making/');
INSERT INTO sources (person_id, url) VALUES ('frank-page', 'https://goodfaithmedia.org/sbc-president-questions-motives-of-snap-says-sex-abuse-everywhere-cms-8863/');
INSERT OR REPLACE INTO people (id, name, status, level, state, office, crime_description, summary, still_in_office, offense_year, conviction_year, event_date) VALUES ('christian-hine', 'Christian Hine', 'convicted', 'adjacent', 'NC', '', 'Child Sexual Abuse Material', 'Christian Hine was President of the Charlotte, North Carolina, Tea Party and active in Republican campaigns. He had a long history of activism on behalf of conservative issues such as opposing the Affordable Care Act to opposing local tax measures.', NULL, NULL, NULL, '2016-09-01');
INSERT INTO crime_types (person_id, crime_type) VALUES ('christian-hine', 'csam');
INSERT INTO crime_types (person_id, crime_type) VALUES ('christian-hine', 'assault');
INSERT INTO sources (person_id, url) VALUES ('christian-hine', 'https://goppredators.wordpress.com/2022/09/28/264-christian-hine/');
INSERT INTO sources (person_id, url) VALUES ('christian-hine', 'https://www.charlotteobserver.com/news/local/article98546012.html');
INSERT INTO sources (person_id, url) VALUES ('christian-hine', 'https://www.heraldonline.com/news/local/crime/article46491655.html');
INSERT INTO sources (person_id, url) VALUES ('christian-hine', 'https://www.inquisitr.com/3468143/christian-hine-tea-party-child-porn/');
INSERT OR REPLACE INTO people (id, name, status, level, state, office, crime_description, summary, still_in_office, offense_year, conviction_year, event_date) VALUES ('joseph-hayon', 'Joseph Hayon', 'convicted', 'local', 'NY', 'City Councilmember', 'Child Sexual Abuse Material', 'Joseph Hayon was an anti-gay conservative activist and founder of the Brooklyn Tea Party. He ran for the New York Assembly in 2010 emphasizing family values, attacking his opponent for supporting an anti-bullying bill because it included LGBTIQ students.', NULL, NULL, NULL, NULL);
INSERT INTO crime_types (person_id, crime_type) VALUES ('joseph-hayon', 'csam');
INSERT INTO crime_types (person_id, crime_type) VALUES ('joseph-hayon', 'assault');
INSERT INTO sources (person_id, url) VALUES ('joseph-hayon', 'https://goppredators.wordpress.com/2022/09/28/263-joseph-hayon/');
INSERT INTO sources (person_id, url) VALUES ('joseph-hayon', 'https://bklyner.com/joseph-hayon-republican-who-ran-on-family-values-platform-confesses-to-viewing-child-pornography-sheepshead-bay/');
INSERT INTO sources (person_id, url) VALUES ('joseph-hayon', 'https://law.justia.com/cases/new-york/other-courts/2017/2017-ny-slip-op-27322.html');
INSERT INTO sources (person_id, url) VALUES ('joseph-hayon', 'https://www.govinfo.gov/content/pkg/USCOURTS-nyed-1_20-cv-04668/pdf/USCOURTS-nyed-1_20-cv-04668-2.pdf');
INSERT INTO sources (person_id, url) VALUES ('joseph-hayon', 'https://casetext.com/case/hayon-v-reardon');
INSERT OR REPLACE INTO people (id, name, status, level, state, office, crime_description, summary, still_in_office, offense_year, conviction_year, event_date) VALUES ('james-maines', 'James Maines', 'convicted', 'adjacent', 'TX', '', 'Child Sexual Abuse Material', 'James "Dub" Maines was was Texas Representative Joe Barton''s deputy district director. That position is one that involves working with the public to help them with different government agencies.', NULL, NULL, NULL, NULL);
INSERT INTO crime_types (person_id, crime_type) VALUES ('james-maines', 'csam');
INSERT INTO crime_types (person_id, crime_type) VALUES ('james-maines', 'assault');
INSERT INTO sources (person_id, url) VALUES ('james-maines', 'https://goppredators.wordpress.com/2022/09/28/262-james-maines/');
INSERT INTO sources (person_id, url) VALUES ('james-maines', 'https://www.majorityleader.gov/jobs/1509');
INSERT INTO sources (person_id, url) VALUES ('james-maines', 'https://www.usnews.com/news/articles/2015/12/03/congressional-aide-who-forwarded-child-porn-to-work-email-pleads-guilty');
INSERT INTO sources (person_id, url) VALUES ('james-maines', 'https://www.mcclatchydc.com/news/crime/article67837127.html');
INSERT INTO sources (person_id, url) VALUES ('james-maines', 'https://rollcall.com/2016/03/23/ex-aide-sentenced-to-5-years-in-child-porn-case/');
INSERT OR REPLACE INTO people (id, name, status, level, state, office, crime_description, summary, still_in_office, offense_year, conviction_year, event_date) VALUES ('lane-rees', 'Lane Rees', 'convicted', 'local', 'FL', '', 'Child Sexual Abuse Material', 'Lane Rees was elected Walton County (Florida) Commissioner in 2000. He served four years, and was appointed by Gov.', NULL, NULL, NULL, NULL);
INSERT INTO crime_types (person_id, crime_type) VALUES ('lane-rees', 'csam');
INSERT INTO crime_types (person_id, crime_type) VALUES ('lane-rees', 'assault');
INSERT INTO sources (person_id, url) VALUES ('lane-rees', 'https://goppredators.wordpress.com/2022/09/28/261-lane-rees/');
INSERT INTO sources (person_id, url) VALUES ('lane-rees', 'https://www.nwfdailynews.com/story/news/2013/04/04/1-121778/33708260007/');
INSERT INTO sources (person_id, url) VALUES ('lane-rees', 'https://www.nwfdailynews.com/story/news/2013/04/04/1-122050/33989087007/');
INSERT OR REPLACE INTO people (id, name, status, level, state, office, crime_description, summary, still_in_office, offense_year, conviction_year, event_date) VALUES ('rory-a-koch', 'Rory A. Koch', 'convicted', 'adjacent', 'MN', '', 'Child Sexual Abuse Material', 'Rory A. Koch was a Republican staffer in the Minnesota House of Representatives.', NULL, NULL, NULL, NULL);
INSERT INTO crime_types (person_id, crime_type) VALUES ('rory-a-koch', 'csam');
INSERT INTO crime_types (person_id, crime_type) VALUES ('rory-a-koch', 'assault');
INSERT INTO sources (person_id, url) VALUES ('rory-a-koch', 'https://goppredators.wordpress.com/2022/09/27/260-rory-a-koch/');
INSERT INTO sources (person_id, url) VALUES ('rory-a-koch', 'https://www.startribune.com/house-gop-staffer-faces-child-porn-charges/141845473/');
INSERT INTO sources (person_id, url) VALUES ('rory-a-koch', 'https://www.twincities.com/2013/04/21/former-minnesota-house-staffer-gets-5-years-for-child-pornography-possession/');
INSERT INTO sources (person_id, url) VALUES ('rory-a-koch', 'https://www.newspapers.com/clip/110338085/');
INSERT OR REPLACE INTO people (id, name, status, level, state, office, crime_description, summary, still_in_office, offense_year, conviction_year, event_date) VALUES ('mike-krawitz', 'Mike Krawitz', 'alleged', 'adjacent', 'NJ', '', 'Rape Culture', 'Mike Krawitz was running for the township council of West Deptford, but dropped out after his messages to a reporter were made public by her. She reported that he had been sending messages to her for two years, including messages hoping she would be raped.', NULL, NULL, NULL, NULL);
INSERT INTO crime_types (person_id, crime_type) VALUES ('mike-krawitz', 'rape');
INSERT INTO crime_types (person_id, crime_type) VALUES ('mike-krawitz', 'harassment');
INSERT INTO sources (person_id, url) VALUES ('mike-krawitz', 'https://goppredators.wordpress.com/2022/09/27/259-mike-krawitz/');
INSERT INTO sources (person_id, url) VALUES ('mike-krawitz', 'https://www.insideedition.com/18512-local-gop-candidate-quits-race-after-allegedly-sending-rape-messages-to-female-reporter');
INSERT INTO sources (person_id, url) VALUES ('mike-krawitz', 'https://www.nj.com/gloucester-county/2016/09/candidate_who_allegedly_posted_wishing_for_reporte.html');
INSERT OR REPLACE INTO people (id, name, status, level, state, office, crime_description, summary, still_in_office, offense_year, conviction_year, event_date) VALUES ('roger-rivard', 'Roger Rivard', 'alleged', 'state', 'WI', 'State Representative', 'Rape Culture', 'Roger Rivard was a Wisconsin state representative for one term. His crass remarks regarding a local rape involving a 17-year-old raping a 14-year-old in the band room at school.', NULL, NULL, NULL, NULL);
INSERT INTO crime_types (person_id, crime_type) VALUES ('roger-rivard', 'rape');
INSERT INTO crime_types (person_id, crime_type) VALUES ('roger-rivard', 'harassment');
INSERT INTO sources (person_id, url) VALUES ('roger-rivard', 'https://goppredators.wordpress.com/2022/09/27/258-roger-rivard/');
INSERT INTO sources (person_id, url) VALUES ('roger-rivard', 'https://archive.jsonline.com/news/statepolitics/state-legislator-criticized-for-comments-on-rape-hj76f4k-173587961.html');
INSERT INTO sources (person_id, url) VALUES ('roger-rivard', 'https://theworld.org/stories/2012-10-11/some-girls-rape-easy-republican-candidate-roger-rivard-sparks-outrage');
INSERT OR REPLACE INTO people (id, name, status, level, state, office, crime_description, summary, still_in_office, offense_year, conviction_year, event_date) VALUES ('billy-joe-turnage', 'Billy Joe Turnage', 'charged', 'adjacent', 'GA', '', 'Attempted Rape', 'Billy Joe Turnage was chairman of Union County Republicans. He allegedly attempted to rape a woman and broadcast it all on Skype.', NULL, NULL, NULL, NULL);
INSERT INTO crime_types (person_id, crime_type) VALUES ('billy-joe-turnage', 'rape');
INSERT INTO sources (person_id, url) VALUES ('billy-joe-turnage', 'https://goppredators.wordpress.com/2022/09/27/257-billy-joe-turnage/');
INSERT INTO sources (person_id, url) VALUES ('billy-joe-turnage', 'https://www.wonkette.com/congrats-gop-septuagenarian-you-are-in-jail-for-trying-to-rape-a-lady-on-skype');
INSERT INTO sources (person_id, url) VALUES ('billy-joe-turnage', 'https://www.nydailynews.com/news/politics/georgia-gop-official-busted-alleged-rape-attempt-showed-online-article-1.1992130');
INSERT INTO sources (person_id, url) VALUES ('billy-joe-turnage', 'https://infoweb-newsbank-com.proxy.multcolib.org/apps/news/document-view?p=AMNEWS&amp;docref=news/154BE9E1D62A8F80&amp;f=basic');
INSERT OR REPLACE INTO people (id, name, status, level, state, office, crime_description, summary, still_in_office, offense_year, conviction_year, event_date) VALUES ('robert-fisher', 'Robert Fisher', 'alleged', 'state', 'NH', 'State Representative', 'Rape Culture', 'Robert Fisher was a state representative in New Hampshire from 2014 to 2017. He resigned after The Daily Beast identified him as the founder of The Red Pill, a disgusting and misogynistic forum on reddit.', NULL, NULL, NULL, NULL);
INSERT INTO crime_types (person_id, crime_type) VALUES ('robert-fisher', 'rape');
INSERT INTO crime_types (person_id, crime_type) VALUES ('robert-fisher', 'harassment');
INSERT INTO sources (person_id, url) VALUES ('robert-fisher', 'https://goppredators.wordpress.com/2022/09/27/256-robert-fisher/');
INSERT INTO sources (person_id, url) VALUES ('robert-fisher', 'https://www.thedailybeast.com/the-republican-lawmaker-who-secretly-created-reddits-women-hating-red-pill');
INSERT INTO sources (person_id, url) VALUES ('robert-fisher', 'https://www.thedailybeast.com/red-pill-boss-all-feminists-want-to-be-raped');
INSERT INTO sources (person_id, url) VALUES ('robert-fisher', 'https://www.thedailybeast.com/new-hampshire-state-rep-who-created-reddits-red-pill-resigns');
INSERT INTO sources (person_id, url) VALUES ('robert-fisher', 'https://www.concordmonitor.com/legislative-administration-committee-makes-decisions-in-cases-of-state-reps-frost-and-fisher-10101934');
INSERT OR REPLACE INTO people (id, name, status, level, state, office, crime_description, summary, still_in_office, offense_year, conviction_year, event_date) VALUES ('gregory-nathan-peterson', 'Gregory Nathan Peterson', 'charged', 'adjacent', 'UT', 'Political Activist', 'Rape, Sexual Assault, Kidnapping', 'Gregory Nathan Peterson was an activist for the Utah Republican party. Two women alleged he took them to his cabin and raped them.', NULL, NULL, NULL, NULL);
INSERT INTO crime_types (person_id, crime_type) VALUES ('gregory-nathan-peterson', 'rape');
INSERT INTO crime_types (person_id, crime_type) VALUES ('gregory-nathan-peterson', 'assault');
INSERT INTO sources (person_id, url) VALUES ('gregory-nathan-peterson', 'https://goppredators.wordpress.com/2022/09/25/255-greg-peterson/');
INSERT INTO sources (person_id, url) VALUES ('gregory-nathan-peterson', 'https://archive.sltrib.com/article.php?id=55136572&amp;itype=CMSID');
INSERT INTO sources (person_id, url) VALUES ('gregory-nathan-peterson', 'https://www.ksl.com/article/21322815/gop-activist-facing-23-charges-of-kidnapping-rape');
INSERT INTO sources (person_id, url) VALUES ('gregory-nathan-peterson', 'https://archive.sltrib.com/article.php?id=54689117&amp;itype=CMSID');
INSERT OR REPLACE INTO people (id, name, status, level, state, office, crime_description, summary, still_in_office, offense_year, conviction_year, event_date) VALUES ('ted-nugent', 'Ted Nugent', 'alleged', 'adjacent', 'TX', '', 'Child Molestation', 'Ted Nugent is a rock musician who actively supports Republican politicians. He''s threatened to kill President Barack Obama and was then invited to Obama''s State of the Union.', NULL, NULL, NULL, NULL);
INSERT INTO crime_types (person_id, crime_type) VALUES ('ted-nugent', 'child-molestation');
INSERT INTO sources (person_id, url) VALUES ('ted-nugent', 'https://goppredators.wordpress.com/2022/09/25/254-ted-nugent/');
INSERT INTO sources (person_id, url) VALUES ('ted-nugent', 'https://www.mediaite.com/online/can-we-talk-about-ted-nugents-predilection-for-teenaged-girls-yet/');
INSERT INTO sources (person_id, url) VALUES ('ted-nugent', 'https://rockcelebrities.net/the-story-of-ted-nugents-underage-girlfriend-pele-massa/');
INSERT INTO sources (person_id, url) VALUES ('ted-nugent', 'https://www.huffpost.com/entry/ted-nugents-jailbait-problem_b_4840060');
INSERT INTO sources (person_id, url) VALUES ('ted-nugent', 'https://faroutmagazine.co.uk/courtney-love-ted-nugent-allegation/');
INSERT OR REPLACE INTO people (id, name, status, level, state, office, crime_description, summary, still_in_office, offense_year, conviction_year, event_date) VALUES ('james-woods', 'James Woods', 'alleged', 'adjacent', 'CA', '', 'Soliciting a Minor', 'James Woods is a successful Hollywood actor (3 Emmys, 1 Golden Globe) who is a vocal supporter of Donald Trump and Republicans in general. He was a major source of election disinformation after the 2020 election contributing to the spreading of election lies that resulted in the Insurrection.', NULL, NULL, NULL, NULL);
INSERT INTO crime_types (person_id, crime_type) VALUES ('james-woods', 'solicitation');
INSERT INTO sources (person_id, url) VALUES ('james-woods', 'https://goppredators.wordpress.com/2022/09/25/253-james-woods/');
INSERT INTO sources (person_id, url) VALUES ('james-woods', 'https://web.archive.org/web/20170914154632/http://www.teenvogue.com/story/amber-tamblyn-open-letter-james-woods');
INSERT INTO sources (person_id, url) VALUES ('james-woods', 'https://www.nytimes.com/2017/09/16/opinion/sunday/amber-tamblyn-james-woods.html');
INSERT OR REPLACE INTO people (id, name, status, level, state, office, crime_description, summary, still_in_office, offense_year, conviction_year, event_date) VALUES ('neil-bush', 'Neil Bush', 'alleged', 'adjacent', 'FL', '', 'Sex Tourism', 'Neil Bush is the fourth son of President George H. W.', NULL, NULL, NULL, NULL);
INSERT INTO crime_types (person_id, crime_type) VALUES ('neil-bush', 'other');
INSERT INTO sources (person_id, url) VALUES ('neil-bush', 'https://goppredators.wordpress.com/2022/09/25/252-neil-bush/');
INSERT INTO sources (person_id, url) VALUES ('neil-bush', 'http://www.cnn.com/2003/ALLPOLITICS/11/25/bush.brother.reut/');
INSERT INTO sources (person_id, url) VALUES ('neil-bush', 'https://www.wonkette.com/still-crooked-after-all-these-years');
INSERT OR REPLACE INTO people (id, name, status, level, state, office, crime_description, summary, still_in_office, offense_year, conviction_year, event_date) VALUES ('john-peterson', 'John Peterson', 'alleged', 'federal', 'PA', '', 'Sexual Harassment, Groping', 'John Peterson was a Republican politician in Pennsylvania serving eight years in local government before being elected to the state House in 1977, then to the state Senate in 1985, and then the US Congress in 1997 where he served until 2009. He was accused of sexual harassment by a page when he was', NULL, NULL, NULL, NULL);
INSERT INTO crime_types (person_id, crime_type) VALUES ('john-peterson', 'harassment');
INSERT INTO sources (person_id, url) VALUES ('john-peterson', 'https://goppredators.wordpress.com/2022/09/24/251-john-peterson/');
INSERT INTO sources (person_id, url) VALUES ('john-peterson', 'https://www.pennlive.com/politics/2017/10/groping_kissy_face_emoji_inapp.html');
INSERT INTO sources (person_id, url) VALUES ('john-peterson', 'https://www.washingtonpost.com/archive/politics/1996/11/03/the-mid-atlantic/4ed198e9-85d0-48b0-9141-0ccdcde541e3/');
INSERT OR REPLACE INTO people (id, name, status, level, state, office, crime_description, summary, still_in_office, offense_year, conviction_year, event_date) VALUES ('dick-armey', 'Dick Armey', 'alleged', 'federal', 'TX', 'U.S. Congressman', 'Sexual Harassment', 'Dick Armey was a U.S. Representative from Texas for eighteen years and House Majority Leader for the last eight.', NULL, NULL, NULL, NULL);
INSERT INTO crime_types (person_id, crime_type) VALUES ('dick-armey', 'harassment');
INSERT INTO sources (person_id, url) VALUES ('dick-armey', 'https://goppredators.wordpress.com/2022/09/24/250-dick-armey/');
INSERT INTO sources (person_id, url) VALUES ('dick-armey', 'https://www.salon.com/2009/01/29/armey_2/');
INSERT INTO sources (person_id, url) VALUES ('dick-armey', 'https://www.nndb.com/people/211/000024139/');
INSERT INTO sources (person_id, url) VALUES ('dick-armey', 'https://www.dallasobserver.com/news/all-about-richard-6397939');
INSERT INTO sources (person_id, url) VALUES ('dick-armey', 'https://www.google.com/search?hl=en&amp;q=inauthor:%22Stanley+G.+Hilton%22&amp;tbm=bks');
INSERT INTO sources (person_id, url) VALUES ('dick-armey', 'https://www.google.com/search?hl=en&amp;q=inauthor:%22Anne-Renee+Testa%22&amp;tbm=bks');
INSERT OR REPLACE INTO people (id, name, status, level, state, office, crime_description, summary, still_in_office, offense_year, conviction_year, event_date) VALUES ('dan-burton', 'Dan Burton', 'convicted', 'state', 'IN', '', 'Sexual Harassment', 'Dan Burton was an unhinged Congressional critic of President Bill Clinton who once shot a cantaloupe to prove Vince Foster''s suicide was murder. He also was so certain that a terrorist would want to throw a bomb at him that he wanted to enclose the House chamber and gallery in plexiglass.', NULL, NULL, NULL, NULL);
INSERT INTO crime_types (person_id, crime_type) VALUES ('dan-burton', 'harassment');
INSERT INTO sources (person_id, url) VALUES ('dan-burton', 'https://goppredators.wordpress.com/2022/09/24/249-dan-burton/');
INSERT INTO sources (person_id, url) VALUES ('dan-burton', 'https://en.wikipedia.org/wiki/Dan_Burton');
INSERT INTO sources (person_id, url) VALUES ('dan-burton', 'https://www.google.com/books/edition/Sex_Lies_Politics/WGmoaeFe1zwC?hl=en&amp;gbpv=1');
INSERT INTO sources (person_id, url) VALUES ('dan-burton', 'https://www.google.com/books/edition/Republicans_Do_the_Dumbest_Things/7tZHZCv-pVUC?hl=en&amp;gbpv=1&amp;dq=Dan+burton+planned+parenthood+lobbyist&amp;pg=PA33&amp;printsec=frontcover');
INSERT INTO sources (person_id, url) VALUES ('dan-burton', 'https://www.russbaker.com/archives/pit%20bull%204.htm');
INSERT OR REPLACE INTO people (id, name, status, level, state, office, crime_description, summary, still_in_office, offense_year, conviction_year, event_date) VALUES ('william-8220-wild-bill-8221-janklow', 'William &#8220;Wild Bill&#8221; Janklow', 'convicted', 'state', 'SD', '', 'Child Rape', 'William "Wild Bill" Janklow was the governor of South Dakota for sixteen years, longer than anyone in the state''s history. Before governor, he was Attorney General of South Dakota.', NULL, NULL, 2004, NULL);
INSERT INTO crime_types (person_id, crime_type) VALUES ('william-8220-wild-bill-8221-janklow', 'rape');
INSERT INTO sources (person_id, url) VALUES ('william-8220-wild-bill-8221-janklow', 'https://goppredators.wordpress.com/2022/09/24/248-william-wild-bill-janklow/');
INSERT INTO sources (person_id, url) VALUES ('william-8220-wild-bill-8221-janklow', 'https://en.wikipedia.org/wiki/In_the_Spirit_of_Crazy_Horse');
INSERT INTO sources (person_id, url) VALUES ('william-8220-wild-bill-8221-janklow', 'https://www.jstor.org/stable/25560439?seq=1#page_scan_tab_contents');
INSERT INTO sources (person_id, url) VALUES ('william-8220-wild-bill-8221-janklow', 'https://www.creepsheet.com/accused/bill-janklow/');
INSERT OR REPLACE INTO people (id, name, status, level, state, office, crime_description, summary, still_in_office, offense_year, conviction_year, event_date) VALUES ('rory-ogle', 'Rory Ogle', 'charged', 'adjacent', 'NM', '', 'Domestic Violence, Assault', 'Rory Ogle was elected to the New Mexico House of Representatives in 2002 but resigned in 2005 after he was arrested for domestic violence and assault after an altercation with his wife. He was alleged to have thrown a headboard and a mop handle at his wife while drunk, injuring her.', NULL, NULL, NULL, NULL);
INSERT INTO crime_types (person_id, crime_type) VALUES ('rory-ogle', 'domestic-violence');
INSERT INTO sources (person_id, url) VALUES ('rory-ogle', 'https://goppredators.wordpress.com/2022/09/23/247-rory-ogle/');
INSERT INTO sources (person_id, url) VALUES ('rory-ogle', 'https://www.koat.com/article/rep-rory-ogle-accused-of-beating-wife/5018239');
INSERT INTO sources (person_id, url) VALUES ('rory-ogle', 'https://www.koat.com/article/two-sides-to-alleged-beating-story-ogle-says/5018395');
INSERT INTO sources (person_id, url) VALUES ('rory-ogle', 'http://joemonahansnewmexico.blogspot.com/2004/08/more-roaring-over-rep-rory-ogle-and.html');
INSERT OR REPLACE INTO people (id, name, status, level, state, office, crime_description, summary, still_in_office, offense_year, conviction_year, event_date) VALUES ('andrew-puzder', 'Andrew Puzder', 'alleged', 'federal', 'TN', '', 'Domestic Violence', 'Andrew Puzder was the CEO of CKE Foods, the company that owns Hardee''s and Carl Jr.''s. He was a big Trump supporter and donated several hundred thousand to Trump''s campaign.', NULL, NULL, NULL, NULL);
INSERT INTO crime_types (person_id, crime_type) VALUES ('andrew-puzder', 'domestic-violence');
INSERT INTO sources (person_id, url) VALUES ('andrew-puzder', 'https://goppredators.wordpress.com/2022/09/23/246-andrew-puzder/');
INSERT INTO sources (person_id, url) VALUES ('andrew-puzder', 'https://www.politico.com/story/2017/02/puzder-oprah-winfrey-labor-235030');
INSERT INTO sources (person_id, url) VALUES ('andrew-puzder', 'https://www.hollywoodreporter.com/news/politics-news/oprah-video-puzder-domestic-abuse-ex-wife-labor-secretary-nominee-976390/');
INSERT INTO sources (person_id, url) VALUES ('andrew-puzder', 'https://bust.com/living/19108-puzder-accused-of-domestic-abuse-on-1990-oprah-episode.html');
INSERT INTO sources (person_id, url) VALUES ('andrew-puzder', 'https://www.refinery29.com/en-us/2017/02/141128/recanting-domestic-abuse-allegations-claims');
INSERT OR REPLACE INTO people (id, name, status, level, state, office, crime_description, summary, still_in_office, offense_year, conviction_year, event_date) VALUES ('bradley-s-deflumeri', 'Bradley S. DeFlumeri', 'convicted', 'adjacent', 'MA', '', 'Domestic Violence', 'Bradley S. DeFlumeri was the vice-president of the University of Massachusetts Republican Club in 2009.', NULL, NULL, NULL, NULL);
INSERT INTO crime_types (person_id, crime_type) VALUES ('bradley-s-deflumeri', 'domestic-violence');
INSERT INTO sources (person_id, url) VALUES ('bradley-s-deflumeri', 'https://goppredators.wordpress.com/2022/09/23/245-bradley-s-deflumeri/');
INSERT INTO sources (person_id, url) VALUES ('bradley-s-deflumeri', 'https://dailycollegian.com/2009/04/republican-club-vice-president-arrested-banned-from-offices/');
INSERT INTO sources (person_id, url) VALUES ('bradley-s-deflumeri', 'https://www.masscops.com/threads/umass-pd-republican-club-vp-arrested.73945/');
INSERT OR REPLACE INTO people (id, name, status, level, state, office, crime_description, summary, still_in_office, offense_year, conviction_year, event_date) VALUES ('david-8220-bull-8221-gurfein', 'David &#8220;Bull&#8221; Gurfein', 'convicted', 'adjacent', 'NY', '', 'Domestic Violence', 'David Gurfein was the 2016 Republican candidate for Congress for Long Island where he grew up. Gurfein is a former Marine who served twenty-five years.', NULL, NULL, NULL, NULL);
INSERT INTO crime_types (person_id, crime_type) VALUES ('david-8220-bull-8221-gurfein', 'domestic-violence');
INSERT INTO sources (person_id, url) VALUES ('david-8220-bull-8221-gurfein', 'https://goppredators.wordpress.com/2022/09/23/244-david-bull-gurfein/');
INSERT INTO sources (person_id, url) VALUES ('david-8220-bull-8221-gurfein', 'https://www.alumni.hbs.edu/stories/Pages/story-bulletin.aspx?num=2290');
INSERT INTO sources (person_id, url) VALUES ('david-8220-bull-8221-gurfein', 'https://www.cbsnews.com/pictures/images-of-war-day-2/2/');
INSERT INTO sources (person_id, url) VALUES ('david-8220-bull-8221-gurfein', 'https://en.wikipedia.org/wiki/Lynching_of_Michael_Donald');
INSERT INTO sources (person_id, url) VALUES ('david-8220-bull-8221-gurfein', 'https://www.uap.org/case/robert-bales/');
INSERT INTO sources (person_id, url) VALUES ('david-8220-bull-8221-gurfein', 'https://nypost.com/2016/10/17/republican-candidate-running-for-congress-has-violent-past/');
INSERT INTO sources (person_id, url) VALUES ('david-8220-bull-8221-gurfein', 'https://www.newsday.com/long-island/politics/david-gurfein-charged-with-misdemeanor-domestic-battery-in-2010-q45354');
INSERT OR REPLACE INTO people (id, name, status, level, state, office, crime_description, summary, still_in_office, offense_year, conviction_year, event_date) VALUES ('brad-gerten', 'Brad Gerten', 'charged', 'state', 'MN', '', 'Domestic Violence', 'Brad Gerten was a Republican candidate for the Minnesota state House when he was arrested for trying to strangle his step-son. A fight over pizza!', NULL, NULL, NULL, NULL);
INSERT INTO crime_types (person_id, crime_type) VALUES ('brad-gerten', 'domestic-violence');
INSERT INTO sources (person_id, url) VALUES ('brad-gerten', 'https://goppredators.wordpress.com/2022/09/23/243-brad-gerten/');
INSERT INTO sources (person_id, url) VALUES ('brad-gerten', 'https://www.mprnews.org/story/2016/10/03/mn-house-candidate-arrested-domestic-assault');
INSERT INTO sources (person_id, url) VALUES ('brad-gerten', 'https://apnews.com/article/47301fc12f18436bb63cc4dc22c6299b');
INSERT OR REPLACE INTO people (id, name, status, level, state, office, crime_description, summary, still_in_office, offense_year, conviction_year, event_date) VALUES ('will-folks', 'Will Folks', 'charged', 'state', 'SC', '', 'Domestic Violence', 'Will Folks was Governor Mark Sanford''s spokesperson. In July 2005, he resigned on a Friday, planning to open his own political consulting firm.', NULL, NULL, NULL, NULL);
INSERT INTO crime_types (person_id, crime_type) VALUES ('will-folks', 'domestic-violence');
INSERT INTO sources (person_id, url) VALUES ('will-folks', 'https://goppredators.wordpress.com/2022/09/22/242-will-folks/');
INSERT INTO sources (person_id, url) VALUES ('will-folks', 'https://www.wistv.com/story/3911359/will-folks-pleads-guilty-to-criminal-domestic-violence/');
INSERT INTO sources (person_id, url) VALUES ('will-folks', 'https://archives.cjr.org/campaign_desk/a_day_in_the_life_of_south_car.php');
INSERT INTO sources (person_id, url) VALUES ('will-folks', 'https://www.newspapers.com/clip/110017455/');
INSERT OR REPLACE INTO people (id, name, status, level, state, office, crime_description, summary, still_in_office, offense_year, conviction_year, event_date) VALUES ('gary-rolls', 'Gary Rolls', 'convicted', 'state', 'MI', 'County Commissioner', 'Child Molestation, Rape', 'Gary Rolls was a Republican county commissioner in Kent County, Michigan. In 2012, after he won his Republican primary in a state House race, a 28-year-old woman came forward claiming he had sexually abused her since she was nine years-old until she was twenty-three.', NULL, NULL, NULL, NULL);
INSERT INTO crime_types (person_id, crime_type) VALUES ('gary-rolls', 'rape');
INSERT INTO crime_types (person_id, crime_type) VALUES ('gary-rolls', 'child-molestation');
INSERT INTO sources (person_id, url) VALUES ('gary-rolls', 'https://goppredators.wordpress.com/2022/09/22/241-gary-rolls/');
INSERT INTO sources (person_id, url) VALUES ('gary-rolls', 'https://www.michiganradio.org/politics-government/2014-06-19/former-kent-county-commissioner-to-serve-a-year-in-jail-for-sex-crimes-against-minor');
INSERT INTO sources (person_id, url) VALUES ('gary-rolls', 'https://www.mlive.com/news/grand-rapids/2013/11/how_gary_rolls_arrest_went_dow.html');
INSERT INTO sources (person_id, url) VALUES ('gary-rolls', 'https://www.mlive.com/news/grand-rapids/2015/12/former_county_commission_guilt.html');
INSERT INTO sources (person_id, url) VALUES ('gary-rolls', 'https://www.wzzm13.com/article/news/local/metro/fmr-commissioner-sentenced-victim-calls-rolls-a-coward/69-271492256');
INSERT OR REPLACE INTO people (id, name, status, level, state, office, crime_description, summary, still_in_office, offense_year, conviction_year, event_date) VALUES ('steve-nunn', 'Steve Nunn', 'convicted', 'federal', 'KY', 'State Representative', 'Domestic Violence, Murder', 'Steve Nunn was a Republican state representative in Kentucky. His father was Governor Louis Nunn.', NULL, NULL, NULL, NULL);
INSERT INTO crime_types (person_id, crime_type) VALUES ('steve-nunn', 'domestic-violence');
INSERT INTO crime_types (person_id, crime_type) VALUES ('steve-nunn', 'murder');
INSERT INTO sources (person_id, url) VALUES ('steve-nunn', 'https://goppredators.wordpress.com/2022/09/22/240-steve-nunn/');
INSERT INTO sources (person_id, url) VALUES ('steve-nunn', 'https://abcnews.go.com/US/steve-nunn-kentucky-state-representative-murderer/story?id=15894544');
INSERT INTO sources (person_id, url) VALUES ('steve-nunn', 'https://www.bgdailynews.com/news/steve-nunn-charged-with-murder/article_1a720f19-17ec-5ddc-8e57-05ca8f879a67.html');
INSERT INTO sources (person_id, url) VALUES ('steve-nunn', 'https://www.wdrb.com/news/steve-nunn-apologizes-to-amanda-ross-family-for-her-death/article_b61f18aa-979f-52fb-98cf-38c0700750ad.html');
INSERT INTO sources (person_id, url) VALUES ('steve-nunn', 'https://www.newspapers.com/clip/110003299/');
INSERT OR REPLACE INTO people (id, name, status, level, state, office, crime_description, summary, still_in_office, offense_year, conviction_year, event_date) VALUES ('angela-wozniak', 'Angela Wozniak', 'alleged', 'adjacent', 'NY', '', 'Sexual Harassment, Retaliation', 'Angela Wozniak was elected to the New York Assembly, replacing Dennis Gabryszak, a Democrat who was accused of sexual harassment. She promised change.', NULL, NULL, NULL, NULL);
INSERT INTO crime_types (person_id, crime_type) VALUES ('angela-wozniak', 'harassment');
INSERT INTO sources (person_id, url) VALUES ('angela-wozniak', 'https://goppredators.wordpress.com/2022/09/22/239-angela-wozniak/');
INSERT INTO sources (person_id, url) VALUES ('angela-wozniak', 'https://www.politico.com/states/new-york/albany/story/2016/03/wozniak-admonished-over-affair-with-staffer-032168');
INSERT INTO sources (person_id, url) VALUES ('angela-wozniak', 'https://www.politico.com/states/new-york/albany/story/2015/09/assembly-probing-sexual-harassment-complaint-against-angela-wozniak-025435');
INSERT INTO sources (person_id, url) VALUES ('angela-wozniak', 'https://www.timesunion.com/news/article/Ethics-watchdog-settles-case-against-former-14307012.php');
INSERT INTO sources (person_id, url) VALUES ('angela-wozniak', 'https://www.wbfo.org/politics/2016-05-10/sanctioned-assemblywoman-angela-wozniak-not-seeking-re-election');
INSERT OR REPLACE INTO people (id, name, status, level, state, office, crime_description, summary, still_in_office, offense_year, conviction_year, event_date) VALUES ('greg-ball', 'Greg Ball', 'alleged', 'state', 'NY', 'State Senator', 'Sexual Harassment, Assault', 'Greg Ball was a New York state senator. He was accused in 2016 of banging a woman''s head against a post while trying to force her to perform oral sex.', NULL, NULL, NULL, NULL);
INSERT INTO crime_types (person_id, crime_type) VALUES ('greg-ball', 'harassment');
INSERT INTO sources (person_id, url) VALUES ('greg-ball', 'https://goppredators.wordpress.com/2022/09/22/238-greg-ball/');
INSERT INTO sources (person_id, url) VALUES ('greg-ball', 'https://www.timesunion.com/local/article/Woman-s-claims-shadow-ex-senator-11076198.php');
INSERT INTO sources (person_id, url) VALUES ('greg-ball', 'https://www.nydailynews.com/blogs/dailypolitics/greg-ball-ex-girlfriend-not-strikes-back-updated-blog-entry-1.1681508');
INSERT OR REPLACE INTO people (id, name, status, level, state, office, crime_description, summary, still_in_office, offense_year, conviction_year, event_date) VALUES ('steve-mclaughlin', 'Steve McLaughlin', 'charged', 'state', 'NY', 'Judge', 'Sexual Harassment', 'Steve McLaughlin is currently the elected County Executive of Rensselaer County, New York. When he was in the New York State Assembly he was censured for sexual harassment after asking an Assembly employee for nude photos.', NULL, NULL, NULL, NULL);
INSERT INTO crime_types (person_id, crime_type) VALUES ('steve-mclaughlin', 'harassment');
INSERT INTO sources (person_id, url) VALUES ('steve-mclaughlin', 'https://goppredators.wordpress.com/2022/09/21/237-steve-mclaughlin/');
INSERT INTO sources (person_id, url) VALUES ('steve-mclaughlin', 'https://blog.timesunion.com/capitol/archives/278999/steve-mclaughlin-sanctioned-by-assembly-for-harassment/');
INSERT INTO sources (person_id, url) VALUES ('steve-mclaughlin', 'https://www.politico.com/states/new-york/albany/story/2017/11/29/assembly-admonishes-steve-mclaughlin-over-sexual-harassment-claim-125659');
INSERT INTO sources (person_id, url) VALUES ('steve-mclaughlin', 'https://ag.ny.gov/press-release/2021/attorney-general-james-announces-arrest-and-indictment-rensselaer-county');
INSERT INTO sources (person_id, url) VALUES ('steve-mclaughlin', 'https://cbs6albany.com/news/local/judge-denies-motion-to-dismiss-corruption-charges-against-rensselaer-cty-exec-mclaughlin');
INSERT OR REPLACE INTO people (id, name, status, level, state, office, crime_description, summary, still_in_office, offense_year, conviction_year, event_date) VALUES ('mathew-wollman', 'Mathew Wollman', 'alleged', 'state', 'SD', '', 'Sexual Harassment, Misconduct', 'Mathew Wollman represented the 8th district of South Dakota in the state legislature. He was confronted by reporters about having sexual relationships with two college-aged interns.', NULL, NULL, NULL, NULL);
INSERT INTO crime_types (person_id, crime_type) VALUES ('mathew-wollman', 'harassment');
INSERT INTO sources (person_id, url) VALUES ('mathew-wollman', 'https://goppredators.wordpress.com/2022/09/21/236-mathew-wollman/');
INSERT INTO sources (person_id, url) VALUES ('mathew-wollman', 'https://www.argusleader.com/story/news/politics/2017/01/18/house-calls-investigation-lawmaker-who-had-sex-intern/96729510/');
INSERT INTO sources (person_id, url) VALUES ('mathew-wollman', 'https://www.dakotanewsnow.com/content/news/South-Dakota-State-Representative-Mathew-Wollmann-resigns-411526955.html');
INSERT INTO sources (person_id, url) VALUES ('mathew-wollman', 'https://www.sllf.org/millennial-matt-a-cautionary-tale/');
INSERT INTO sources (person_id, url) VALUES ('mathew-wollman', 'https://www.keloland.com/news/disgraced-state-lawmaker-has-new-job-as-police-officer/');
INSERT INTO sources (person_id, url) VALUES ('mathew-wollman', 'https://www.keloland.com/news/sd-lawmaker-talks-about-having-sexual-relationships-with-interns/');
INSERT INTO sources (person_id, url) VALUES ('mathew-wollman', 'https://www.newspapers.com/clip/109983157/');
INSERT OR REPLACE INTO people (id, name, status, level, state, office, crime_description, summary, still_in_office, offense_year, conviction_year, event_date) VALUES ('walter-s-smith', 'Walter S. Smith', 'alleged', 'federal', 'TX', 'Judge', 'Sexual Harassment, Misconduct', 'Walter S. Smith (TX): Sexual Harassment, Misconduct.', NULL, NULL, NULL, NULL);
INSERT INTO crime_types (person_id, crime_type) VALUES ('walter-s-smith', 'harassment');
INSERT INTO sources (person_id, url) VALUES ('walter-s-smith', 'https://goppredators.wordpress.com/2022/09/21/235-walter-s-smith/');
INSERT INTO sources (person_id, url) VALUES ('walter-s-smith', 'https://www.expressnews.com/news/local/article/Suspended-for-sexual-misconduct-retiring-federal-9235096.php');
INSERT INTO sources (person_id, url) VALUES ('walter-s-smith', 'https://lawsintexas.com/a-nationwide-investigation-into-judges-behavin-badly-ends-up-with-its-spotlights-firmly-on-texas-and-the-federalist-fifth-circuit/');
INSERT INTO sources (person_id, url) VALUES ('walter-s-smith', 'https://www.law360.com/articles/848256/texas-judge-s-retirement-cancels-sex-harassment-discipline');
INSERT OR REPLACE INTO people (id, name, status, level, state, office, crime_description, summary, still_in_office, offense_year, conviction_year, event_date) VALUES ('paul-bailey', 'Paul Bailey', 'alleged', 'local', 'MI', 'Sheriff', 'Custodial Negligence', 'Paul Bailey was the sheriff of Berrien County. While Sheriff, ten women sued the county alleging that four deputies had sexually assaulted them, demanding sexual favors for money or other benefits.', NULL, NULL, NULL, NULL);
INSERT INTO crime_types (person_id, crime_type) VALUES ('paul-bailey', 'other');
INSERT INTO sources (person_id, url) VALUES ('paul-bailey', 'https://goppredators.wordpress.com/2022/09/21/234-paul-bailey/');
INSERT INTO sources (person_id, url) VALUES ('paul-bailey', 'https://www.abc57.com/news/ten-women-suing-berrien-county-jail-deputies');
INSERT INTO sources (person_id, url) VALUES ('paul-bailey', 'https://www.953mnc.com/2017/07/26/women-step-foward-claiming-abuse-berrien-county-jail/');
INSERT INTO sources (person_id, url) VALUES ('paul-bailey', 'https://www.southbendtribune.com/story/news/crime/2016/07/28/berrien-county-jail-sex-probe-stops-with-3-deputies/46322945/');
INSERT INTO sources (person_id, url) VALUES ('paul-bailey', 'https://www.abc57.com/news/berrien-county-jail-sexual-harassment-lawsuit-dismissed');
INSERT INTO sources (person_id, url) VALUES ('paul-bailey', 'https://www.wndu.com/content/news/More-info-released-about-Berrien-Co-deputies-accused-of-sexual-abuse-388472222.html');
INSERT OR REPLACE INTO people (id, name, status, level, state, office, crime_description, summary, still_in_office, offense_year, conviction_year, event_date) VALUES ('mike-may', 'Mike May', 'alleged', 'adjacent', 'CO', '', 'Sexual Harassment', 'Mike May was the House Minority Leader in Colorado. In 2010, he was sued by four employees of one of the hotels he owned alleging they were sexually harassed and when they made a complaint, he retaliated against them.', NULL, NULL, NULL, NULL);
INSERT INTO crime_types (person_id, crime_type) VALUES ('mike-may', 'harassment');
INSERT INTO sources (person_id, url) VALUES ('mike-may', 'https://goppredators.wordpress.com/2022/09/20/233-mike-may/');
INSERT INTO sources (person_id, url) VALUES ('mike-may', 'https://trib.com/news/local/article_45f7b75e-851e-11df-bb86-001cc4c002e0.html');
INSERT INTO sources (person_id, url) VALUES ('mike-may', 'https://www.5280.com/2010/07/employees-accuse-representative-mike-may-of-sexual-harrassment/');
INSERT INTO sources (person_id, url) VALUES ('mike-may', 'https://www.denverpost.com/2011/06/10/sex-bias-lawsuit-against-former-colorado-rep-may-settled-harassment-suit-pending/');
INSERT INTO sources (person_id, url) VALUES ('mike-may', 'https://www.denverpost.com/2011/06/10/sex-bias-lawsuit-against-former-colorado-rep-may-settled-harassment-suit-pending/?share=facebook&amp;nb=1');
INSERT OR REPLACE INTO people (id, name, status, level, state, office, crime_description, summary, still_in_office, offense_year, conviction_year, event_date) VALUES ('thomas-ravenel', 'Thomas Ravenel', 'convicted', 'adjacent', 'SC', '', 'Sexual Assault, Assault &amp; Battery', 'Thomas Ravenel was the State Treasurer of South Carolina when he was convicted of buying cocaine to distribute. In 2008, he was sent to prison for ten months.', NULL, NULL, NULL, NULL);
INSERT INTO crime_types (person_id, crime_type) VALUES ('thomas-ravenel', 'assault');
INSERT INTO sources (person_id, url) VALUES ('thomas-ravenel', 'https://goppredators.wordpress.com/2022/09/20/232-thomas-ravenel/');
INSERT INTO sources (person_id, url) VALUES ('thomas-ravenel', 'https://www.fitsnews.com/2018/05/22/amy-feinstein-interviews-luzanne-otte-about-her-experiences-with-thomas-ravenel/');
INSERT INTO sources (person_id, url) VALUES ('thomas-ravenel', 'https://www.usmagazine.com/celebrity-news/news/southern-charms-thomas-ravenel-accused-of-sexual-assault/');
INSERT INTO sources (person_id, url) VALUES ('thomas-ravenel', 'https://www.fitsnews.com/2019/09/16/the-thomas-ravenel-plea-documents-related-to-case-offer-revealing-insights/');
INSERT INTO sources (person_id, url) VALUES ('thomas-ravenel', 'https://www.newspapers.com/clip/109925535/');
INSERT INTO sources (person_id, url) VALUES ('thomas-ravenel', 'https://www.newspapers.com/clip/109925484/');
INSERT OR REPLACE INTO people (id, name, status, level, state, office, crime_description, summary, still_in_office, offense_year, conviction_year, event_date) VALUES ('al-harrison', 'Al Harrison', 'convicted', 'local', 'FL', '', 'Rape', 'Al Harrison was the Gulf County Florida sheriff. He used this position as sheriff to force imprisoned women to have sex with him.', NULL, NULL, NULL, NULL);
INSERT INTO crime_types (person_id, crime_type) VALUES ('al-harrison', 'rape');
INSERT INTO sources (person_id, url) VALUES ('al-harrison', 'https://goppredators.wordpress.com/2022/09/20/231-al-harrison/');
INSERT INTO sources (person_id, url) VALUES ('al-harrison', 'https://www.tampabay.com/archive/1994/07/06/suspended-sheriff-criticizes-investigation/');
INSERT INTO sources (person_id, url) VALUES ('al-harrison', 'https://www.tampabay.com/archive/1994/12/16/gulf-county-sheriff-charged/');
INSERT INTO sources (person_id, url) VALUES ('al-harrison', 'https://www.tampabay.com/archive/1994/07/03/anguished-letter-accuses-sheriff/');
INSERT INTO sources (person_id, url) VALUES ('al-harrison', 'https://www.prisonlegalnews.org/news/1995/jul/15/51-months-for-sex-with-prisoners/');
INSERT INTO sources (person_id, url) VALUES ('al-harrison', 'https://www.newspapers.com/clip/109924551/');
INSERT OR REPLACE INTO people (id, name, status, level, state, office, crime_description, summary, still_in_office, offense_year, conviction_year, event_date) VALUES ('robert-bentley', 'Robert Bentley', 'convicted', 'state', 'AL', '', 'Sexual Harassment', 'Robert Bentley was the governor of Alabama when a scandal broke about him having an affair with a married woman. While hypocritical and not nice, it is not necessarily predatory, since they were consenting adults.', NULL, NULL, NULL, NULL);
INSERT INTO crime_types (person_id, crime_type) VALUES ('robert-bentley', 'harassment');
INSERT INTO sources (person_id, url) VALUES ('robert-bentley', 'https://goppredators.wordpress.com/2022/09/20/230-robert-bentley/');
INSERT INTO sources (person_id, url) VALUES ('robert-bentley', 'https://www.washingtonpost.com/news/the-fix/wp/2017/04/10/brought-down-by-an-affair-alabama-gov-robert-bentley-expected-to-resign-today-according-to-news-reports/');
INSERT INTO sources (person_id, url) VALUES ('robert-bentley', 'https://www.newspapers.com/clip/109892429/');
INSERT INTO sources (person_id, url) VALUES ('robert-bentley', 'https://www.newspapers.com/clip/109892647/');
INSERT OR REPLACE INTO people (id, name, status, level, state, office, crime_description, summary, still_in_office, offense_year, conviction_year, event_date) VALUES ('george-h-w-bush', 'George H. W. Bush', 'alleged', 'adjacent', 'TX', '', 'Groping', 'George H. W. Bush (TX): Groping.', NULL, NULL, NULL, NULL);
INSERT INTO crime_types (person_id, crime_type) VALUES ('george-h-w-bush', 'other');
INSERT INTO sources (person_id, url) VALUES ('george-h-w-bush', 'https://goppredators.wordpress.com/2022/09/20/229-george-h-w-bush/');
INSERT INTO sources (person_id, url) VALUES ('george-h-w-bush', 'https://dailycaring.com/9-ways-to-handle-alzheimers-and-sexually-inappropriate-behavior/');
INSERT INTO sources (person_id, url) VALUES ('george-h-w-bush', 'https://www.cnn.com/2017/10/25/entertainment/heather-lind-george-bush-harassment');
INSERT INTO sources (person_id, url) VALUES ('george-h-w-bush', 'https://www.texasmonthly.com/the-daily-post/women-hw-bush/');
INSERT INTO sources (person_id, url) VALUES ('george-h-w-bush', 'https://www.newspapers.com/clip/109889535/');
INSERT OR REPLACE INTO people (id, name, status, level, state, office, crime_description, summary, still_in_office, offense_year, conviction_year, event_date) VALUES ('brett-kavanaugh', 'Brett Kavanaugh', 'alleged', 'adjacent', 'MD', '', 'Rape', 'Brett Kavanaugh is a Supreme Court Justice. During his confirmation hearing, news of an attempted rape allegation was leaked to the media and became a significant part of his confirmation hearing.', NULL, NULL, NULL, NULL);
INSERT INTO crime_types (person_id, crime_type) VALUES ('brett-kavanaugh', 'rape');
INSERT INTO sources (person_id, url) VALUES ('brett-kavanaugh', 'https://goppredators.wordpress.com/2022/09/19/228-brett-kavanaugh/');
INSERT INTO sources (person_id, url) VALUES ('brett-kavanaugh', 'https://www.theguardian.com/us-news/2019/nov/18/christine-blasey-ford-brett-kavanaugh');
INSERT INTO sources (person_id, url) VALUES ('brett-kavanaugh', 'https://www.newsweek.com/christine-blasey-ford-brett-kavanaugh-protests-supreme-court-roe-v-wade-1704942');
INSERT INTO sources (person_id, url) VALUES ('brett-kavanaugh', 'https://www.whitehouse.senate.gov/news/release/fbi-director-confirms-agency-sent-tips-from-kavanaugh-tip-line-to-trump-white-house-without-investigation');
INSERT INTO sources (person_id, url) VALUES ('brett-kavanaugh', 'https://www.thedailybeast.com/new-brett-kavanaugh-sexual-assault-allegations-in-secret-sundance-doc-justice?ref=home');
INSERT INTO sources (person_id, url) VALUES ('brett-kavanaugh', 'https://www.newspapers.com/clip/109842801/');
INSERT OR REPLACE INTO people (id, name, status, level, state, office, crime_description, summary, still_in_office, offense_year, conviction_year, event_date) VALUES ('joe-fain', 'Joe Fain', 'alleged', 'state', 'WA', 'State Senator', 'Rape', 'Joe Fain was a Washington state senator. Inspired by Christine Blasey Ford''s testimony during the Brett Kavanaugh hearings, Candace Faber came forward alleging Joe Fain had raped her eleven years earlier in 2007.', NULL, NULL, NULL, NULL);
INSERT INTO crime_types (person_id, crime_type) VALUES ('joe-fain', 'rape');
INSERT INTO sources (person_id, url) VALUES ('joe-fain', 'https://goppredators.wordpress.com/2022/09/19/227-joe-fain/');
INSERT INTO sources (person_id, url) VALUES ('joe-fain', 'https://slate.com/news-and-politics/2018/09/joe-fain-washington-state-senator-rape-investigation.html');
INSERT INTO sources (person_id, url) VALUES ('joe-fain', 'https://medium.com/@candacefaber/my-body-tells-no-lies-5fc0bcb0726a');
INSERT INTO sources (person_id, url) VALUES ('joe-fain', 'https://www.nwpb.org/2018/12/04/washington-legislators-reverses-course-wont-investigate-rape-allegation-against-sen-joe-fain/');
INSERT INTO sources (person_id, url) VALUES ('joe-fain', 'https://www.king5.com/article/news/local/woman-accusing-state-sen-joe-fain-of-rape-doesnt-want-to-press-charges/281-600611602');
INSERT INTO sources (person_id, url) VALUES ('joe-fain', 'https://www.newspapers.com/clip/109841094/');
INSERT OR REPLACE INTO people (id, name, status, level, state, office, crime_description, summary, still_in_office, offense_year, conviction_year, event_date) VALUES ('leonard-church', 'Leonard Church', 'convicted', 'local', 'GA', 'Mayor', 'Child Molestation', 'Leonard Church served two terms as Kennesaw, Georgia''s mayor, and continued to serve after that as a city council member. He was accused of sexually molesting a 9-year-old boy after showing the boy child pornography.', NULL, NULL, NULL, NULL);
INSERT INTO crime_types (person_id, crime_type) VALUES ('leonard-church', 'child-molestation');
INSERT INTO sources (person_id, url) VALUES ('leonard-church', 'https://goppredators.wordpress.com/2022/09/19/226-leonard-church/');
INSERT INTO sources (person_id, url) VALUES ('leonard-church', 'https://www.ajc.com/news/local-govt--politics/kennesaw-councilman-pleads-guilty-child-molestation/jwGeJPz88s9xZdutAcZjGM/');
INSERT INTO sources (person_id, url) VALUES ('leonard-church', 'https://www.onlineathens.com/story/news/state/2015/12/07/kennesaw-city-councilman-pleads-guilty-child-molestation/15473916007/');
INSERT INTO sources (person_id, url) VALUES ('leonard-church', 'https://www.ajc.com/news/local-govt--politics/former-kennesaw-mayor-drawing-city-pension-prison/UGhi6L9XT41LvtLyhsE3WO/');
INSERT INTO sources (person_id, url) VALUES ('leonard-church', 'https://www.newspapers.com/clip/109809248/');
INSERT OR REPLACE INTO people (id, name, status, level, state, office, crime_description, summary, still_in_office, offense_year, conviction_year, event_date) VALUES ('coy-c-privette', 'Coy C. Privette', 'convicted', 'state', 'NC', 'County Commissioner', 'Stopped Payment to Sex Worker', 'Coy C. Privette was a retired Baptist minister, a former North Carolina state legislator, and a Cabarrus County Commissioner when he was charged with aiding and abetting prostitution.', NULL, NULL, NULL, NULL);
INSERT INTO crime_types (person_id, crime_type) VALUES ('coy-c-privette', 'other');
INSERT INTO sources (person_id, url) VALUES ('coy-c-privette', 'https://goppredators.wordpress.com/2022/09/18/225-coy-c-privette/');
INSERT INTO sources (person_id, url) VALUES ('coy-c-privette', 'https://www.wral.com/news/local/story/1618128/');
INSERT INTO sources (person_id, url) VALUES ('coy-c-privette', 'https://goodfaithmedia.org/former-southern-baptist-leader-pleads-guilty-to-prostitution-charges-cms-9350/');
INSERT INTO sources (person_id, url) VALUES ('coy-c-privette', 'https://www.starnewsonline.com/story/news/2007/07/20/official-faces-prostitution-charges/30314458007/');
INSERT INTO sources (person_id, url) VALUES ('coy-c-privette', 'https://www.newspapers.com/clip/109808905/');
INSERT OR REPLACE INTO people (id, name, status, level, state, office, crime_description, summary, still_in_office, offense_year, conviction_year, event_date) VALUES ('jack-ryan', 'Jack Ryan', 'alleged', 'adjacent', 'IL', '', 'Coercion', 'Jack Ryan was the Republican candidate for Senate running against Barack Obama in 2004. That campaign was derailed when the media won disclosure of his divorce settlement with ex-wife Jeri Ryan.', NULL, NULL, NULL, NULL);
INSERT INTO crime_types (person_id, crime_type) VALUES ('jack-ryan', 'other');
INSERT INTO sources (person_id, url) VALUES ('jack-ryan', 'https://goppredators.wordpress.com/2022/09/18/224-jack-ryan/');
INSERT INTO sources (person_id, url) VALUES ('jack-ryan', 'https://www.chicagomag.com/city-life/april-2011/the-alan-keyes-constant/');
INSERT INTO sources (person_id, url) VALUES ('jack-ryan', 'http://kfmonkey.blogspot.com/2005/10/lunch-discussions-145-crazification.html');
INSERT INTO sources (person_id, url) VALUES ('jack-ryan', 'http://www.thesmokinggun.com/documents/crime/senate-race-sex-scandal');
INSERT INTO sources (person_id, url) VALUES ('jack-ryan', 'https://www.chicagotribune.com/news/chi-0406220247jun22-story.html');
INSERT OR REPLACE INTO people (id, name, status, level, state, office, crime_description, summary, still_in_office, offense_year, conviction_year, event_date) VALUES ('bill-kramer', 'Bill Kramer', 'convicted', 'state', 'WI', 'Lobbyist', 'Sexual Assault', 'Bill Kramer was a Wisconsin State Assembly member and the Majority Leader. He was accused of sexually harassing two women, a lobbyist and a legislative aide, at a D.C.', NULL, NULL, NULL, NULL);
INSERT INTO crime_types (person_id, crime_type) VALUES ('bill-kramer', 'assault');
INSERT INTO sources (person_id, url) VALUES ('bill-kramer', 'https://goppredators.wordpress.com/2022/09/18/223-bill-kramer/');
INSERT INTO sources (person_id, url) VALUES ('bill-kramer', 'https://madison.com/news/local/crime_and_courts/state-rep-bill-kramer-charged-with-2-counts-of-sexual-assault/article_1b290716-7786-5dbc-93ed-3cc11ccd7928.html');
INSERT INTO sources (person_id, url) VALUES ('bill-kramer', 'https://archive.jsonline.com/news/statepolitics/rep-bill-kramer-sentenced-to-5-months-in-jail-for-groping-incident-b99397840z1-283887871.html/');
INSERT INTO sources (person_id, url) VALUES ('bill-kramer', 'https://www.wrn.com/2014/11/wisconsin-state-rep-bill-kramer-gets-five-months-on-sexual-assault-conviction/');
INSERT INTO sources (person_id, url) VALUES ('bill-kramer', 'https://www.newspapers.com/clip/109808161/');
INSERT OR REPLACE INTO people (id, name, status, level, state, office, crime_description, summary, still_in_office, offense_year, conviction_year, event_date) VALUES ('thad-viers', 'Thad Viers', 'convicted', 'adjacent', 'SC', '', 'Stalking, Harassment', 'Thad Viers was a committed conservative. As a teen, he was a page for South Carolina Sen.', NULL, NULL, 2017, NULL);
INSERT INTO crime_types (person_id, crime_type) VALUES ('thad-viers', 'harassment');
INSERT INTO crime_types (person_id, crime_type) VALUES ('thad-viers', 'stalking');
INSERT INTO sources (person_id, url) VALUES ('thad-viers', 'https://goppredators.wordpress.com/2022/09/18/222-thad-viers/');
INSERT INTO sources (person_id, url) VALUES ('thad-viers', 'https://www.politico.com/story/2012/01/gop-congress-candidate-arrested-071166');
INSERT INTO sources (person_id, url) VALUES ('thad-viers', 'https://www.augustachronicle.com/story/news/politics/government/2012/03/22/south-carolina-rep-thad-viers-resigns-amid-harassment-investigation/14503538007/');
INSERT INTO sources (person_id, url) VALUES ('thad-viers', 'https://www.thestate.com/news/local/crime/article90762662.html');
INSERT OR REPLACE INTO people (id, name, status, level, state, office, crime_description, summary, still_in_office, offense_year, conviction_year, event_date) VALUES ('nelson-hardwick', 'Nelson Hardwick', 'convicted', 'state', 'SC', 'State Representative', 'Assault, Sexual Harassment', 'Nelson Hardwick was a South Carolina state representative. In the middle of his sixth term he resigned for health reasons that turned out to be a pending criminal investigation into allegations of sexual harassment and assault and battery.', NULL, NULL, NULL, NULL);
INSERT INTO crime_types (person_id, crime_type) VALUES ('nelson-hardwick', 'harassment');
INSERT INTO sources (person_id, url) VALUES ('nelson-hardwick', 'https://goppredators.wordpress.com/2022/09/18/221-nelson-hardwick/');
INSERT INTO sources (person_id, url) VALUES ('nelson-hardwick', 'https://www.myhorrynews.com/news/crime/former-lawmaker-hardwick-pleads-guilty-to-assault-and-battery/article_bc1677e6-b8b5-11e6-b6a1-0b0ef2629972.html');
INSERT INTO sources (person_id, url) VALUES ('nelson-hardwick', 'https://www.myrtlebeachonline.com/news/local/article118456513.html');
INSERT INTO sources (person_id, url) VALUES ('nelson-hardwick', 'https://www.newspapers.com/clip/109791225/');
INSERT OR REPLACE INTO people (id, name, status, level, state, office, crime_description, summary, still_in_office, offense_year, conviction_year, event_date) VALUES ('jason-priest', 'Jason Priest', 'convicted', 'state', 'MT', 'State Senator', 'Domestic Violence', 'Jason Priest was a state senator from Red Lodge, Montana. He was a Tea Party Republican and was a standard issue far right pro-gun, anti-choice, "family values" Republican who clashed with more moderate colleagues.', NULL, NULL, NULL, NULL);
INSERT INTO crime_types (person_id, crime_type) VALUES ('jason-priest', 'domestic-violence');
INSERT INTO sources (person_id, url) VALUES ('jason-priest', 'https://goppredators.wordpress.com/2022/09/18/220-jason-priest/');
INSERT INTO sources (person_id, url) VALUES ('jason-priest', 'https://billingsgazette.com/news/state-and-regional/montana/state-senator-charged-with-felony-assault-in-domestic-incident/article_23826855-7dd4-5cd2-bdeb-0340b712d7ae.html');
INSERT INTO sources (person_id, url) VALUES ('jason-priest', 'https://missoulian.com/news/local/jason-priest-state-senator-denies-domestic-abuse-charges/article_e58fc806-9a5a-11e3-953d-0019bb2963f4.html');
INSERT INTO sources (person_id, url) VALUES ('jason-priest', 'https://billingsgazette.com/news/local/crime-and-courts/jason-priest-pleads-guilty-to-amended-charges-4-misdemeanors-in-assault-case/article_f6cedb58-9e68-535c-8e7a-fff45ffe1b77.html');
INSERT INTO sources (person_id, url) VALUES ('jason-priest', 'https://www.scribd.com/document/215140348/Jason-Priest-affidavit');
INSERT INTO sources (person_id, url) VALUES ('jason-priest', 'https://www.newspapers.com/clip/109788728/');
INSERT OR REPLACE INTO people (id, name, status, level, state, office, crime_description, summary, still_in_office, offense_year, conviction_year, event_date) VALUES ('roe-jetton', 'Roe Jetton', 'convicted', 'federal', 'MO', '', 'Assault (during sex)', 'Rod Jetton Rod Jetton was once Speaker of the House in Missouri. He seemed immune to criticism continuing to work as a political consultant to colleagues while serving as Speaker.', NULL, NULL, NULL, '2011-05-27');
INSERT INTO crime_types (person_id, crime_type) VALUES ('roe-jetton', 'other');
INSERT INTO sources (person_id, url) VALUES ('roe-jetton', 'https://goppredators.wordpress.com/2022/09/18/219-ron-jettons/');
INSERT INTO sources (person_id, url) VALUES ('roe-jetton', 'https://www.joplinglobe.com/archives/missouri-ex-house-speaker-accused-of-assault-often-criticized/article_fef2e284-fc3e-5745-b16d-9fa8add26b4d.html');
INSERT INTO sources (person_id, url) VALUES ('roe-jetton', 'https://www.stltoday.com/rod-jetton-choked-and-hit-a-woman-during-a-sexual-encounter/article_a5cd5233-00dc-549b-b1a4-39bdcb20fbd3.html');
INSERT INTO sources (person_id, url) VALUES ('roe-jetton', 'https://www.stltoday.com/news/local/govt-and-politics/rod-jetton-pleads-guilty-receives-probation-for-assault/article_55cb6490-5852-5adb-80f1-6452aabfdd64.html');
INSERT INTO sources (person_id, url) VALUES ('roe-jetton', 'https://www.edgemedianetwork.com/story.php?99919');
INSERT INTO sources (person_id, url) VALUES ('roe-jetton', 'https://apnews.com/article/missouri-house-speaker-plocher-rod-jetton-388a61fa8c9c4369738e3d9333282bb9');
INSERT OR REPLACE INTO people (id, name, status, level, state, office, crime_description, summary, still_in_office, offense_year, conviction_year, event_date) VALUES ('dan-kirby', 'Dan Kirby', 'alleged', 'state', 'OK', '', 'Sexual Harassment', 'Dan Kirby represented Oklahoma House District 75 since 2008 and won the next four elections. It all came to an end after the news broke that state money had been used to pay off a sexual harassment and retaliation complaint against him in November.', NULL, NULL, NULL, NULL);
INSERT INTO crime_types (person_id, crime_type) VALUES ('dan-kirby', 'harassment');
INSERT INTO sources (person_id, url) VALUES ('dan-kirby', 'https://goppredators.wordpress.com/2022/09/18/218-dan-kirby/');
INSERT INTO sources (person_id, url) VALUES ('dan-kirby', 'https://www.morelaw.com/verdicts/case.asp?n=&amp;s=&amp;d=98438');
INSERT INTO sources (person_id, url) VALUES ('dan-kirby', 'https://bloximages.newyork1.vip.townnews.com/tulsaworld.com/content/tncms/assets/v3/editorial/5/6f/56fa6dde-1861-599b-8490-77ea8e3ac795/585b15e5d3adc.pdf.pdf');
INSERT INTO sources (person_id, url) VALUES ('dan-kirby', 'https://www.oklahoman.com/story/news/columns/2016/12/23/oklahoma-state-rep-dan-kirby-resigns-after-sexual-harassment-accusation/60629358007/');
INSERT INTO sources (person_id, url) VALUES ('dan-kirby', 'https://www.koco.com/article/ok-rep-dan-kirby-rescinds-resignation-given-last-week-after-sexual-harassment-allegations/8544070');
INSERT INTO sources (person_id, url) VALUES ('dan-kirby', 'https://www.newspapers.com/clip/109784117/');
INSERT OR REPLACE INTO people (id, name, status, level, state, office, crime_description, summary, still_in_office, offense_year, conviction_year, event_date) VALUES ('bryce-marlatt', 'Bryce Marlatt', 'convicted', 'state', 'OK', 'State Senator', 'Sexual Battery', 'Bryce Marlatt was a Republican Oklahoma state senator. His was elected in 2008 and re-elected in 2012 and 2016.', NULL, NULL, NULL, NULL);
INSERT INTO crime_types (person_id, crime_type) VALUES ('bryce-marlatt', 'rape');
INSERT INTO crime_types (person_id, crime_type) VALUES ('bryce-marlatt', 'assault');
INSERT INTO sources (person_id, url) VALUES ('bryce-marlatt', 'https://goppredators.wordpress.com/2022/09/17/217-bryce-marlatt/');
INSERT INTO sources (person_id, url) VALUES ('bryce-marlatt', 'https://www.oklahoman.com/story/news/crime/2017/09/12/state-sen-bryce-marlatt-jailed-tuesday-morning-in-sexual-battery-case/60575692007/');
INSERT INTO sources (person_id, url) VALUES ('bryce-marlatt', 'https://www.nydailynews.com/news/national/oklahoma-state-senator-accused-sexually-assaulting-uber-driver-article-1.3305468');
INSERT INTO sources (person_id, url) VALUES ('bryce-marlatt', 'https://www.oklahoman.com/story/news/columns/2019/07/31/former-oklahoma-senator-ordered-to-jail-for-90-days/60443197007/');
INSERT INTO sources (person_id, url) VALUES ('bryce-marlatt', 'https://www.newspapers.com/clip/109730478/');
INSERT OR REPLACE INTO people (id, name, status, level, state, office, crime_description, summary, still_in_office, offense_year, conviction_year, event_date) VALUES ('raymond-liddy', 'Raymond Liddy', 'convicted', 'state', 'CA', '', 'Child Sexual Abuse Material', 'Raymond Liddy is the son of G. Gordon Liddy, the Watergate burglar who infamously suggested people should shoot federal law enforcement agents from the ATF in the head because they wear body armor.', NULL, NULL, NULL, NULL);
INSERT INTO crime_types (person_id, crime_type) VALUES ('raymond-liddy', 'csam');
INSERT INTO crime_types (person_id, crime_type) VALUES ('raymond-liddy', 'assault');
INSERT INTO sources (person_id, url) VALUES ('raymond-liddy', 'https://goppredators.wordpress.com/2022/09/17/216-raymond-liddy/');
INSERT INTO sources (person_id, url) VALUES ('raymond-liddy', 'https://fair.org/home/liddys-lethal-advice/');
INSERT INTO sources (person_id, url) VALUES ('raymond-liddy', 'https://www.fec.gov/data/receipts/individual-contributions/?contributor_name=Raymond+Liddy');
INSERT INTO sources (person_id, url) VALUES ('raymond-liddy', 'https://www.youtube.com/watch?v=nmpU6KS4eZo');
INSERT INTO sources (person_id, url) VALUES ('raymond-liddy', 'https://fox5sandiego.com/news/local-news/raymond-liddy-ex-deputy-ag-and-son-of-key-watergate-figure-gets-probation-for-possessing-child-porn/');
INSERT INTO sources (person_id, url) VALUES ('raymond-liddy', 'https://www.scribd.com/document/354892771/Raymond-Liddy-Criminal-Complaint');
INSERT INTO sources (person_id, url) VALUES ('raymond-liddy', 'https://www.sandiegouniontribune.com/news/courts/story/2020-09-02/former-state-prosecutor-child-porn-case');
INSERT OR REPLACE INTO people (id, name, status, level, state, office, crime_description, summary, still_in_office, offense_year, conviction_year, event_date) VALUES ('anthony-silva', 'Anthony Silva', 'alleged', 'adjacent', 'CA', '', 'Contributing to Delinquency', 'Anthony Silva (CA): Contributing to Delinquency.', NULL, NULL, NULL, NULL);
INSERT INTO crime_types (person_id, crime_type) VALUES ('anthony-silva', 'other');
INSERT INTO sources (person_id, url) VALUES ('anthony-silva', 'https://goppredators.wordpress.com/2026/03/13/215-anthony-silva/');
INSERT OR REPLACE INTO people (id, name, status, level, state, office, crime_description, summary, still_in_office, offense_year, conviction_year, event_date) VALUES ('rick-w-nelson', 'Rick W. Nelson', 'alleged', 'adjacent', 'NY', '', 'Child Sexual Abuse Material', 'Rick W. Nelson (NY): Child Sexual Abuse Material.', NULL, NULL, NULL, NULL);
INSERT INTO crime_types (person_id, crime_type) VALUES ('rick-w-nelson', 'csam');
INSERT INTO crime_types (person_id, crime_type) VALUES ('rick-w-nelson', 'assault');
INSERT INTO sources (person_id, url) VALUES ('rick-w-nelson', 'https://goppredators.wordpress.com/2026/03/13/214-rick-w-nelson/');
INSERT OR REPLACE INTO people (id, name, status, level, state, office, crime_description, summary, still_in_office, offense_year, conviction_year, event_date) VALUES ('charles-k-young', 'Charles K.Young', 'alleged', 'adjacent', 'VA', '', 'Child Sexual Abuse Material', 'Charles K.Young (VA): Child Sexual Abuse Material.', NULL, NULL, NULL, NULL);
INSERT INTO crime_types (person_id, crime_type) VALUES ('charles-k-young', 'csam');
INSERT INTO crime_types (person_id, crime_type) VALUES ('charles-k-young', 'assault');
INSERT INTO sources (person_id, url) VALUES ('charles-k-young', 'https://goppredators.wordpress.com/2026/03/13/213-charles-k-young/');
INSERT OR REPLACE INTO people (id, name, status, level, state, office, crime_description, summary, still_in_office, offense_year, conviction_year, event_date) VALUES ('michael-centanni', 'Michael Centanni', 'convicted', 'adjacent', 'DC', '', 'Child Sexual Abuse Material', 'Michael Centanni was a conservative fundraiser and C.O.O of Base Connect , one of the many scam-PACs that would raise money for conservatives but retain most of the money for themselves. Even though they get cents on the dollar, no one objects because their mailers generally push the conservative me', NULL, NULL, NULL, NULL);
INSERT INTO crime_types (person_id, crime_type) VALUES ('michael-centanni', 'csam');
INSERT INTO crime_types (person_id, crime_type) VALUES ('michael-centanni', 'assault');
INSERT INTO sources (person_id, url) VALUES ('michael-centanni', 'https://goppredators.wordpress.com/2022/09/15/212-michael-centanni/');
INSERT INTO sources (person_id, url) VALUES ('michael-centanni', 'https://www.washingtontimes.com/news/2011/oct/30/operatives-raise-cash-for-cain-themselves/');
INSERT INTO sources (person_id, url) VALUES ('michael-centanni', 'https://www.ice.gov/news/releases/district-man-pleads-guilty-possession-child-pornography');
INSERT INTO sources (person_id, url) VALUES ('michael-centanni', 'https://www.justice.gov/usao-dc/pr/district-man-sentenced-46-months-prison-possession-child-pornography');
INSERT OR REPLACE INTO people (id, name, status, level, state, office, crime_description, summary, still_in_office, offense_year, conviction_year, event_date) VALUES ('ron-williams-ii', 'Ron Williams II', 'charged', 'adjacent', 'MD', '', 'Child Sexual Abuse Material', 'Ron Williams II was one of the people assigned to Trump''s failed Presidential Advisory Commission on Election Integrity. He was formerly an intern for Republican Commission member J.', NULL, NULL, NULL, NULL);
INSERT INTO crime_types (person_id, crime_type) VALUES ('ron-williams-ii', 'csam');
INSERT INTO crime_types (person_id, crime_type) VALUES ('ron-williams-ii', 'assault');
INSERT INTO sources (person_id, url) VALUES ('ron-williams-ii', 'https://goppredators.wordpress.com/2022/09/15/211-ron-williams-ii/');
INSERT INTO sources (person_id, url) VALUES ('ron-williams-ii', 'https://www.propublica.org/article/conflict-mounts-inside-voting-fraud-commission-in-the-wake-of-child-porn-arrest');
INSERT INTO sources (person_id, url) VALUES ('ron-williams-ii', 'https://www.washingtonpost.com/news/post-politics/wp/2017/10/14/trump-voter-fraud-commission-researcher-arrested-on-child-pornography-charges/');
INSERT OR REPLACE INTO people (id, name, status, level, state, office, crime_description, summary, still_in_office, offense_year, conviction_year, event_date) VALUES ('joe-arpaio', 'Joe Arpaio', 'convicted', 'local', 'AZ', 'Judge', 'Not investigating Sexual Assaults', 'Joa Arpaio is most well-known for glorying in abusive prison conditions and his racist hatred of Latinos. He was Trump''s favorite sheriff and was convicted of contempt of court for refusing a judge''s order to stop racial profiling.', NULL, NULL, NULL, NULL);
INSERT INTO crime_types (person_id, crime_type) VALUES ('joe-arpaio', 'assault');
INSERT INTO sources (person_id, url) VALUES ('joe-arpaio', 'https://goppredators.wordpress.com/2022/09/15/210-joe-arpaio/');
INSERT INTO sources (person_id, url) VALUES ('joe-arpaio', 'https://www.phoenixnewtimes.com/news/sheriff-joe-arpaios-sex-crime-scandal-after-five-years-no-one-disciplined-report-still-unfinished-6632542');
INSERT INTO sources (person_id, url) VALUES ('joe-arpaio', 'https://www.npr.org/sections/thetwo-way/2011/12/08/143355817/arizona-sheriff-joe-arpaio-under-fire-for-mishandled-sex-crime-cases');
INSERT INTO sources (person_id, url) VALUES ('joe-arpaio', 'https://www.tucsonsentinel.com/local/report/121111_apaio_sex_crimes/new-sex-crime-arises-after-arpaio-fails-investigate-alleged-rape/');
INSERT INTO sources (person_id, url) VALUES ('joe-arpaio', 'https://www.eastvalleytribune.com/search/?l=25&amp;sort=relevance&amp;f=html&amp;t=article%2Cvideo%2Cyoutube%2Ccollection&amp;app=editorial&amp;nsa=eedition&amp;q=reasonable+doubt+');
INSERT OR REPLACE INTO people (id, name, status, level, state, office, crime_description, summary, still_in_office, offense_year, conviction_year, event_date) VALUES ('schaeffer-cox', 'Schaeffer Cox', 'convicted', 'state', 'AK', '', 'Domestic Violence, Soliciting Murder', 'Schaeffer Cox was an unsuccessful Republican primary challenger for Alaska state House of Representatives. He got a respectable 37% of the vote in the primary.', NULL, NULL, NULL, NULL);
INSERT INTO crime_types (person_id, crime_type) VALUES ('schaeffer-cox', 'solicitation');
INSERT INTO crime_types (person_id, crime_type) VALUES ('schaeffer-cox', 'domestic-violence');
INSERT INTO crime_types (person_id, crime_type) VALUES ('schaeffer-cox', 'murder');
INSERT INTO sources (person_id, url) VALUES ('schaeffer-cox', 'https://goppredators.wordpress.com/2022/09/15/209-schaeffer-cox/');
INSERT INTO sources (person_id, url) VALUES ('schaeffer-cox', 'https://psmag.com/environment/the-peacemaker-schaeffer-cox-plot-mass-murder-alaska-77139');
INSERT INTO sources (person_id, url) VALUES ('schaeffer-cox', 'https://www.newsminer.com/the-schaeffer-cox-file-the-trail-of-a-young-man/article_53e77e0f-e2a0-53e8-854d-41ab55150f99.html');
INSERT INTO sources (person_id, url) VALUES ('schaeffer-cox', 'https://www.newsminer.com/news/alaska_news/fairbanks-militia-leader-sentenced-to-26-years-in-prison-apologizes/article_c0f9e058-59a1-11e2-9079-001a4bcf6878.html');
INSERT OR REPLACE INTO people (id, name, status, level, state, office, crime_description, summary, still_in_office, offense_year, conviction_year, event_date) VALUES ('david-wilson', 'David Wilson', 'alleged', 'state', 'AK', '', 'Retaliation', 'David Wilson is a Republican senator from Wasilla, Alaska. If he had trusted the process when he was accused of sexual harassment, he would not be on this list.', NULL, NULL, NULL, NULL);
INSERT INTO crime_types (person_id, crime_type) VALUES ('david-wilson', 'other');
INSERT INTO sources (person_id, url) VALUES ('david-wilson', 'https://goppredators.wordpress.com/2022/09/14/208-david-wilson/');
INSERT INTO sources (person_id, url) VALUES ('david-wilson', 'https://www.juneauempire.com/news/investigator-says-state-senator-did-not-upskirt-staffer/');
INSERT INTO sources (person_id, url) VALUES ('david-wilson', 'https://apnews.com/article/04982538dcba493cb5b2dd4a54ca1574');
INSERT OR REPLACE INTO people (id, name, status, level, state, office, crime_description, summary, still_in_office, offense_year, conviction_year, event_date) VALUES ('don-boys', 'Don Boys', 'convicted', 'adjacent', 'IN', 'Pastor', 'Rape Apologist', 'Don Boys was a Republican representative in Indiana who is also a Baptist pastor and has a website where he posts his opinions. He once wrote a column that acknowledged that there will probably be child predators in protestant churches as well, but not Baptist churches.', NULL, NULL, NULL, NULL);
INSERT INTO crime_types (person_id, crime_type) VALUES ('don-boys', 'rape');
INSERT INTO sources (person_id, url) VALUES ('don-boys', 'https://goppredators.wordpress.com/2022/09/12/207-don-boys/');
INSERT INTO sources (person_id, url) VALUES ('don-boys', 'https://dailycaller.com/2018/01/01/wait-until-sexual-accusations-hit-the-churches/');
INSERT INTO sources (person_id, url) VALUES ('don-boys', 'https://www.queerty.com/totally-straight-indiana-politician-don-boys-obsessed-pete-buttigiegs-kinks-20190527');
INSERT INTO sources (person_id, url) VALUES ('don-boys', 'https://donboys.cstnews.com/judge-brett-kavanaugh-it-aint-necessarily-so');
INSERT INTO sources (person_id, url) VALUES ('don-boys', 'https://donboys.cstnews.com/rapacious-rape-requires-resistance');
INSERT INTO sources (person_id, url) VALUES ('don-boys', 'https://onlysky.media/hemant-mehta/christian-author-reiterates-that-rape-doesnt-count-unless-the-victim-screams/');
INSERT INTO sources (person_id, url) VALUES ('don-boys', 'https://www.thenewcivilrightsmovement.com/2018/10/no-scream-no-rape-former-gop-lawmaker-uses-bible-to-dismiss-rape-claims/');
INSERT OR REPLACE INTO people (id, name, status, level, state, office, crime_description, summary, still_in_office, offense_year, conviction_year, event_date) VALUES ('chuck-hunter', 'Chuck Hunter', 'convicted', 'adjacent', 'TN', 'Police Officer', 'Soliciting a Minor', 'Chuck Hunter was 61 and though he lost his race for Circuit Court 10 in 2010 but in 2012 he was running for Circuit Court 11. He placed an ad on Craigslist seeking someone under 30 for sex.', NULL, NULL, NULL, NULL);
INSERT INTO crime_types (person_id, crime_type) VALUES ('chuck-hunter', 'solicitation');
INSERT INTO sources (person_id, url) VALUES ('chuck-hunter', 'https://goppredators.wordpress.com/2022/09/12/206-chuck-hunter/');
INSERT INTO sources (person_id, url) VALUES ('chuck-hunter', 'https://www.al.com/news/birmingham/2014/10/former_jefferson_county_judici.html');
INSERT INTO sources (person_id, url) VALUES ('chuck-hunter', 'https://www.justice.gov/usao-ndal/pr/former-judicial-candidate-convicted-child-enticement-child-pornography-charges');
INSERT INTO sources (person_id, url) VALUES ('chuck-hunter', 'https://www.newspapers.com/clip/109406055/');
INSERT OR REPLACE INTO people (id, name, status, level, state, office, crime_description, summary, still_in_office, offense_year, conviction_year, event_date) VALUES ('james-graves', 'James Graves', 'convicted', 'adjacent', 'AL', '', 'Sexual Abuse of Minor', 'James Graves was the chairman of the Cullman County Commission in 2008, but lost his re-election bid and lost the subsequent primary. He was also a member of the Republican Party Executive Committee.', NULL, NULL, NULL, NULL);
INSERT INTO crime_types (person_id, crime_type) VALUES ('james-graves', 'assault');
INSERT INTO sources (person_id, url) VALUES ('james-graves', 'https://goppredators.wordpress.com/2022/09/12/205-james-graves/');
INSERT INTO sources (person_id, url) VALUES ('james-graves', 'https://apnews.com/article/2413b7c01a8d4fc3be22deacde8244f5');
INSERT INTO sources (person_id, url) VALUES ('james-graves', 'https://www.cullmantimes.com/news/graves-pleads-guilty-to-sexual-abuse/article_545ac020-94e7-11e8-802c-3370c57746d1.html');
INSERT INTO sources (person_id, url) VALUES ('james-graves', 'https://www.cullmantribune.com/2018/08/01/former-county-commission-chairman-james-graves-pleads-guilty-to-sexual-abuse/');
INSERT INTO sources (person_id, url) VALUES ('james-graves', 'https://www.newspapers.com/clip/109405842/');
INSERT OR REPLACE INTO people (id, name, status, level, state, office, crime_description, summary, still_in_office, offense_year, conviction_year, event_date) VALUES ('jeremy-durham', 'Jeremy Durham', 'alleged', 'state', 'TN', 'State Representative', 'Sexual Misconduct', 'Jeremy Durham was a Tennessee state representative. Several women alleged that he sexually harassed them and behaved inappropriately.', NULL, NULL, NULL, NULL);
INSERT INTO crime_types (person_id, crime_type) VALUES ('jeremy-durham', 'other');
INSERT INTO sources (person_id, url) VALUES ('jeremy-durham', 'https://goppredators.wordpress.com/2022/09/12/204-jeremy-durham/');
INSERT INTO sources (person_id, url) VALUES ('jeremy-durham', 'https://www.nashvillescene.com/news/durham-booted-from-legislative-plaza-as-ag-reveals-more-damning-allegations/article_0a3cda0e-7478-5761-b666-a1f1a11c577f.html');
INSERT INTO sources (person_id, url) VALUES ('jeremy-durham', 'https://www.newschannel5.com/news/report-released-on-durham-details-inappropriate-interactions-with-women');
INSERT INTO sources (person_id, url) VALUES ('jeremy-durham', 'https://www.documentcloud.org/documents/2993307-Final-Report-Into-Inappropriate-Conduct-Rep.html');
INSERT INTO sources (person_id, url) VALUES ('jeremy-durham', 'https://archive.knoxnews.com/news/politics/house-prepares-for-jeremy-durham-expulsion-vote-393253841.html/');
INSERT INTO sources (person_id, url) VALUES ('jeremy-durham', 'https://www.wate.com/news/tennessee/state-audit-finds-campaign-finance-violations-by-former-tennessee-rep-jeremy-durham/');
INSERT INTO sources (person_id, url) VALUES ('jeremy-durham', 'https://www.newspapers.com/clip/109405654/');
INSERT OR REPLACE INTO people (id, name, status, level, state, office, crime_description, summary, still_in_office, offense_year, conviction_year, event_date) VALUES ('mark-lovell', 'Mark Lovell', 'alleged', 'state', 'TN', 'State Representative', 'Sexual Harassment', 'Mark Lovell was a Republican state representative in Tennessee for about 100 days. He won the GOP primary over the incumbent who had a DUI and a firearms arrest, and then an arrest for stealing Lovell''s yard signs.', NULL, NULL, NULL, NULL);
INSERT INTO crime_types (person_id, crime_type) VALUES ('mark-lovell', 'harassment');
INSERT INTO sources (person_id, url) VALUES ('mark-lovell', 'https://goppredators.wordpress.com/2022/09/12/203-mark-lovell/');
INSERT INTO sources (person_id, url) VALUES ('mark-lovell', 'https://www.tennessean.com/story/news/politics/2017/02/18/schmoozing-boozing-and-quiet-resignation-mark-lovells-100-days-capitol-hill/98040304/');
INSERT INTO sources (person_id, url) VALUES ('mark-lovell', 'https://onthehill.tnjournal.net/investigation-finds-lovell-violated-sexual-harassment-policy/');
INSERT INTO sources (person_id, url) VALUES ('mark-lovell', 'https://www.newspapers.com/clip/109405225/');
INSERT OR REPLACE INTO people (id, name, status, level, state, office, crime_description, summary, still_in_office, offense_year, conviction_year, event_date) VALUES ('david-hawk', 'David Hawk', 'convicted', 'adjacent', 'TN', '', 'Domestic Violence', 'Rep. David Hawk got into an argument with his wife and struck her while she was holding their baby.', NULL, NULL, NULL, NULL);
INSERT INTO crime_types (person_id, crime_type) VALUES ('david-hawk', 'domestic-violence');
INSERT INTO sources (person_id, url) VALUES ('david-hawk', 'https://goppredators.wordpress.com/2022/09/11/202-david-hawk/');
INSERT INTO sources (person_id, url) VALUES ('david-hawk', 'https://www.greenevillesun.com/news/crystal-hawk-testifies-tells-her-side-of-story/article_2cd04c05-b9fb-58ef-81a2-655342ce7ddc.html');
INSERT INTO sources (person_id, url) VALUES ('david-hawk', 'https://www.greenevillesun.com/news/hawk-guilty-of-one-charge-plans-to-appeal-jury-ruling/article_c2424bcb-f4a4-5c46-aee5-6537fa4bc2f9.html');
INSERT OR REPLACE INTO people (id, name, status, level, state, office, crime_description, summary, still_in_office, offense_year, conviction_year, event_date) VALUES ('jud-mcmillin', 'Jud McMillin', 'alleged', 'adjacent', 'IN', '', 'Inappropriate Text Messages/Video', 'Jud McMillin was reportedly a "rising star" in the Indiana Republican Party. He was elected to the House in 2010 and quickly became the majority floor leader.', NULL, NULL, NULL, NULL);
INSERT INTO crime_types (person_id, crime_type) VALUES ('jud-mcmillin', 'other');
INSERT INTO sources (person_id, url) VALUES ('jud-mcmillin', 'https://goppredators.wordpress.com/2022/09/10/201-jud-mcmillin/');
INSERT INTO sources (person_id, url) VALUES ('jud-mcmillin', 'https://www.governing.com/archive/tns-indiana-jud-mcmillin-resigns.html');
INSERT INTO sources (person_id, url) VALUES ('jud-mcmillin', 'https://www.southbendtribune.com/story/news/politics/2015/10/02/indiana-house-leaders-resignation-followed-sexually-explicit-video-newspaper-reports/45862425/');
INSERT OR REPLACE INTO people (id, name, status, level, state, office, crime_description, summary, still_in_office, offense_year, conviction_year, event_date) VALUES ('curtis-hill', 'Curtis Hill', 'alleged', 'state', 'IN', '', 'Groping', 'Curtis Hill was the Attorney General of Indiana after serving as a prosecutor for many years. When the legislative session ended in 2018, folks went to an area bar to celebrate.', NULL, NULL, NULL, NULL);
INSERT INTO crime_types (person_id, crime_type) VALUES ('curtis-hill', 'other');
INSERT INTO sources (person_id, url) VALUES ('curtis-hill', 'https://goppredators.wordpress.com/2022/09/10/200-curtis-hill/');
INSERT INTO sources (person_id, url) VALUES ('curtis-hill', 'https://www.indystar.com/story/news/politics/2018/07/02/indiana-attorney-general-curtis-hill-groping-allegations/751561002/');
INSERT INTO sources (person_id, url) VALUES ('curtis-hill', 'https://www.indystar.com/story/news/politics/2018/07/03/curtis-hill-indiana-attorney-general-confidential-memo-groping/755193002/');
INSERT INTO sources (person_id, url) VALUES ('curtis-hill', 'https://www.indystar.com/story/news/politics/2018/07/03/curtis-hill-indiana-attorney-general-groping-democrat-wants-resignation/753953002/');
INSERT INTO sources (person_id, url) VALUES ('curtis-hill', 'https://www.cnn.com/2020/05/12/politics/indiana-attorney-general-suspended/index.html');
INSERT INTO sources (person_id, url) VALUES ('curtis-hill', 'https://www.newspapers.com/clip/109336961/');
INSERT OR REPLACE INTO people (id, name, status, level, state, office, crime_description, summary, still_in_office, offense_year, conviction_year, event_date) VALUES ('charles-schwertner', 'Charles Schwertner', 'alleged', 'adjacent', 'TX', '', 'Sexual Harassment', 'Charles Schwertner was accused of sending an explicit text message and a photo of his genitals to a University of Texas graduate student — telling her, “I just really want to f**k you.” He denied it. He alleged that a third party to whom he gave his log-in information used his Linked-In and Hushed a', NULL, NULL, NULL, NULL);
INSERT INTO crime_types (person_id, crime_type) VALUES ('charles-schwertner', 'harassment');
INSERT INTO sources (person_id, url) VALUES ('charles-schwertner', 'https://goppredators.wordpress.com/2022/09/10/199-charles-schwertner/');
INSERT INTO sources (person_id, url) VALUES ('charles-schwertner', 'https://www.texastribune.org/2018/12/21/metoo-investigation-charles-schwertner-leaves-more-questions/');
INSERT INTO sources (person_id, url) VALUES ('charles-schwertner', 'https://www.texastribune.org/2018/12/18/ut-released-records-related-investigation-charles-schwertner/');
INSERT INTO sources (person_id, url) VALUES ('charles-schwertner', 'https://www.newspapers.com/clip/109336190/');
INSERT OR REPLACE INTO people (id, name, status, level, state, office, crime_description, summary, still_in_office, offense_year, conviction_year, event_date) VALUES ('matt-manweller', 'Matt Manweller', 'alleged', 'state', 'WA', '', 'Sexual Misconduct', 'Matt Manweller was a Republican representative in Washington and a professor at Central Washington University which is where he got into trouble. In 2017, the Seattle Times printed a story reporting that he has faced sexual misconduct allegations from students.', NULL, NULL, NULL, NULL);
INSERT INTO crime_types (person_id, crime_type) VALUES ('matt-manweller', 'other');
INSERT INTO sources (person_id, url) VALUES ('matt-manweller', 'https://goppredators.wordpress.com/2022/09/10/198-matt-manweller/');
INSERT INTO sources (person_id, url) VALUES ('matt-manweller', 'https://www.seattletimes.com/seattle-news/times-watchdog/state-rep-matt-manweller-has-faced-sexual-misconduct-complaints-from-students/');
INSERT INTO sources (person_id, url) VALUES ('matt-manweller', 'https://www.seattletimes.com/seattle-news/politics/timeline-a-summary-of-sexual-misconduct-allegations-against-rep-matt-manweller/');
INSERT INTO sources (person_id, url) VALUES ('matt-manweller', 'https://www.kiro7.com/news/local/cwu-suspends-rep-manweller-as-new-misconduct-investigation-launched/662576968/');
INSERT INTO sources (person_id, url) VALUES ('matt-manweller', 'https://www.seattletimes.com/seattle-news/politics/report-rep-matt-manweller-had-pattern-of-inappropriate-behavior/');
INSERT INTO sources (person_id, url) VALUES ('matt-manweller', 'https://www.newspapers.com/clip/109334591/');
INSERT OR REPLACE INTO people (id, name, status, level, state, office, crime_description, summary, still_in_office, offense_year, conviction_year, event_date) VALUES ('scott-bundgaard', 'Scott Bundgaard', 'charged', 'state', 'AZ', '', 'Domestic Violence', 'Scott Bundgaard was the Arizona Senate Majority Leader. He was dating Aubry Ballard.', NULL, NULL, NULL, NULL);
INSERT INTO crime_types (person_id, crime_type) VALUES ('scott-bundgaard', 'domestic-violence');
INSERT INTO sources (person_id, url) VALUES ('scott-bundgaard', 'https://goppredators.wordpress.com/2022/09/10/197-scott-bundgaard/');
INSERT INTO sources (person_id, url) VALUES ('scott-bundgaard', 'https://www.phoenixnewtimes.com/news/senator-scott-bundgaard-charged-with-reckless-assault-for-freeway-scuffle-with-ex-gal-pal-6642873');
INSERT INTO sources (person_id, url) VALUES ('scott-bundgaard', 'https://www.phoenixnewtimes.com/news/scott-bundgaard-booted-as-arizona-senate-majority-leader-cause-of-roadside-domestic-violence-incident-6659366');
INSERT INTO sources (person_id, url) VALUES ('scott-bundgaard', 'https://www.phoenixnewtimes.com/news/scott-bundgaards-police-report-bundgaard-invoked-immunity-6503789');
INSERT INTO sources (person_id, url) VALUES ('scott-bundgaard', 'https://www.phoenixnewtimes.com/news/more-tales-of-state-senator-scott-bundgaards-checkered-past-surface-as-majority-leader-faces-ethics-probe-6632667');
INSERT INTO sources (person_id, url) VALUES ('scott-bundgaard', 'https://www.phoenixnewtimes.com/news/senator-scott-bundgaard-avoids-jail-time-pleads-no-contest-to-misdemeanor-charge-stemming-from-freeway-fight-with-former-flame-6643824');
INSERT OR REPLACE INTO people (id, name, status, level, state, office, crime_description, summary, still_in_office, offense_year, conviction_year, event_date) VALUES ('matt-chandler', 'Matt Chandler', 'alleged', 'adjacent', 'TX', '', 'Organizational Cover-Up', 'Matt Chandler is the spiritual leader of a multi-site church known as The Village Church. It is one of the largest Baptist megachurches in the country.', NULL, NULL, NULL, NULL);
INSERT INTO crime_types (person_id, crime_type) VALUES ('matt-chandler', 'enablement');
INSERT INTO crime_types (person_id, crime_type) VALUES ('matt-chandler', 'organizational-coverup');
INSERT INTO sources (person_id, url) VALUES ('matt-chandler', 'https://goppredators.wordpress.com/2022/09/09/196-matt-chandler/');
INSERT INTO sources (person_id, url) VALUES ('matt-chandler', 'https://www.thedailybeast.com/megachurch-stay-with-your-kiddie-porn-watching-husbandor-face-discipline');
INSERT INTO sources (person_id, url) VALUES ('matt-chandler', 'https://www.scribd.com/document/266168625/Initial-communications-from-TVC-to-members-about-Jordan-and-Karen-Root#download');
INSERT OR REPLACE INTO people (id, name, status, level, state, office, crime_description, summary, still_in_office, offense_year, conviction_year, event_date) VALUES ('bob-coy', 'Bob Coy', 'charged', 'adjacent', 'FL', 'Pastor', 'Child Rape', 'Bob Coy was the pastor of a the largest megachurch in Florida. In Fort Lauderdale, Coy''s Calvary Chapel had 25,000 in regular attendance.', NULL, NULL, NULL, NULL);
INSERT INTO crime_types (person_id, crime_type) VALUES ('bob-coy', 'rape');
INSERT INTO sources (person_id, url) VALUES ('bob-coy', 'https://goppredators.wordpress.com/2022/09/09/195-bob-coy/');
INSERT INTO sources (person_id, url) VALUES ('bob-coy', 'https://www.miaminewtimes.com/news/bob-coy-founder-of-calvary-chapel-fort-lauderdale-accused-of-molesting-child-9827948');
INSERT INTO sources (person_id, url) VALUES ('bob-coy', 'https://www.miamiherald.com/news/local/community/broward/article184564528.html');
INSERT INTO sources (person_id, url) VALUES ('bob-coy', 'https://www.ibtimes.co.uk/child-abuse-case-against-megachurch-founder-dropped-after-girl-finds-forgiveness-through-god-1647413');
INSERT OR REPLACE INTO people (id, name, status, level, state, office, crime_description, summary, still_in_office, offense_year, conviction_year, event_date) VALUES ('cj-mahaney', 'CJ Mahaney', 'alleged', 'adjacent', 'MD', '', 'Organizational Cover-Up', 'CJ Mahaney (MD): Organizational Cover-Up.', NULL, NULL, NULL, NULL);
INSERT INTO crime_types (person_id, crime_type) VALUES ('cj-mahaney', 'enablement');
INSERT INTO crime_types (person_id, crime_type) VALUES ('cj-mahaney', 'organizational-coverup');
INSERT INTO sources (person_id, url) VALUES ('cj-mahaney', 'https://goppredators.wordpress.com/2022/09/08/194-c-j-mahaney/');
INSERT INTO sources (person_id, url) VALUES ('cj-mahaney', 'https://www.cbsnews.com/baltimore/news/more-alleging-evangelical-church-hid-sexual-abuse/');
INSERT INTO sources (person_id, url) VALUES ('cj-mahaney', 'https://www.washingtonpost.com/local/lawsuit-accuses-neo-calvinist-church-movement-leaders-of-child-sexual-abuse/2013/01/14/6e671764-5e94-11e2-90a0-73c8343c6d61_story.html');
INSERT INTO sources (person_id, url) VALUES ('cj-mahaney', 'https://www.washingtonian.com/2016/02/14/the-sex-abuse-scandal-that-devastated-a-suburban-megachurch-sovereign-grace-ministries/');
INSERT OR REPLACE INTO people (id, name, status, level, state, office, crime_description, summary, still_in_office, offense_year, conviction_year, event_date) VALUES ('raymond-burke', 'Raymond Burke', 'convicted', 'state', 'MO', 'Pastor', 'Organizational Cover-Up', 'Cardinal Raymond Burke was only a bishop when he made this list for protecting pedophile priests. He wielded the power of excommunication to attack a local church board and pastor over a church governance conflict.', NULL, NULL, NULL, NULL);
INSERT INTO crime_types (person_id, crime_type) VALUES ('raymond-burke', 'enablement');
INSERT INTO crime_types (person_id, crime_type) VALUES ('raymond-burke', 'organizational-coverup');
INSERT INTO sources (person_id, url) VALUES ('raymond-burke', 'https://goppredators.wordpress.com/2022/09/08/193-raymond-burke/');
INSERT INTO sources (person_id, url) VALUES ('raymond-burke', 'https://www.riverfronttimes.com/news/immaculate-deception-2461663');
INSERT INTO sources (person_id, url) VALUES ('raymond-burke', 'https://slate.com/human-interest/2015/01/cardinal-raymond-burke-in-the-new-emangelization-women-have-ruined-the-catholic-church.html');
INSERT INTO sources (person_id, url) VALUES ('raymond-burke', 'https://www.jsonline.com/story/news/2021/04/22/wisconsin-clergy-abuse-josh-kaul-launch-investigation-dioceses/7333919002/');
INSERT INTO sources (person_id, url) VALUES ('raymond-burke', 'https://projects.jsonline.com/database/2018/12/jesuit-milwaukee-priests-accused-of-abuse.html');
INSERT INTO sources (person_id, url) VALUES ('raymond-burke', 'https://americanindependent.com/joe-biden-donald-trump-catholic-church-voters-communion-abortion-cardinal-raymond-burke/');
INSERT INTO sources (person_id, url) VALUES ('raymond-burke', 'https://www.newspapers.com/clip/109188606/');
INSERT OR REPLACE INTO people (id, name, status, level, state, office, crime_description, summary, still_in_office, offense_year, conviction_year, event_date) VALUES ('paul-travis-williams', 'Paul Travis Williams', 'alleged', 'adjacent', 'TX', '', 'Child Sexual Abuse Material', 'Paul Travis Williams (TX): Child Sexual Abuse Material.', NULL, NULL, NULL, NULL);
INSERT INTO crime_types (person_id, crime_type) VALUES ('paul-travis-williams', 'csam');
INSERT INTO crime_types (person_id, crime_type) VALUES ('paul-travis-williams', 'assault');
INSERT INTO sources (person_id, url) VALUES ('paul-travis-williams', 'https://goppredators.wordpress.com/2026/03/13/192-paul-travis-williams/');
INSERT OR REPLACE INTO people (id, name, status, level, state, office, crime_description, summary, still_in_office, offense_year, conviction_year, event_date) VALUES ('caleb-bailey', 'Caleb Bailey', 'convicted', 'adjacent', 'MD', '', 'Child Sexual Abuse Material', 'Caleb Bailey was chosen as a Trump convention delegate representing Maryland''s Fifth District. He sent a package through the US mail with 300 rounds of ammunition in it.', NULL, NULL, NULL, NULL);
INSERT INTO crime_types (person_id, crime_type) VALUES ('caleb-bailey', 'csam');
INSERT INTO crime_types (person_id, crime_type) VALUES ('caleb-bailey', 'assault');
INSERT INTO sources (person_id, url) VALUES ('caleb-bailey', 'https://goppredators.wordpress.com/2022/09/07/191-caleb-bailey/');
INSERT INTO sources (person_id, url) VALUES ('caleb-bailey', 'https://www.reuters.com/article/us-usa-election-trump-delegate/trump-delegate-indicted-on-weapons-child-pornography-charges-idUSKCN0YA30A');
INSERT INTO sources (person_id, url) VALUES ('caleb-bailey', 'https://www.wusa9.com/article/news/local/maryland/trump-delegate-charged-with-child-pornography-and-weapons-violations-gets-16-years/65-577411942');
INSERT INTO sources (person_id, url) VALUES ('caleb-bailey', 'https://www.justice.gov/usao-md/pr/waldorf-man-sentenced-over-16-years-federal-prison-illegal-possession-unregistered');
INSERT INTO sources (person_id, url) VALUES ('caleb-bailey', 'https://www.newspapers.com/clip/109129861/');
INSERT OR REPLACE INTO people (id, name, status, level, state, office, crime_description, summary, still_in_office, offense_year, conviction_year, event_date) VALUES ('milo-yiannopolous', 'Milo Yiannopolous', 'alleged', 'adjacent', 'CA', '', 'Defended Pedophilia', 'Milo Yiannopolous dropped out of college to pursue journalism. He gravitated to the far-right and began writing for Breitbart, the internet sewer known for race-baiting and Islamophobia.', NULL, NULL, NULL, NULL);
INSERT INTO crime_types (person_id, crime_type) VALUES ('milo-yiannopolous', 'other');
INSERT INTO sources (person_id, url) VALUES ('milo-yiannopolous', 'https://goppredators.wordpress.com/2022/09/06/190-milo-yiannopolous/');
INSERT INTO sources (person_id, url) VALUES ('milo-yiannopolous', 'https://www.theguardian.com/us-news/2017/feb/21/milo-yiannopoulos-resigns-breitbart-pedophilia-comments');
INSERT INTO sources (person_id, url) VALUES ('milo-yiannopolous', 'https://www.motherjones.com/mojo-wire/2022/06/marjorie-taylor-greene-milo-yiannopoulos-pedophilia/');
INSERT INTO sources (person_id, url) VALUES ('milo-yiannopolous', 'https://www.theatlantic.com/health/archive/2017/02/milo-yiannopoulos-and-the-myth-of-the-gay-pedophile/517332/');
INSERT INTO sources (person_id, url) VALUES ('milo-yiannopolous', 'https://www.adl.org/resources/backgrounders/milo-yiannopoulos-five-things-to-know');
INSERT INTO sources (person_id, url) VALUES ('milo-yiannopolous', 'https://www.washingtonpost.com/politics/2022/06/07/milo-yiannopoulos-intern-marjorie-taylor-greene/');
INSERT INTO sources (person_id, url) VALUES ('milo-yiannopolous', 'https://www.newspapers.com/clip/109061868/');
INSERT OR REPLACE INTO people (id, name, status, level, state, office, crime_description, summary, still_in_office, offense_year, conviction_year, event_date) VALUES ('nicholas-kettle', 'Nicholas Kettle', 'convicted', 'state', 'RI', 'State Senator', 'Revenge Porn', 'Nicholas Kettle was a Republican state senator in Rhode Island. He was arrested on charges of video voyeurism and extortion after his former long-time girlfriend filed charges.', NULL, NULL, NULL, NULL);
INSERT INTO crime_types (person_id, crime_type) VALUES ('nicholas-kettle', 'other');
INSERT INTO sources (person_id, url) VALUES ('nicholas-kettle', 'https://goppredators.wordpress.com/2022/09/06/189-nicholas-kettle/');
INSERT INTO sources (person_id, url) VALUES ('nicholas-kettle', 'https://www.providencejournal.com/story/news/courts/2019/02/06/you-took-away-all-trust-former-sen-kettle-accepts-plea-deal-apologizes-to-ex-girlfriend/6056559007/');
INSERT INTO sources (person_id, url) VALUES ('nicholas-kettle', 'https://www.providencejournal.com/story/news/2019/08/01/new-evidence-causes-ri-to-drop-sex-extortion-charges-against-former-sen-kettle/4538973007/');
INSERT INTO sources (person_id, url) VALUES ('nicholas-kettle', 'http://www.providencejournal.com/news/20180219/ri-senator-charged-with-2-counts-of-extorting-sex-from-former-state-house-page');
INSERT OR REPLACE INTO people (id, name, status, level, state, office, crime_description, summary, still_in_office, offense_year, conviction_year, event_date) VALUES ('bob-jones-university', 'Bob Jones University', 'alleged', 'adjacent', 'DC', '', 'Rape Culture, Enabler', 'Bob Jones University has a long history of blaming the victims of sexual assault&#8211;even when they were assaulted elsewhere. In 2011, the role of BJU board member Chuck Phelps in covering up the rape of a 15-year-old and his demand that she apologize to the congregation for allowing herself to be', NULL, NULL, NULL, NULL);
INSERT INTO crime_types (person_id, crime_type) VALUES ('bob-jones-university', 'rape');
INSERT INTO crime_types (person_id, crime_type) VALUES ('bob-jones-university', 'enablement');
INSERT INTO crime_types (person_id, crime_type) VALUES ('bob-jones-university', 'harassment');
INSERT INTO sources (person_id, url) VALUES ('bob-jones-university', 'https://goppredators.wordpress.com/2022/09/04/188-bob-jones-university/');
INSERT INTO sources (person_id, url) VALUES ('bob-jones-university', 'https://en.wikipedia.org/wiki/Godly_Response_to_Abuse_in_the_Christian_Environment');
INSERT INTO sources (person_id, url) VALUES ('bob-jones-university', 'https://www.washingtonpost.com/local/education/bob-jones-university-apologizes-to-victims-of-sexual-assault/2014/12/11/821fbec6-8162-11e4-8882-03cf08410beb_story.html');
INSERT INTO sources (person_id, url) VALUES ('bob-jones-university', 'https://www.patheos.com/blogs/johnshore/2014/02/bob-jones-university-shuts-down-year-long-investigation-of-sexual-abuse-on-its-campus/');
INSERT INTO sources (person_id, url) VALUES ('bob-jones-university', 'http://apps.washingtonpost.com/g/documents/local/bob-jones-university-report/1331/');
INSERT INTO sources (person_id, url) VALUES ('bob-jones-university', 'https://www.greenvilleonline.com/story/news/2020/08/06/woman-sues-bob-jones-furman-university-sexual-assault-case/3307226001/');
INSERT OR REPLACE INTO people (id, name, status, level, state, office, crime_description, summary, still_in_office, offense_year, conviction_year, event_date) VALUES ('christopher-von-keyserling', 'Christopher von Keyserling', 'convicted', 'adjacent', 'CT', '', 'Sexual Assault', 'Christopher von Keyserling was a member of the Representative Town Meeting of Greenwich, CT when he sexually assaulted a woman employed by the town. A Republican, he celebrated Trump''s upcoming 2017 Inauguration by reaching through a town employee''s legs and pinching her groin, an action Trump bragg', NULL, NULL, NULL, NULL);
INSERT INTO crime_types (person_id, crime_type) VALUES ('christopher-von-keyserling', 'assault');
INSERT INTO sources (person_id, url) VALUES ('christopher-von-keyserling', 'https://goppredators.wordpress.com/2022/08/31/187-christopher-von-keyserling/');
INSERT INTO sources (person_id, url) VALUES ('christopher-von-keyserling', 'https://www.washingtonpost.com/news/morning-mix/wp/2017/01/17/police-conn-politician-said-he-no-longer-has-to-be-politically-correct-pinches-womans-groin/');
INSERT INTO sources (person_id, url) VALUES ('christopher-von-keyserling', 'https://www.greenwichtime.com/local/article/Greenwich-s-Chris-Von-Keyserling-sentenced-to-16510801.php');
INSERT INTO sources (person_id, url) VALUES ('christopher-von-keyserling', 'https://www.newspapers.com/clip/108703776/');
INSERT OR REPLACE INTO people (id, name, status, level, state, office, crime_description, summary, still_in_office, offense_year, conviction_year, event_date) VALUES ('george-faught', 'George Faught', 'alleged', 'state', 'OK', 'State Representative', 'Rape Culture, Enabler', 'George Faught was the state representative of Muskogee, Oklahoma, USA, when in his zealous defense of banning abortion in cases of rape and incest, he said pregnancy is how "God can bring beauty from ashes." In the debate on his bill banning abortion in the case of fetal abnormalities, a Democratic', NULL, NULL, NULL, '2017-03-25');
INSERT INTO crime_types (person_id, crime_type) VALUES ('george-faught', 'rape');
INSERT INTO crime_types (person_id, crime_type) VALUES ('george-faught', 'enablement');
INSERT INTO crime_types (person_id, crime_type) VALUES ('george-faught', 'harassment');
INSERT INTO sources (person_id, url) VALUES ('george-faught', 'https://goppredators.wordpress.com/2022/08/31/186-george-faught/');
INSERT INTO sources (person_id, url) VALUES ('george-faught', 'https://www.washingtonpost.com/news/acts-of-faith/wp/2017/03/25/oklahoma-lawmaker-defends-pregnancy-from-rape-and-incest-as-beauty-from-ashes/');
INSERT INTO sources (person_id, url) VALUES ('george-faught', 'https://www.wvlt.tv/content/news/Lawmaker-suggests-rape-incest-are-the-will-of-God-510085101.html');
INSERT INTO sources (person_id, url) VALUES ('george-faught', 'https://www.newspapers.com/clip/108702685/');
INSERT OR REPLACE INTO people (id, name, status, level, state, office, crime_description, summary, still_in_office, offense_year, conviction_year, event_date) VALUES ('will-lewis', 'Will Lewis', 'convicted', 'local', 'SC', '', 'Rape, Stalking', 'Will Lewis was the Greenville County, SC, sheriff when he raped a subordinate. He was forced to step down a year later.after she published a now-deleted blog post accusing him of rape and stalking, forcing her to quit her job out of fear for her life.', NULL, NULL, NULL, NULL);
INSERT INTO crime_types (person_id, crime_type) VALUES ('will-lewis', 'rape');
INSERT INTO crime_types (person_id, crime_type) VALUES ('will-lewis', 'stalking');
INSERT INTO sources (person_id, url) VALUES ('will-lewis', 'https://goppredators.wordpress.com/2022/08/29/185-will-lewis/');
INSERT INTO sources (person_id, url) VALUES ('will-lewis', 'https://www.wyff4.com/article/former-employee-accuses-greenville-county-sheriff-of-sex-assault-stalking/12152930');
INSERT INTO sources (person_id, url) VALUES ('will-lewis', 'https://www.foxnews.com/us/south-carolina-sheriff-accused-of-rape-stalking-faces-charges-of-misconduct-obstruction');
INSERT INTO sources (person_id, url) VALUES ('will-lewis', 'https://www.washingtonpost.com/nation/2019/10/29/greenville-sheriff-will-lewis-convicted/');
INSERT INTO sources (person_id, url) VALUES ('will-lewis', 'https://www.goupstate.com/story/news/2019/10/25/brazen-naked-corruption-gets-former-greenville-sheriff-will-lewis-1-year-in-prison/2446054007/');
INSERT INTO sources (person_id, url) VALUES ('will-lewis', 'https://www.newspapers.com/clip/108578901/');
INSERT OR REPLACE INTO people (id, name, status, level, state, office, crime_description, summary, still_in_office, offense_year, conviction_year, event_date) VALUES ('stephen-dalton-baril', 'Stephen Dalton Baril', 'convicted', 'state', 'VA', '', 'Rape', 'Stephen Dalton Baril was a student at the University of Virginia when he raped a fellow student. He entered an Alford Plea, admitting there was enough evidence to convict him but still claiming innocence.', NULL, NULL, NULL, NULL);
INSERT INTO crime_types (person_id, crime_type) VALUES ('stephen-dalton-baril', 'rape');
INSERT INTO sources (person_id, url) VALUES ('stephen-dalton-baril', 'https://goppredators.wordpress.com/2022/08/29/184-stephen-dalton-baril/');
INSERT INTO sources (person_id, url) VALUES ('stephen-dalton-baril', 'https://wjla.com/news/crime/no-prison-grandson-republican-virginia-governor-rape');
INSERT INTO sources (person_id, url) VALUES ('stephen-dalton-baril', 'https://www.nbcwashington.com/news/local/no-prison-for-dalton-baril-grandson-of-ex-virginia-governor-in-rape-case/174281/');
INSERT OR REPLACE INTO people (id, name, status, level, state, office, crime_description, summary, still_in_office, offense_year, conviction_year, event_date) VALUES ('ken-starr', 'Ken Starr', 'convicted', 'adjacent', 'TX', '', 'Official Cover-up', 'Ken Starr is most infamous as the sex-obsessed independent counsel who chose to include prurient sexual details in The Starr Report and in the Senate trial questioning of Monica Lewinsky. That is not why he is featured on this list even though his desire to humiliate and debase Lewinsky certainly di', NULL, NULL, NULL, NULL);
INSERT INTO crime_types (person_id, crime_type) VALUES ('ken-starr', 'enablement');
INSERT INTO crime_types (person_id, crime_type) VALUES ('ken-starr', 'organizational-coverup');
INSERT INTO sources (person_id, url) VALUES ('ken-starr', 'https://goppredators.wordpress.com/2022/08/29/183-ken-starr/');
INSERT INTO sources (person_id, url) VALUES ('ken-starr', 'https://www.govinfo.gov/content/pkg/CDOC-105hdoc310/pdf/CDOC-105hdoc310.pdf');
INSERT INTO sources (person_id, url) VALUES ('ken-starr', 'https://www.baylor.edu/about/index.php?id=89269');
INSERT INTO sources (person_id, url) VALUES ('ken-starr', 'https://wacotrib.com/news/higher_education/starr-pushed-for-lighter-sentence-for-convicted-va-child-molester/article_56d5c672-febc-5dac-9165-83c41758ce44.html#:~:text=Baylor%20University%20President%20Ken%20Starr,in%20prison%20for%20the%20abuse.');
INSERT INTO sources (person_id, url) VALUES ('ken-starr', 'https://www.texastribune.org/2017/12/20/court-filing-claims-starr-and-other-baylor-leaders-helped-student-accu/');
INSERT INTO sources (person_id, url) VALUES ('ken-starr', 'https://abovethelaw.com/2021/07/the-ken-starr-trainwreck-goes-supernova/');
INSERT INTO sources (person_id, url) VALUES ('ken-starr', 'https://medium.com/@judihershman/ken-starr-brett-kavanaugh-jeffrey-epstein-and-me-ba2dbf77b0da');
INSERT OR REPLACE INTO people (id, name, status, level, state, office, crime_description, summary, still_in_office, offense_year, conviction_year, event_date) VALUES ('david-garland', 'David Garland', 'alleged', 'adjacent', 'TX', '', 'Official Cover-up', 'David Garland was the interim president of Baylor University, the largest Baptist school in America and an extremely conservative school. He was appointed after Ken Starr resigned in the midst of the rape scandal.', NULL, NULL, NULL, NULL);
INSERT INTO crime_types (person_id, crime_type) VALUES ('david-garland', 'enablement');
INSERT INTO crime_types (person_id, crime_type) VALUES ('david-garland', 'organizational-coverup');
INSERT INTO sources (person_id, url) VALUES ('david-garland', 'https://goppredators.wordpress.com/2022/08/29/182-david-garland/');
INSERT INTO sources (person_id, url) VALUES ('david-garland', 'https://bleacherreport.com/articles/2734630');
INSERT INTO sources (person_id, url) VALUES ('david-garland', 'https://www.usatoday.com/story/news/nation/2017/09/22/ex-baylor-president-some-women-willingly-make-themselves-victims-sexual-assault/694376001/');
INSERT INTO sources (person_id, url) VALUES ('david-garland', 'https://www.newspapers.com/clip/108573032/');
INSERT OR REPLACE INTO people (id, name, status, level, state, office, crime_description, summary, still_in_office, offense_year, conviction_year, event_date) VALUES ('kimberly-guilfoyle', 'Kimberly Guilfoyle', 'alleged', 'adjacent', 'NY', '', 'Sexual Harassment', 'Kimberly Guilfoyle was a FOX News host for The Five when her assistant filed a 42-page draft complaint documenting how Guilfoyle sexually harassed staff, including showing them dick pics. She was fired from FOX News in 2018 and became Trump''s campaign finance chair and Donald Trump, Jr.''s girlfriend', NULL, NULL, NULL, NULL);
INSERT INTO crime_types (person_id, crime_type) VALUES ('kimberly-guilfoyle', 'harassment');
INSERT INTO sources (person_id, url) VALUES ('kimberly-guilfoyle', 'https://goppredators.wordpress.com/2022/08/28/181-kimberly-guilfoyle/');
INSERT INTO sources (person_id, url) VALUES ('kimberly-guilfoyle', 'https://www.newyorker.com/news/news-desk/the-secret-history-of-kimberly-guilfoyles-departure-from-fox');
INSERT INTO sources (person_id, url) VALUES ('kimberly-guilfoyle', 'https://www.vanityfair.com/news/2020/10/kimberly-guilfoyle-sexual-harassment-allegations-get-even-darker?redirectURL=https://www.vanityfair.com/news/2020/10/kimberly-guilfoyle-sexual-harassment-allegations-get-even-darker');
INSERT INTO sources (person_id, url) VALUES ('kimberly-guilfoyle', 'https://www.mercurynews.com/2020/10/02/sexual-harassment-allegations-may-have-finally-caught-up-to-kimberly-guilfoyle/');
INSERT INTO sources (person_id, url) VALUES ('kimberly-guilfoyle', 'https://www.refinery29.com/en-us/2020/10/10069120/kimberly-guilfoyle-sexual-harassment-complaint-details');
INSERT OR REPLACE INTO people (id, name, status, level, state, office, crime_description, summary, still_in_office, offense_year, conviction_year, event_date) VALUES ('eric-bolling', 'Eric Bolling', 'alleged', 'federal', 'FL', '', 'Sexual Harassment', 'Eric Bolling was a popular FOX News host of the weekday show The Specialists when he was suspended pending an investigation of a sexual harassment complaint. He was ultimately fired.', NULL, NULL, NULL, NULL);
INSERT INTO crime_types (person_id, crime_type) VALUES ('eric-bolling', 'harassment');
INSERT INTO sources (person_id, url) VALUES ('eric-bolling', 'https://goppredators.wordpress.com/2022/08/28/180-eric-bolling/');
INSERT INTO sources (person_id, url) VALUES ('eric-bolling', 'https://www.washingtonpost.com/lifestyle/style/fox-news-suspends-host-after-new-allegation-of-sexually-inappropriate-behavior/2017/08/05/fc2c011c-7a1a-11e7-8839-ec48ec4cae25_story.html');
INSERT INTO sources (person_id, url) VALUES ('eric-bolling', 'https://www.politico.com/story/2017/09/08/eric-bolling-leaves-fox-news-sexual-harrasment-242508');
INSERT INTO sources (person_id, url) VALUES ('eric-bolling', 'https://www.newspapers.com/clip/108499485/');
INSERT OR REPLACE INTO people (id, name, status, level, state, office, crime_description, summary, still_in_office, offense_year, conviction_year, event_date) VALUES ('francisco-cortes', 'Francisco Cortes', 'alleged', 'adjacent', 'NY', '', 'Sexual Harassment', 'Francisco Cortes was a vice-president at FOX News Latino and had worked at FOX since 2003. Tamara Holder filed a sexual harassment claim against him alleging he exposed himself and attempted to force her into performing oral sex in 2015.', NULL, NULL, NULL, NULL);
INSERT INTO crime_types (person_id, crime_type) VALUES ('francisco-cortes', 'harassment');
INSERT INTO sources (person_id, url) VALUES ('francisco-cortes', 'https://goppredators.wordpress.com/2022/08/28/179-francisco-cortes/');
INSERT INTO sources (person_id, url) VALUES ('francisco-cortes', 'https://www.wsj.com/articles/fox-news-settles-sexual-harassment-claims-by-former-contributor-1489029879');
INSERT INTO sources (person_id, url) VALUES ('francisco-cortes', 'https://www.nytimes.com/2017/07/25/business/media/ex-fox-news-executive-accused-of-sexual-assault-sues-the-company.html');
INSERT INTO sources (person_id, url) VALUES ('francisco-cortes', 'https://www.nydailynews.com/entertainment/tv/ex-fox-news-contributor-claims-executive-sexually-assaulted-article-1.2992705');
INSERT INTO sources (person_id, url) VALUES ('francisco-cortes', 'https://www.hollywoodreporter.com/business/business-news/fox-beats-48m-lawsuit-claiming-exec-was-made-a-sexual-misconduct-scapegoat-1073342/');
INSERT OR REPLACE INTO people (id, name, status, level, state, office, crime_description, summary, still_in_office, offense_year, conviction_year, event_date) VALUES ('brett-bennie-langham', 'Brett Bennie Langham', 'charged', 'party-official', 'GA', '', 'Child Molestation', 'Brett Bennie Langham was a Richmond County Republican party official as well as an Augusta waterworks employee. He was indicted for sexual battery and child molestation charges.', NULL, NULL, NULL, '2013-02-28');
INSERT INTO crime_types (person_id, crime_type) VALUES ('brett-bennie-langham', 'child-molestation');
INSERT INTO sources (person_id, url) VALUES ('brett-bennie-langham', 'https://goppredators.wordpress.com/2022/08/27/178-brett-bennie-langham/');
INSERT INTO sources (person_id, url) VALUES ('brett-bennie-langham', 'https://www.augustachronicle.com/story/news/local/columbia-county-news-times/2013/03/01/augusta-water-works-employee-pleads-not-guilty-granted-bond/14191502007/');
INSERT INTO sources (person_id, url) VALUES ('brett-bennie-langham', 'https://infoweb-newsbank-com.proxy.multcolib.org/apps/news/browse-pub?p=AMNEWS&amp;t=pubname%3AAGCB%21Augusta%2BChronicle%252C%2BThe%2B%2528GA%2529&amp;action=browse');
INSERT OR REPLACE INTO people (id, name, status, level, state, office, crime_description, summary, still_in_office, offense_year, conviction_year, event_date) VALUES ('matt-baker', 'Matt Baker', 'convicted', 'adjacent', 'TX', 'Pastor', 'Murder', 'Matt Baker was a widely respected Baptist minister in Waco, TX. Waco, home of Baylor University, is for Southern Baptists a sort of center of faith.', NULL, NULL, NULL, NULL);
INSERT INTO crime_types (person_id, crime_type) VALUES ('matt-baker', 'murder');
INSERT INTO sources (person_id, url) VALUES ('matt-baker', 'https://goppredators.wordpress.com/2022/08/27/177-matt-baker/');
INSERT INTO sources (person_id, url) VALUES ('matt-baker', 'https://www.texasmonthly.com/news-politics/the-valley-of-the-shadow-of-death/');
INSERT INTO sources (person_id, url) VALUES ('matt-baker', 'https://www.tdcaa.com/journal/the-murdering-minister/');
INSERT INTO sources (person_id, url) VALUES ('matt-baker', 'https://www.nbcnews.com/id/wbna34983893');
INSERT INTO sources (person_id, url) VALUES ('matt-baker', 'https://www.cbsnews.com/news/dirty-little-secrets-revealed-in-preacher-matt-bakers-murder-trial/');
INSERT INTO sources (person_id, url) VALUES ('matt-baker', 'https://www.newspapers.com/clip/108461307/');
INSERT INTO sources (person_id, url) VALUES ('matt-baker', 'https://www.newspapers.com/clip/108461451/');
INSERT OR REPLACE INTO people (id, name, status, level, state, office, crime_description, summary, still_in_office, offense_year, conviction_year, event_date) VALUES ('darrell-gilyard', 'Darrell Gilyard', 'convicted', 'adjacent', 'FL', 'Pastor', 'Child Molestation', 'Darrell Gilyard was a successful mega-church preacher. So famed was he, there was a film about him "The Darrell Gilyard" story that had Jerry Falwell.', NULL, NULL, NULL, NULL);
INSERT INTO crime_types (person_id, crime_type) VALUES ('darrell-gilyard', 'child-molestation');
INSERT INTO sources (person_id, url) VALUES ('darrell-gilyard', 'https://goppredators.wordpress.com/2022/08/27/176-darrell-gilyard/');
INSERT INTO sources (person_id, url) VALUES ('darrell-gilyard', 'https://www.theguardian.com/world/2012/feb/21/florida-church-sex-offender-preaches');
INSERT OR REPLACE INTO people (id, name, status, level, state, office, crime_description, summary, still_in_office, offense_year, conviction_year, event_date) VALUES ('gordon-blake', 'Gordon Blake', 'convicted', 'adjacent', 'CA', '', 'Child Molestation', 'Gordon Blake was active in California Republican politics and twice ran unsuccessfully for California state assembly. He was accused of molesting 4 boys over 8 years.', NULL, NULL, NULL, NULL);
INSERT INTO crime_types (person_id, crime_type) VALUES ('gordon-blake', 'child-molestation');
INSERT INTO sources (person_id, url) VALUES ('gordon-blake', 'https://goppredators.wordpress.com/2022/08/27/175-gordon-blake/');
INSERT INTO sources (person_id, url) VALUES ('gordon-blake', 'https://www.mercurynews.com/2014/07/15/brentwood-man-sentenced-to-194-years-to-life-for-molestation/');
INSERT INTO sources (person_id, url) VALUES ('gordon-blake', 'https://www.cbsnews.com/sanfrancisco/news/brentwood-serial-child-molester-former-assembly-candidate-sentenced-to-194-years-in-prison-gordon-blake-gop-republican-felony-lewd-lascivious-acts-sentencing/');
INSERT INTO sources (person_id, url) VALUES ('gordon-blake', 'https://www.eastbaytimes.com/2014/06/19/brentwood-former-state-candidate-found-guilty-on-32-counts-of-child-molestation/');
INSERT OR REPLACE INTO people (id, name, status, level, state, office, crime_description, summary, still_in_office, offense_year, conviction_year, event_date) VALUES ('chris-corley', 'Chris Corley', 'convicted', 'state', 'SC', 'State Representative', 'Domestic Violence', 'South Carolina state Rep. Chris Corley was one of the most ardent defenders of keeping the Confederate flag.', NULL, NULL, NULL, NULL);
INSERT INTO crime_types (person_id, crime_type) VALUES ('chris-corley', 'domestic-violence');
INSERT INTO sources (person_id, url) VALUES ('chris-corley', 'https://goppredators.wordpress.com/2022/08/27/174-chris-corley/');
INSERT INTO sources (person_id, url) VALUES ('chris-corley', 'https://www.greenvilleonline.com/story/news/local/2015/12/04/republican-sends-confederate-christmas-card-colleagues/76772014/');
INSERT INTO sources (person_id, url) VALUES ('chris-corley', 'https://www.postandcourier.com/news/former-south-carolina-rep-chris-corley-pleads-guilty-to-domestic/article_2579c9c0-7b95-11e7-a410-ebe9e7cf56a8.html');
INSERT INTO sources (person_id, url) VALUES ('chris-corley', 'https://www.postandcourier.com/aikenstandard/news/prosecutor-chris-corley-took-wifes-cellphone-bit-her-nose/article_d0d8fb51-dd98-595b-a725-fb7b32c59de5.html');
INSERT INTO sources (person_id, url) VALUES ('chris-corley', 'https://www.postandcourier.com/aikenstandard/news/probation-ends-for-former-s-c-rep-chris-corley-who-plead-guilty-in-domestic-violence/article_178d034d-1582-58f2-8b06-900278c351d7.html');
INSERT INTO sources (person_id, url) VALUES ('chris-corley', 'https://www.newspapers.com/clip/108458705/');
INSERT INTO sources (person_id, url) VALUES ('chris-corley', 'https://www.newspapers.com/clip/108458977/');
INSERT OR REPLACE INTO people (id, name, status, level, state, office, crime_description, summary, still_in_office, offense_year, conviction_year, event_date) VALUES ('norman-mcallister', 'Norman McAllister', 'convicted', 'state', 'VT', 'State Senator', 'Sexual Assault, Exonerated', 'Norman McAllister was a Republican state senator in Vermont when he was charged with sexual assault of one woman and sexual abuse of two other women whom he forced to trade sex for their rent. He had four trials.', NULL, NULL, NULL, NULL);
INSERT INTO crime_types (person_id, crime_type) VALUES ('norman-mcallister', 'assault');
INSERT INTO sources (person_id, url) VALUES ('norman-mcallister', 'https://goppredators.wordpress.com/2022/08/27/173-norman-mcallister/');
INSERT INTO sources (person_id, url) VALUES ('norman-mcallister', 'https://www.burlingtonfreepress.com/story/news/local/2017/01/10/former-state-senator-norm-mcallister-strikes-plea-deal/96415634/');
INSERT INTO sources (person_id, url) VALUES ('norman-mcallister', 'https://patch.com/vermont/across-vt/norm-mcallister-ex-vermont-senator-avoids-prison-sex-favors-case');
INSERT INTO sources (person_id, url) VALUES ('norman-mcallister', 'https://www.law.umich.edu/special/exoneration/Pages/casedetail.aspx?caseid=5634');
INSERT INTO sources (person_id, url) VALUES ('norman-mcallister', 'https://www.newspapers.com/clip/108425550/');
INSERT OR REPLACE INTO people (id, name, status, level, state, office, crime_description, summary, still_in_office, offense_year, conviction_year, event_date) VALUES ('douglas-marks', 'Douglas Marks', 'convicted', 'federal', 'CO', 'Teacher', 'Child Molestation', 'Douglas Marks was a scion of an important Republican family in Montana. His brother, Bob Marks, was the Speaker of the House.', NULL, NULL, NULL, NULL);
INSERT INTO crime_types (person_id, crime_type) VALUES ('douglas-marks', 'child-molestation');
INSERT INTO sources (person_id, url) VALUES ('douglas-marks', 'https://goppredators.wordpress.com/2022/08/27/172-douglas-marks/');
INSERT INTO sources (person_id, url) VALUES ('douglas-marks', 'https://www.newspapers.com/clip/108424096/');
INSERT INTO sources (person_id, url) VALUES ('douglas-marks', 'https://www.latimes.com/archives/la-xpm-1990-11-25-mn-7142-story.html');
INSERT INTO sources (person_id, url) VALUES ('douglas-marks', 'https://apnews.com/article/e3736edca03d6c80191ffa4f1dadf3c7');
INSERT INTO sources (person_id, url) VALUES ('douglas-marks', 'https://archive.seattletimes.com/archive/?date=19901202&amp;slug=1107218');
INSERT OR REPLACE INTO people (id, name, status, level, state, office, crime_description, summary, still_in_office, offense_year, conviction_year, event_date) VALUES ('jeff-miller', 'Jeff Miller', 'convicted', 'local', 'IN', 'City Councilmember', 'Child Molestation', 'Jeff Miller was an Indianapolis City Council member in his second term when he was charged with molesting a child, a ten-year-old girl who told her parents about his actions. Police interviewed other children who reported similar experiences with Miller.', NULL, NULL, NULL, NULL);
INSERT INTO crime_types (person_id, crime_type) VALUES ('jeff-miller', 'child-molestation');
INSERT INTO sources (person_id, url) VALUES ('jeff-miller', 'https://goppredators.wordpress.com/2022/08/27/171-jeff-miller/');
INSERT INTO sources (person_id, url) VALUES ('jeff-miller', 'https://www.indystar.com/story/news/local/marion-county/2017/11/30/republicans-jeff-miller-makes-unwelcome-return-indianapolis-council-business/902449001/');
INSERT INTO sources (person_id, url) VALUES ('jeff-miller', 'https://www.gopopai.org/jeff-miller-heres-why-im-staying-on-the-indianapolis-council/');
INSERT INTO sources (person_id, url) VALUES ('jeff-miller', 'https://www.wrtv.com/news/local-news/indianapolis/jeff-miller-accepts-plea-deal-resigns-from-city-county-council');
INSERT INTO sources (person_id, url) VALUES ('jeff-miller', 'https://www.newspapers.com/clip/108419879/');
INSERT INTO sources (person_id, url) VALUES ('jeff-miller', 'https://www.newspapers.com/clip/108420227/');
INSERT OR REPLACE INTO people (id, name, status, level, state, office, crime_description, summary, still_in_office, offense_year, conviction_year, event_date) VALUES ('brian-o-8217-toole', 'Brian O&#8217;Toole', 'convicted', 'local', 'CA', 'Mayor', 'Child Molestation', 'Brian O''Toole was first elected to the Sunnyvale City Council in 1983. He served as mayor from 1985 to 1986 and was re-elected in 1989 for a two-year term.', NULL, NULL, NULL, NULL);
INSERT INTO crime_types (person_id, crime_type) VALUES ('brian-o-8217-toole', 'child-molestation');
INSERT INTO sources (person_id, url) VALUES ('brian-o-8217-toole', 'https://goppredators.wordpress.com/2022/08/24/170-brian-otoole/');
INSERT INTO sources (person_id, url) VALUES ('brian-o-8217-toole', 'https://www.latimes.com/archives/la-xpm-1990-07-27-mn-618-story.html');
INSERT INTO sources (person_id, url) VALUES ('brian-o-8217-toole', 'https://apnews.com/article/01cdc0ba10a8c25758c4e13fe618ee8f');
INSERT INTO sources (person_id, url) VALUES ('brian-o-8217-toole', 'https://www.newspapers.com/clip/108251106/');
INSERT INTO sources (person_id, url) VALUES ('brian-o-8217-toole', 'https://www.newspapers.com/clip/108251386/');
INSERT OR REPLACE INTO people (id, name, status, level, state, office, crime_description, summary, still_in_office, offense_year, conviction_year, event_date) VALUES ('james-e-dutschke', 'James E. Dutschke', 'convicted', 'adjacent', 'MS', 'Judge', 'Child Molestation', 'James E. Dutschke (MS): Child Molestation.', NULL, NULL, NULL, NULL);
INSERT INTO crime_types (person_id, crime_type) VALUES ('james-e-dutschke', 'child-molestation');
INSERT INTO sources (person_id, url) VALUES ('james-e-dutschke', 'https://goppredators.wordpress.com/2022/08/24/169-james-e-dutschke/');
INSERT INTO sources (person_id, url) VALUES ('james-e-dutschke', 'https://www.djournal.com/news/tupelo-man-arraigned-on-child-molestation-charges/article_38e39840-b737-52f1-a3f8-0395ae3be17f.html');
INSERT INTO sources (person_id, url) VALUES ('james-e-dutschke', 'https://www.mercurynews.com/2013/04/29/new-ricin-suspect-james-dutschke-ordered-held-without-bond/');
INSERT INTO sources (person_id, url) VALUES ('james-e-dutschke', 'https://theweek.com/articles/465005/bizarre-tale-mississippi-feud-behind-ricin-letters');
INSERT INTO sources (person_id, url) VALUES ('james-e-dutschke', 'https://www.newspapers.com/clip/108247716/');
INSERT INTO sources (person_id, url) VALUES ('james-e-dutschke', 'https://www.newspapers.com/clip/108247969/');
INSERT OR REPLACE INTO people (id, name, status, level, state, office, crime_description, summary, still_in_office, offense_year, conviction_year, event_date) VALUES ('kenneth-adkins', 'Kenneth Adkins', 'convicted', 'adjacent', 'GA', '', 'Child Molestation', 'Kenneth Adkins was active in anti-gay politics in Jacksonville, FL, and someone the Republican party thought they could use to gain Black votes. After the Pulse Massacre, he tweeted “Been through so much with these Jacksonville Homosexuals that I don’t see none of them as victims.', NULL, NULL, NULL, '2016-06-14');
INSERT INTO crime_types (person_id, crime_type) VALUES ('kenneth-adkins', 'child-molestation');
INSERT INTO sources (person_id, url) VALUES ('kenneth-adkins', 'https://goppredators.wordpress.com/2022/08/24/168-kenneth-adkins/');
INSERT INTO sources (person_id, url) VALUES ('kenneth-adkins', 'https://www.jacksonville.com/story/news/2016/06/14/brunswick-pastor-kenneth-adkins-tweets-homosexuals-got-what-they-deserve/15713644007/');
INSERT INTO sources (person_id, url) VALUES ('kenneth-adkins', 'https://money.yahoo.com/nearly-later-little-progress-case-094700970.html');
INSERT INTO sources (person_id, url) VALUES ('kenneth-adkins', 'https://floridapolitics.com/archives/220457-hate-preacher-ken-adkins-became-jacksonvilles-problem/');
INSERT INTO sources (person_id, url) VALUES ('kenneth-adkins', 'https://www.jacksonville.com/story/news/crime/2017/04/25/judge-sentences-kenneth-adkins-life-prison-child-molestation/15752537007/');
INSERT OR REPLACE INTO people (id, name, status, level, state, office, crime_description, summary, still_in_office, offense_year, conviction_year, event_date) VALUES ('perry-grogan', 'Perry Grogan', 'convicted', 'local', 'GA', '', 'Child Molestation', 'Former Sheriff Perry Grogan was featured in 1990 by Newt Gingrich as an example of Republican governance for his success in building a new jail under the anticipated cost. Newt Gingrich called him a friend.', NULL, NULL, NULL, NULL);
INSERT INTO crime_types (person_id, crime_type) VALUES ('perry-grogan', 'child-molestation');
INSERT INTO sources (person_id, url) VALUES ('perry-grogan', 'https://goppredators.wordpress.com/2022/08/24/167-perry-grogan/');
INSERT INTO sources (person_id, url) VALUES ('perry-grogan', 'https://caselaw.findlaw.com/ga-court-of-appeals/1049420.html');
INSERT INTO sources (person_id, url) VALUES ('perry-grogan', 'https://giglio-bradylist.com/brady-offense-no-1632170334-1305890690');
INSERT INTO sources (person_id, url) VALUES ('perry-grogan', 'https://www.newspapers.com/clip/108240723/');
INSERT OR REPLACE INTO people (id, name, status, level, state, office, crime_description, summary, still_in_office, offense_year, conviction_year, event_date) VALUES ('william-c-mach', 'William C. Mach', 'convicted', 'adjacent', 'AZ', '', 'Child Molestation', 'William C. Mach was an unsuccessful Republican candidate for Coounty Attorney in Pima County, Arizona.', NULL, NULL, 1993, NULL);
INSERT INTO crime_types (person_id, crime_type) VALUES ('william-c-mach', 'child-molestation');
INSERT INTO sources (person_id, url) VALUES ('william-c-mach', 'https://goppredators.wordpress.com/2022/08/22/166-william-c-mach/');
INSERT INTO sources (person_id, url) VALUES ('william-c-mach', 'https://caselaw.findlaw.com/us-9th-circuit/1221659.html');
INSERT OR REPLACE INTO people (id, name, status, level, state, office, crime_description, summary, still_in_office, offense_year, conviction_year, event_date) VALUES ('michael-t-mccourt', 'Michael T McCourt', 'convicted', 'local', 'WA', 'City Councilmember', 'Child Molestation', 'Michael T. McCourt was the Douglas County GOP County Chairman as well as the East Wenatchee Water and Sewer Commissioner.', NULL, NULL, NULL, '2018-03-22');
INSERT INTO crime_types (person_id, crime_type) VALUES ('michael-t-mccourt', 'child-molestation');
INSERT INTO sources (person_id, url) VALUES ('michael-t-mccourt', 'https://goppredators.wordpress.com/2022/08/22/165-michael-t-mccourt/');
INSERT INTO sources (person_id, url) VALUES ('michael-t-mccourt', 'https://www.ncwlife.com/news/former-east-wenatchee-utilities-commissioner-released-after-child-molestation-sentence/article_615ddf08-e595-53f2-b215-b2db91d40cf8.html');
INSERT INTO sources (person_id, url) VALUES ('michael-t-mccourt', 'https://www.wenatcheeworld.com/news/local/51-months-for-mccourt-in-child-molestation-plea/article_2a3f1bdd-7c0a-58d4-870f-30747ddd3bc8.html');
INSERT OR REPLACE INTO people (id, name, status, level, state, office, crime_description, summary, still_in_office, offense_year, conviction_year, event_date) VALUES ('sherman-lee-criner', 'Sherman Lee Criner', 'charged', 'state', 'NC', 'Judge', 'Child Molestation', 'Sherman Lee Criner, a GOP candidate for the Deleware state Senate, was accused of molesting a child. Because his wife is a judge, the investigation was carried out by the State Bureau of Investigation (SBI) rather than local or county police who would be frequently appearing in court before the judg', NULL, NULL, NULL, '2006-06-29');
INSERT INTO crime_types (person_id, crime_type) VALUES ('sherman-lee-criner', 'child-molestation');
INSERT INTO sources (person_id, url) VALUES ('sherman-lee-criner', 'https://goppredators.wordpress.com/2022/08/22/164-sherman-lee-criner/');
INSERT INTO sources (person_id, url) VALUES ('sherman-lee-criner', 'https://www.wect.com/story/4679177/state-senate-candidate-becomes-center-of-child-molestation-investigation/');
INSERT INTO sources (person_id, url) VALUES ('sherman-lee-criner', 'https://www.starnewsonline.com/story/news/2006/06/29/criner-will-not-be-charged/30266712007/');
INSERT OR REPLACE INTO people (id, name, status, level, state, office, crime_description, summary, still_in_office, offense_year, conviction_year, event_date) VALUES ('ron-p-broussard', 'Ron P Broussard', 'convicted', 'local', 'GA', '', 'Child Molestation', 'Ron P Broussard (GA): Child Molestation.', NULL, NULL, NULL, NULL);
INSERT INTO crime_types (person_id, crime_type) VALUES ('ron-p-broussard', 'child-molestation');
INSERT INTO sources (person_id, url) VALUES ('ron-p-broussard', 'https://goppredators.wordpress.com/2022/08/21/163-ron-p-broussard/');
INSERT INTO sources (person_id, url) VALUES ('ron-p-broussard', 'https://www.spokesman.com/stories/2016/oct/27/trump-university-staff-included-drug-trafficker-ch/');
INSERT INTO sources (person_id, url) VALUES ('ron-p-broussard', 'https://www.norwichbulletin.com/story/news/politics/elections/presidential/2016/10/27/trump-u-staff-included-drug/24662633007/');
INSERT OR REPLACE INTO people (id, name, status, level, state, office, crime_description, summary, still_in_office, offense_year, conviction_year, event_date) VALUES ('roy-d-bolden', 'Roy D. Bolden', 'alleged', 'adjacent', 'RI', 'Pastor', 'Child Molestation, Sexual Assault', 'Pastor Roy D. Bolden was the head of Providence, Rhode Island GOP, but was forced to resign when he was arraigned for molesting a child.', NULL, NULL, NULL, NULL);
INSERT INTO crime_types (person_id, crime_type) VALUES ('roy-d-bolden', 'child-molestation');
INSERT INTO crime_types (person_id, crime_type) VALUES ('roy-d-bolden', 'assault');
INSERT INTO sources (person_id, url) VALUES ('roy-d-bolden', 'https://goppredators.wordpress.com/2022/08/21/162-roy-d-bolden/');
INSERT INTO sources (person_id, url) VALUES ('roy-d-bolden', 'https://www.foxnews.com/us/pastor-accused-of-molestation-is-removed-as-head-of-city-gop');
INSERT INTO sources (person_id, url) VALUES ('roy-d-bolden', 'https://www.santacruzsentinel.com/2017/03/08/pastor-a-gop-official-is-arraigned-on-molestation-charges/');
INSERT OR REPLACE INTO people (id, name, status, level, state, office, crime_description, summary, still_in_office, offense_year, conviction_year, event_date) VALUES ('joe-mccarthy', 'Joe McCarthy', 'alleged', 'adjacent', 'WI', '', 'Lavender Scare', 'Joe McCarthy not only promoted the infamous Red Scare that led to purges in the State Department and Hollywood, he also began the Lavender Scare that did the same thing to homosexuals. Now, the anti-gay employment policies did not originate with him and some revisionist historians use that to argue', NULL, NULL, NULL, NULL);
INSERT INTO crime_types (person_id, crime_type) VALUES ('joe-mccarthy', 'other');
INSERT INTO sources (person_id, url) VALUES ('joe-mccarthy', 'https://goppredators.wordpress.com/2022/08/21/161-joe-mccarthy/');
INSERT INTO sources (person_id, url) VALUES ('joe-mccarthy', 'https://www.marquette.edu/library/archives/DC/JRM/JRM_1952_Wheeling_excpt.pdf');
INSERT INTO sources (person_id, url) VALUES ('joe-mccarthy', 'https://outhistory.org/items/show/1425');
INSERT INTO sources (person_id, url) VALUES ('joe-mccarthy', 'https://www.archives.gov/publications/prologue/2016/summer/lavender.html');
INSERT INTO sources (person_id, url) VALUES ('joe-mccarthy', 'https://www.nsa.gov/portals/75/documents/news-features/declassified-documents/history-today-articles/10%202018/10OCT2018%20The%20Lavender%20Scare%20%20The%20origin%20of%20the%20policy%20to%20exclude%20homosexuals%20from%20Federal%20service.pdf?ver=JAtdH4fLZRsenDtQmPe1og%3D%3D');
INSERT OR REPLACE INTO people (id, name, status, level, state, office, crime_description, summary, still_in_office, offense_year, conviction_year, event_date) VALUES ('styles-bridges', 'Styles Bridges', 'convicted', 'state', 'MA', '', 'Extortion, Caused Suicide', 'Styles Bridges (MA): Extortion, Caused Suicide.', NULL, NULL, 2016, NULL);
INSERT INTO crime_types (person_id, crime_type) VALUES ('styles-bridges', 'other');
INSERT INTO sources (person_id, url) VALUES ('styles-bridges', 'https://goppredators.wordpress.com/2022/08/20/160-styles-bridges/');
INSERT INTO sources (person_id, url) VALUES ('styles-bridges', 'https://www.boisestate.edu/bluereview/shocking-death-senator-lester-hunt/');
INSERT INTO sources (person_id, url) VALUES ('styles-bridges', 'https://news.google.com/newspapers?id=SqFaAAAAIBAJ&amp;sjid=k08DAAAAIBAJ&amp;pg=6484%2C337064');
INSERT OR REPLACE INTO people (id, name, status, level, state, office, crime_description, summary, still_in_office, offense_year, conviction_year, event_date) VALUES ('ernie-konnyu', 'Ernie Konnyu', 'alleged', 'adjacent', 'CA', '', 'Sexual Harassment', 'Ernie Konnyu was a Republican Representative from Silicon Valley when he was accused of sexual harassment. He served one term in Congress and three in the California House of Representatives.', NULL, NULL, NULL, NULL);
INSERT INTO crime_types (person_id, crime_type) VALUES ('ernie-konnyu', 'harassment');
INSERT INTO sources (person_id, url) VALUES ('ernie-konnyu', 'https://goppredators.wordpress.com/2022/08/20/159-ernie-konnyu/');
INSERT INTO sources (person_id, url) VALUES ('ernie-konnyu', 'https://www.latimes.com/archives/la-xpm-1987-10-01-mn-11523-story.html');
INSERT INTO sources (person_id, url) VALUES ('ernie-konnyu', 'https://en.wikipedia.org/wiki/Ernie_Konnyu');
INSERT OR REPLACE INTO people (id, name, status, level, state, office, crime_description, summary, still_in_office, offense_year, conviction_year, event_date) VALUES ('john-schmitz', 'John Schmitz', 'convicted', 'federal', 'CA', 'U.S. Congressman', 'Child Misconduct', 'John Schmitz was a California congressman who when he taught political science in college got Carla Stuckle, one of his students pregnant. He continued to see her for many years and fathered a second child.', NULL, NULL, NULL, NULL);
INSERT INTO crime_types (person_id, crime_type) VALUES ('john-schmitz', 'other');
INSERT INTO sources (person_id, url) VALUES ('john-schmitz', 'https://goppredators.wordpress.com/2022/08/13/158-john-schmitz/');
INSERT INTO sources (person_id, url) VALUES ('john-schmitz', 'https://en.wikipedia.org/wiki/Mary_Kay_Letourneau');
INSERT INTO sources (person_id, url) VALUES ('john-schmitz', 'https://www.upi.com/Archives/1982/08/03/Carla-Stuckle-the-mother-of-two-illegitimate-children-by/9815397195200/');
INSERT INTO sources (person_id, url) VALUES ('john-schmitz', 'https://www.upi.com/Archives/1982/01/02/It-shouldnt-surprise-anyone-that-California-state-Sen-John/7805378795600/');
INSERT INTO sources (person_id, url) VALUES ('john-schmitz', 'https://www.ocweekly.com/john-g-schmitz-in-his-own-words-6390789/');
INSERT INTO sources (person_id, url) VALUES ('john-schmitz', 'https://dbpedia.org/page/John_G._Schmitz');
INSERT INTO sources (person_id, url) VALUES ('john-schmitz', 'https://www.sfgate.com/news/article/John-G-Schmitz-Former-Congressman-From-Orange-2965698.php');
INSERT OR REPLACE INTO people (id, name, status, level, state, office, crime_description, summary, still_in_office, offense_year, conviction_year, event_date) VALUES ('scott-desjarlais', 'Scott DesJarlais', 'alleged', 'federal', 'TN', 'U.S. Congressman', 'Sexual Misconduct', 'Scott DesJarlais is a Tennessee Republican U.S. representative who has been exposed as a hypocrite on abortion, supporting his ex-wife''s two abortions.', NULL, NULL, NULL, NULL);
INSERT INTO crime_types (person_id, crime_type) VALUES ('scott-desjarlais', 'other');
INSERT INTO sources (person_id, url) VALUES ('scott-desjarlais', 'https://goppredators.wordpress.com/2022/08/13/157-scott-desjarlais/');
INSERT INTO sources (person_id, url) VALUES ('scott-desjarlais', 'https://www.tennessean.com/story/news/health/2015/04/27/doctor-gets-severe-punishment-desjarlais/26475807/');
INSERT INTO sources (person_id, url) VALUES ('scott-desjarlais', 'https://www.timesfreepress.com/news/news/story/2012/nov/15/scott-desjarlais-supported-abortions-slept-patient/92972/');
INSERT INTO sources (person_id, url) VALUES ('scott-desjarlais', 'https://rollcall.com/2013/05/23/desjarlais-will-pay-state-fines-for-medical-misconduct/');
INSERT OR REPLACE INTO people (id, name, status, level, state, office, crime_description, summary, still_in_office, offense_year, conviction_year, event_date) VALUES ('herman-cain', 'Herman Cain', 'alleged', 'adjacent', 'GA', '', 'Sexual Harassment', 'Herman Cain, 2012 Republican presidential primary candidate, and avid Trump supporter admitted he agreed to settlements for sexual harassment claims. During his run for the Republican nomination, it came out that two women had complained of sexual harassment and signed non-disclosure agreements in e', NULL, NULL, NULL, NULL);
INSERT INTO crime_types (person_id, crime_type) VALUES ('herman-cain', 'harassment');
INSERT INTO sources (person_id, url) VALUES ('herman-cain', 'https://goppredators.wordpress.com/2022/08/13/156-herman-cain/');
INSERT INTO sources (person_id, url) VALUES ('herman-cain', 'https://www.theguardian.com/world/2011/nov/01/herman-cain-settlement-sexual-harassment');
INSERT INTO sources (person_id, url) VALUES ('herman-cain', 'https://www.washingtonpost.com/politics/herman-cain-faces-sexual-harassment-allegations-from-fourth-woman/2011/11/07/gIQA8mZOxM_story.html');
INSERT INTO sources (person_id, url) VALUES ('herman-cain', 'https://www.washingtonpost.com/business/economy/she-was-vilified-for-accusing-herman-cain-of-sexual-harassment-eight-years-later-she-has-no-regrets/2019/04/10/c637df14-57c6-11e9-9136-f8e636f1f6df_story.html');
INSERT INTO sources (person_id, url) VALUES ('herman-cain', 'https://www.cbsnews.com/news/herman-cain-dodges-harassment-questions-as-third-accuser-surfaces/');
INSERT INTO sources (person_id, url) VALUES ('herman-cain', 'https://www.npr.org/sections/itsallpolitics/2011/11/08/142134820/earlier-cain-accuser-is-republican-longtime-government-employee');
INSERT OR REPLACE INTO people (id, name, status, level, state, office, crime_description, summary, still_in_office, offense_year, conviction_year, event_date) VALUES ('matthew-pennell', 'Matthew Pennell', 'convicted', 'federal', 'KS', 'U.S. Congressman', 'Child Molestation', 'Matthew Pennell was an aide for Republican U.S. Rep.', NULL, NULL, 2015, NULL);
INSERT INTO crime_types (person_id, crime_type) VALUES ('matthew-pennell', 'child-molestation');
INSERT INTO sources (person_id, url) VALUES ('matthew-pennell', 'https://goppredators.wordpress.com/2022/08/13/155-matthew-pennell/');
INSERT INTO sources (person_id, url) VALUES ('matthew-pennell', 'https://www.ksn.com/news/local/kansas-congressional-staffer-sentenced-for-child-sex-charges/1023951394/');
INSERT INTO sources (person_id, url) VALUES ('matthew-pennell', 'https://www.poconorecord.com/story/news/2015/07/18/huelskamp-staffer-sentenced-to-two/33853025007/');
INSERT OR REPLACE INTO people (id, name, status, level, state, office, crime_description, summary, still_in_office, offense_year, conviction_year, event_date) VALUES ('trent-franks', 'Trent Franks', 'alleged', 'adjacent', 'AZ', '', 'Sexual Harassment', 'Arizona Rep. Trent Franks harassed his office staff asking them to be a surrogate to bear his child.', NULL, NULL, NULL, NULL);
INSERT INTO crime_types (person_id, crime_type) VALUES ('trent-franks', 'harassment');
INSERT INTO sources (person_id, url) VALUES ('trent-franks', 'https://goppredators.wordpress.com/2022/08/13/154-trent-franks/');
INSERT INTO sources (person_id, url) VALUES ('trent-franks', 'https://www.politico.com/story/2017/12/08/trent-franks-sex-surrogacy-impregnate-287808');
INSERT INTO sources (person_id, url) VALUES ('trent-franks', 'https://www.nytimes.com/2017/12/08/us/politics/trent-franks-sexual-surrogacy-harassment.html');
INSERT INTO sources (person_id, url) VALUES ('trent-franks', 'https://www.azcentral.com/story/news/politics/arizona/2017/12/08/rep-trent-franks-says-he-resign-immediately-citing-wifes-illness/935759001/');
INSERT OR REPLACE INTO people (id, name, status, level, state, office, crime_description, summary, still_in_office, offense_year, conviction_year, event_date) VALUES ('jim-gibbons', 'Jim Gibbons', 'alleged', 'adjacent', 'NV', '', 'Assault', 'Jim Gibbons (NV): Assault.', NULL, NULL, NULL, NULL);
INSERT INTO crime_types (person_id, crime_type) VALUES ('jim-gibbons', 'other');
INSERT INTO sources (person_id, url) VALUES ('jim-gibbons', 'https://goppredators.wordpress.com/2022/08/13/154-trent-franks/');
INSERT OR REPLACE INTO people (id, name, status, level, state, office, crime_description, summary, still_in_office, offense_year, conviction_year, event_date) VALUES ('mark-e-fuller', 'Mark E. Fuller', 'charged', 'federal', 'AL', 'Judge', 'Domestic Violence', 'Judge Mark E. Fuller was a federal judge in Alabama who was appointed by George W.', NULL, NULL, NULL, NULL);
INSERT INTO crime_types (person_id, crime_type) VALUES ('mark-e-fuller', 'domestic-violence');
INSERT INTO sources (person_id, url) VALUES ('mark-e-fuller', 'https://goppredators.wordpress.com/2022/08/12/153-mark-fuller/');
INSERT INTO sources (person_id, url) VALUES ('mark-e-fuller', 'https://www.al.com/news/2015/09/former_judge_mark_fullers_cond.html');
INSERT INTO sources (person_id, url) VALUES ('mark-e-fuller', 'https://www.washingtonpost.com/opinions/if-a-federal-judge-has-committed-domestic-violence-congress-should-impeach-him/2014/09/22/3d66a354-4278-11e4-9a15-137aa0153527_story.html?noredirect=on');
INSERT INTO sources (person_id, url) VALUES ('mark-e-fuller', 'https://yellowhammernews.com/judicial-panel-censures-former-judge-mark-fuller-for-8-counts-of-domestic-abuse-perjury/');
INSERT OR REPLACE INTO people (id, name, status, level, state, office, crime_description, summary, still_in_office, offense_year, conviction_year, event_date) VALUES ('don-sherwood', 'Don Sherwood', 'alleged', 'adjacent', 'PA', '', 'Assault', 'Don Sherwood (PA): Assault.', NULL, NULL, NULL, NULL);
INSERT INTO crime_types (person_id, crime_type) VALUES ('don-sherwood', 'other');
INSERT INTO sources (person_id, url) VALUES ('don-sherwood', 'https://goppredators.wordpress.com/2026/03/13/152-don-sherwood/');
INSERT OR REPLACE INTO people (id, name, status, level, state, office, crime_description, summary, still_in_office, offense_year, conviction_year, event_date) VALUES ('ralph-lee-aaron', 'Ralph Lee Aaron', 'convicted', 'adjacent', 'AL', 'Pastor', 'Child Molestation', 'Ralph Lee Aaron was a conservative Southern Baptist pastor at Grace Christian Fellowship Church in Covington County, Alabama. He previously served at two other churches.', NULL, NULL, NULL, NULL);
INSERT INTO crime_types (person_id, crime_type) VALUES ('ralph-lee-aaron', 'child-molestation');
INSERT INTO sources (person_id, url) VALUES ('ralph-lee-aaron', 'https://goppredators.wordpress.com/2022/08/09/150-ralph-lee-aaron/');
INSERT INTO sources (person_id, url) VALUES ('ralph-lee-aaron', 'https://www.wsfa.com/story/11942700/covington-county-pastor-agrees-to-consecutive-life-terms-in-prison/');
INSERT INTO sources (person_id, url) VALUES ('ralph-lee-aaron', 'https://www.andalusiastarnews.com/2010/02/06/former-minister-gets-4-life-sentences-for-child-sex-crimes/');
INSERT OR REPLACE INTO people (id, name, status, level, state, office, crime_description, summary, still_in_office, offense_year, conviction_year, event_date) VALUES ('james-tracey-jr', 'James Tracey, Jr.', 'alleged', 'state', 'ME', '', 'Rape', 'While James Tracey, Jr. was running for the state legislature in Maine in 1994, he was also facing rape charges in Rhode Island from 1992.', NULL, NULL, NULL, NULL);
INSERT INTO crime_types (person_id, crime_type) VALUES ('james-tracey-jr', 'rape');
INSERT INTO sources (person_id, url) VALUES ('james-tracey-jr', 'https://goppredators.wordpress.com/2022/08/09/149-james-tracey-jr/');
INSERT INTO sources (person_id, url) VALUES ('james-tracey-jr', 'https://digitalcommons.portlandlibrary.com/news_pph/15041/');
INSERT INTO sources (person_id, url) VALUES ('james-tracey-jr', 'https://digitalcommons.portlandlibrary.com/news_cbw/435/');
INSERT OR REPLACE INTO people (id, name, status, level, state, office, crime_description, summary, still_in_office, offense_year, conviction_year, event_date) VALUES ('clarence-thomas', 'Clarence Thomas', 'alleged', 'adjacent', 'DC', '', 'Sexual Harassment', 'In 1991, when Clarence Thomas was nominated for the Supreme Court, Anita Hill was interviewed by the FBI during their investigation of him. She was a former colleague and so was expected to confirm his good character.', NULL, NULL, NULL, NULL);
INSERT INTO crime_types (person_id, crime_type) VALUES ('clarence-thomas', 'harassment');
INSERT INTO sources (person_id, url) VALUES ('clarence-thomas', 'https://goppredators.wordpress.com/2022/08/09/148-clarence-thomas/');
INSERT INTO sources (person_id, url) VALUES ('clarence-thomas', 'https://www.newsweek.com/clarence-thomas-impeachment-perjury-sexual-harassment-812953');
INSERT INTO sources (person_id, url) VALUES ('clarence-thomas', 'https://nymag.com/intelligencer/2018/02/the-case-for-impeaching-clarence-thomas.html');
INSERT INTO sources (person_id, url) VALUES ('clarence-thomas', 'https://www.nationalbook.org/books/strange-justice-the-selling-of-clarence-thomas/');
INSERT INTO sources (person_id, url) VALUES ('clarence-thomas', 'https://www.adn.com/opinions/2018/09/22/i-came-forward-about-being-groped-by-clarence-thomas-was-it-worth-it-i-dont-know/');
INSERT OR REPLACE INTO people (id, name, status, level, state, office, crime_description, summary, still_in_office, offense_year, conviction_year, event_date) VALUES ('edison-misla-aldarondo', 'Edison Misla Aldarondo', 'convicted', 'federal', 'PR', '', 'Child Molestation', 'Edison Misla Aldaronda was the Republican Speaker of the House in Puerto Rico. He resigned amid a corruption scandal in 2001.', NULL, NULL, 2004, NULL);
INSERT INTO crime_types (person_id, crime_type) VALUES ('edison-misla-aldarondo', 'child-molestation');
INSERT INTO sources (person_id, url) VALUES ('edison-misla-aldarondo', 'https://goppredators.wordpress.com/2022/08/09/147-edison-misla-aldarondo/');
INSERT INTO sources (person_id, url) VALUES ('edison-misla-aldarondo', 'https://criminal.laws.com/edison-misla-aldarondo');
INSERT INTO sources (person_id, url) VALUES ('edison-misla-aldarondo', 'https://www.primerahora.com/noticias/policia-tribunales/notas/edison-misla-aldarondo-ya-casi-tiene-un-pie-en-la-calle/#:~:text=Misla%20fue%20condenado%20a%2010,una%20amiga%20de%20su%20hijastra.');
INSERT OR REPLACE INTO people (id, name, status, level, state, office, crime_description, summary, still_in_office, offense_year, conviction_year, event_date) VALUES ('robert-kerns', 'Robert Kerns', 'convicted', 'adjacent', 'PA', '', 'Rape', 'Robert Kerns was the chairman of the Montgomery County Republican Party in Pennsylvania. He was charged with three counts of indecent assault, two counts of aggravated indecent assault, one count of rape, one count of sexual assault, and one count of simple assault.', NULL, NULL, NULL, NULL);
INSERT INTO crime_types (person_id, crime_type) VALUES ('robert-kerns', 'rape');
INSERT INTO sources (person_id, url) VALUES ('robert-kerns', 'https://goppredators.wordpress.com/2022/08/09/146-robert-kerns/');
INSERT INTO sources (person_id, url) VALUES ('robert-kerns', 'https://patch.com/pennsylvania/lansdale/ex-north-wales-lawyer-montco-gop-chief-disbarred-amidst-charges');
INSERT INTO sources (person_id, url) VALUES ('robert-kerns', 'https://www.politicspa.com/former-montgomery-county-gop-chairman-robert-kerns-convicted-of-indecent-contact/62023/');
INSERT INTO sources (person_id, url) VALUES ('robert-kerns', 'https://www.timesherald.com/2016/02/23/former-montgomery-county-gop-chairman-robert-kerns-disbarred/');
INSERT OR REPLACE INTO people (id, name, status, level, state, office, crime_description, summary, still_in_office, offense_year, conviction_year, event_date) VALUES ('eric-greitens', 'Eric Greitens', 'alleged', 'state', 'MO', '', 'Extortion, Domestic Violence', 'Eric Greitens was the governor of Missouri when he was accused of sexually assaulting a woman and using a photo he took of her while she was blindfolded to extort her silence. The telling thing was that members of his own party led the investigation and the demands for his resignation.', NULL, NULL, NULL, NULL);
INSERT INTO crime_types (person_id, crime_type) VALUES ('eric-greitens', 'domestic-violence');
INSERT INTO sources (person_id, url) VALUES ('eric-greitens', 'https://goppredators.wordpress.com/2022/08/09/145-eric-greitens/');
INSERT INTO sources (person_id, url) VALUES ('eric-greitens', 'https://www.washingtonpost.com/news/powerpost/wp/2018/04/11/missouri-gov-eric-greitens-groped-and-initiated-unwanted-sexual-contact-with-woman-she-testifies/');
INSERT INTO sources (person_id, url) VALUES ('eric-greitens', 'https://www.motherjones.com/politics/2021/04/no-eric-greitens-was-never-exonerated-of-sexual-misconduct/');
INSERT INTO sources (person_id, url) VALUES ('eric-greitens', 'https://www.thedailybeast.com/ex-wife-sheena-greitens-says-senate-hopeful-eric-greitens-viciously-abused-her-and-their-kid?ref=home');
INSERT INTO sources (person_id, url) VALUES ('eric-greitens', 'https://www.documentcloud.org/documents/21458582-greitens-i');
INSERT OR REPLACE INTO people (id, name, status, level, state, office, crime_description, summary, still_in_office, offense_year, conviction_year, event_date) VALUES ('samuel-b-kent', 'Samuel B. Kent', 'convicted', 'federal', 'TX', 'Judge', 'Sexual Assault', 'Samuel B. Kent was a federal district judge appointed by George H.', NULL, NULL, NULL, '2009-06-20');
INSERT INTO crime_types (person_id, crime_type) VALUES ('samuel-b-kent', 'assault');
INSERT INTO sources (person_id, url) VALUES ('samuel-b-kent', 'https://goppredators.wordpress.com/2022/07/24/144-samuel-barstow-kent/');
INSERT INTO sources (person_id, url) VALUES ('samuel-b-kent', 'https://www.texasmonthly.com/articles/perversion-of-justice/');
INSERT INTO sources (person_id, url) VALUES ('samuel-b-kent', 'https://guides.loc.gov/federal-impeachment/samuel-kent');
INSERT INTO sources (person_id, url) VALUES ('samuel-b-kent', 'https://www.chron.com/neighborhood/baytown-news/article/U-S-District-Judge-Samuel-Kent-indicted-in-sex-1773457.php');
INSERT INTO sources (person_id, url) VALUES ('samuel-b-kent', 'https://www.chron.com/news/houston-texas/article/Former-federal-judge-Kent-calls-prison-unfair-1718673.php');
INSERT OR REPLACE INTO people (id, name, status, level, state, office, crime_description, summary, still_in_office, offense_year, conviction_year, event_date) VALUES ('dana-rinehart', 'Dana Rinehart', 'charged', 'local', 'OH', 'Mayor', 'Sexual Molestation', 'Dana Rinehart was the Republican mayor of Columbus, OH. Back in 1978, when he was the county treasurer, it was alleged that he molested his 13-year-old babysitter.', NULL, NULL, NULL, NULL);
INSERT INTO crime_types (person_id, crime_type) VALUES ('dana-rinehart', 'other');
INSERT INTO sources (person_id, url) VALUES ('dana-rinehart', 'https://goppredators.wordpress.com/2022/07/24/143-dana-rinehart/');
INSERT INTO sources (person_id, url) VALUES ('dana-rinehart', 'https://apnews.com/article/bb1e45a9bcbb482b768bc3f4cfd5f6c6');
INSERT OR REPLACE INTO people (id, name, status, level, state, office, crime_description, summary, still_in_office, offense_year, conviction_year, event_date) VALUES ('bob-packwood', 'Bob Packwood', 'alleged', 'adjacent', 'OR', '', 'Sexual Harassment/Misconduct', 'Sen. Bob Packwood was an Oregon senator who presented himself as a Republican feminist supporting abortion access and being on the correct side of the cultural issues, favoring ENDA and opposing anti-gay ballot measures.', NULL, NULL, NULL, NULL);
INSERT INTO crime_types (person_id, crime_type) VALUES ('bob-packwood', 'harassment');
INSERT INTO sources (person_id, url) VALUES ('bob-packwood', 'https://goppredators.wordpress.com/2022/07/23/142-bob-packwood/');
INSERT INTO sources (person_id, url) VALUES ('bob-packwood', 'https://www.nydailynews.com/news/politics/senator-1995-resignation-years-sexual-misconduct-article-1.3643124');
INSERT INTO sources (person_id, url) VALUES ('bob-packwood', 'https://www.npr.org/2017/11/27/566096392/when-bob-packwood-was-nearly-expelled-from-the-senate-for-sexual-misconduct');
INSERT INTO sources (person_id, url) VALUES ('bob-packwood', 'https://www.oregonlive.com/opinion/2020/09/the-women-packwood-preyed-on-steve-duin-column.html');
INSERT OR REPLACE INTO people (id, name, status, level, state, office, crime_description, summary, still_in_office, offense_year, conviction_year, event_date) VALUES ('bill-shine', 'Bill Shine', 'alleged', 'adjacent', 'NY', '', 'Sexual Harassment Cover-Up', 'Bill Shine was Co-President of Fox News for twenty years where he spent his time covering up sexual harassment and misconduct before President Trump hired him as deputy chief of staff for communications where he would be doing the same thing. He resigned after just a few months, having little effect', NULL, NULL, NULL, NULL);
INSERT INTO crime_types (person_id, crime_type) VALUES ('bill-shine', 'enablement');
INSERT INTO crime_types (person_id, crime_type) VALUES ('bill-shine', 'organizational-coverup');
INSERT INTO crime_types (person_id, crime_type) VALUES ('bill-shine', 'harassment');
INSERT INTO sources (person_id, url) VALUES ('bill-shine', 'https://goppredators.wordpress.com/2022/07/23/141-bill-shine/');
INSERT INTO sources (person_id, url) VALUES ('bill-shine', 'https://www.nytimes.com/2018/07/05/us/politics/bill-shine-white-house-communications.html');
INSERT OR REPLACE INTO people (id, name, status, level, state, office, crime_description, summary, still_in_office, offense_year, conviction_year, event_date) VALUES ('alex-kozinski', 'Alex Kozinski', 'alleged', 'adjacent', 'CA', 'Judge', 'Sexual Harassment', 'Judge Alex Kozinski was Brett Kavanaugh''s mentor. A Reagan appointee, he spent decades on the bench and it seems likely he was sexually harassing women all along, but six women came forward in 2017, then another nine women.', NULL, NULL, NULL, NULL);
INSERT INTO crime_types (person_id, crime_type) VALUES ('alex-kozinski', 'harassment');
INSERT INTO sources (person_id, url) VALUES ('alex-kozinski', 'https://goppredators.wordpress.com/2022/07/22/140-alex-kozinski/');
INSERT INTO sources (person_id, url) VALUES ('alex-kozinski', 'https://en.wikipedia.org/wiki/Alex_Kozinski#Timeline_of_allegations_and_response');
INSERT INTO sources (person_id, url) VALUES ('alex-kozinski', 'https://www.washingtonpost.com/world/national-security/judge-who-quit-over-harassment-allegations-reemerges-dismaying-those-who-accused-him/2018/07/23/750a02f2-89db-11e8-a345-a1bf7847b375_story.html');
INSERT INTO sources (person_id, url) VALUES ('alex-kozinski', 'https://www.nytimes.com/2017/12/18/us/alex-kozinski-retires.html');
INSERT INTO sources (person_id, url) VALUES ('alex-kozinski', 'https://missoulacurrent.com/sexual-misconduct-kozinski/?print=print');
INSERT OR REPLACE INTO people (id, name, status, level, state, office, crime_description, summary, still_in_office, offense_year, conviction_year, event_date) VALUES ('franklin-graham', 'Franklin Graham', 'alleged', 'adjacent', 'NC', '', 'Protecting Predators', 'Franklin Graham has a long history of protecting abusers from Roy Moore, Donald Trump, and Brett Kavanaugh. He said Ford''s accusation of Kavanaugh was not relevant even if it were true.', NULL, NULL, NULL, NULL);
INSERT INTO crime_types (person_id, crime_type) VALUES ('franklin-graham', 'other');
INSERT INTO sources (person_id, url) VALUES ('franklin-graham', 'https://goppredators.wordpress.com/2022/07/22/139-franklin-graham/');
INSERT INTO sources (person_id, url) VALUES ('franklin-graham', 'https://www.patheos.com/blogs/lovejoyfeminism/2017/10/on-protecting-women-from-abusers-franklin-graham-is-an-opportunist-and-a-hypocrite.html');
INSERT INTO sources (person_id, url) VALUES ('franklin-graham', 'https://www1.cbn.com/cbnnews/2018/september/franklin-graham-on-judge-kavanaugh-accusation-not-relevant');
INSERT INTO sources (person_id, url) VALUES ('franklin-graham', 'https://www.wcnc.com/article/news/politics/franklin-graham-defends-senate-candidate-roy-moore/275-495253502');
INSERT INTO sources (person_id, url) VALUES ('franklin-graham', 'https://www.newyorker.com/news/dispatch/franklin-grahams-uneasy-alliance-with-donald-trump');
INSERT INTO sources (person_id, url) VALUES ('franklin-graham', 'https://www.washingtonpost.com/religion/2022/06/20/franklin-graham-domestic-abuse-abedini/');
INSERT OR REPLACE INTO people (id, name, status, level, state, office, crime_description, summary, still_in_office, offense_year, conviction_year, event_date) VALUES ('derek-walker', 'Derek Walker', 'charged', 'state', 'PA', '', 'Secretly Taping Ex-Wife', 'Derek Walker was running in the Republican congressional primary in Pennsylvania when right before the 2008 primary, he was charged with burglary and criminal trespass for breaking into her home to tape her with another man. They claim he said, "This video is going to put an end to your job with the', NULL, NULL, NULL, NULL);
INSERT INTO crime_types (person_id, crime_type) VALUES ('derek-walker', 'other');
INSERT INTO sources (person_id, url) VALUES ('derek-walker', 'https://goppredators.wordpress.com/2022/07/17/138-derek-walker/');
INSERT INTO sources (person_id, url) VALUES ('derek-walker', 'https://www.nbcnews.com/id/wbna24196252');
INSERT INTO sources (person_id, url) VALUES ('derek-walker', 'https://www.post-gazette.com/breaking/2008/05/22/Failed-congressional-candidate-guilty-of-harassment/stories/200805220274');
INSERT INTO sources (person_id, url) VALUES ('derek-walker', 'https://www.centredaily.com/news/local/crime/article42812691.html');
INSERT INTO sources (person_id, url) VALUES ('derek-walker', 'https://www.theprogressnews.com/news/walker-announces-gop-campaign-for-73rd-district/article_03633ba0-94db-11ec-982a-1f81396c6af0.html');
INSERT OR REPLACE INTO people (id, name, status, level, state, office, crime_description, summary, still_in_office, offense_year, conviction_year, event_date) VALUES ('bruce-barclay', 'Bruce Barclay', 'convicted', 'local', 'PA', 'County Commissioner', 'Secret Taping of Sex Workers', 'Bruce Barclay, a Republican who had just been elected to a second term as Cumberland County Commissioner, had several consensual sexual encounters with sex workers. That does not merit inclusion on this list because it was consensual.', NULL, NULL, NULL, NULL);
INSERT INTO crime_types (person_id, crime_type) VALUES ('bruce-barclay', 'other');
INSERT INTO sources (person_id, url) VALUES ('bruce-barclay', 'https://goppredators.wordpress.com/2022/07/17/137-bruce-barclay/');
INSERT INTO sources (person_id, url) VALUES ('bruce-barclay', 'https://www.foxnews.com/story/cops-ex-pennsylvania-official-used-hidden-cameras-to-tape-sex-trysts');
INSERT INTO sources (person_id, url) VALUES ('bruce-barclay', 'https://www.pennlive.com/midstate/2010/11/bruce_barclay_former_cumberlan.html');
INSERT INTO sources (person_id, url) VALUES ('bruce-barclay', 'https://cumberlink.com/news/local/crime-and-courts/barclay-avoids-jail-time-sentenced-to-house-arrest/article_44fd380a-1453-11e0-8a1f-001cc4c03286.html');
INSERT OR REPLACE INTO people (id, name, status, level, state, office, crime_description, summary, still_in_office, offense_year, conviction_year, event_date) VALUES ('cliff-hite', 'Cliff Hite', 'alleged', 'state', 'OH', 'State Senator', 'Sexual Harassment', 'Cliff Hite was an Ohio state senator. He decided he wanted to have sex with a state employee and despite her repeated refusals he kept asking and asking, one time for over an hour, explaining that "I''m a grown man.', NULL, NULL, NULL, NULL);
INSERT INTO crime_types (person_id, crime_type) VALUES ('cliff-hite', 'harassment');
INSERT INTO sources (person_id, url) VALUES ('cliff-hite', 'https://goppredators.wordpress.com/2022/07/16/136-cliff-hite/');
INSERT INTO sources (person_id, url) VALUES ('cliff-hite', 'https://www.cincinnati.com/story/news/politics/2017/10/28/yformer-ohio-senator-cliff-hite-repeatedly-sought-sex-legislative-employee-despite-refusals-memo-say/809267001/');
INSERT INTO sources (person_id, url) VALUES ('cliff-hite', 'https://www.wksu.org/government-politics/2017-10-17/powerful-ohio-senator-hite-unexpectedly-resigns');
INSERT OR REPLACE INTO people (id, name, status, level, state, office, crime_description, summary, still_in_office, offense_year, conviction_year, event_date) VALUES ('brandon-hixon', 'Brandon Hixon', 'alleged', 'state', 'ID', 'Police Officer', 'Child Molestation', 'Brandon Hixon was a state legislator in Idaho. A ten-year-old girl told people for over a year that he was a bad man, but no one paid attention.', NULL, NULL, NULL, NULL);
INSERT INTO crime_types (person_id, crime_type) VALUES ('brandon-hixon', 'child-molestation');
INSERT INTO sources (person_id, url) VALUES ('brandon-hixon', 'https://goppredators.wordpress.com/2022/07/14/135-brandon-hixon/');
INSERT INTO sources (person_id, url) VALUES ('brandon-hixon', 'https://www.nbcnews.com/storyline/sexual-misconduct/idaho-politician-who-resigned-following-sexual-assault-allegations-found-dead-n836211');
INSERT INTO sources (person_id, url) VALUES ('brandon-hixon', 'https://www.idahostatesman.com/news/local/crime/article196414709.html#storylink=cpy');
INSERT INTO sources (person_id, url) VALUES ('brandon-hixon', 'https://www.cbsnews.com/news/brandon-hixon-former-idaho-lawmaker-facing-sex-abuse-inquiry-kills-himself/');
INSERT INTO sources (person_id, url) VALUES ('brandon-hixon', 'https://www.idahopress.com/news/local/documents-from-hixon-investigation-reveal-child-sexual-abuse-claims-hints-of-self-harm/article_8e2c0cbd-4159-5d15-9eb5-4148350349b4.html');
INSERT OR REPLACE INTO people (id, name, status, level, state, office, crime_description, summary, still_in_office, offense_year, conviction_year, event_date) VALUES ('jeff-hoover', 'Jeff Hoover', 'alleged', 'adjacent', 'KY', '', 'Sexual Harassment', 'Jeff Hoover (KY): Sexual Harassment.', NULL, NULL, NULL, NULL);
INSERT INTO crime_types (person_id, crime_type) VALUES ('jeff-hoover', 'harassment');
INSERT INTO sources (person_id, url) VALUES ('jeff-hoover', 'https://goppredators.wordpress.com/2026/03/13/134-jeff-hoover/');
INSERT OR REPLACE INTO people (id, name, status, level, state, office, crime_description, summary, still_in_office, offense_year, conviction_year, event_date) VALUES ('jack-latvala', 'Jack Latvala', 'alleged', 'state', 'FL', 'State Senator', 'Sexual Harassment &amp; Assault', 'Jack Latvala was a Florida state senator who was accused of sexual harassment and sexual assault. His troubles began with an allegation of sexual harassment of a senate aide.', NULL, NULL, NULL, '2018-07-27');
INSERT INTO crime_types (person_id, crime_type) VALUES ('jack-latvala', 'harassment');
INSERT INTO sources (person_id, url) VALUES ('jack-latvala', 'https://goppredators.wordpress.com/2022/07/12/133-jack-latvala/');
INSERT INTO sources (person_id, url) VALUES ('jack-latvala', 'https://www.tampabay.com/florida-politics/buzz/2017/12/19/investigation-concludes-sen-jack-latvalas-conduct-may-be-criminal/');
INSERT INTO sources (person_id, url) VALUES ('jack-latvala', 'https://www.tallahassee.com/story/news/2017/12/20/sen-jack-latvala-resigns/970441001/');
INSERT INTO sources (person_id, url) VALUES ('jack-latvala', 'https://www.orlandoweekly.com/news/prosecutor-wont-file-criminal-charges-against-former-florida-lawmaker-jack-latvala-16502156');
INSERT OR REPLACE INTO people (id, name, status, level, state, office, crime_description, summary, still_in_office, offense_year, conviction_year, event_date) VALUES ('don-shooter', 'Don Shooter', 'alleged', 'federal', 'AZ', 'State Representative', 'Sexual Harassment', 'Don Shooter was an Arizona state representative. Several allegations were made against him alleging sexual harassment and a hostile work environment.', NULL, NULL, NULL, NULL);
INSERT INTO crime_types (person_id, crime_type) VALUES ('don-shooter', 'harassment');
INSERT INTO sources (person_id, url) VALUES ('don-shooter', 'https://goppredators.wordpress.com/2022/07/09/132-don-shooter/');
INSERT INTO sources (person_id, url) VALUES ('don-shooter', 'https://azcapitoltimes.com/news/2018/01/30/arizona-don-shooter-sexually-harassed-women-hostile-work-environment/');
INSERT INTO sources (person_id, url) VALUES ('don-shooter', 'https://www.azcentral.com/story/news/politics/legislature/2018/02/01/arizona-house-votes-whether-remove-rep-don-shooter-office-sex-harassment/1086577001/');
INSERT INTO sources (person_id, url) VALUES ('don-shooter', 'https://www.azmirror.com/2021/07/26/court-don-shooter-cannot-sue-for-expulsion-from-house-in-harassment-case/');
INSERT OR REPLACE INTO people (id, name, status, level, state, office, crime_description, summary, still_in_office, offense_year, conviction_year, event_date) VALUES ('tony-cornish', 'Tony Cornish', 'alleged', 'state', 'MN', 'Lobbyist', 'Sexual Harassment', 'Tony Cornish represented a district in SW Minnesota in the state House of Representatives and was a big advocate for expansive gun rights. He resigned when several people came forward with sexual harassment and misconduct allegations including pushing one lobbyist against a wall and trying to kiss h', NULL, NULL, NULL, NULL);
INSERT INTO crime_types (person_id, crime_type) VALUES ('tony-cornish', 'harassment');
INSERT INTO sources (person_id, url) VALUES ('tony-cornish', 'https://goppredators.wordpress.com/2022/07/09/131-tony-cornish/');
INSERT INTO sources (person_id, url) VALUES ('tony-cornish', 'https://www.twincities.com/2017/11/28/minnesota-rep-tony-cornish-submits-letter-of-resignation-to-dayton/');
INSERT INTO sources (person_id, url) VALUES ('tony-cornish', 'https://www.house.leg.state.mn.us/SessionDaily/Story/12976');
INSERT INTO sources (person_id, url) VALUES ('tony-cornish', 'https://alphanews.org/cornish-has-sordid-history-even-before-he-entered-politics/');
INSERT OR REPLACE INTO people (id, name, status, level, state, office, crime_description, summary, still_in_office, offense_year, conviction_year, event_date) VALUES ('wes-goodman', 'Wes Goodman', 'alleged', 'state', 'OH', 'State Representative', 'Sexual Misconduct', 'Wes Goodman was an Ohio state representative. Fittingly, considering his resignation, he once worked for Rep.', NULL, NULL, NULL, NULL);
INSERT INTO crime_types (person_id, crime_type) VALUES ('wes-goodman', 'other');
INSERT INTO sources (person_id, url) VALUES ('wes-goodman', 'https://goppredators.wordpress.com/2022/07/09/130-wes-goodman/');
INSERT INTO sources (person_id, url) VALUES ('wes-goodman', 'https://www.nytimes.com/2017/11/19/us/politics/wes-goodman-ohio-republican.html');
INSERT INTO sources (person_id, url) VALUES ('wes-goodman', 'https://www.washingtonpost.com/politics/how-a-conservative-group-dealt-with-a-fondling-charge-against-a-rising-gop-star/2017/11/17/b3b4b8da-c956-11e7-b0cf-7689a9f2d84e_story.html?utm_term=.4ab93aa85d8a');
INSERT OR REPLACE INTO people (id, name, status, level, state, office, crime_description, summary, still_in_office, offense_year, conviction_year, event_date) VALUES ('randy-baumgardner', 'Randy Baumgardner', 'alleged', 'state', 'CO', 'State Senator', 'Sexual Harassment', 'Randy Baumgardner was a Colorado state senator so infamous for sexual harassment that his nickname was "the boob grabber." Several people came forward with allegations of intimidation and harassment on the job. Two separate independent investigations found allegations against him credible or more li', NULL, NULL, NULL, '2018-04-25');
INSERT INTO crime_types (person_id, crime_type) VALUES ('randy-baumgardner', 'harassment');
INSERT INTO sources (person_id, url) VALUES ('randy-baumgardner', 'https://goppredators.wordpress.com/2022/07/09/129-randy-baumgardner/');
INSERT INTO sources (person_id, url) VALUES ('randy-baumgardner', 'https://www.kunc.org/politics/2018-04-23/new-investigation-concludes-sen-baumgardner-created-offensive-work-environment-at-capitol#stream/0');
INSERT INTO sources (person_id, url) VALUES ('randy-baumgardner', 'https://www.kunc.org/politics/2018-04-24/sen-baumgardner-accusers-make-full-workplace-harassment-investigations-public');
INSERT INTO sources (person_id, url) VALUES ('randy-baumgardner', 'https://gazette.com/news/colorado-sen-randy-baumgardner-accused-of-sex-harassment-resigning-2-years-early/article_d148aeb6-0270-11e9-85ac-2b5a51886a79.html');
INSERT INTO sources (person_id, url) VALUES ('randy-baumgardner', 'https://www.denverpost.com/tag/randy-baumgardner/');
INSERT OR REPLACE INTO people (id, name, status, level, state, office, crime_description, summary, still_in_office, offense_year, conviction_year, event_date) VALUES ('nick-miccarelli', 'Nick Miccarelli', 'alleged', 'state', 'PA', 'State Representative', 'Domestic Violence', 'Nick Miccarelli was a state representative in Pennsylvania. He was accused by a GOP political consultant of sexually assaulting her.', NULL, NULL, NULL, NULL);
INSERT INTO crime_types (person_id, crime_type) VALUES ('nick-miccarelli', 'domestic-violence');
INSERT INTO sources (person_id, url) VALUES ('nick-miccarelli', 'https://goppredators.wordpress.com/2022/07/01/128-nick-miccarelli/');
INSERT INTO sources (person_id, url) VALUES ('nick-miccarelli', 'https://www.citizensvoice.com/in-fear-for-life-toohil-gets-pfa-against-state-rep/article_aa1f8c6c-fbc2-555f-93a4-5799774dee4f.html');
INSERT INTO sources (person_id, url) VALUES ('nick-miccarelli', 'https://www.wgal.com/article/no-charges-for-former-delaware-county-rep-nick-miccarelli/25659583');
INSERT INTO sources (person_id, url) VALUES ('nick-miccarelli', 'https://whyy.org/articles/accused-of-abuse-former-lawmaker-from-delaware-county-finds-work/');
INSERT OR REPLACE INTO people (id, name, status, level, state, office, crime_description, summary, still_in_office, offense_year, conviction_year, event_date) VALUES ('jeff-kruse', 'Jeff Kruse', 'alleged', 'state', 'OR', 'State Senator', 'Sexual Misconduct', 'Jeff Kruse was an Oregon state senator. He was accused by several women of unwanted touching.', NULL, NULL, NULL, NULL);
INSERT INTO crime_types (person_id, crime_type) VALUES ('jeff-kruse', 'other');
INSERT INTO sources (person_id, url) VALUES ('jeff-kruse', 'https://goppredators.wordpress.com/2022/07/01/127-jeff-kruse/');
INSERT INTO sources (person_id, url) VALUES ('jeff-kruse', 'https://www.oregonlive.com/politics/2018/02/post_200.html');
INSERT INTO sources (person_id, url) VALUES ('jeff-kruse', 'https://www.opb.org/news/article/jeff-kruse-resign-oregon-senate-harassment/');
INSERT INTO sources (person_id, url) VALUES ('jeff-kruse', 'https://www.wweek.com/news/2018/03/11/ex-state-sen-jeff-kruse-breaks-his-silence-after-forced-resignation-from-legislature/');
INSERT OR REPLACE INTO people (id, name, status, level, state, office, crime_description, summary, still_in_office, offense_year, conviction_year, event_date) VALUES ('dan-johnson', 'Dan Johnson', 'alleged', 'state', 'WY', 'State Representative', 'Sexual Assault of Minor', 'Dan Johnson was a Kentucky state representative when he was accused of sexual assault by a minor. The victim, who was 17 at the time, said she was staying in the living area of a church where Johnson was pastor.', NULL, NULL, NULL, NULL);
INSERT INTO crime_types (person_id, crime_type) VALUES ('dan-johnson', 'assault');
INSERT INTO sources (person_id, url) VALUES ('dan-johnson', 'https://goppredators.wordpress.com/2022/07/01/126-dan-johnson/');
INSERT INTO sources (person_id, url) VALUES ('dan-johnson', 'https://www.wdrb.com/news/kentucky-state-rep-dan-johnson-dies-of-self-inflicted-gunshot-wound-in-mt-washington/article_fafeb844-09a3-5839-902a-da85dfa3d7e9.html');
INSERT INTO sources (person_id, url) VALUES ('dan-johnson', 'https://wfpl.org/kycir-louisville-police-close-sexual-assault-investigation-rep-dan-johnson/');
INSERT INTO sources (person_id, url) VALUES ('dan-johnson', 'https://www.kentucky.com/opinion/editorials/article189451979.html');
INSERT OR REPLACE INTO people (id, name, status, level, state, office, crime_description, summary, still_in_office, offense_year, conviction_year, event_date) VALUES ('ed-murray', 'Ed Murray', 'alleged', 'federal', 'WY', '', 'Sexual Assault', 'Ed Murray was the Wyoming Secretary of State and a likely contender for the next governor when two women accused him of sexual misconduct. One accused him of sexual assault while they were both working at a law firm.', NULL, NULL, NULL, NULL);
INSERT INTO crime_types (person_id, crime_type) VALUES ('ed-murray', 'assault');
INSERT INTO sources (person_id, url) VALUES ('ed-murray', 'https://goppredators.wordpress.com/2022/06/30/125-ed-murray/');
INSERT INTO sources (person_id, url) VALUES ('ed-murray', 'https://trib.com/news/state-and-regional/govt-and-politics/wyoming-secretary-of-state-ed-murray-resigns-move-caps-dramatic/article_bedfdade-a590-5442-ada2-57879cdea5ba.html');
INSERT INTO sources (person_id, url) VALUES ('ed-murray', 'https://www.wyomingnews.com/news/local_news/wyo-secretary-of-state-faces-second-accusation-of-sexual-misconduct/article_632be82c-00b3-11e8-827a-bfa5d1a5c7f2.html');
INSERT OR REPLACE INTO people (id, name, status, level, state, office, crime_description, summary, still_in_office, offense_year, conviction_year, event_date) VALUES ('blake-farenthold', 'Blake Farenthold', 'alleged', 'adjacent', 'TX', '', 'Sexual Harassment', 'Blake Farenthold was a Texas representative to Congress. He was accused of sexual harassment and retaliation against the employee who complained.', NULL, NULL, NULL, NULL);
INSERT INTO crime_types (person_id, crime_type) VALUES ('blake-farenthold', 'harassment');
INSERT INTO sources (person_id, url) VALUES ('blake-farenthold', 'https://goppredators.wordpress.com/2022/06/30/124-blake-farenthold/');
INSERT INTO sources (person_id, url) VALUES ('blake-farenthold', 'https://apnews.com/article/north-america-tx-state-wire-ap-top-news-blake-farenthold-sexual-misconduct-edbf65518b354022a562e058cf277e52');
INSERT INTO sources (person_id, url) VALUES ('blake-farenthold', 'https://apnews.com/article/politics-ap-top-news-texas-north-america-blake-farenthold-ae8d2a7f1bb14bc59421aaa3dfbb27d7');
INSERT INTO sources (person_id, url) VALUES ('blake-farenthold', 'https://apnews.com/article/blake-farenthold-83fbbb8518a84ea79b360f930662b320');
INSERT OR REPLACE INTO people (id, name, status, level, state, office, crime_description, summary, still_in_office, offense_year, conviction_year, event_date) VALUES ('patrick-meehan', 'Patrick Meehan', 'alleged', 'federal', 'PA', 'U.S. Congressman', 'Sexual Harassment', 'Patrick Meehan was a Congressman from Pennsylvania. He was accused by a former staffer of making unwanted romantic advances.', NULL, NULL, NULL, NULL);
INSERT INTO crime_types (person_id, crime_type) VALUES ('patrick-meehan', 'harassment');
INSERT INTO sources (person_id, url) VALUES ('patrick-meehan', 'https://goppredators.wordpress.com/2022/06/30/123-patrick-meehan/');
INSERT INTO sources (person_id, url) VALUES ('patrick-meehan', 'https://www.theguardian.com/us-news/2018/jan/20/patrick-meehan-sexual-misconduct-allegations-ethics-committee');
INSERT INTO sources (person_id, url) VALUES ('patrick-meehan', 'https://www.inquirer.com/philly/news/politics/state/rep-patrick-meehan-accused-of-sexual-harassment-by-former-aide-20180120.html');
INSERT INTO sources (person_id, url) VALUES ('patrick-meehan', 'https://www.bbc.com/news/world-us-canada-43927460');
INSERT OR REPLACE INTO people (id, name, status, level, state, office, crime_description, summary, still_in_office, offense_year, conviction_year, event_date) VALUES ('michael-cohen', 'Michael Cohen', 'convicted', 'adjacent', 'NY', '', 'Enabling', 'Michael Cohen used to be Donald Trump''s fixer. He bought off people who could speak to Trump''s character and corruption.', NULL, NULL, NULL, NULL);
INSERT INTO crime_types (person_id, crime_type) VALUES ('michael-cohen', 'enablement');
INSERT INTO sources (person_id, url) VALUES ('michael-cohen', 'https://goppredators.wordpress.com/2022/06/30/122-michael-cohen/');
INSERT INTO sources (person_id, url) VALUES ('michael-cohen', 'https://nymag.com/intelligencer/2018/05/listen-to-michael-cohen-make-unhinged-threats-to-a-reporter.html');
INSERT INTO sources (person_id, url) VALUES ('michael-cohen', 'https://www.theguardian.com/us-news/2020/aug/13/michael-cohen-book-donald-trump-disloyal');
INSERT INTO sources (person_id, url) VALUES ('michael-cohen', 'https://www.pbs.org/wgbh/frontline/article/flashback-how-michael-cohen-acted-as-donald-trumps-fixer/');
INSERT INTO sources (person_id, url) VALUES ('michael-cohen', 'https://en.wikipedia.org/wiki/Michael_Cohen_(');
INSERT OR REPLACE INTO people (id, name, status, level, state, office, crime_description, summary, still_in_office, offense_year, conviction_year, event_date) VALUES ('steve-wynn', 'Steve Wynn', 'alleged', 'party-official', 'NV', 'Judge', 'Sexual Harassment', 'Steve Wynn created many of the most popular and well-known Las Vegas casinos. He was also the Finance Chair of the Republican National Committee.', NULL, NULL, NULL, NULL);
INSERT INTO crime_types (person_id, crime_type) VALUES ('steve-wynn', 'harassment');
INSERT INTO sources (person_id, url) VALUES ('steve-wynn', 'https://goppredators.wordpress.com/2022/06/18/121-steve-wynn/');
INSERT INTO sources (person_id, url) VALUES ('steve-wynn', 'https://www.npr.org/2020/10/21/925827821/gop-welcomes-steve-wynns-millions-despite-rape-and-harassment-allegations');
INSERT INTO sources (person_id, url) VALUES ('steve-wynn', 'https://www.nytimes.com/2019/04/02/business/wynn-resorts-sexual-misconduct-steve-wynn.html#:~:text=Wynn%20was%20forced%20to%20resign,had%20pressured%20employees%20for%20sex.');
INSERT INTO sources (person_id, url) VALUES ('steve-wynn', 'https://www.reviewjournal.com/business/casinos-gaming/appeals-court-lets-steve-wynn-sexual-harassment-suit-move-forward-2484803/');
INSERT OR REPLACE INTO people (id, name, status, level, state, office, crime_description, summary, still_in_office, offense_year, conviction_year, event_date) VALUES ('jason-miller', 'Jason Miller', 'alleged', 'adjacent', 'DC', '', 'Administering Drug w/o Consent', 'Jason Miller was a top adviser to Donald Trump''s campaign in 2016 and 2020. He was also a commentator for CNN.', NULL, NULL, NULL, NULL);
INSERT INTO crime_types (person_id, crime_type) VALUES ('jason-miller', 'other');
INSERT INTO sources (person_id, url) VALUES ('jason-miller', 'https://goppredators.wordpress.com/2022/06/18/120-jason-miller/');
INSERT INTO sources (person_id, url) VALUES ('jason-miller', 'https://www.thewrap.com/cnn-jason-miller-pressure-drop-abortion-pill-accusations/');
INSERT INTO sources (person_id, url) VALUES ('jason-miller', 'https://www.vanityfair.com/news/2021/05/trumpworlds-jason-miller-must-pay-gizmodo-thousands-for-accurately-reporting-insane-story-about-him');
INSERT OR REPLACE INTO people (id, name, status, level, state, office, crime_description, summary, still_in_office, offense_year, conviction_year, event_date) VALUES ('roger-ailes', 'Roger Ailes', 'alleged', 'adjacent', 'NY', '', 'Sexual Harassment', 'Roger Ailes took away one lesson from Watergate and it wasn''t to avoid corruption. His insight was that Nixon could have gotten away with it if only the media was not out there telling the truth.', NULL, NULL, NULL, NULL);
INSERT INTO crime_types (person_id, crime_type) VALUES ('roger-ailes', 'harassment');
INSERT INTO sources (person_id, url) VALUES ('roger-ailes', 'https://goppredators.wordpress.com/2022/06/18/119-roger-ailes/');
INSERT INTO sources (person_id, url) VALUES ('roger-ailes', 'https://money.cnn.com/2017/05/18/media/timeline-roger-ailes-last-year/index.html');
INSERT INTO sources (person_id, url) VALUES ('roger-ailes', 'https://www.thewrap.com/13-roger-ailes-accusers-fox-news-sexual-harassment/');
INSERT OR REPLACE INTO people (id, name, status, level, state, office, crime_description, summary, still_in_office, offense_year, conviction_year, event_date) VALUES ('rob-porter', 'Rob Porter', 'alleged', 'adjacent', 'NY', '', 'Domestic Violence', 'Rob Porter was President Trump''s aide in the White House. He was forced to resign when his ex-wives revealed that he was a domestic abuser.', NULL, NULL, NULL, NULL);
INSERT INTO crime_types (person_id, crime_type) VALUES ('rob-porter', 'domestic-violence');
INSERT INTO sources (person_id, url) VALUES ('rob-porter', 'https://goppredators.wordpress.com/2022/06/18/118-rob-porter/');
INSERT INTO sources (person_id, url) VALUES ('rob-porter', 'https://www.cnn.com/2018/02/07/politics/rob-porter-ex-wives-white-house/index.html');
INSERT INTO sources (person_id, url) VALUES ('rob-porter', 'https://www.nytimes.com/2019/03/21/us/politics/rob-porter-jennifer-willoughby-wall-street-journal.html');
INSERT INTO sources (person_id, url) VALUES ('rob-porter', 'https://slate.com/news-and-politics/2018/02/rob-porters-history-of-domestic-abuse-wasnt-a-secret.html');
INSERT OR REPLACE INTO people (id, name, status, level, state, office, crime_description, summary, still_in_office, offense_year, conviction_year, event_date) VALUES ('alan-berlin', 'Alan Berlin', 'convicted', 'state', 'PA', 'State Senator', 'Soliciting a Minor', 'Alan Berlin worked eighteen years in Republican politics as an aide to two different Republican state senators, Sen. Hal Mowery, R-Cumberland County, and former Sen.', NULL, NULL, NULL, NULL);
INSERT INTO crime_types (person_id, crime_type) VALUES ('alan-berlin', 'solicitation');
INSERT INTO sources (person_id, url) VALUES ('alan-berlin', 'https://goppredators.wordpress.com/2022/06/16/117-alan-berlin/');
INSERT INTO sources (person_id, url) VALUES ('alan-berlin', 'https://www.pennlive.com/midstate/2012/05/ex-senate_aide_alan_berlin_get.html');
INSERT INTO sources (person_id, url) VALUES ('alan-berlin', 'https://www.post-gazette.com/local/region/2009/05/30/Orie-aide-accused-of-soliciting-teen-for-furry-sex/stories/200905300150');
INSERT INTO sources (person_id, url) VALUES ('alan-berlin', 'https://www.pennlive.com/midstate/2014/11/ex-senate_aide_alan_berlins_pr.html');
INSERT OR REPLACE INTO people (id, name, status, level, state, office, crime_description, summary, still_in_office, offense_year, conviction_year, event_date) VALUES ('ronald-william-brown', 'Ronald William Brown', 'alleged', 'adjacent', 'FL', '', 'Planning to Kidnap, Rape, Eat Child', 'Ronald William Brown (FL): Planning to Kidnap, Rape, Eat Child.', NULL, NULL, NULL, NULL);
INSERT INTO crime_types (person_id, crime_type) VALUES ('ronald-william-brown', 'rape');
INSERT INTO sources (person_id, url) VALUES ('ronald-william-brown', 'https://goppredators.wordpress.com/2026/03/13/116-ronald-william-brown/');
INSERT OR REPLACE INTO people (id, name, status, level, state, office, crime_description, summary, still_in_office, offense_year, conviction_year, event_date) VALUES ('cody-wilson', 'Cody Wilson', 'convicted', 'adjacent', 'TX', '', 'Child Sexual Assault', 'Ronald William Brown was a ventriloquist puppeteer on Joy Junction, a Christian Television Network program before he was caught when investigators in another state arrested a child pornographer and investigated his connections, finding him. The facts are too disturbing for words.', NULL, NULL, 2013, NULL);
INSERT INTO crime_types (person_id, crime_type) VALUES ('cody-wilson', 'assault');
INSERT INTO sources (person_id, url) VALUES ('cody-wilson', 'https://goppredators.wordpress.com/2022/06/12/115-ronald-william-brown/');
INSERT INTO sources (person_id, url) VALUES ('cody-wilson', 'https://www.browardpalmbeach.com/news/inside-florida-puppeteer-robert-browns-alleged-plans-to-eat-children-6460246');
INSERT INTO sources (person_id, url) VALUES ('cody-wilson', 'https://cvltnation.com/real-life-horror-christian-puppeteer-planned-kill-eat-children/');
INSERT INTO sources (person_id, url) VALUES ('cody-wilson', 'https://medium.com/@crimewaffles/ronald-william-brown-a59c85ca06f3');
INSERT INTO sources (person_id, url) VALUES ('cody-wilson', 'https://www.tampabay.com/news/courts/criminal/largo-puppeteer-who-wanted-to-cannibalize-boys-to-be-sentenced/2133734/');
INSERT OR REPLACE INTO people (id, name, status, level, state, office, crime_description, summary, still_in_office, offense_year, conviction_year, event_date) VALUES ('ted-bundy', 'Ted Bundy', 'alleged', 'state', 'WA', '', 'Rape, Murder', 'Ted Bundy was a serial killer who raped and murdered. He confessed to thirty-six murders.', NULL, NULL, NULL, NULL);
INSERT INTO crime_types (person_id, crime_type) VALUES ('ted-bundy', 'rape');
INSERT INTO crime_types (person_id, crime_type) VALUES ('ted-bundy', 'murder');
INSERT INTO sources (person_id, url) VALUES ('ted-bundy', 'https://goppredators.wordpress.com/2022/06/09/114-ted-bundy/');
INSERT INTO sources (person_id, url) VALUES ('ted-bundy', 'https://en.wikipedia.org/wiki/Ted_Bundy');
INSERT INTO sources (person_id, url) VALUES ('ted-bundy', 'https://murderpedia.org/male.B/b1/bundy-ted-victims.htm');
INSERT OR REPLACE INTO people (id, name, status, level, state, office, crime_description, summary, still_in_office, offense_year, conviction_year, event_date) VALUES ('eddie-frankum', 'Eddie Frankum', 'alleged', 'adjacent', 'TX', '', 'Sexual Harassment', 'Eddie Frankum (TX): Sexual Harassment.', NULL, NULL, NULL, NULL);
INSERT INTO crime_types (person_id, crime_type) VALUES ('eddie-frankum', 'harassment');
INSERT INTO sources (person_id, url) VALUES ('eddie-frankum', 'https://goppredators.wordpress.com/2026/03/13/113-eddie-frankum/');
INSERT OR REPLACE INTO people (id, name, status, level, state, office, crime_description, summary, still_in_office, offense_year, conviction_year, event_date) VALUES ('stephen-linnen', 'Stephen Linnen', 'convicted', 'adjacent', 'OH', '', 'Indecent Exposure', 'Ohio was plagued by a serial criminal known as the "Naked Photographer" who exposed himself to women and photographed their reactions. He had struck 39 times before he was finally caught.', NULL, NULL, NULL, NULL);
INSERT INTO crime_types (person_id, crime_type) VALUES ('stephen-linnen', 'indecent-exposure');
INSERT INTO sources (person_id, url) VALUES ('stephen-linnen', 'https://goppredators.wordpress.com/2022/06/07/112-stephen-linnen/');
INSERT INTO sources (person_id, url) VALUES ('stephen-linnen', 'https://abcnews.go.com/US/CrimeBlotter/story?id=161200&amp;page=1');
INSERT INTO sources (person_id, url) VALUES ('stephen-linnen', 'https://www.dispatch.com/story/news/crime/2014/03/19/naked-photographer-gets-law/23826878007/');
INSERT OR REPLACE INTO people (id, name, status, level, state, office, crime_description, summary, still_in_office, offense_year, conviction_year, event_date) VALUES ('judge-donald-thompson', 'Judge Donald Thompson', 'convicted', 'adjacent', 'OK', 'Judge', 'Indecent Exposure', 'Republican Judge Donald Thompson was convicted and sentenced to four years in prison for using a penis pump in the courtroom during trials. A court reporter complained that he exposed himself and police found semen stains under the bench which indicates his denials were not true.', NULL, NULL, NULL, NULL);
INSERT INTO crime_types (person_id, crime_type) VALUES ('judge-donald-thompson', 'indecent-exposure');
INSERT INTO sources (person_id, url) VALUES ('judge-donald-thompson', 'https://goppredators.wordpress.com/2022/06/06/111-judge-donald-thompson/');
INSERT INTO sources (person_id, url) VALUES ('judge-donald-thompson', 'https://usatoday30.usatoday.com/news/nation/2006-08-18-judge-sentenced_x.htm');
INSERT INTO sources (person_id, url) VALUES ('judge-donald-thompson', 'https://www.nbcnews.com/id/wbna14410634');
INSERT OR REPLACE INTO people (id, name, status, level, state, office, crime_description, summary, still_in_office, offense_year, conviction_year, event_date) VALUES ('jeffrey-kyle-randall', 'Jeffrey Kyle Randall', 'convicted', 'local', 'MN', 'Mayor', 'Child Molestation', 'Jeffrey Kyle Randall was the Republican mayor of Clarkfield, Minnesota. He was sentenced to 275 days in prison, less than a year, for molesting two boys aged ten and twelve over the course of six years.', NULL, NULL, NULL, NULL);
INSERT INTO crime_types (person_id, crime_type) VALUES ('jeffrey-kyle-randall', 'child-molestation');
INSERT INTO sources (person_id, url) VALUES ('jeffrey-kyle-randall', 'https://goppredators.wordpress.com/2022/06/06/110-jeffrey-kyle-randall/');
INSERT INTO sources (person_id, url) VALUES ('jeffrey-kyle-randall', 'https://www.wctrib.com/news/former-clarkfield-mayor-is-sentenced-to-275-days-in-jail');
INSERT OR REPLACE INTO people (id, name, status, level, state, office, crime_description, summary, still_in_office, offense_year, conviction_year, event_date) VALUES ('patrick-lee-mcguire', 'Patrick Lee McGuire', 'convicted', 'local', 'FL', 'County Commissioner', 'Child Molestation', 'Patrick Lee McGuire, known as Pat McGuire, was a Flager County, FL, Republican county commissioner from 2001 to 2004. He was also the executive director of the Central Florida Police Benevolent Association until his arrest for child molestation.', NULL, NULL, 2007, NULL);
INSERT INTO crime_types (person_id, crime_type) VALUES ('patrick-lee-mcguire', 'child-molestation');
INSERT INTO sources (person_id, url) VALUES ('patrick-lee-mcguire', 'https://goppredators.wordpress.com/2022/06/06/109-patrick-lee-mcguire/');
INSERT INTO sources (person_id, url) VALUES ('patrick-lee-mcguire', 'https://flaglerlive.com/88316/pat-mcguire/');
INSERT INTO sources (person_id, url) VALUES ('patrick-lee-mcguire', 'https://archive.ph/4DFtz#selection-905.0-908.0');
INSERT OR REPLACE INTO people (id, name, status, level, state, office, crime_description, summary, still_in_office, offense_year, conviction_year, event_date) VALUES ('joseph-monteleone-jr', 'Joseph Monteleone Jr.', 'convicted', 'adjacent', 'OH', 'City Councilmember', 'Child Molestation', 'Joe Monteleone was a Republican city councilman in Elyria, Ohio, as well as a pizzeria owner when he was charged with improperly touching three teen girls who worked for his pizza shop. Cleveland19: Trial Begins for City Councilman Charged with Sexual Imposition The Morning Journal: Councilman accus', NULL, NULL, NULL, '2007-07-07');
INSERT INTO crime_types (person_id, crime_type) VALUES ('joseph-monteleone-jr', 'child-molestation');
INSERT INTO sources (person_id, url) VALUES ('joseph-monteleone-jr', 'https://goppredators.wordpress.com/2022/06/05/108-joe-monteleone/');
INSERT INTO sources (person_id, url) VALUES ('joseph-monteleone-jr', 'https://www.cleveland19.com/story/6464985/trial-begins-for-city-councilman-charged-with-sexual-imposition/');
INSERT INTO sources (person_id, url) VALUES ('joseph-monteleone-jr', 'https://www.morningjournal.com/2006/03/30/councilman-accused-of-touching-young-workers/');
INSERT INTO sources (person_id, url) VALUES ('joseph-monteleone-jr', 'https://www.morningjournal.com/2007/05/17/convicted-councilman-resigns-seat/');
INSERT OR REPLACE INTO people (id, name, status, level, state, office, crime_description, summary, still_in_office, offense_year, conviction_year, event_date) VALUES ('jeffrey-ray-nielsen', 'Jeffrey Ray Nielsen', 'convicted', 'local', 'CA', 'Mayor', 'Child Molestation', 'Jeffrey Ray Nielson is the son of former Fountain Valley Republican mayor Ben Nielsen. Republican political connections framed his entire life.', NULL, NULL, NULL, NULL);
INSERT INTO crime_types (person_id, crime_type) VALUES ('jeffrey-ray-nielsen', 'child-molestation');
INSERT INTO sources (person_id, url) VALUES ('jeffrey-ray-nielsen', 'https://goppredators.wordpress.com/2022/06/05/106-jeffrey-ray-nielsen/');
INSERT INTO sources (person_id, url) VALUES ('jeffrey-ray-nielsen', 'https://www.ocweekly.com/sex-abuse-victim-confronts-ex-rohrabacher-aide-jeffrey-ray-nielsen-at-his-sentencing-6361880/');
INSERT INTO sources (person_id, url) VALUES ('jeffrey-ray-nielsen', 'https://www.ocregister.com/2007/12/05/legislators-ex-aide-pleads-guilty-to-sex-with-boys/');
INSERT INTO sources (person_id, url) VALUES ('jeffrey-ray-nielsen', 'https://www.ocweekly.com/jeffrey-ray-nielsen-ex-rohrabacher-aide-cant-stay-clean-even-after-prison-6466902/');
INSERT OR REPLACE INTO people (id, name, status, level, state, office, crime_description, summary, still_in_office, offense_year, conviction_year, event_date) VALUES ('allen-d-kauffman', 'Allen D. Kauffman', 'convicted', 'local', 'MO', 'Police Officer', 'Soliciting a Minor', 'Allen D. Kauffman was a Republican mayor of Collins, Missouri, and the pastor of Temple Lot Church when he was arrested for soliciting a thirteen-year-old girl who happened to be a police officer in an internet sting.', NULL, NULL, NULL, NULL);
INSERT INTO crime_types (person_id, crime_type) VALUES ('allen-d-kauffman', 'solicitation');
INSERT INTO sources (person_id, url) VALUES ('allen-d-kauffman', 'https://goppredators.wordpress.com/2022/06/05/105-allen-d-kauffman/');
INSERT INTO sources (person_id, url) VALUES ('allen-d-kauffman', 'https://www.joplinglobe.com/news/local_news/ex-mayor-of-collins-sentenced-to-state-s-sex-offender/article_dc3592c3-fa89-5fc3-8e02-7511f7e41d1e.html');
INSERT INTO sources (person_id, url) VALUES ('allen-d-kauffman', 'https://www.rrstar.com/story/news/2008/05/28/fomer-mayor-kauffman-faces-another/47265968007/');
INSERT INTO sources (person_id, url) VALUES ('allen-d-kauffman', 'https://www.columbiatribune.com/story/news/2008/01/27/retired-police-chief-nabs-web/21527701007/');
INSERT OR REPLACE INTO people (id, name, status, level, state, office, crime_description, summary, still_in_office, offense_year, conviction_year, event_date) VALUES ('albert-andre-zimmerman', 'Albert Andre Zimmerman', 'charged', 'adjacent', 'FL', '', 'Child Sexual Abuse Material', 'Albert Andre Zimmerman, GOP-appointed spokesperson for the State of Florida Department of Children and Families, used his position to exploit the children in the department''s care. He told them what to do and take pictures and send him the pictures which he sold.', NULL, NULL, NULL, NULL);
INSERT INTO crime_types (person_id, crime_type) VALUES ('albert-andre-zimmerman', 'csam');
INSERT INTO crime_types (person_id, crime_type) VALUES ('albert-andre-zimmerman', 'assault');
INSERT INTO sources (person_id, url) VALUES ('albert-andre-zimmerman', 'https://goppredators.wordpress.com/2022/06/04/104-albert-andre-zimmerman/');
INSERT INTO sources (person_id, url) VALUES ('albert-andre-zimmerman', 'https://archives.fbi.gov/archives/tampa/press-releases/2009/childporn012109.htm');
INSERT INTO sources (person_id, url) VALUES ('albert-andre-zimmerman', 'https://www.newsweek.com/spokesman-kids-arrested-93847');
INSERT OR REPLACE INTO people (id, name, status, level, state, office, crime_description, summary, still_in_office, offense_year, conviction_year, event_date) VALUES ('galen-fox', 'Galen Fox', 'convicted', 'state', 'HI', '', 'Sexual Misconduct', 'Galen Fox was a GOP state house Representative in Hawaii. He was also the House Minority Leader.', NULL, NULL, NULL, NULL);
INSERT INTO crime_types (person_id, crime_type) VALUES ('galen-fox', 'other');
INSERT INTO sources (person_id, url) VALUES ('galen-fox', 'https://goppredators.wordpress.com/2022/06/04/103-galen-fox/');
INSERT INTO sources (person_id, url) VALUES ('galen-fox', 'https://www.hawaiireporter.com/former-house-leader-galen-fox-his-recovery-and-ongoing-effort-at-redemption/');
INSERT INTO sources (person_id, url) VALUES ('galen-fox', 'https://www.hawaiireporter.com/former-house-galen-fox-on-his-crime-his-time-and-being-a-sex-offender/');
INSERT OR REPLACE INTO people (id, name, status, level, state, office, crime_description, summary, still_in_office, offense_year, conviction_year, event_date) VALUES ('leonard-ray-owens', 'Leonard Ray Owens', 'charged', 'adjacent', 'TX', 'Pastor', 'Rape', 'Leonard Ray Owens was a anti-gay pastor in Fort Worth, Texas, when a woman who attended his church had a miscarriage. She went to her pastor for counseling and he accused her of having demons inside her.', NULL, NULL, NULL, NULL);
INSERT INTO crime_types (person_id, crime_type) VALUES ('leonard-ray-owens', 'rape');
INSERT INTO sources (person_id, url) VALUES ('leonard-ray-owens', 'https://goppredators.wordpress.com/2022/06/04/102-leonard-ray-owens/');
INSERT INTO sources (person_id, url) VALUES ('leonard-ray-owens', 'https://www.myplainview.com/news/article/Pastor-accused-of-rape-under-guise-of-casting-out-8494724.php');
INSERT INTO sources (person_id, url) VALUES ('leonard-ray-owens', 'https://www.religionnewsblog.com/15778/pastor-indicted-on-rape-under-guise-of-exorcism');
INSERT OR REPLACE INTO people (id, name, status, level, state, office, crime_description, summary, still_in_office, offense_year, conviction_year, event_date) VALUES ('robert-holland', 'Robert Holland', 'convicted', 'adjacent', 'PA', '', 'Rape', 'Robert Holland, Republican, was Chairman of the Bedminster Township Supervisors. His day job was the head groundskeeper at a local nursing home where he raped a 92-year-old woman with dementia.', NULL, NULL, NULL, NULL);
INSERT INTO crime_types (person_id, crime_type) VALUES ('robert-holland', 'rape');
INSERT INTO sources (person_id, url) VALUES ('robert-holland', 'https://goppredators.wordpress.com/2022/06/04/101-robert-holland/');
INSERT INTO sources (person_id, url) VALUES ('robert-holland', 'https://www.mcall.com/news/mc-xpm-2006-05-12-3669734-story.html');
INSERT INTO sources (person_id, url) VALUES ('robert-holland', 'https://www.mcall.com/news/mc-xpm-2007-03-13-3711710-story.html');
INSERT OR REPLACE INTO people (id, name, status, level, state, office, crime_description, summary, still_in_office, offense_year, conviction_year, event_date) VALUES ('glenn-murphy', 'Glenn Murphy', 'convicted', 'state', 'IN', 'State Representative', 'Sexual Molestation', 'Glenn Murphy Jr. was President of the Young Republican National Federation and Clark County Republican Party Chairman.', NULL, NULL, NULL, NULL);
INSERT INTO crime_types (person_id, crime_type) VALUES ('glenn-murphy', 'other');
INSERT INTO sources (person_id, url) VALUES ('glenn-murphy', 'https://goppredators.wordpress.com/2022/06/03/100-glenn-murphy-jr/');
INSERT INTO sources (person_id, url) VALUES ('glenn-murphy', 'https://www.advocate.com/politics/politicians/2015/05/29/16-antigay-leaders-exposed-gay-or-bi?pg=3');
INSERT INTO sources (person_id, url) VALUES ('glenn-murphy', 'https://www.newsandtribune.com/news/local_news/glenn-murphy-jr-charged-with-class-b-felony/article_60bbe70e-23bc-5624-9a73-cc04e018e12b.html');
INSERT INTO sources (person_id, url) VALUES ('glenn-murphy', 'https://www.wlky.com/article/former-gop-chief-pleads-guilty-to-deviant-conduct/3723365');
INSERT OR REPLACE INTO people (id, name, status, level, state, office, crime_description, summary, still_in_office, offense_year, conviction_year, event_date) VALUES ('paul-williams', 'Paul Williams', 'alleged', 'adjacent', 'TN', 'Pastor', 'Child Molestation/Son', 'Paul Williams was the minister of prayer and special projects at Bellevue Baptist Church, a Tennessee mega-church. He molested his son for 12 to 18 months before stopping and claims he has never done anything similar since.', NULL, NULL, NULL, NULL);
INSERT INTO crime_types (person_id, crime_type) VALUES ('paul-williams', 'child-molestation');
INSERT INTO sources (person_id, url) VALUES ('paul-williams', 'https://goppredators.wordpress.com/2022/06/02/99-paul-williams/');
INSERT INTO sources (person_id, url) VALUES ('paul-williams', 'https://baptistnews.com/article/bellevue-report-assistant-pastor-guilty-of-sex-abuse-against-son/#.Wyf1qhJKjOQ');
INSERT OR REPLACE INTO people (id, name, status, level, state, office, crime_description, summary, still_in_office, offense_year, conviction_year, event_date) VALUES ('steven-wilsey', 'Steven Wilsey', 'alleged', 'adjacent', 'CO', '', 'Child Molestation', 'Steven Wilsey (CO): Child Molestation.', NULL, NULL, NULL, NULL);
INSERT INTO crime_types (person_id, crime_type) VALUES ('steven-wilsey', 'child-molestation');
INSERT INTO sources (person_id, url) VALUES ('steven-wilsey', 'https://goppredators.wordpress.com/2026/03/13/98-steven-wilsey/');
INSERT OR REPLACE INTO people (id, name, status, level, state, office, crime_description, summary, still_in_office, offense_year, conviction_year, event_date) VALUES ('jim-west', 'Jim West', 'alleged', 'state', 'WA', 'Mayor', 'Child Sexual Abuse Material', 'James E. West was the mayor of Spokane, WA, and was well-known for his homophobia.', NULL, NULL, NULL, NULL);
INSERT INTO crime_types (person_id, crime_type) VALUES ('jim-west', 'csam');
INSERT INTO crime_types (person_id, crime_type) VALUES ('jim-west', 'assault');
INSERT INTO sources (person_id, url) VALUES ('jim-west', 'https://goppredators.wordpress.com/2022/06/02/97-james-e-west/');
INSERT INTO sources (person_id, url) VALUES ('jim-west', 'https://products.kitsapsun.com/archive/2005/05-06/45854_anti-gay_rights_mayor_in_pedophi.html');
INSERT INTO sources (person_id, url) VALUES ('jim-west', 'https://www.pbs.org/wgbh/pages/frontline/hiddenlife/outing/');
INSERT INTO sources (person_id, url) VALUES ('jim-west', 'https://www.seattletimes.com/seattle-news/spokane-mayor-recalled-from-office-after-internet-sex-scandal/');
INSERT OR REPLACE INTO people (id, name, status, level, state, office, crime_description, summary, still_in_office, offense_year, conviction_year, event_date) VALUES ('lawrence-scott-ward', 'Lawrence Scott Ward', 'convicted', 'adjacent', 'PA', '', 'Child Molestation/Child Sexual Abuse Material', 'Lawrence Scott Ward was an Ivy League professor at Harvard Business School and later at University of Pennsylvania''s Wharton School of Business. He was the Chairman of the Marketing Department at Penn.', NULL, NULL, NULL, NULL);
INSERT INTO crime_types (person_id, crime_type) VALUES ('lawrence-scott-ward', 'csam');
INSERT INTO crime_types (person_id, crime_type) VALUES ('lawrence-scott-ward', 'child-molestation');
INSERT INTO crime_types (person_id, crime_type) VALUES ('lawrence-scott-ward', 'assault');
INSERT INTO sources (person_id, url) VALUES ('lawrence-scott-ward', 'https://goppredators.wordpress.com/2022/06/02/96-lawrence-scott-ward/');
INSERT INTO sources (person_id, url) VALUES ('lawrence-scott-ward', 'https://www.phillymag.com/news/2007/01/05/the-brilliant-professor-ward/');
INSERT INTO sources (person_id, url) VALUES ('lawrence-scott-ward', 'https://www.wired.com/2006/09/border-exceptio/');
INSERT OR REPLACE INTO people (id, name, status, level, state, office, crime_description, summary, still_in_office, offense_year, conviction_year, event_date) VALUES ('daniel-dean-thompson', 'Daniel Dean Thompson', 'convicted', 'adjacent', 'UT', '', 'Child Sexual Abuse Material', 'Daniel Dean Thompson thought modern movies were too full of profanity and nudity. He claimed to have founded CleanFLIX where he bowdlerized popular films.', NULL, NULL, NULL, NULL);
INSERT INTO crime_types (person_id, crime_type) VALUES ('daniel-dean-thompson', 'csam');
INSERT INTO crime_types (person_id, crime_type) VALUES ('daniel-dean-thompson', 'assault');
INSERT INTO sources (person_id, url) VALUES ('daniel-dean-thompson', 'https://goppredators.wordpress.com/2022/06/02/95-daniel-dean-thompson/');
INSERT INTO sources (person_id, url) VALUES ('daniel-dean-thompson', 'https://www.imdb.com/title/tt1007026/');
INSERT INTO sources (person_id, url) VALUES ('daniel-dean-thompson', 'https://consumerist.com/2008/01/31/family-friendly-movie-censors-were-running-porn-business/');
INSERT INTO sources (person_id, url) VALUES ('daniel-dean-thompson', 'https://www.deseret.com/2008/7/29/20266582/flix-club-owner-takes-plea-deal');
INSERT INTO sources (person_id, url) VALUES ('daniel-dean-thompson', 'https://archive.sltrib.com/story.php?ref=/news/ci_10335956');
INSERT OR REPLACE INTO people (id, name, status, level, state, office, crime_description, summary, still_in_office, offense_year, conviction_year, event_date) VALUES ('kevin-alfred-strom', 'Kevin Alfred Strom', 'convicted', 'adjacent', 'VA', '', 'Child Sexual Abuse Material', 'Kevin Alfred Strom founded National Vanguard, a neo-Nazi organization, He had a long history within the white nationalist movement. In 2007, he was arrested for child pornography.', NULL, NULL, NULL, NULL);
INSERT INTO crime_types (person_id, crime_type) VALUES ('kevin-alfred-strom', 'csam');
INSERT INTO crime_types (person_id, crime_type) VALUES ('kevin-alfred-strom', 'assault');
INSERT INTO sources (person_id, url) VALUES ('kevin-alfred-strom', 'https://goppredators.wordpress.com/2022/06/02/94-kevin-alfred-strom/');
INSERT INTO sources (person_id, url) VALUES ('kevin-alfred-strom', 'https://www.splcenter.org/fighting-hate/intelligence-report/2007/national-vanguard-founder-kevin-alfred-storm-arrested-child-pornography');
INSERT INTO sources (person_id, url) VALUES ('kevin-alfred-strom', 'https://www.c-ville.com/Strom_pleads_guilty_to_child_porn/#.W6cbPS-ZP1o');
INSERT INTO sources (person_id, url) VALUES ('kevin-alfred-strom', 'https://www.splcenter.org/fighting-hate/extremist-files/individual/kevin-strom');
INSERT OR REPLACE INTO people (id, name, status, level, state, office, crime_description, summary, still_in_office, offense_year, conviction_year, event_date) VALUES ('marshal-seymour', 'Marshal Seymour', 'convicted', 'adjacent', 'FL', 'Pastor', 'Child Sexual Assault', 'Marshal Seymour was a youth pastor at a Baptist megachurch in Florida before pleading guilty to molesting three young boys. Ten years earlier he was arrested for the same thing in Mobile, AL, and pled to a lesser charge for which he was sentenced to one year''s probation.', NULL, NULL, NULL, NULL);
INSERT INTO crime_types (person_id, crime_type) VALUES ('marshal-seymour', 'assault');
INSERT INTO sources (person_id, url) VALUES ('marshal-seymour', 'https://goppredators.wordpress.com/2022/05/31/93-marshal-seymour/');
INSERT INTO sources (person_id, url) VALUES ('marshal-seymour', 'https://www.bishop-accountability.org/news2009/01_02/2009_01_22_Allen_FormerYouth.htm');
INSERT INTO sources (person_id, url) VALUES ('marshal-seymour', 'https://www.al.com/live/2007/11/mother_minister_got_off_lightl.html');
INSERT INTO sources (person_id, url) VALUES ('marshal-seymour', 'http://stopbaptistpredators.org/article09/marshal_seymour2.html');
INSERT OR REPLACE INTO people (id, name, status, level, state, office, crime_description, summary, still_in_office, offense_year, conviction_year, event_date) VALUES ('bill-o-reilly', 'Bill O’Reilly', 'alleged', 'adjacent', 'NY', '', 'Sexual Harassment', 'Bill O''Reilly is a professional blowhard whose certainty is greatest when he is most wrong. He has survived multiple controversies over his open racism.', NULL, NULL, NULL, NULL);
INSERT INTO crime_types (person_id, crime_type) VALUES ('bill-o-reilly', 'harassment');
INSERT INTO sources (person_id, url) VALUES ('bill-o-reilly', 'https://goppredators.wordpress.com/2022/05/31/92-bill-oreilly/');
INSERT INTO sources (person_id, url) VALUES ('bill-o-reilly', 'https://qz.com/964765/all-of-the-times-bill-oreilly-might-have-been-fired-before-if-he-hadnt-been-working-at-fox-news/');
INSERT INTO sources (person_id, url) VALUES ('bill-o-reilly', 'https://www.vice.com/en/article/evgxkw/remember-bill-oreillys-extreme-sexual-harassment-falafel-lawsuit-from-2004');
INSERT INTO sources (person_id, url) VALUES ('bill-o-reilly', 'https://www.thedailybeast.com/choking-harassing-and-loofahs-womens-allegations-against-bill-oreilly-piled-up-for-years-before-his-demise');
INSERT OR REPLACE INTO people (id, name, status, level, state, office, crime_description, summary, still_in_office, offense_year, conviction_year, event_date) VALUES ('joseph-mcdade', 'Joseph McDade', 'charged', 'federal', 'VA', 'U.S. Congressman', 'Indecent Exposure', 'Joseph McDade was a U.S. Representative from Pennsylvania from 1962 to 1998.', NULL, NULL, NULL, NULL);
INSERT INTO crime_types (person_id, crime_type) VALUES ('joseph-mcdade', 'indecent-exposure');
INSERT INTO sources (person_id, url) VALUES ('joseph-mcdade', 'https://goppredators.wordpress.com/2022/05/31/90-joseph-mcdade/');
INSERT INTO sources (person_id, url) VALUES ('joseph-mcdade', 'https://archive.naplesnews.com/news/local/former-pa-congressman-to-be-arraigned-for-indecent-exposure-ep-404511794-345498612.html/');
INSERT INTO sources (person_id, url) VALUES ('joseph-mcdade', 'https://www.poconorecord.com/story/news/crime/2007/02/14/former-congressman-mcdade-charged-with/52969562007/');
INSERT OR REPLACE INTO people (id, name, status, level, state, office, crime_description, summary, still_in_office, offense_year, conviction_year, event_date) VALUES ('cardinal-bernard-law', 'Cardinal Bernard Law', 'alleged', 'adjacent', 'MA', '', 'Covering up pedophile priests', 'Cardinal Bernard Law wanted to be the first American pope. He was a Republican partisan, more politician than a priest, he even had his own foreign policy.', NULL, NULL, NULL, NULL);
INSERT INTO crime_types (person_id, crime_type) VALUES ('cardinal-bernard-law', 'other');
INSERT INTO sources (person_id, url) VALUES ('cardinal-bernard-law', 'https://goppredators.wordpress.com/2022/05/31/89-cardinal-bernard-law/');
INSERT INTO sources (person_id, url) VALUES ('cardinal-bernard-law', 'http://archive.boston.com/globe/spotlight/abuse/archives/042290_magazine.htm');
INSERT INTO sources (person_id, url) VALUES ('cardinal-bernard-law', 'https://apnews.com/article/us-news-ap-top-news-pope-john-paul-ii-cardinal-bernard-law-boston-8c3f98c916ea49f3950c0236bed80933');
INSERT INTO sources (person_id, url) VALUES ('cardinal-bernard-law', 'http://archive.boston.com/globe/spotlight/abuse/boards/law_resigns/msg18.shtml');
INSERT INTO sources (person_id, url) VALUES ('cardinal-bernard-law', 'https://www.bostonglobe.com/metro/investigations/spotlight/');
INSERT OR REPLACE INTO people (id, name, status, level, state, office, crime_description, summary, still_in_office, offense_year, conviction_year, event_date) VALUES ('neal-horsley', 'Neal Horsley', 'charged', 'adjacent', 'GA', '', 'Bestiality', 'Neal Horsley was an anti-abortion terrorist whose infamous Nuremberg Files website provided pictures, home addresses, and other personal information that solicited and advocated for the murders of abortion providers. He wanted all LGBT people arrested.', NULL, NULL, NULL, NULL);
INSERT INTO crime_types (person_id, crime_type) VALUES ('neal-horsley', 'other');
INSERT INTO sources (person_id, url) VALUES ('neal-horsley', 'https://goppredators.wordpress.com/2022/05/29/88-neal-horsley/');
INSERT INTO sources (person_id, url) VALUES ('neal-horsley', 'https://www.washingtonpost.com/wp-srv/national/longterm/abortviolence/stories/website.htm');
INSERT INTO sources (person_id, url) VALUES ('neal-horsley', 'https://www.esquire.com/news-politics/a1696/esq0299-feb-vollcorbett/');
INSERT INTO sources (person_id, url) VALUES ('neal-horsley', 'https://www.oregonlive.com/portland/2015/05/neal_horsley_whose_anti-aborti.html');
INSERT INTO sources (person_id, url) VALUES ('neal-horsley', 'https://en.wikipedia.org/wiki/Neal_Horsley');
INSERT OR REPLACE INTO people (id, name, status, level, state, office, crime_description, summary, still_in_office, offense_year, conviction_year, event_date) VALUES ('don-haidl', 'Don Haidl', 'convicted', 'local', 'CA', '', 'Smeared rape victim/son was suspect', 'Don Haidl was Assistant Sheriff in Orange County when his son and two friends gang-raped an unconscious sixteen-year-old girl. The rape was videotaped by them.', NULL, NULL, NULL, NULL);
INSERT INTO crime_types (person_id, crime_type) VALUES ('don-haidl', 'rape');
INSERT INTO sources (person_id, url) VALUES ('don-haidl', 'https://goppredators.wordpress.com/2022/05/29/87-don-haidl/');
INSERT INTO sources (person_id, url) VALUES ('don-haidl', 'https://www.ocweekly.com/meet-jane-doe-6421908/');
INSERT INTO sources (person_id, url) VALUES ('don-haidl', 'https://hiphopwired.com/48639/three-men-who-gang-raped-girl-with-pool-cue-lit-cigarette-lose-appeal-to-have-case-overturned/');
INSERT INTO sources (person_id, url) VALUES ('don-haidl', 'https://www.ocweekly.com/raped-again-6380810/');
INSERT INTO sources (person_id, url) VALUES ('don-haidl', 'https://www.latimes.com/archives/la-xpm-2004-jul-06-me-haidl6-story.html');
INSERT OR REPLACE INTO people (id, name, status, level, state, office, crime_description, summary, still_in_office, offense_year, conviction_year, event_date) VALUES ('david-hager', 'David Hager', 'alleged', 'adjacent', 'KY', '', 'Sexual Abuse of his wife', 'Dr. David Hager was appointed by President George W.', NULL, NULL, NULL, NULL);
INSERT INTO crime_types (person_id, crime_type) VALUES ('david-hager', 'assault');
INSERT INTO sources (person_id, url) VALUES ('david-hager', 'https://goppredators.wordpress.com/2022/05/29/86-dr-david-hager/');
INSERT INTO sources (person_id, url) VALUES ('david-hager', 'https://www.thenation.com/article/archive/dr-hagers-family-values/');
INSERT INTO sources (person_id, url) VALUES ('david-hager', 'https://womensenews.org/2005/06/hager-gone-cadets-rape-counselor-faces-jail/');
INSERT OR REPLACE INTO people (id, name, status, level, state, office, crime_description, summary, still_in_office, offense_year, conviction_year, event_date) VALUES ('bishop-thomas-paprocki', 'Bishop Thomas Paprocki', 'alleged', 'adjacent', 'IL', '', 'Partisan priest/protected pedophile priests', 'Bishop Thomas Paprocki of Illinois imposes his moral judgment on Democratic politicians and on LGBTIQA couples who are Catholic. Yet, he covered up pedophile priests, protecting them and putting the children in his diocese at risk.', NULL, NULL, NULL, NULL);
INSERT INTO crime_types (person_id, crime_type) VALUES ('bishop-thomas-paprocki', 'other');
INSERT INTO sources (person_id, url) VALUES ('bishop-thomas-paprocki', 'https://goppredators.wordpress.com/2022/05/29/85-bishop-thomas-paprocki/');
INSERT INTO sources (person_id, url) VALUES ('bishop-thomas-paprocki', 'https://www.npr.org/sections/thetwo-way/2017/06/23/534127330/illinois-bishop-decrees-no-communion-funeral-rites-for-same-sex-spouses');
INSERT INTO sources (person_id, url) VALUES ('bishop-thomas-paprocki', 'https://www.chicagotribune.com/news/breaking/ct-met-catholic-church-sanctions-illinois-lawmakers-mike-madigan-20190605-story.html');
INSERT INTO sources (person_id, url) VALUES ('bishop-thomas-paprocki', 'https://www.ncronline.org/news/people/who-are-bishops-pushing-communion-denial-efforts');
INSERT INTO sources (person_id, url) VALUES ('bishop-thomas-paprocki', 'https://www.illinoistimes.com/springfield/paprocki-and-pedophiles/Content?oid=11482416#:~:text=For%20a%20decade%2C%20Paprocki%20was,U.S.%20Conference%20of%20Catholic%20Bishops.');
INSERT INTO sources (person_id, url) VALUES ('bishop-thomas-paprocki', 'http://churchandstate.org.uk/2019/11/catholic-bishop-secularism-and-contraception-turned-priests-into-paedophiles/');
INSERT INTO sources (person_id, url) VALUES ('bishop-thomas-paprocki', 'https://www.snapnetwork.org/il_spgfld_bishop_pays_predator_priest_s_lawyer');
INSERT OR REPLACE INTO people (id, name, status, level, state, office, crime_description, summary, still_in_office, offense_year, conviction_year, event_date) VALUES ('george-roche-iii', 'George Roche III', 'alleged', 'adjacent', 'MI', '', 'Sexual Relationship with Daughter-in-law', 'George Roche III was president of Hillsdale College, one of the conservative colleges that pledges to return conservative values. He was a friend with the leading lights of conservative thought, including William F.', NULL, NULL, NULL, NULL);
INSERT INTO crime_types (person_id, crime_type) VALUES ('george-roche-iii', 'other');
INSERT INTO sources (person_id, url) VALUES ('george-roche-iii', 'https://goppredators.wordpress.com/2022/05/18/84-george-roche-iii/');
INSERT INTO sources (person_id, url) VALUES ('george-roche-iii', 'https://www.washingtonpost.com/wp-srv/WPcap/1999-11/18/097r-111899-idx.html');
INSERT INTO sources (person_id, url) VALUES ('george-roche-iii', 'https://www.nytimes.com/1999/11/15/us/scandal-rocks-a-conservative-campus.html');
INSERT INTO sources (person_id, url) VALUES ('george-roche-iii', 'https://www.chronicle.com/article/police-file-states-that-daughter-in-law-had-claimed-affair-with-hillsdale-president/');
INSERT OR REPLACE INTO people (id, name, status, level, state, office, crime_description, summary, still_in_office, offense_year, conviction_year, event_date) VALUES ('richard-gardner', 'Richard Gardner', 'convicted', 'adjacent', 'NV', '', 'Child Molestation/Daughters', 'Richard Gardner was convicted of convicted in 1988 of lewd and lascivious behavior with a child under the age of 14. Las Vegas Sun: Assembly candidate ruled ineligible due to felony .', NULL, NULL, 1988, NULL);
INSERT INTO crime_types (person_id, crime_type) VALUES ('richard-gardner', 'child-molestation');
INSERT INTO sources (person_id, url) VALUES ('richard-gardner', 'https://goppredators.wordpress.com/2022/05/16/83-richard-gardner/');
INSERT OR REPLACE INTO people (id, name, status, level, state, office, crime_description, summary, still_in_office, offense_year, conviction_year, event_date) VALUES ('michael-flory', 'Michael Flory', 'convicted', 'adjacent', 'MI', '', 'Rape', 'Michael Flory was the head of the Michigan Federation of Young Republicans when he raped a woman attending the same national convention of Young Republicans. They were dancing and partying when she felt drunk and headed back to her room.', NULL, NULL, 2006, NULL);
INSERT INTO crime_types (person_id, crime_type) VALUES ('michael-flory', 'rape');
INSERT INTO sources (person_id, url) VALUES ('michael-flory', 'https://goppredators.wordpress.com/2022/05/16/82-michael-flory/');
INSERT INTO sources (person_id, url) VALUES ('michael-flory', 'https://www.cleveland.com/metro/2007/07/michigan_young_republican_plea.html');
INSERT INTO sources (person_id, url) VALUES ('michael-flory', 'https://www.cleveland19.com/2019/03/25/former-teenage-republicans-chairman-convicted-sex-case-indicted-new-rape-charges/');
INSERT OR REPLACE INTO people (id, name, status, level, state, office, crime_description, summary, still_in_office, offense_year, conviction_year, event_date) VALUES ('donald-fleischman', 'Donald Fleischman', 'convicted', 'party-official', 'WI', '', 'Solicitation of a Minor', 'Donald Fleischman was the Brown County, Iowa, Republican Party Chair when he was charged with felony counts of child enticement and exposing himself to a minor. He offered marijuana and alcohol to two minors, told them they could live with them if they ran away.', NULL, NULL, NULL, NULL);
INSERT INTO crime_types (person_id, crime_type) VALUES ('donald-fleischman', 'solicitation');
INSERT INTO sources (person_id, url) VALUES ('donald-fleischman', 'https://goppredators.wordpress.com/2022/05/16/81-donald-fleischman/');
INSERT INTO sources (person_id, url) VALUES ('donald-fleischman', 'https://freerepublic.com/focus/news/1911441/posts');
INSERT INTO sources (person_id, url) VALUES ('donald-fleischman', 'https://www.advocate.com/news/2007/10/16/gop-leader-faces-charges-sexual-encounter-minor');
INSERT INTO sources (person_id, url) VALUES ('donald-fleischman', 'https://madison.com/news/local/plea-deal-in-works-in-enticement-case/article_89c9205b-52f2-5b8a-9906-6c558b7c6ff0.html');
INSERT INTO sources (person_id, url) VALUES ('donald-fleischman', 'https://www.twincities.com/2009/01/08/no-contest-plea-for-ex-head-of-brown-county-gop/');
INSERT OR REPLACE INTO people (id, name, status, level, state, office, crime_description, summary, still_in_office, offense_year, conviction_year, event_date) VALUES ('matthew-joseph-elliott', 'Matthew Joseph Elliott', 'convicted', 'state', 'IA', '', 'Child Sexual Abuse Material/Murder', 'Matthew Joseph Elliott was supposedly destined for a great future in Republican politics. Some people thought he would be governor of Iowa one day.', NULL, NULL, NULL, NULL);
INSERT INTO crime_types (person_id, crime_type) VALUES ('matthew-joseph-elliott', 'csam');
INSERT INTO crime_types (person_id, crime_type) VALUES ('matthew-joseph-elliott', 'assault');
INSERT INTO crime_types (person_id, crime_type) VALUES ('matthew-joseph-elliott', 'murder');
INSERT INTO sources (person_id, url) VALUES ('matthew-joseph-elliott', 'https://goppredators.wordpress.com/2022/05/16/80-matthew-joseph-elliott/');
INSERT INTO sources (person_id, url) VALUES ('matthew-joseph-elliott', 'http://ssristories.net/archive/show0d92.html?item=2504');
INSERT INTO sources (person_id, url) VALUES ('matthew-joseph-elliott', 'https://who13.com/news/child-death-matthew-elliott-conviction-upheld/');
INSERT INTO sources (person_id, url) VALUES ('matthew-joseph-elliott', 'https://www.bostonherald.com/2008/01/25/ex-romney-iowa-worker-quizzed-in-baby-slay/');
INSERT OR REPLACE INTO people (id, name, status, level, state, office, crime_description, summary, still_in_office, offense_year, conviction_year, event_date) VALUES ('brian-doyle', 'Brian Doyle', 'convicted', 'local', 'MF', '', 'Solicitation of a Minor', 'Brian Doyle was the deputy press secretary for the Dept of Homeland Security during the Bush Administration when he was arrested in an online sex sting where he chatted with a sheriff''s deputy posing as a child. He was charged with using a computer to seduce a child and transmitting harmful material', NULL, NULL, NULL, NULL);
INSERT INTO crime_types (person_id, crime_type) VALUES ('brian-doyle', 'solicitation');
INSERT INTO sources (person_id, url) VALUES ('brian-doyle', 'https://goppredators.wordpress.com/2022/05/16/79-brian-doyle/');
INSERT INTO sources (person_id, url) VALUES ('brian-doyle', 'https://www.nbcnews.com/id/wbna12159118');
INSERT INTO sources (person_id, url) VALUES ('brian-doyle', 'https://www.sfgate.com/news/nation-world/article/Homeland-Security-suspends-aide-accused-of-1869953.php');
INSERT INTO sources (person_id, url) VALUES ('brian-doyle', 'https://nypost.com/2019/07/31/my-pedophile-husband-nearly-destroyed-my-life-and-family/');
INSERT OR REPLACE INTO people (id, name, status, level, state, office, crime_description, summary, still_in_office, offense_year, conviction_year, event_date) VALUES ('joshua-dickens', 'Joshua Dickens', 'convicted', 'local', 'AR', '', 'Torture', 'Joshua Dickens was elected constable in Faulkner County. In a jealous rage, he kidnapped a woman and tortured her, burning her with a cigarette lighter and beating her.', NULL, NULL, NULL, NULL);
INSERT INTO crime_types (person_id, crime_type) VALUES ('joshua-dickens', 'other');
INSERT INTO sources (person_id, url) VALUES ('joshua-dickens', 'https://goppredators.wordpress.com/2022/05/16/78-joshua-dickens/');
INSERT INTO sources (person_id, url) VALUES ('joshua-dickens', 'http://arkansasleader.blogspot.com/2005/10/editorial-good-words-for-criminals.html?m=0');
INSERT OR REPLACE INTO people (id, name, status, level, state, office, crime_description, summary, still_in_office, offense_year, conviction_year, event_date) VALUES ('scott-eller-cortelyou', 'Scott Eller Cortelyou', 'charged', 'adjacent', 'CO', 'Police Officer', 'Solicitation of a Child', 'Scott Eller Cortelyou was a conservative radio personality in Colorado when he was arrested for graphic sexual conversation with a police officer posing as a child. KUSA: Radio Personality arrested a second time All Access: Cortelyou arrested again Denver Post: Cortelyou pleads guilty in sex case Fo', NULL, NULL, NULL, NULL);
INSERT INTO crime_types (person_id, crime_type) VALUES ('scott-eller-cortelyou', 'solicitation');
INSERT INTO sources (person_id, url) VALUES ('scott-eller-cortelyou', 'https://goppredators.wordpress.com/2022/05/12/77-scott-eller-cortelyou/');
INSERT INTO sources (person_id, url) VALUES ('scott-eller-cortelyou', 'https://www.9news.com/article/news/local/radio-personality-arrested-a-second-time/73-344077323');
INSERT INTO sources (person_id, url) VALUES ('scott-eller-cortelyou', 'https://www.allaccess.com/net-news/archive/story/20320/cortelyou-arrested-again');
INSERT INTO sources (person_id, url) VALUES ('scott-eller-cortelyou', 'https://www.denverpost.com/2007/04/23/cortelyou-pleads-guilty-in-sex-case/');
INSERT OR REPLACE INTO people (id, name, status, level, state, office, crime_description, summary, still_in_office, offense_year, conviction_year, event_date) VALUES ('larry-corrigan', 'Larry Corrigan', 'convicted', 'local', 'WA', 'Police Officer', 'Attempted Rape of Child', 'Larry Corrigan was a Republican activist in Washington state politics. He was deputy treasurer on Rep.', NULL, NULL, NULL, NULL);
INSERT INTO crime_types (person_id, crime_type) VALUES ('larry-corrigan', 'rape');
INSERT INTO sources (person_id, url) VALUES ('larry-corrigan', 'https://goppredators.wordpress.com/2022/05/12/76-larry-corrigan/');
INSERT INTO sources (person_id, url) VALUES ('larry-corrigan', 'https://www.seattletimes.com/seattle-news/well-known-gop-activist-held-in-sex-predator-sting/');
INSERT INTO sources (person_id, url) VALUES ('larry-corrigan', 'https://www.seattletimes.com/seattle-news/teen-sex-sting-sends-ex-official-to-prison/');
INSERT OR REPLACE INTO people (id, name, status, level, state, office, crime_description, summary, still_in_office, offense_year, conviction_year, event_date) VALUES ('garrett-ventry', 'Garrett Ventry', 'alleged', 'adjacent', 'DC', '', 'Sexual Harassment', 'Garrett Ventry was Iowa Republican Sen. Grassley''s communications aide and assigned to speak for the Senate Judiciary Committee on the Kavanaugh nomination.', NULL, NULL, NULL, NULL);
INSERT INTO crime_types (person_id, crime_type) VALUES ('garrett-ventry', 'harassment');
INSERT INTO sources (person_id, url) VALUES ('garrett-ventry', 'https://goppredators.wordpress.com/2022/05/12/75-garrett-ventry/');
INSERT INTO sources (person_id, url) VALUES ('garrett-ventry', 'https://www.nbcnews.com/politics/supreme-court/spokesman-gop-kavanaugh-nomination-resigns-has-been-accused-harassment-past-n912156');
INSERT INTO sources (person_id, url) VALUES ('garrett-ventry', 'https://nymag.com/intelligencer/2018/09/garrett-ventry-judiciary-committee-resigns.html');
INSERT INTO sources (person_id, url) VALUES ('garrett-ventry', 'https://www.washingtonpost.com/politics/grassley-adviser-resigns-after-sexual-harassment-accusation/2018/09/22/f8f93fb6-be73-11e8-be70-52bd11fe18af_story.html');
INSERT OR REPLACE INTO people (id, name, status, level, state, office, crime_description, summary, still_in_office, offense_year, conviction_year, event_date) VALUES ('john-bryan', 'John Bryan', 'charged', 'local', 'FL', 'City Councilmember', 'Child Molestation/Rape', 'John Bryan, a Republican city councilman in St. Petersburg, was accused by a woman who claimed Bryan began sexually abusing her while she was a minor and that he sexually assaulted his two adoptive daughters.', NULL, NULL, NULL, NULL);
INSERT INTO crime_types (person_id, crime_type) VALUES ('john-bryan', 'rape');
INSERT INTO crime_types (person_id, crime_type) VALUES ('john-bryan', 'child-molestation');
INSERT INTO sources (person_id, url) VALUES ('john-bryan', 'https://goppredators.wordpress.com/2022/05/11/74-john-bryan/');
INSERT INTO sources (person_id, url) VALUES ('john-bryan', 'https://www.foxnews.com/story/florida-city-councilman-commits-suicide-amid-sex-abuse-probe');
INSERT INTO sources (person_id, url) VALUES ('john-bryan', 'https://www.ocala.com/story/news/2007/09/08/councilman-kills-himself-after-sex-abuse-allegations/31218039007/');
INSERT OR REPLACE INTO people (id, name, status, level, state, office, crime_description, summary, still_in_office, offense_year, conviction_year, event_date) VALUES ('wilton-frederick-bland', 'Wilton Frederick Bland', 'convicted', 'adjacent', 'WV', '', 'Child Molestation/Rape', 'Wilton Frederick Bland ran as a Republican candidate for Mineral County Commission in West Virginia but lost about a year before he was arrested on 136 charges: 73 counts of possession of child pornography; 45 counts of sexual assault in the first degree for allegedly having sex with a child under a', NULL, NULL, NULL, NULL);
INSERT INTO crime_types (person_id, crime_type) VALUES ('wilton-frederick-bland', 'rape');
INSERT INTO crime_types (person_id, crime_type) VALUES ('wilton-frederick-bland', 'child-molestation');
INSERT INTO sources (person_id, url) VALUES ('wilton-frederick-bland', 'https://goppredators.wordpress.com/2022/05/11/73-wilton-frederick-bland/');
INSERT INTO sources (person_id, url) VALUES ('wilton-frederick-bland', 'https://www.times-news.com/bond-at-for-keyser-man-jailed-on-child-porn-charges/article_21933c7f-64cb-5a6a-9fbb-4441fa716396.html');
INSERT INTO sources (person_id, url) VALUES ('wilton-frederick-bland', 'https://law.justia.com/cases/west-virginia/supreme-court/2016/15-0939.html');
INSERT INTO sources (person_id, url) VALUES ('wilton-frederick-bland', 'https://www.times-news.com/keyser-man-guilty-of-child-porn-sex-assault-counts/article_3cc13ed2-1bfc-5592-9f3e-efd8e4a671df.html');
INSERT OR REPLACE INTO people (id, name, status, level, state, office, crime_description, summary, still_in_office, offense_year, conviction_year, event_date) VALUES ('hewart-lee-bennett', 'Hewart Lee Bennett', 'alleged', 'adjacent', 'FL', '', 'Sexual Assault', 'Hewart Lee Bennett (FL): Sexual Assault.', NULL, NULL, NULL, NULL);
INSERT INTO crime_types (person_id, crime_type) VALUES ('hewart-lee-bennett', 'assault');
INSERT INTO sources (person_id, url) VALUES ('hewart-lee-bennett', 'https://goppredators.wordpress.com/2026/03/13/72-hewart-lee-bennett/');
INSERT OR REPLACE INTO people (id, name, status, level, state, office, crime_description, summary, still_in_office, offense_year, conviction_year, event_date) VALUES ('clifton-bennett-sen-ken-bennett', 'Clifton Bennett (Sen. Ken Bennett)', 'convicted', 'federal', 'AZ', '', 'Sexual Assault', 'Clifton Bennett''s father is Ken Bennett, a Republican who has been in elected office most of the time since 1985. He''s running for Arizona Senate in the GOP primary now.', NULL, NULL, NULL, NULL);
INSERT INTO crime_types (person_id, crime_type) VALUES ('clifton-bennett-sen-ken-bennett', 'assault');
INSERT INTO sources (person_id, url) VALUES ('clifton-bennett-sen-ken-bennett', 'https://goppredators.wordpress.com/2022/05/08/71-clifton-bennett-sen-ken-bennett/');
INSERT INTO sources (person_id, url) VALUES ('clifton-bennett-sen-ken-bennett', 'https://reason.com/2006/04/05/damn-imagine-what-he-could-get/');
INSERT INTO sources (person_id, url) VALUES ('clifton-bennett-sen-ken-bennett', 'https://www.motherjones.com/politics/2006/04/senate-presidents-son-sodomizes-18-boys-not-charged-sexual-assault/');
INSERT OR REPLACE INTO people (id, name, status, level, state, office, crime_description, summary, still_in_office, offense_year, conviction_year, event_date) VALUES ('e-ozwald-balfour', 'E Ozwald Balfour', 'convicted', 'adjacent', 'UT', '', 'Sex Abuse, Rape', 'E Ozwald Balfour was a conservative radio host, founder of the Utah Republican Black Assembly, and a Utah Republican State Central Committee member, the latter even after he was arrested for sexually abusing women who applied for work at his media company. In the end, he pleaded no contest and was s', NULL, NULL, NULL, NULL);
INSERT INTO crime_types (person_id, crime_type) VALUES ('e-ozwald-balfour', 'rape');
INSERT INTO crime_types (person_id, crime_type) VALUES ('e-ozwald-balfour', 'assault');
INSERT INTO sources (person_id, url) VALUES ('e-ozwald-balfour', 'https://goppredators.wordpress.com/2022/05/08/70-e-ozwald-balfour/');
INSERT INTO sources (person_id, url) VALUES ('e-ozwald-balfour', 'https://www.cityweekly.net/utah/against-all-odds/Content?oid=2132360');
INSERT INTO sources (person_id, url) VALUES ('e-ozwald-balfour', 'https://www.deseret.com/2005/2/13/19877140/studio-owner-charged-with-sex-abuse-of-applicants');
INSERT INTO sources (person_id, url) VALUES ('e-ozwald-balfour', 'https://caselaw.findlaw.com/ut-court-of-appeals/1894713.html');
INSERT INTO sources (person_id, url) VALUES ('e-ozwald-balfour', 'https://law.justia.com/cases/utah/court-of-appeals-published/2018/20160821-ca.html');
INSERT OR REPLACE INTO people (id, name, status, level, state, office, crime_description, summary, still_in_office, offense_year, conviction_year, event_date) VALUES ('john-david-roy-atchison', 'John David Roy Atchison', 'charged', 'adjacent', 'FL', '', 'Solicitation of a Minor', 'John David Roy Atchison (FL): Solicitation of a Minor.', NULL, NULL, NULL, NULL);
INSERT INTO crime_types (person_id, crime_type) VALUES ('john-david-roy-atchison', 'solicitation');
INSERT INTO sources (person_id, url) VALUES ('john-david-roy-atchison', 'https://goppredators.wordpress.com/2022/05/08/69-john-david-roy-atchison/');
INSERT INTO sources (person_id, url) VALUES ('john-david-roy-atchison', 'https://www.foxnews.com/story/u-s-prosecutor-accused-of-seeking-sex-with-girl-5');
INSERT INTO sources (person_id, url) VALUES ('john-david-roy-atchison', 'https://www.nytimes.com/2007/09/29/us/29florida.html');
INSERT INTO sources (person_id, url) VALUES ('john-david-roy-atchison', 'http://www.margieburns.com/tag/roy-atchison/');
INSERT OR REPLACE INTO people (id, name, status, level, state, office, crime_description, summary, still_in_office, offense_year, conviction_year, event_date) VALUES ('bob-allen', 'Bob Allen', 'convicted', 'state', 'FL', '', 'Soliciting/Claimed Caused by Fear of Black Men', 'Bob Allen represented Florida District 32 from 2000 to 2008. His career came to an end when he offered $20 to perform oral sex on a man at a local park.', NULL, NULL, NULL, NULL);
INSERT INTO crime_types (person_id, crime_type) VALUES ('bob-allen', 'solicitation');
INSERT INTO sources (person_id, url) VALUES ('bob-allen', 'https://goppredators.wordpress.com/2022/05/05/68-bob-allen/');
INSERT INTO sources (person_id, url) VALUES ('bob-allen', 'https://boingboing.net/2007/08/07/rep-bob-allen-cites.html');
INSERT INTO sources (person_id, url) VALUES ('bob-allen', 'https://www.foxnews.com/story/florida-state-representative-accused-of-offering-to-perform-oral-sex-claims-innocence');
INSERT OR REPLACE INTO people (id, name, status, level, state, office, crime_description, summary, still_in_office, offense_year, conviction_year, event_date) VALUES ('russell-harding', 'Russell Harding', 'convicted', 'adjacent', 'NY', '', 'Child Sexual Abuse Material', 'Russell Harding was an aide to Rudy Giuliani and President of the New York City Housing Development Corp. His appointment was controversial as he did not graduate college and had no relevant housing experience.', NULL, NULL, NULL, NULL);
INSERT INTO crime_types (person_id, crime_type) VALUES ('russell-harding', 'csam');
INSERT INTO crime_types (person_id, crime_type) VALUES ('russell-harding', 'assault');
INSERT INTO sources (person_id, url) VALUES ('russell-harding', 'https://goppredators.wordpress.com/2022/05/03/67-russell-harding/');
INSERT INTO sources (person_id, url) VALUES ('russell-harding', 'https://www.nytimes.com/2012/10/08/nyregion/russell-hardings-blog-chronicled-his-fall-from-grace-and-plans-for-suicide.html');
INSERT INTO sources (person_id, url) VALUES ('russell-harding', 'https://law.justia.com/cases/federal/district-courts/FSupp2/273/411/2340173/');
INSERT INTO sources (person_id, url) VALUES ('russell-harding', 'https://www.villagevoice.com/2005/07/19/hard-time-for-harding/');
INSERT OR REPLACE INTO people (id, name, status, level, state, office, crime_description, summary, still_in_office, offense_year, conviction_year, event_date) VALUES ('stephen-aiken', 'Stephen Aiken', 'convicted', 'party-official', 'AZ', '', 'Child Molestation/Rape', 'Rev. Stephen Aiken was the founder of the YouthQuest Christian counseling agency.', NULL, NULL, NULL, NULL);
INSERT INTO crime_types (person_id, crime_type) VALUES ('stephen-aiken', 'rape');
INSERT INTO crime_types (person_id, crime_type) VALUES ('stephen-aiken', 'child-molestation');
INSERT INTO sources (person_id, url) VALUES ('stephen-aiken', 'https://goppredators.wordpress.com/2022/05/02/66-stephen-aiken/');
INSERT INTO sources (person_id, url) VALUES ('stephen-aiken', 'https://www.mcall.com/news/mc-xpm-1996-06-12-3087338-story.html');
INSERT INTO sources (person_id, url) VALUES ('stephen-aiken', 'https://www.mcall.com/news/mc-xpm-1996-06-13-3087116-story.html');
INSERT INTO sources (person_id, url) VALUES ('stephen-aiken', 'https://www.steveaiken.com/about.html');
INSERT OR REPLACE INTO people (id, name, status, level, state, office, crime_description, summary, still_in_office, offense_year, conviction_year, event_date) VALUES ('ronald-c-kline', 'Ronald C. Kline', 'convicted', 'state', 'CA', 'Judge', 'Child Molestation, Child Sexual Abuse Material', 'Ronald C. Kline was appointed Orange County Superior Court Judge by Republican Governor Pete Wilson in 1995.', NULL, NULL, NULL, NULL);
INSERT INTO crime_types (person_id, crime_type) VALUES ('ronald-c-kline', 'csam');
INSERT INTO crime_types (person_id, crime_type) VALUES ('ronald-c-kline', 'child-molestation');
INSERT INTO crime_types (person_id, crime_type) VALUES ('ronald-c-kline', 'assault');
INSERT INTO sources (person_id, url) VALUES ('ronald-c-kline', 'https://goppredators.wordpress.com/2022/04/26/64-ronald-c-kline/');
INSERT INTO sources (person_id, url) VALUES ('ronald-c-kline', 'https://www.govtech.com/security/former-judge-jailed-for-child-abuse.html');
INSERT INTO sources (person_id, url) VALUES ('ronald-c-kline', 'https://www.ocregister.com/2007/02/20/ex-judge-kline-gets-prison/');
INSERT INTO sources (person_id, url) VALUES ('ronald-c-kline', 'https://www.latimes.com/archives/la-xpm-2007-feb-21-me-kline21-story.html');
INSERT INTO sources (person_id, url) VALUES ('ronald-c-kline', 'https://cjp.ca.gov/public-decisions/kline-ronald-c/');
INSERT OR REPLACE INTO people (id, name, status, level, state, office, crime_description, summary, still_in_office, offense_year, conviction_year, event_date) VALUES ('craig-spence', 'Craig Spence', 'alleged', 'adjacent', 'DC', 'Lobbyist', 'Trafficking', 'Craig Spence was a Republican lobbyist with close ties to the Reagan White House including a friendship with V.P. Bush''s National Security Advisor David Gregg who helped Spence give secret, late-night tours of the White House and arranged for people to meet with Bush.', NULL, NULL, NULL, NULL);
INSERT INTO crime_types (person_id, crime_type) VALUES ('craig-spence', 'trafficking');
INSERT INTO sources (person_id, url) VALUES ('craig-spence', 'https://goppredators.wordpress.com/2022/04/26/63-craig-spence/');
INSERT INTO sources (person_id, url) VALUES ('craig-spence', 'https://en.wikipedia.org/wiki/Craig_J._Spence');
INSERT INTO sources (person_id, url) VALUES ('craig-spence', 'https://wikispooks.com/wiki/Craig_Spence');
INSERT INTO sources (person_id, url) VALUES ('craig-spence', 'https://apnews.com/article/b23c2d81176c8d92a2f5069039bdc0b0');
INSERT INTO sources (person_id, url) VALUES ('craig-spence', 'https://www.washingtonpost.com/archive/local/1989/11/13/dc-sex-scandal-figure-taped-farewell-to-friends/1c2fcd73-876f-4394-84c1-50948d41589d/');
INSERT INTO sources (person_id, url) VALUES ('craig-spence', 'https://www.nytimes.com/1989/11/12/us/lobbyist-linked-to-sex-case-is-found-dead.html');
INSERT OR REPLACE INTO people (id, name, status, level, state, office, crime_description, summary, still_in_office, offense_year, conviction_year, event_date) VALUES ('carey-lee-cramer', 'Carey Lee Cramer', 'convicted', 'adjacent', 'AZ', '', 'Child Sexual Assault', 'Carey Lee Cramer was a Republican Party campaign consultan. He made the anti-Gore ad that copied the 1964 Goldwater "Daisy" ad accusing Gore of giving nuclear secrets to China.', NULL, NULL, NULL, NULL);
INSERT INTO crime_types (person_id, crime_type) VALUES ('carey-lee-cramer', 'assault');
INSERT INTO sources (person_id, url) VALUES ('carey-lee-cramer', 'https://goppredators.wordpress.com/2022/04/24/62-carey-lee-cramer/');
INSERT INTO sources (person_id, url) VALUES ('carey-lee-cramer', 'https://www.myplainview.com/news/article/Political-consultant-convicted-of-child-sex-8489068.php');
INSERT INTO sources (person_id, url) VALUES ('carey-lee-cramer', 'https://law.justia.com/cases/texas/thirteenth-court-of-appeals/2008/17283.html');
INSERT OR REPLACE INTO people (id, name, status, level, state, office, crime_description, summary, still_in_office, offense_year, conviction_year, event_date) VALUES ('dennis-l-rader', 'Dennis L. Rader', 'alleged', 'adjacent', 'KS', '', 'Child Molestation, Rape, Murder', 'Dennis L. Rader is the serial killer known as the BTK Killer.', NULL, NULL, NULL, NULL);
INSERT INTO crime_types (person_id, crime_type) VALUES ('dennis-l-rader', 'rape');
INSERT INTO crime_types (person_id, crime_type) VALUES ('dennis-l-rader', 'child-molestation');
INSERT INTO crime_types (person_id, crime_type) VALUES ('dennis-l-rader', 'murder');
INSERT INTO sources (person_id, url) VALUES ('dennis-l-rader', 'https://goppredators.wordpress.com/2022/04/21/61-dennis-l-rader/');
INSERT INTO sources (person_id, url) VALUES ('dennis-l-rader', 'https://www.washingtonpost.com/wp-dyn/articles/A10360-2005Mar5.html?nav=rss_topnews');
INSERT INTO sources (person_id, url) VALUES ('dennis-l-rader', 'https://www.newstimes.com/news/article/BTK-suspect-led-double-life-239674.phphttps://www.newstimes.com/news/article/BTK-suspect-led-double-life-239674.php');
INSERT OR REPLACE INTO people (id, name, status, level, state, office, crime_description, summary, still_in_office, offense_year, conviction_year, event_date) VALUES ('john-r-curtin', 'John R. Curtin', 'convicted', 'party-official', 'PA', '', 'Child Molestation', 'John R. Curtin was a Republican committeeman when he hosted a beer party at a Stroudsburg, PA, motel and invited a 17-year-old young man and three boys aged 13 to 20 to drink beer.', NULL, NULL, NULL, NULL);
INSERT INTO crime_types (person_id, crime_type) VALUES ('john-r-curtin', 'child-molestation');
INSERT INTO sources (person_id, url) VALUES ('john-r-curtin', 'https://goppredators.wordpress.com/2022/04/21/60-john-r-curtin/');
INSERT INTO sources (person_id, url) VALUES ('john-r-curtin', 'https://www.mcall.com/news/mc-xpm-2007-06-19-3725296-story.html');
INSERT OR REPLACE INTO people (id, name, status, level, state, office, crime_description, summary, still_in_office, offense_year, conviction_year, event_date) VALUES ('john-gosek', 'John Gosek', 'convicted', 'local', 'NY', 'Mayor', 'Soliciting a Minor', 'John Gosek, former Mayor of Oswego, NY, was reported by a woman who worked as a monitor at a local school. He had asked her to find young girls he could have sex with.', NULL, NULL, NULL, NULL);
INSERT INTO crime_types (person_id, crime_type) VALUES ('john-gosek', 'solicitation');
INSERT INTO sources (person_id, url) VALUES ('john-gosek', 'https://goppredators.wordpress.com/2022/04/13/59-john-gosek/');
INSERT INTO sources (person_id, url) VALUES ('john-gosek', 'http://paperbagladies.org/index.taf?_f=jackiel');
INSERT INTO sources (person_id, url) VALUES ('john-gosek', 'https://www.syracuse.com/indepth/2009/05/john_gosek_the_man_oswego_has.html');
INSERT INTO sources (person_id, url) VALUES ('john-gosek', 'https://www.syracuse.com/news/2009/05/gosek_story.html');
INSERT OR REPLACE INTO people (id, name, status, level, state, office, crime_description, summary, still_in_office, offense_year, conviction_year, event_date) VALUES ('tom-adams', 'Tom Adams', 'convicted', 'local', 'IL', 'Mayor', 'Child Sexual Abuse Material', 'Former Lake County GOP Chairman and Green Oaks Mayor Tom Adams was sentenced in a plea deal to possession of child pornography, dropping the charges for distribution of child pornography. He was sentenced to 30 intermittent days in the county work-release program, a $10,000 fine, psychological treat', NULL, NULL, NULL, NULL);
INSERT INTO crime_types (person_id, crime_type) VALUES ('tom-adams', 'csam');
INSERT INTO crime_types (person_id, crime_type) VALUES ('tom-adams', 'assault');
INSERT INTO sources (person_id, url) VALUES ('tom-adams', 'https://goppredators.wordpress.com/2022/02/06/58-tom-adams/');
INSERT INTO sources (person_id, url) VALUES ('tom-adams', 'https://www.chicagotribune.com/news/ct-xpm-2009-07-03-0907010521-story.html');
INSERT INTO sources (person_id, url) VALUES ('tom-adams', 'https://pantagraph.com/news/mayor-accused-of-e-mailing-child-pornography/article_4dd7fc3f-dbf7-50fd-91b3-8303003fbfd0.html');
INSERT OR REPLACE INTO people (id, name, status, level, state, office, crime_description, summary, still_in_office, offense_year, conviction_year, event_date) VALUES ('mark-seidensticker', 'Mark Seidensticker', 'convicted', 'adjacent', 'NH', '', 'Soliciting a Minor', 'Mark Seidensticker, an aide to Republican Executive Councilor Raymond Burton of New Hampshire, is a repeat sex offender preying on young boys. Seidensticker worked for Burton for more than a decade and Burton was aware of his criminal record.', NULL, NULL, 1992, NULL);
INSERT INTO crime_types (person_id, crime_type) VALUES ('mark-seidensticker', 'solicitation');
INSERT INTO sources (person_id, url) VALUES ('mark-seidensticker', 'https://goppredators.wordpress.com/2022/02/06/57-mark-seidensticker/');
INSERT INTO sources (person_id, url) VALUES ('mark-seidensticker', 'http://archive.boston.com/news/local/new_hampshire/articles/2005/11/22/ex_aide_to_official_faces_jail_in_solicting_minor/');
INSERT INTO sources (person_id, url) VALUES ('mark-seidensticker', 'https://www.sunjournal.com/2005/09/27/aides-criminal-record-prompts-call-resignation/');
INSERT OR REPLACE INTO people (id, name, status, level, state, office, crime_description, summary, still_in_office, offense_year, conviction_year, event_date) VALUES ('john-collins', 'John Collins', 'convicted', 'local', 'NJ', 'City Councilmember', 'Child Molestation', 'John Collins, a Republican who served twenty years on the Eatontown City Council, pleaded guilty to two counts of sexual assault and one count of witness tampering. He was sentenced to ten years, sex offender registration, and parole supervision for life.', NULL, NULL, NULL, NULL);
INSERT INTO crime_types (person_id, crime_type) VALUES ('john-collins', 'child-molestation');
INSERT INTO sources (person_id, url) VALUES ('john-collins', 'https://goppredators.wordpress.com/2022/02/06/56-john-collins/');
INSERT INTO sources (person_id, url) VALUES ('john-collins', 'https://web.archive.org/web/20190627065742/http://www1.gmnews.com/2006/04/27/collins-gets-10-year-term-for-sexual-abuse/');
INSERT INTO sources (person_id, url) VALUES ('john-collins', 'https://www.nj.gov/education/legal/examiners/2008/may/0506-307.pdf');
INSERT INTO sources (person_id, url) VALUES ('john-collins', 'https://www.newspapers.com/paper/asbury-park-press/3780/');
INSERT INTO sources (person_id, url) VALUES ('john-collins', 'https://www.newspapers.com/browse/us/new-jersey/asbury-park/asbury-park-press_3780/2005');
INSERT INTO sources (person_id, url) VALUES ('john-collins', 'https://www.newspapers.com/browse/us/new-jersey/asbury-park/asbury-park-press_3780/2005/04');
INSERT INTO sources (person_id, url) VALUES ('john-collins', 'https://www.newspapers.com/browse/us/new-jersey/asbury-park/asbury-park-press_3780/2005/04/12');
INSERT OR REPLACE INTO people (id, name, status, level, state, office, crime_description, summary, still_in_office, offense_year, conviction_year, event_date) VALUES ('armando-tebano', 'Armando Tebano', 'convicted', 'party-official', 'NY', '', 'Sexual Abuse of Minor Child', 'Schenectady County Republican Chairman Armando Tebano pleaded guilty in 2007 to lesser charges of second-degree harassment for fondling a 14-year-old girl. The charges he avoided by pleading guilty were third-degree sexual abuse, forcible touching, and child endangerment.', NULL, NULL, 2007, NULL);
INSERT INTO crime_types (person_id, crime_type) VALUES ('armando-tebano', 'assault');
INSERT INTO sources (person_id, url) VALUES ('armando-tebano', 'https://goppredators.wordpress.com/2022/02/06/55-armando-tebano/');
INSERT INTO sources (person_id, url) VALUES ('armando-tebano', 'https://alt.politics.bush.narkive.com/iwfbHOm6/former-county-republican-chairman-pleads-guilty-to-molesting-14-year-old-girl#selection:1.35.4');
INSERT INTO sources (person_id, url) VALUES ('armando-tebano', 'https://www.bishop-accountability.org/news2008/01_02/2008_02_08_Stanforth_SexAbuse.htm');
INSERT INTO sources (person_id, url) VALUES ('armando-tebano', 'https://dailygazette.com/2008/08/26/0826_tebano/');
INSERT OR REPLACE INTO people (id, name, status, level, state, office, crime_description, summary, still_in_office, offense_year, conviction_year, event_date) VALUES ('tom-randall', 'Tom Randall', 'convicted', 'adjacent', 'CA', '', 'Child Molestation', 'Republican petition drive manager Tom Randall pleaded guilty in 2002 to molesting two girls under the age of 14, one of them the daughter of an associate in the petition business. Records show Randall served 188 days at Orange County Jail and did 83 days on a work crew at Mason Regional Park in Irvi', NULL, NULL, 2002, NULL);
INSERT INTO crime_types (person_id, crime_type) VALUES ('tom-randall', 'child-molestation');
INSERT INTO sources (person_id, url) VALUES ('tom-randall', 'https://goppredators.wordpress.com/2022/01/14/54-tom-randall/');
INSERT INTO sources (person_id, url) VALUES ('tom-randall', 'https://www.ocregister.com/2006/05/27/premium-on-information/');
INSERT OR REPLACE INTO people (id, name, status, level, state, office, crime_description, summary, still_in_office, offense_year, conviction_year, event_date) VALUES ('bobby-stumbo', 'Bobby Stumbo', 'charged', 'adjacent', 'KY', '', 'Child Molestation', 'Robert "Bobby" Stumbo was charged with sexually abusing a five-year-old child. Lexington Herald-Leader 04 Oct 2005 Share this: Share on X (Opens in new window) X Share on Facebook (Opens in new window) Facebook Share on Bluesky (Opens in new window) Bluesky Share on Threads (Opens in new window) Thr', NULL, NULL, NULL, NULL);
INSERT INTO crime_types (person_id, crime_type) VALUES ('bobby-stumbo', 'child-molestation');
INSERT INTO sources (person_id, url) VALUES ('bobby-stumbo', 'https://goppredators.wordpress.com/2022/01/18/53-bobby-stumbo/');
INSERT OR REPLACE INTO people (id, name, status, level, state, office, crime_description, summary, still_in_office, offense_year, conviction_year, event_date) VALUES ('larry-dale-floyd', 'Larry Dale Floyd', 'convicted', 'local', 'TX', '', 'Solicitation of a Minor (5yo)', 'A former Denton County Constable, Larry Dale Floyd was charged with soliciting sex with a minor child and child pornography. He pleaded guilty to three charges of enticing a minor in an agreement that dropped an additional six charges against him.', NULL, NULL, NULL, '2007-01-25');
INSERT INTO crime_types (person_id, crime_type) VALUES ('larry-dale-floyd', 'solicitation');
INSERT INTO sources (person_id, url) VALUES ('larry-dale-floyd', 'https://goppredators.wordpress.com/2022/01/18/52-larry-dale-floyd/');
INSERT INTO sources (person_id, url) VALUES ('larry-dale-floyd', 'https://www.denverpost.com/2005/07/29/texas-constable-held-on-solicitation-charge/');
INSERT INTO sources (person_id, url) VALUES ('larry-dale-floyd', 'https://www.chieftain.com/story/news/2007/01/24/ex-texas-constable-sentenced-to/8778464007/');
INSERT INTO sources (person_id, url) VALUES ('larry-dale-floyd', 'https://starlocalmedia.com/thecolonycourierleader/news/floyd-pleads-guilty/article_04f6afae-ad75-54c0-a8f3-3dc4dc00e998.html');
INSERT OR REPLACE INTO people (id, name, status, level, state, office, crime_description, summary, still_in_office, offense_year, conviction_year, event_date) VALUES ('lou-beres', 'Lou Beres', 'charged', 'adjacent', 'OR', '', 'Child Molestation', 'Lou Beres was the leader of the Oregon Christian Coalition and Chair of the Multnomah County Republican Party was accused by his daughters and his sister-in-law of molesting them. They called the Child Abuse Hotline, but since the statute of limitations had passed, he was not charged.', NULL, NULL, NULL, NULL);
INSERT INTO crime_types (person_id, crime_type) VALUES ('lou-beres', 'child-molestation');
INSERT INTO sources (person_id, url) VALUES ('lou-beres', 'https://goppredators.wordpress.com/2022/01/18/51-lou-beres/');
INSERT INTO sources (person_id, url) VALUES ('lou-beres', 'https://www.portlandmercury.com/news/family-values/Content?oid=51719');
INSERT INTO sources (person_id, url) VALUES ('lou-beres', 'https://www.seattletimes.com/seattle-news/christian-coalition-head-to-withdraw-from-political-life/');
INSERT OR REPLACE INTO people (id, name, status, level, state, office, crime_description, summary, still_in_office, offense_year, conviction_year, event_date) VALUES ('randall-casseday', 'Randall Casseday', 'charged', 'adjacent', 'DC', '', 'Solicitation of a Minor', 'Randall Casseday was the Human Resources Director for the rightwing newspaper The Washington Times. The Washington Times claims "The Washington Times is the only newspaper where the moral issues of family and faith are proudly reported on the front page on a regular basis" Casseday was arrested in a', NULL, NULL, NULL, NULL);
INSERT INTO crime_types (person_id, crime_type) VALUES ('randall-casseday', 'solicitation');
INSERT INTO sources (person_id, url) VALUES ('randall-casseday', 'https://goppredators.wordpress.com/2022/01/22/50-randall-casseday/');
INSERT INTO sources (person_id, url) VALUES ('randall-casseday', 'https://www.thenation.com/article/archive/hell-times/');
INSERT INTO sources (person_id, url) VALUES ('randall-casseday', 'https://www.huffpost.com/entry/how-an-accused-child-sex-_b_30501');
INSERT INTO sources (person_id, url) VALUES ('randall-casseday', 'https://www.washingtontimes.com/news/2007/feb/15/20070215-105532-9063r/');
INSERT OR REPLACE INTO people (id, name, status, level, state, office, crime_description, summary, still_in_office, offense_year, conviction_year, event_date) VALUES ('brent-schepp', 'Brent Schepp', 'charged', 'adjacent', 'IL', '', 'Child Sex Abuse/Assault &#8211; Suicide', 'Brent Schepp ran uncontested in the Republican primary for Kane County board when he was indicted on 26 counts including 14 counts of criminal sexual assault, 10 counts of aggravated criminal sexual abuse, and two counts of unlawful delivery of alcohol to a minor. The assaults are alleged to have ha', NULL, NULL, NULL, NULL);
INSERT INTO crime_types (person_id, crime_type) VALUES ('brent-schepp', 'assault');
INSERT INTO sources (person_id, url) VALUES ('brent-schepp', 'https://goppredators.wordpress.com/2022/04/24/49-brent-schepp/');
INSERT INTO sources (person_id, url) VALUES ('brent-schepp', 'https://www.daily-journal.com/news/state/kane-county-board-candidate-indicted-on-sex-charges/article_add0207d-550b-581d-aace-df2f4aad8ba4.html');
INSERT INTO sources (person_id, url) VALUES ('brent-schepp', 'https://www.chicagotribune.com/news/ct-xpm-2006-10-18-0610180094-story.html');
INSERT OR REPLACE INTO people (id, name, status, level, state, office, crime_description, summary, still_in_office, offense_year, conviction_year, event_date) VALUES ('richard-a-dasen-sr', 'Richard A. Dasen Sr', 'charged', 'adjacent', 'MT', '', 'Sexual Abuse of Children, Trafficking', 'Richard A. Dasen Sr (MT): Sexual Abuse of Children, Trafficking.', NULL, NULL, NULL, NULL);
INSERT INTO crime_types (person_id, crime_type) VALUES ('richard-a-dasen-sr', 'assault');
INSERT INTO crime_types (person_id, crime_type) VALUES ('richard-a-dasen-sr', 'trafficking');
INSERT INTO sources (person_id, url) VALUES ('richard-a-dasen-sr', 'https://goppredators.wordpress.com/2022/04/24/47-richard-a-dasen-sr/');
INSERT INTO sources (person_id, url) VALUES ('richard-a-dasen-sr', 'https://www.washingtonpost.com/archive/politics/2004/08/15/sex-scandal-rocks-montana-town/7214f573-31c8-4187-87ad-6355d7455a5e/');
INSERT INTO sources (person_id, url) VALUES ('richard-a-dasen-sr', 'https://flatheadbeacon.com/2021/05/06/kalispells-only-unsolved-murder/');
INSERT INTO sources (person_id, url) VALUES ('richard-a-dasen-sr', 'https://caselaw.findlaw.com/mt-supreme-court/1070174.html');
INSERT INTO sources (person_id, url) VALUES ('richard-a-dasen-sr', 'https://helenair.com/news/local/teen-details-alleged-web-of-prostitution/article_fdd5570e-63ef-5caa-b8cd-1d75daa81818.html');
INSERT OR REPLACE INTO people (id, name, status, level, state, office, crime_description, summary, still_in_office, offense_year, conviction_year, event_date) VALUES ('nicholas-elizondo', 'Nicholas Elizondo', 'charged', 'adjacent', 'CA', '', 'Child Molestation', 'Nicholas Elizondo, a board member of the Young Republican Federation, pleaded no contest to the charge of one count of lewd and lascivious acts with a child under fourteen. The child was his five-year-old step-daughter.', NULL, NULL, NULL, NULL);
INSERT INTO crime_types (person_id, crime_type) VALUES ('nicholas-elizondo', 'child-molestation');
INSERT INTO sources (person_id, url) VALUES ('nicholas-elizondo', 'https://goppredators.wordpress.com/2022/04/24/46-nicholas-elizondo/');
INSERT INTO sources (person_id, url) VALUES ('nicholas-elizondo', 'https://www.bakersfield.com/columnists/jose-gaspar-sex-offender-dad-keeps-custody-of-child/article_89926ee0-6f5f-5994-ab3d-fae7fcf1d3b9.html');
INSERT INTO sources (person_id, url) VALUES ('nicholas-elizondo', 'https://www.nydailynews.com/news/crime/sex-offender-dad-sole-custody-daughter-6-article-1.1385837');
INSERT INTO sources (person_id, url) VALUES ('nicholas-elizondo', 'https://kfor.com/news/calif-sex-offender-given-custody-of-daughter-now-arrested/');
INSERT OR REPLACE INTO people (id, name, status, level, state, office, crime_description, summary, still_in_office, offense_year, conviction_year, event_date) VALUES ('jon-grunseth', 'Jon Grunseth', 'alleged', 'state', 'MN', '', 'Indecent Exposure/Minors', 'Jon Grunseth was the Republican candidate for Minnesota governor when two women spoke up, accusing him of swimming in the nude with them when they were teens staying overnight with his daughter. It is interesting that the allegation of having a consensual affair with an adult woman was what led him', NULL, NULL, NULL, NULL);
INSERT INTO crime_types (person_id, crime_type) VALUES ('jon-grunseth', 'indecent-exposure');
INSERT INTO sources (person_id, url) VALUES ('jon-grunseth', 'https://goppredators.wordpress.com/2022/04/21/45-jon-grunseth/');
INSERT INTO sources (person_id, url) VALUES ('jon-grunseth', 'https://www.washingtonpost.com/archive/politics/1990/10/29/minnesotan-is-quitting-race-as-new-allegations-arise/1ca194ab-9cf5-4a16-beb0-e8a5b3e8aac0/');
INSERT INTO sources (person_id, url) VALUES ('jon-grunseth', 'https://www.upi.com/Archives/1990/10/28/GOP-gubernatorial-candidate-withdraws-after-2d-sex-allegation/7110657086400/');
INSERT OR REPLACE INTO people (id, name, status, level, state, office, crime_description, summary, still_in_office, offense_year, conviction_year, event_date) VALUES ('robin-vanderwall', 'Robin Vanderwall', 'convicted', 'adjacent', 'VA', 'Police Officer', 'Solicitation of Minors', 'Robin Vanderwall was a conservative campus activist. He managed successful political campaign for two Republican candidates and was going to law school when he was arrested for soliciting sex from an underage boy who happened to be a Virginia Beach police officer.', NULL, NULL, NULL, NULL);
INSERT INTO crime_types (person_id, crime_type) VALUES ('robin-vanderwall', 'solicitation');
INSERT INTO sources (person_id, url) VALUES ('robin-vanderwall', 'https://goppredators.wordpress.com/2022/04/20/44-robin-w-vander-wall/');
INSERT INTO sources (person_id, url) VALUES ('robin-vanderwall', 'https://jlusa.org/leader/robin-w-vander-wall/');
INSERT INTO sources (person_id, url) VALUES ('robin-vanderwall', 'http://www.chesslaw.com/regentsex.htm');
INSERT INTO sources (person_id, url) VALUES ('robin-vanderwall', 'https://www.washingtonpost.com/wp-dyn/content/article/2005/10/15/AR2005101501539_3.html?noredirect=on');
INSERT INTO sources (person_id, url) VALUES ('robin-vanderwall', 'https://steemit.com/pizzagate/@badguacamole/ex-government-lobbyist-sex-offender-now-lobbying-for-pedophile-rights');
INSERT INTO sources (person_id, url) VALUES ('robin-vanderwall', 'https://www.publicnewsservice.org/2017-01-27/criminal-justice/restrictions-for-nc-registered-sex-offenders-spur-civil-rights-complaint/a56099-1');
INSERT INTO sources (person_id, url) VALUES ('robin-vanderwall', 'https://www.sourcewatch.org/index.php/Robin_Vanderwall');
INSERT OR REPLACE INTO people (id, name, status, level, state, office, crime_description, summary, still_in_office, offense_year, conviction_year, event_date) VALUES ('larry-jack-schwarz', 'Larry Jack Schwarz', 'convicted', 'adjacent', 'CO', '', 'Child Sexual Abuse Material', 'Larry Jack Schwarz was a Republican representative for District 44 in Colorado when he resigned to join the parole board. While he was on the parole board he was arrested for distributing child pornography.', NULL, NULL, NULL, NULL);
INSERT INTO crime_types (person_id, crime_type) VALUES ('larry-jack-schwarz', 'csam');
INSERT INTO crime_types (person_id, crime_type) VALUES ('larry-jack-schwarz', 'assault');
INSERT INTO sources (person_id, url) VALUES ('larry-jack-schwarz', 'https://goppredators.wordpress.com/2022/04/17/43-larry-jack-schwarz/');
INSERT INTO sources (person_id, url) VALUES ('larry-jack-schwarz', 'https://www.prisonlegalnews.org/news/2002/jul/15/colorado-parole-board-member-busted-for-child-porn/');
INSERT INTO sources (person_id, url) VALUES ('larry-jack-schwarz', 'https://www.chieftain.com/story/news/2001/12/18/porn-materials-seized-at-schwarz/8915814007/');
INSERT OR REPLACE INTO people (id, name, status, level, state, office, crime_description, summary, still_in_office, offense_year, conviction_year, event_date) VALUES ('jesse-ryan-loskarn', 'Jesse Ryan Loskarn', 'charged', 'adjacent', 'TN', '', 'Child Sexual Abuse Material/Suicide', 'Jesse Loskarn was an aide to Senator Lamar Alexander and also worked for then Rep. Marsha Blackburn when he was arrested by US Postal Inspectors for possession of child pornography.', NULL, NULL, NULL, NULL);
INSERT INTO crime_types (person_id, crime_type) VALUES ('jesse-ryan-loskarn', 'csam');
INSERT INTO crime_types (person_id, crime_type) VALUES ('jesse-ryan-loskarn', 'assault');
INSERT INTO sources (person_id, url) VALUES ('jesse-ryan-loskarn', 'https://goppredators.wordpress.com/2022/04/17/42-jesse-ryan-loskarn/');
INSERT INTO sources (person_id, url) VALUES ('jesse-ryan-loskarn', 'https://www.theatlantic.com/politics/archive/2014/01/a-posthumous-twist-in-the-story-of-a-disgraced-senate-aide/283430/');
INSERT INTO sources (person_id, url) VALUES ('jesse-ryan-loskarn', 'https://rollcall.com/2014/01/24/loskarns-suicide-devastates-capitol-hill-community/');
INSERT INTO sources (person_id, url) VALUES ('jesse-ryan-loskarn', 'http://www.jesseryanloskarnslastmessage.com/333880300');
INSERT OR REPLACE INTO people (id, name, status, level, state, office, crime_description, summary, still_in_office, offense_year, conviction_year, event_date) VALUES ('parker-j-bena', 'Parker J. Bena', 'convicted', 'adjacent', 'VA', 'Lobbyist', 'Child Sexual Abuse Material', 'Parker J. Bena was a prominent Republican activist and an elector for Bush in 2000.', NULL, NULL, NULL, NULL);
INSERT INTO crime_types (person_id, crime_type) VALUES ('parker-j-bena', 'csam');
INSERT INTO crime_types (person_id, crime_type) VALUES ('parker-j-bena', 'assault');
INSERT INTO sources (person_id, url) VALUES ('parker-j-bena', 'https://goppredators.wordpress.com/2022/04/17/41-parker-j-bena/');
INSERT INTO sources (person_id, url) VALUES ('parker-j-bena', 'https://www.columbiatribune.com/story/news/politics/2014/04/02/bill-targets-missouri-lobbyist-with/21723997007/');
INSERT INTO sources (person_id, url) VALUES ('parker-j-bena', 'https://www.plainsite.org/dockets/6q94bgok/virginia-eastern-district-court/usa-v-bena/');
INSERT OR REPLACE INTO people (id, name, status, level, state, office, crime_description, summary, still_in_office, offense_year, conviction_year, event_date) VALUES ('fred-c-smeltzer-jr', 'Fred C. Smeltzer, Jr', 'convicted', 'adjacent', 'PA', '', 'Child Rape', 'Fred C. Smeltzer, Jr went on a camping trip with his best friend and raped his best friend''s fifteen-year-old daughter after getting her drunk.', NULL, NULL, NULL, NULL);
INSERT INTO crime_types (person_id, crime_type) VALUES ('fred-c-smeltzer-jr', 'rape');
INSERT INTO sources (person_id, url) VALUES ('fred-c-smeltzer-jr', 'https://goppredators.wordpress.com/2022/04/17/40-fred-c-smeltzer-jr/');
INSERT INTO sources (person_id, url) VALUES ('fred-c-smeltzer-jr', 'https://www.wgal.com/article/council-accepts-resignation-of-member-imprisoned-for-rape/6189408');
INSERT INTO sources (person_id, url) VALUES ('fred-c-smeltzer-jr', 'https://www.homefacts.com/offender-detail/DE00003027/Fred-C-Smeltzer-Jr.html');
INSERT OR REPLACE INTO people (id, name, status, level, state, office, crime_description, summary, still_in_office, offense_year, conviction_year, event_date) VALUES ('stephen-david-rambler', 'Stephen David Rambler', 'alleged', 'adjacent', 'PA', 'Pastor', 'Sexual Molestation of Minor', 'Stephen David Rambler was the pastor of Wrightsville''s Church on the Rock, a successful growing ministry until he got into legal trouble on two fronts. The feds were investigating him for extortion, using the US mail no less.', NULL, NULL, NULL, NULL);
INSERT INTO crime_types (person_id, crime_type) VALUES ('stephen-david-rambler', 'child-molestation');
INSERT INTO sources (person_id, url) VALUES ('stephen-david-rambler', 'https://goppredators.wordpress.com/2022/04/13/39-rev-stephen-david-rambler/');
INSERT OR REPLACE INTO people (id, name, status, level, state, office, crime_description, summary, still_in_office, offense_year, conviction_year, event_date) VALUES ('dennis-gallagher', 'Dennis Gallagher', 'convicted', 'adjacent', 'NY', 'City Councilmember', 'Rape', 'Dennis Gallagher was a New York City Councilmember, representing Queens. He was accused of rape by a woman he met in a bar.', NULL, NULL, NULL, NULL);
INSERT INTO crime_types (person_id, crime_type) VALUES ('dennis-gallagher', 'rape');
INSERT INTO sources (person_id, url) VALUES ('dennis-gallagher', 'https://goppredators.wordpress.com/2022/04/13/38-dennis-gallagher/');
INSERT INTO sources (person_id, url) VALUES ('dennis-gallagher', 'https://www.nysun.com/article/new-york-lawmaker-in-rape-case-under-pressure-to-resign');
INSERT INTO sources (person_id, url) VALUES ('dennis-gallagher', 'https://www.oklahoman.com/story/news/2007/08/04/nyc-councilman-charged-with-raping-woman/61741093007/');
INSERT INTO sources (person_id, url) VALUES ('dennis-gallagher', 'https://www.qchron.com/editions/central/gallagher-victim-speaks-at-middle-village-meeting/article_438acbb7-4feb-5aef-93c3-73a86aad5416.html');
INSERT INTO sources (person_id, url) VALUES ('dennis-gallagher', 'https://gothamist.com/news/councilman-gallagher-pleads-guilty-to-sexual-assault-and-will-resign');
INSERT OR REPLACE INTO people (id, name, status, level, state, office, crime_description, summary, still_in_office, offense_year, conviction_year, event_date) VALUES ('jeffrey-claude-bartleson', 'Jeffrey Claude Bartleson', 'convicted', 'adjacent', 'CO', 'Political Activist', 'Sexual Assault Child', 'Jeffrey Claude Bartleson was a conservative activist for many years. In 2008, he worked for Sen.', NULL, NULL, NULL, NULL);
INSERT INTO crime_types (person_id, crime_type) VALUES ('jeffrey-claude-bartleson', 'assault');
INSERT INTO sources (person_id, url) VALUES ('jeffrey-claude-bartleson', 'https://goppredators.wordpress.com/2022/01/12/37-jeffrey-claude-bartleson/');
INSERT INTO sources (person_id, url) VALUES ('jeffrey-claude-bartleson', 'https://www.denverpost.com/2009/02/05/molestation-allegations-against-well-regarded-puebloan/');
INSERT INTO sources (person_id, url) VALUES ('jeffrey-claude-bartleson', 'https://www.chieftain.com/story/news/2009/07/30/political-consultant-pleads-to-sexual/8418923007/');
INSERT OR REPLACE INTO people (id, name, status, level, state, office, crime_description, summary, still_in_office, offense_year, conviction_year, event_date) VALUES ('keola-childs', 'Keola Childs', 'convicted', 'adjacent', 'HI', '', 'Child Molestation', 'Keola Childs was a Hawaiian county councilman who pleaded guilty to child molestation in a plea agreement that allowed him to serve only one year rather than the twenty he was facing. Honolulu Star-Bulletin: Ex-Big Isle official pleads guilty to child molesting Hawaii Tribune-Herald 18 August 2000 _', NULL, NULL, NULL, NULL);
INSERT INTO crime_types (person_id, crime_type) VALUES ('keola-childs', 'child-molestation');
INSERT INTO sources (person_id, url) VALUES ('keola-childs', 'https://goppredators.wordpress.com/2022/04/13/36-keola-childs/');
INSERT INTO sources (person_id, url) VALUES ('keola-childs', 'http://archives.starbulletin.com/2000/07/20/news/briefs.html');
INSERT OR REPLACE INTO people (id, name, status, level, state, office, crime_description, summary, still_in_office, offense_year, conviction_year, event_date) VALUES ('john-allen-burt', 'John Allen Burt', 'convicted', 'adjacent', 'FL', 'Political Activist', 'Child Molestation', 'John Allen Burt was an anti-abortion activist who ran "Our Father''s House" that began as a shelter for unwed mothers but evolved into a boarding school for troubled teenage girls. He was convicted of molesting a fifteen-year-old girl in his care and sentenced to eighteen years in prison, where he di', NULL, NULL, NULL, NULL);
INSERT INTO crime_types (person_id, crime_type) VALUES ('john-allen-burt', 'child-molestation');
INSERT INTO sources (person_id, url) VALUES ('john-allen-burt', 'https://goppredators.wordpress.com/2022/04/13/35-john-allen-burt/');
INSERT OR REPLACE INTO people (id, name, status, level, state, office, crime_description, summary, still_in_office, offense_year, conviction_year, event_date) VALUES ('keith-westmoreland', 'Keith Westmoreland', 'charged', 'state', 'TN', '', 'Indecent Exposure to Minors', 'Keith Westmoreland, a Republican representative to the Tennessee state legislature, was arrested for indecent exposure in Tampa, FL. Children at the hotel where he was staying reported on three separate days that he exposed himself in the pool and hot tub.', NULL, NULL, NULL, NULL);
INSERT INTO crime_types (person_id, crime_type) VALUES ('keith-westmoreland', 'indecent-exposure');
INSERT INTO sources (person_id, url) VALUES ('keith-westmoreland', 'https://goppredators.wordpress.com/2022/04/13/34-keith-westmoreland/');
INSERT INTO sources (person_id, url) VALUES ('keith-westmoreland', 'https://wcyb.com/news/local/former-kingsport-resident-disney-channel-star-charged-with-child-sex-crimes');
INSERT INTO sources (person_id, url) VALUES ('keith-westmoreland', 'https://www.deseret.com/utah/2020/1/3/21048388/stoney-westmoreland-disney-channel-actor-jail-teen-sex-case-utah-court-probation');
INSERT INTO sources (person_id, url) VALUES ('keith-westmoreland', 'https://www.tampabay.com/archive/2002/06/18/tennessee-lawmaker-faces-florida-charges/');
INSERT INTO sources (person_id, url) VALUES ('keith-westmoreland', 'https://www.chattanoogan.com/2002/6/21/23202/Tennessee-Legislator-Commits-Suicide.aspx');
INSERT OR REPLACE INTO people (id, name, status, level, state, office, crime_description, summary, still_in_office, offense_year, conviction_year, event_date) VALUES ('andrew-buhr', 'Andrew Buhr', 'charged', 'party-official', 'MO', 'Political Activist', 'Sodomy / Minor', 'Andrew Buhr, Republican committeeman for Hadley Township in Missouri and an unsuccessful GOP nominee for the Missouri House in 2000, was arrested for statutory sodomy. He did not deny having sex with the thirteen-year-old boy but claimed he thought he was older.', NULL, NULL, NULL, NULL);
INSERT INTO crime_types (person_id, crime_type) VALUES ('andrew-buhr', 'other');
INSERT INTO sources (person_id, url) VALUES ('andrew-buhr', 'https://goppredators.wordpress.com/2022/04/13/33-andrew-buhr/');
INSERT INTO sources (person_id, url) VALUES ('andrew-buhr', 'https://news.google.com/newspapers?nid=1908&amp;dat=20040108&amp;id=SNwfAAAAIBAJ&amp;sjid=ZNkEAAAAIBAJ&amp;pg=2505,474893&amp;hl=en');
INSERT INTO sources (person_id, url) VALUES ('andrew-buhr', 'https://molawyersmedia.com/2004/01/19/mistrial-declared-in-sodomy-case/');
INSERT OR REPLACE INTO people (id, name, status, level, state, office, crime_description, summary, still_in_office, offense_year, conviction_year, event_date) VALUES ('kevin-coan', 'Kevin Coan', 'charged', 'adjacent', 'MO', '', 'Indecent Solicitation of a Minor', 'Kevin Coan was St. Louis, Missouri''s top Republican election official when he was arrested for traveling to Illinois to meet up with a 14-year-old girl for sex.', NULL, NULL, NULL, NULL);
INSERT INTO crime_types (person_id, crime_type) VALUES ('kevin-coan', 'solicitation');
INSERT INTO sources (person_id, url) VALUES ('kevin-coan', 'https://goppredators.wordpress.com/2022/04/11/32-kevin-coan/');
INSERT INTO sources (person_id, url) VALUES ('kevin-coan', 'https://qconline.com/news/illinois/police-child-porn-found-on-election-officials-computer/article_1fb3b1f5-8a33-5c10-beb0-33d093750956.html#:~:text=Louis%20election%20official%20accused%20of,the%20arrest%20of%20Kevin%20Coan.');
INSERT INTO sources (person_id, url) VALUES ('kevin-coan', 'https://news.stlpublicradio.org/other/2004-07-19/former-st-louis-election-official-pleads-guilty-in-sex-case');
INSERT OR REPLACE INTO people (id, name, status, level, state, office, crime_description, summary, still_in_office, offense_year, conviction_year, event_date) VALUES ('paul-ingram', 'Paul Ingram', 'convicted', 'local', 'WA', 'Judge', 'Child Rape', 'Paul Ingram was the Republican Party Chairman in Thurston County, Washington. He was also the Chief Civilian Deputy of the sheriff''s department.', NULL, NULL, NULL, NULL);
INSERT INTO crime_types (person_id, crime_type) VALUES ('paul-ingram', 'rape');
INSERT INTO sources (person_id, url) VALUES ('paul-ingram', 'https://goppredators.wordpress.com/2022/04/10/31-paul-ingram/');
INSERT INTO sources (person_id, url) VALUES ('paul-ingram', 'http://justicedenied.org/paul.htm');
INSERT INTO sources (person_id, url) VALUES ('paul-ingram', 'https://www.newyorker.com/magazine/1993/05/24/remembering-satan-part-ii');
INSERT INTO sources (person_id, url) VALUES ('paul-ingram', 'https://culteducation.com/group/1255-false-memories/6514-man-in-notorious-sex-case-finishes-term.html');
INSERT OR REPLACE INTO people (id, name, status, level, state, office, crime_description, summary, still_in_office, offense_year, conviction_year, event_date) VALUES ('earl-8220-butch-8221-kimmerling', 'Earl &#8220;Butch&#8221; Kimmerling', 'convicted', 'adjacent', 'IN', '', 'Sexual Abuse of a Minor', 'Earl "Butch" Kimmerling and his wife Saundra were foster parents. Craig Peterson was a gay man who wanted to adopt children and was approved to adopt four siblings, three boys and a girl.', NULL, NULL, NULL, NULL);
INSERT INTO crime_types (person_id, crime_type) VALUES ('earl-8220-butch-8221-kimmerling', 'assault');
INSERT INTO sources (person_id, url) VALUES ('earl-8220-butch-8221-kimmerling', 'https://goppredators.wordpress.com/2022/04/09/30-earl-butch-kimmerling/');
INSERT INTO sources (person_id, url) VALUES ('earl-8220-butch-8221-kimmerling', 'https://www.latimes.com/archives/la-xpm-2000-apr-09-mn-17680-story.html');
INSERT INTO sources (person_id, url) VALUES ('earl-8220-butch-8221-kimmerling', 'https://www.wishtv.com/news/the-challenges-of-trauma-from-child-abuse-20-years-later/');
INSERT INTO sources (person_id, url) VALUES ('earl-8220-butch-8221-kimmerling', 'https://www.indystar.com/in-depth/news/investigations/2019/04/24/ashleys-story-ashley-peterson-foster-home-dark-secret/3496217002/');
INSERT INTO sources (person_id, url) VALUES ('earl-8220-butch-8221-kimmerling', 'https://www.indystar.com/story/news/crime/2019/06/11/earl-butch-kimmerling-admits-molesting-four-other-children/1418383001/');
INSERT OR REPLACE INTO people (id, name, status, level, state, office, crime_description, summary, still_in_office, offense_year, conviction_year, event_date) VALUES ('jon-matthews', 'Jon Matthews', 'convicted', 'local', 'TX', 'Mayor', 'Indecency with a Child', 'Jon Matthews was a conservative radio host who also wrote opinion columns for the weekly Fort Bend/Southwest Star. He was malicious in attacking political opponents such as calling the Sugar Land mayor Mayor Osama.', NULL, NULL, 2004, NULL);
INSERT INTO crime_types (person_id, crime_type) VALUES ('jon-matthews', 'other');
INSERT INTO sources (person_id, url) VALUES ('jon-matthews', 'https://goppredators.wordpress.com/2022/04/09/29-jon-matthews/');
INSERT INTO sources (person_id, url) VALUES ('jon-matthews', 'https://www.chron.com/news/houston-texas/article/Ex-radio-host-pleads-guilty-to-child-indecency-1627887.php');
INSERT INTO sources (person_id, url) VALUES ('jon-matthews', 'https://www.chron.com/news/houston-texas/article/Ex-Houston-talk-show-host-gets-3-year-term-1658279.php');
INSERT OR REPLACE INTO people (id, name, status, level, state, office, crime_description, summary, still_in_office, offense_year, conviction_year, event_date) VALUES ('rev-c-stephen-white', 'Rev. C. Stephen White', 'convicted', 'adjacent', 'PA', '', 'Solicitation of a Minor', 'Rev. C. Stephen White (PA): Solicitation of a Minor.', NULL, NULL, NULL, NULL);
INSERT INTO crime_types (person_id, crime_type) VALUES ('rev-c-stephen-white', 'solicitation');
INSERT INTO sources (person_id, url) VALUES ('rev-c-stephen-white', 'https://goppredators.wordpress.com/2022/04/09/28-rev-craig-stephen-white/');
INSERT INTO sources (person_id, url) VALUES ('rev-c-stephen-white', 'https://www.thedp.com/article/2003/07/brother_stephen_accused_of_soliciting_sex_from_teen_boy');
INSERT INTO sources (person_id, url) VALUES ('rev-c-stephen-white', 'https://www.thedp.com/article/2004/01/brother_stephen_convicted_of_soliciting_sex');
INSERT INTO sources (person_id, url) VALUES ('rev-c-stephen-white', 'https://yaledailynews.com/blog/2003/10/23/white-faces-charges-for-asking-minor-for-sex/');
INSERT INTO sources (person_id, url) VALUES ('rev-c-stephen-white', 'https://www.orlandosentinel.com/news/os-xpm-2004-01-16-0401160230-story.html');
INSERT INTO sources (person_id, url) VALUES ('rev-c-stephen-white', 'https://chicago.gopride.com/news/article.cfm/articleid/992500');
INSERT OR REPLACE INTO people (id, name, status, level, state, office, crime_description, summary, still_in_office, offense_year, conviction_year, event_date) VALUES ('john-hathaway', 'John Hathaway', 'alleged', 'state', 'ME', '', 'Child Rape', 'John Hathaway was a primary candidate for the Republican nomination to run for the U.S. Senate in 1996.', NULL, NULL, NULL, NULL);
INSERT INTO crime_types (person_id, crime_type) VALUES ('john-hathaway', 'rape');
INSERT INTO sources (person_id, url) VALUES ('john-hathaway', 'https://goppredators.wordpress.com/2022/04/09/27-john-hathaway/');
INSERT INTO sources (person_id, url) VALUES ('john-hathaway', 'https://www.washingtonpost.com/archive/politics/1996/06/09/a-beneficiary-in-maine-tumult/ec597eae-b439-49a6-adf6-6c9bacf93377/');
INSERT INTO sources (person_id, url) VALUES ('john-hathaway', 'https://www.upi.com/Archives/1996/06/06/Maine-Senate-candidate-fights-sex-charge/5437834033600/');
INSERT INTO sources (person_id, url) VALUES ('john-hathaway', 'https://apnews.com/article/e533f324f726e8912a05c44f612a7bb7');
INSERT OR REPLACE INTO people (id, name, status, level, state, office, crime_description, summary, still_in_office, offense_year, conviction_year, event_date) VALUES ('howard-l-brooks', 'Howard L. Brooks', 'convicted', 'local', 'CA', '', 'Child molestation, Child Sexual Abuse Material', 'Howard L. Brooks was an aide to California Assemblyman Phil Wyman (R-Tehachapi.) Brooks is accused of committing lewd acts on a child, continuous sexual abuse, and possession of child pornography, said county prosecutor Rouman Ebrahim.', NULL, NULL, NULL, NULL);
INSERT INTO crime_types (person_id, crime_type) VALUES ('howard-l-brooks', 'csam');
INSERT INTO crime_types (person_id, crime_type) VALUES ('howard-l-brooks', 'child-molestation');
INSERT INTO crime_types (person_id, crime_type) VALUES ('howard-l-brooks', 'assault');
INSERT INTO sources (person_id, url) VALUES ('howard-l-brooks', 'https://goppredators.wordpress.com/2022/01/11/26-howard-l-brooks/');
INSERT INTO sources (person_id, url) VALUES ('howard-l-brooks', 'https://www.latimes.com/archives/la-xpm-2001-nov-22-me-7130-story.html');
INSERT INTO sources (person_id, url) VALUES ('howard-l-brooks', 'https://www.latimes.com/archives/la-xpm-2002-aug-20-me-brooks20-story.html');
INSERT OR REPLACE INTO people (id, name, status, level, state, office, crime_description, summary, still_in_office, offense_year, conviction_year, event_date) VALUES ('jeffrey-patti', 'Jeffrey Patti', 'charged', 'adjacent', 'NJ', '', 'Child Sexual Abuse Material', 'Jeffrey Patti applied for Pretrial Intervention after being charged with possession of child pornography that depicted the rape of a five-year-old child. Pretrial Intervention allowed him to avoid pleading guilty and having this remain on his record.', NULL, NULL, NULL, '2011-09-28');
INSERT INTO crime_types (person_id, crime_type) VALUES ('jeffrey-patti', 'csam');
INSERT INTO crime_types (person_id, crime_type) VALUES ('jeffrey-patti', 'assault');
INSERT INTO sources (person_id, url) VALUES ('jeffrey-patti', 'https://goppredators.wordpress.com/2022/01/12/25-jeffrey-patti/');
INSERT INTO sources (person_id, url) VALUES ('jeffrey-patti', 'https://archive.is/7agH6');
INSERT INTO sources (person_id, url) VALUES ('jeffrey-patti', 'https://www.nj.com/ledgerarchives/2005/01/cops_say_jersey_suspects_sough.html');
INSERT OR REPLACE INTO people (id, name, status, level, state, office, crime_description, summary, still_in_office, offense_year, conviction_year, event_date) VALUES ('robert-bauman', 'Robert Bauman', 'charged', 'adjacent', 'MD', '', 'Solicitation of a Minor', 'Robert Bauman was a Republican congressional representative from Maryland. In 1980 he was arrested and charged with solicitation of a minor, a sixteen-year-old boy.', NULL, NULL, NULL, NULL);
INSERT INTO crime_types (person_id, crime_type) VALUES ('robert-bauman', 'solicitation');
INSERT INTO sources (person_id, url) VALUES ('robert-bauman', 'https://goppredators.wordpress.com/2022/04/09/24-robert-bauman/');
INSERT INTO sources (person_id, url) VALUES ('robert-bauman', 'https://www.washingtonpost.com/archive/politics/1980/10/04/bauman-pleads-innocent-on-solicitation-charge/adcfb48b-97c2-4acc-b7dc-31009c1c76ff/');
INSERT INTO sources (person_id, url) VALUES ('robert-bauman', 'https://apnews.com/article/227410faddb8198657902bb84206a437');
INSERT OR REPLACE INTO people (id, name, status, level, state, office, crime_description, summary, still_in_office, offense_year, conviction_year, event_date) VALUES ('beverly-c-russell-jr', 'Beverly C. Russell Jr', 'alleged', 'adjacent', 'SC', '', 'Child Sexual Abuse of Stepdaughter', 'Beverly C. Russell Jr (SC): Child Sexual Abuse of Stepdaughter.', NULL, NULL, NULL, NULL);
INSERT INTO crime_types (person_id, crime_type) VALUES ('beverly-c-russell-jr', 'assault');
INSERT INTO sources (person_id, url) VALUES ('beverly-c-russell-jr', 'https://goppredators.wordpress.com/2022/04/09/23-beverly-c-russell-jr/');
INSERT INTO sources (person_id, url) VALUES ('beverly-c-russell-jr', 'https://www.washingtonpost.com/archive/opinions/1995/06/25/susan-smiths-judgment-day/b8ade8a4-9311-47d5-a42b-6fc84394bcd4/');
INSERT INTO sources (person_id, url) VALUES ('beverly-c-russell-jr', 'https://www.latimes.com/archives/la-xpm-1995-08-01-me-30101-story.html');
INSERT INTO sources (person_id, url) VALUES ('beverly-c-russell-jr', 'https://www.chicagotribune.com/news/ct-xpm-1995-08-06-9508060086-story.html');
INSERT OR REPLACE INTO people (id, name, status, level, state, office, crime_description, summary, still_in_office, offense_year, conviction_year, event_date) VALUES ('mark-a-grethen', 'Mark A. Grethen', 'convicted', 'adjacent', 'VA', '', 'Child Rape, Killed in Prison', 'Once "Republican of the Year" and a big Republican donor, Mark A. Grethen was accused of sexually assaulting his children and convicted of Indecent Liberties with a Child by a Custodia, Forcible Sodomy, and Aggravated Sexual Battery.', NULL, NULL, NULL, NULL);
INSERT INTO crime_types (person_id, crime_type) VALUES ('mark-a-grethen', 'rape');
INSERT INTO sources (person_id, url) VALUES ('mark-a-grethen', 'https://goppredators.wordpress.com/2022/04/08/18-mark-a-grethen/');
INSERT INTO sources (person_id, url) VALUES ('mark-a-grethen', 'https://sex-offender.vsp.virginia.gov/sor/offenderDetails.html?regId=12732');
INSERT INTO sources (person_id, url) VALUES ('mark-a-grethen', 'https://scholar.google.com/scholar_case?case=18068361027400749202');
INSERT INTO sources (person_id, url) VALUES ('mark-a-grethen', 'https://lawandcrime.com/crime/top-republican-donor-killed-in-prison-after-serving-nearly-two-decades-for-sexually-assaulting-two-children/');
INSERT OR REPLACE INTO people (id, name, status, level, state, office, crime_description, summary, still_in_office, offense_year, conviction_year, event_date) VALUES ('richard-a-delgaudio', 'Richard A. Delgaudio', 'convicted', 'adjacent', 'VA', 'Judge', 'Child Sexual Abuse Material', 'Richard A. Delgaudio was a prominent GOP activist and fundraiser in northern Virginia before he pleaded guilty to a child pornography charge and was sentenced to two years probation.', NULL, NULL, NULL, NULL);
INSERT INTO crime_types (person_id, crime_type) VALUES ('richard-a-delgaudio', 'csam');
INSERT INTO crime_types (person_id, crime_type) VALUES ('richard-a-delgaudio', 'assault');
INSERT INTO sources (person_id, url) VALUES ('richard-a-delgaudio', 'https://goppredators.wordpress.com/2022/04/08/17-richard-a-delgaudio/');
INSERT INTO sources (person_id, url) VALUES ('richard-a-delgaudio', 'https://www.linkedin.com/in/richard-delgaudio-29831a112/');
INSERT INTO sources (person_id, url) VALUES ('richard-a-delgaudio', 'https://www.washingtonpost.com/archive/local/2003/04/24/gop-activist-admits-to-child-porn/5af2adf0-bec8-4a10-b061-014de679422a/');
INSERT INTO sources (person_id, url) VALUES ('richard-a-delgaudio', 'https://www.baltimoresun.com/news/bs-xpm-2003-04-24-0304240083-story.html');
INSERT INTO sources (person_id, url) VALUES ('richard-a-delgaudio', 'https://www.wbaltv.com/article/conservative-fund-raiser-on-probation-for-child-porn/7040819');
INSERT OR REPLACE INTO people (id, name, status, level, state, office, crime_description, summary, still_in_office, offense_year, conviction_year, event_date) VALUES ('peter-dibble', 'Peter Dibble', 'convicted', 'local', 'CT', '', 'Sexual Abuse of a Minor', 'Peter Dibble was a Republican selectman in Stonington, CT, who was charged with sexual misconduct with a minor girl on at least 40 occasions over the course of several years, from when she was ten until she was thirteen. He pled no contest to lesser charges of child endangerment and was sentenced to', NULL, NULL, NULL, NULL);
INSERT INTO crime_types (person_id, crime_type) VALUES ('peter-dibble', 'assault');
INSERT INTO sources (person_id, url) VALUES ('peter-dibble', 'https://goppredators.wordpress.com/2022/04/07/15-peter-dibble/');
INSERT INTO sources (person_id, url) VALUES ('peter-dibble', 'https://www.courant.com/news/connecticut/hc-xpm-2004-04-21-0404210105-story.html');
INSERT OR REPLACE INTO people (id, name, status, level, state, office, crime_description, summary, still_in_office, offense_year, conviction_year, event_date) VALUES ('mike-hintz', 'Mike Hintz', 'convicted', 'adjacent', 'NE', 'Pastor', 'Rape of a Minor', 'Pastor Mike Hintz signed on to a Nebraska anti-pornography campaign petition which is what one might expect from a religious leader. He was also singled out in a speech by then-President George W.', NULL, NULL, NULL, NULL);
INSERT INTO crime_types (person_id, crime_type) VALUES ('mike-hintz', 'rape');
INSERT INTO crime_types (person_id, crime_type) VALUES ('mike-hintz', 'statutory-rape');
INSERT INTO sources (person_id, url) VALUES ('mike-hintz', 'https://goppredators.wordpress.com/2022/04/07/14-pastor-mike-hintz/');
INSERT INTO sources (person_id, url) VALUES ('mike-hintz', 'https://www.washingtonpost.com/archive/politics/2004/12/10/example-goes-from-good-to-bad/e73a7b08-5fb8-412a-ba7f-8fb473543e83/');
INSERT INTO sources (person_id, url) VALUES ('mike-hintz', 'https://www.bobcesca.com/werent_these_pe/');
INSERT OR REPLACE INTO people (id, name, status, level, state, office, crime_description, summary, still_in_office, offense_year, conviction_year, event_date) VALUES ('strom-thurmond', 'Strom Thurmond', 'alleged', 'federal', 'SC', 'U.S. Senator', 'Rape of a Minor', 'Strom Thurmond was a U.S. senator representing South Carolina.', NULL, NULL, NULL, '2020-07-10');
INSERT INTO crime_types (person_id, crime_type) VALUES ('strom-thurmond', 'rape');
INSERT INTO crime_types (person_id, crime_type) VALUES ('strom-thurmond', 'statutory-rape');
INSERT INTO sources (person_id, url) VALUES ('strom-thurmond', 'https://goppredators.wordpress.com/2022/04/06/13-strom-thurmond/');
INSERT INTO sources (person_id, url) VALUES ('strom-thurmond', 'https://www.wnycstudios.org/podcasts/takeaway/segments/racist-filibuster-we-cant-afford-forget');
INSERT INTO sources (person_id, url) VALUES ('strom-thurmond', 'https://web.archive.org/web/20190728115136/https://www.thenation.com/article/was-strom-rapist/');
INSERT INTO sources (person_id, url) VALUES ('strom-thurmond', 'https://www.washingtonpost.com/archive/lifestyle/2005/01/25/the-still-untold-story-of-the-senators-child/f8cae458-7f5e-4390-bf2a-1ed1e58a5e3b/');
INSERT OR REPLACE INTO people (id, name, status, level, state, office, crime_description, summary, still_in_office, offense_year, conviction_year, event_date) VALUES ('tom-shortridge', 'Tom Shortridge', 'alleged', 'state', 'CA', '', 'Child Sexual Abuse Material', 'Tom Shortridge was a Republican campaign consultant who, to put it bluntly, was not a nice person. For example, in 1998 he supported a primary candidate running against a woman who had been shot and said "Since when does being a victim qualify you for the legislature." LA Times: Man Denies Guilt in', NULL, NULL, NULL, NULL);
INSERT INTO crime_types (person_id, crime_type) VALUES ('tom-shortridge', 'csam');
INSERT INTO crime_types (person_id, crime_type) VALUES ('tom-shortridge', 'assault');
INSERT INTO sources (person_id, url) VALUES ('tom-shortridge', 'https://goppredators.wordpress.com/2022/04/06/12-tom-shortridge/');
INSERT INTO sources (person_id, url) VALUES ('tom-shortridge', 'https://www.latimes.com/archives/la-xpm-2001-apr-06-me-47737-story.html');
INSERT OR REPLACE INTO people (id, name, status, level, state, office, crime_description, summary, still_in_office, offense_year, conviction_year, event_date) VALUES ('edison-misla-aldarondo', 'Edison Misla Aldarondo', 'convicted', 'federal', 'PR', '', 'Child Rape', 'Edison Misla Aldarondo was the Republican Speaker of the House in Puerto Rico. He had been indicted for extortion and money laundering and was out on bail when he was accused of drugging his step-daughter and her friend who was staying over and then raping the friend.', NULL, NULL, NULL, NULL);
INSERT INTO crime_types (person_id, crime_type) VALUES ('edison-misla-aldarondo', 'rape');
INSERT INTO sources (person_id, url) VALUES ('edison-misla-aldarondo', 'https://goppredators.wordpress.com/2022/04/06/10-edison-misla-aldarondo/');
INSERT INTO sources (person_id, url) VALUES ('edison-misla-aldarondo', 'https://www.sun-sentinel.com/news/fl-xpm-2002-08-16-0208150969-story.html');
INSERT INTO sources (person_id, url) VALUES ('edison-misla-aldarondo', 'https://puertorico-herald.net/issues/2002/vol6n33/MislaRape-en.html');
INSERT INTO sources (person_id, url) VALUES ('edison-misla-aldarondo', 'https://www.orlandosentinel.com/news/os-xpm-2004-11-18-0411180074-story.html');
INSERT OR REPLACE INTO people (id, name, status, level, state, office, crime_description, summary, still_in_office, offense_year, conviction_year, event_date) VALUES ('nicholas-morency', 'Nicholas Morency', 'convicted', 'adjacent', 'NJ', '', 'Child Sexual Abuse Material', 'Nicholas Morency is an anti-abortion extremist who offered $1.5 million reward to murder abortion providers. He specifically targeted a Kansas physician by initials and mentioned groups like NARAL and Planned Parenthood.', NULL, NULL, NULL, NULL);
INSERT INTO crime_types (person_id, crime_type) VALUES ('nicholas-morency', 'csam');
INSERT INTO crime_types (person_id, crime_type) VALUES ('nicholas-morency', 'assault');
INSERT INTO sources (person_id, url) VALUES ('nicholas-morency', 'https://goppredators.wordpress.com/2022/04/04/9-nicholas-morency/');
INSERT INTO sources (person_id, url) VALUES ('nicholas-morency', 'https://www.latimes.com/archives/la-xpm-2001-mar-10-mn-35942-story.html');
INSERT INTO sources (person_id, url) VALUES ('nicholas-morency', 'https://www.deseret.com/2001/3/10/19574225/n-j-man-pleads-guilty-to-internet-porn-charges');
INSERT INTO sources (person_id, url) VALUES ('nicholas-morency', 'https://www.plainsite.org/dockets/3pgymicd/new-jersey-district-court/usa-v-morency/');
INSERT OR REPLACE INTO people (id, name, status, level, state, office, crime_description, summary, still_in_office, offense_year, conviction_year, event_date) VALUES ('mark-pazuhanich', 'Mark Pazuhanich', 'convicted', 'adjacent', 'PA', 'Judge', 'Indecent Assault, Endangering Child', 'Mark Pazuhanich of Pennsylvania was a District Attorney who had just been elected judge when he was charged with fondling a 10-year-old girl (his daughter) in the crowd of a concert. A woman witnessed it and told security, who detained Pazuhanich.', NULL, NULL, NULL, NULL);
INSERT INTO crime_types (person_id, crime_type) VALUES ('mark-pazuhanich', 'assault');
INSERT INTO sources (person_id, url) VALUES ('mark-pazuhanich', 'https://goppredators.wordpress.com/2022/04/02/8-mark-pazuhanich/');
INSERT INTO sources (person_id, url) VALUES ('mark-pazuhanich', 'https://www.mcall.com/news/mc-xpm-2004-01-23-3527020-story.html');
INSERT INTO sources (person_id, url) VALUES ('mark-pazuhanich', 'https://www.foxnews.com/story/judge-pleads-no-contest-to-molesting-girl-at-hilary-duff-concert');
INSERT INTO sources (person_id, url) VALUES ('mark-pazuhanich', 'https://www.poconorecord.com/story/news/2004/07/18/from-promising-young-attorney-to/51069625007/');
INSERT INTO sources (person_id, url) VALUES ('mark-pazuhanich', 'https://www.lawcrossing.com/article/900006864/Ex-Judge-Charged-With-Fondling-His-Minor-Daughter-Gets-Probation-Terminated-Early/');
INSERT OR REPLACE INTO people (id, name, status, level, state, office, crime_description, summary, still_in_office, offense_year, conviction_year, event_date) VALUES ('david-swartz', 'David Swartz', 'convicted', 'local', 'OH', 'County Commissioner', 'Child Rape', 'David Swartz, a Republican Richland County Commissioner, pleaded guilty to felony sex abuse involving two teens, though he began abusing them when they were six or eleven years old. He was sentenced to just eight years in prison.', NULL, NULL, NULL, NULL);
INSERT INTO crime_types (person_id, crime_type) VALUES ('david-swartz', 'rape');
INSERT INTO sources (person_id, url) VALUES ('david-swartz', 'https://goppredators.wordpress.com/2022/03/26/7-david-swartz/');
INSERT INTO sources (person_id, url) VALUES ('david-swartz', 'http://lanternproject.org.uk/library/child-abuse-arrests-and-court-cases/child-abuse-arrests-trials-and-proceedings/ex-county-commissioner-admits-sexual-abuse-of-girl/');
INSERT OR REPLACE INTO people (id, name, status, level, state, office, crime_description, summary, still_in_office, offense_year, conviction_year, event_date) VALUES ('howard-scott-heldreth', 'Howard Scott Heldreth', 'convicted', 'adjacent', 'OH', 'Political Activist', 'Child Rape', 'Anti-gay and anti-choice activist Howard Scott Heldreth was charged with rape and kidnapping a 16-year-old girl in 1992. He pleaded guilty to sexual battery and was sentenced to probation and registration as a sex offender.', NULL, NULL, NULL, NULL);
INSERT INTO crime_types (person_id, crime_type) VALUES ('howard-scott-heldreth', 'rape');
INSERT INTO sources (person_id, url) VALUES ('howard-scott-heldreth', 'https://goppredators.wordpress.com/2022/03/26/6-howard-scott-heldreth/');
INSERT INTO sources (person_id, url) VALUES ('howard-scott-heldreth', 'https://www.dailykos.com/stories/2005/3/27/102462/-');
INSERT INTO sources (person_id, url) VALUES ('howard-scott-heldreth', 'https://web.archive.org/web/20230601212352/https://shadowproof.com/2008/07/27/nc-antigay-operation-save-america-totes-convicted-child-rapist-to-charlotte-pride/');
INSERT OR REPLACE INTO people (id, name, status, level, state, office, crime_description, summary, still_in_office, offense_year, conviction_year, event_date) VALUES ('joseph-russell-dendy', 'Joseph Russell Dendy', 'charged', 'party-official', 'GA', '', 'Child Molestation', 'Joseph Russell Dendy Joseph Russell Dendy was a Georgia Republican power broker. As Chairman of the Cobb County Republican Party, the home county of former Speaker Newt Gingrich, he networked with the Republican party greats, working on many campaigns, including for Mike Huckabee who is such good bu', NULL, NULL, NULL, NULL);
INSERT INTO crime_types (person_id, crime_type) VALUES ('joseph-russell-dendy', 'child-molestation');
INSERT INTO sources (person_id, url) VALUES ('joseph-russell-dendy', 'https://goppredators.wordpress.com/2022/03/26/5-joseph-russell-dendy/');
INSERT INTO sources (person_id, url) VALUES ('joseph-russell-dendy', 'https://www.thedailybeast.com/goldie-taylorgop-power-playerand-accused-child-molester');
INSERT INTO sources (person_id, url) VALUES ('joseph-russell-dendy', 'https://www.ajc.com/news/crime--law/cobb-gop-chairman-dendy-indicted-molestation-charges/Ajxs2SiORqMCCdVZpGqj1M/');
INSERT INTO sources (person_id, url) VALUES ('joseph-russell-dendy', 'https://www.mdjonline.com/news/former-cobb-gop-chair-joe-dendy-pleads-guilty-gets-30-years/article_b551879a-52b4-11e7-8305-8f65b33135b8.html');
INSERT OR REPLACE INTO people (id, name, status, level, state, office, crime_description, summary, still_in_office, offense_year, conviction_year, event_date) VALUES ('jim-jordan', 'Jim Jordan', 'alleged', 'federal', 'OH', '', 'Organizational Cover-up', 'Jim Jordan is a Republican representative from Ohio and a part of the GOP leadership team. He chairs the Judiciary Committee and the snipe-hunting subcommittee on Weaponization of the Federal Government.', NULL, NULL, NULL, NULL);
INSERT INTO crime_types (person_id, crime_type) VALUES ('jim-jordan', 'enablement');
INSERT INTO crime_types (person_id, crime_type) VALUES ('jim-jordan', 'organizational-coverup');
INSERT INTO sources (person_id, url) VALUES ('jim-jordan', 'https://goppredators.wordpress.com/2022/02/25/3-jim-jordan/');
INSERT INTO sources (person_id, url) VALUES ('jim-jordan', 'https://www.cnn.com/2020/02/14/politics/disabato-jim-jordan-ohio-state-abuse-scandal-cnntv/index.html');
INSERT INTO sources (person_id, url) VALUES ('jim-jordan', 'https://www.washingtonpost.com/politics/jim-jordan-accused-of-begging-former-ohio-state-wrestler-not-to-support-reports-of-sexual-abuse/2020/02/12/395e7314-4ded-11ea-bf44-f5043eb3918a_story.html');
INSERT INTO sources (person_id, url) VALUES ('jim-jordan', 'https://www.nbcnews.com/news/us-news/referee-says-he-told-rep-jim-jordan-ohio-state-doctor-n1078476');
INSERT INTO sources (person_id, url) VALUES ('jim-jordan', 'https://www.abc57.com/news/six-former-wrestlers-say-rep-jim-jordan-knew-about-abusive-osu-doctor');
INSERT OR REPLACE INTO people (id, name, status, level, state, office, crime_description, summary, still_in_office, offense_year, conviction_year, event_date) VALUES ('roy-moore', 'Roy Moore', 'alleged', 'state', 'AR', 'Judge', 'Child Sexual Assault', 'Roy Moore Roy Moore was an Alabama judge who became famous for his theocratic defiance of the Constitutional separation of church and state, eventually resulting in his ouster from the Alabama Supreme Court twice. Of course, this notoriety resulted in him winning the Republican primary to replace Al', NULL, NULL, NULL, '2022-01-24');
INSERT INTO crime_types (person_id, crime_type) VALUES ('roy-moore', 'assault');
INSERT INTO sources (person_id, url) VALUES ('roy-moore', 'https://goppredators.wordpress.com/2022/01/24/2-roy-moore/');
INSERT INTO sources (person_id, url) VALUES ('roy-moore', 'https://www.washingtonpost.com/investigations/woman-says-roy-moore-initiated-sexual-encounter-when-she-was-14-he-was-32/2017/11/09/1f495878-c293-11e7-afe9-4f60b5a6c4a0_story.html');
INSERT INTO sources (person_id, url) VALUES ('roy-moore', 'https://apnews.com/article/elections-alabama-lawsuits-senate-elections-sexual-misconduct-1fe814e1e2bd105217bf8132d8ea5145');
INSERT OR REPLACE INTO people (id, name, status, level, state, office, crime_description, summary, still_in_office, offense_year, conviction_year, event_date) VALUES ('donald-trump', 'Donald Trump', 'convicted', 'adjacent', 'FL', '', 'Sexual Assault, Rape, Child Rape, Sexual Harassment', 'Donald Trump molesting the flag Donald Trump was the 45th president of the United States. He is now the 47th president and trying to be the last.', NULL, NULL, NULL, NULL);
INSERT INTO crime_types (person_id, crime_type) VALUES ('donald-trump', 'rape');
INSERT INTO crime_types (person_id, crime_type) VALUES ('donald-trump', 'assault');
INSERT INTO crime_types (person_id, crime_type) VALUES ('donald-trump', 'harassment');
INSERT INTO sources (person_id, url) VALUES ('donald-trump', 'https://goppredators.wordpress.com/2023/05/31/1-donald-trump/');
INSERT INTO sources (person_id, url) VALUES ('donald-trump', 'https://www.pbs.org/newshour/politics/assault-allegations-donald-trump-recapped');
INSERT INTO sources (person_id, url) VALUES ('donald-trump', 'https://nymag.com/intelligencer/2017/12/what-happened-to-trumps-16-sexual-misconduct-accusers.html');
INSERT INTO sources (person_id, url) VALUES ('donald-trump', 'https://www.businessinsider.com/women-accused-trump-sexual-misconduct-list-2017-12');
INSERT INTO sources (person_id, url) VALUES ('donald-trump', 'https://www.nytimes.com/2016/10/13/us/politics/donald-trump-women.html');
INSERT INTO sources (person_id, url) VALUES ('donald-trump', 'https://www.vice.com/en/article/53n7w3/he-raped-me-when-donald-trump-was-accused-of-sexual-assault');
INSERT INTO sources (person_id, url) VALUES ('donald-trump', 'http://www.businessinsider.com/woman-alleges-trump-groped-nightclub-2016-10');